"batch_id","run_id","agent_name","file","line","react_event","invocation","cycle","cycle_timestamp","strategy_id","trace_id","top_action","stop","reason","target","situation_type","trigger","current_resource","target_resource","failed_action","evaluations","suggestions","no_help","opportunistic_guidance","result_type","action_type","action_target","confidence","evaluation_time_ms","has_opportunistic_guidance","no_help_reason","rationale","matched_entries","active_entries"
"react-baseline-vs-ccrs-v2","800-baseline","react_ccrs_mazeV2","react_ccrs_mazeV2_20260626_201650.log","8","react.ccrs.contingency.escalation.considered","","1",,,,,,,,,,,,,,,,,"","","","","","","","",,
"react-baseline-vs-ccrs-v2","800-baseline","react_ccrs_mazeV2","react_ccrs_mazeV2_20260626_201650.log","9","react.ccrs.contingency.escalation.skipped","","1",,,,,,"no_escalation_condition_met",,,,,,,,,,,"","","","","","","","",,
"react-baseline-vs-ccrs-v2","800-baseline","react_ccrs_mazeV2","react_ccrs_mazeV2_20260626_201650.log","28","react.ccrs.contingency.escalation.considered","","2",,,,,,,,,,,,,,,,,"","","","","","","","",,
"react-baseline-vs-ccrs-v2","800-baseline","react_ccrs_mazeV2","react_ccrs_mazeV2_20260626_201650.log","29","react.ccrs.contingency.escalation.skipped","","2",,,,,,"no_escalation_condition_met",,,,,,,,,,,"","","","","","","","",,
"react-baseline-vs-ccrs-v2","800-baseline","react_ccrs_mazeV2","react_ccrs_mazeV2_20260626_201650.log","40","react.ccrs.contingency.escalation.considered","","3",,,,,,,,,,,,,,,,,"","","","","","","","",,
"react-baseline-vs-ccrs-v2","800-baseline","react_ccrs_mazeV2","react_ccrs_mazeV2_20260626_201650.log","41","react.ccrs.contingency.escalation.skipped","","3",,,,,,"no_escalation_condition_met",,,,,,,,,,,"","","","","","","","",,
"react-baseline-vs-ccrs-v2","800-baseline","react_ccrs_mazeV2","react_ccrs_mazeV2_20260626_201650.log","76","react.ccrs.contingency.escalation.considered","","4",,,,,,,,,,,,,,,,,"","","","","","","","",,
"react-baseline-vs-ccrs-v2","800-baseline","react_ccrs_mazeV2","react_ccrs_mazeV2_20260626_201650.log","77","react.ccrs.contingency.escalation.skipped","","4",,,,,,"no_escalation_condition_met",,,,,,,,,,,"","","","","","","","",,
"react-baseline-vs-ccrs-v2","800-baseline","react_ccrs_mazeV2","react_ccrs_mazeV2_20260626_201650.log","88","react.ccrs.contingency.escalation.considered","","5",,,,,,,,,,,,,,,,,"","","","","","","","",,
"react-baseline-vs-ccrs-v2","800-baseline","react_ccrs_mazeV2","react_ccrs_mazeV2_20260626_201650.log","89","react.ccrs.contingency.escalation.skipped","","5",,,,,,"no_escalation_condition_met",,,,,,,,,,,"","","","","","","","",,
"react-baseline-vs-ccrs-v2","800-baseline","react_ccrs_mazeV2","react_ccrs_mazeV2_20260626_201650.log","124","react.ccrs.contingency.escalation.considered","","6",,,,,,,,,,,,,,,,,"","","","","","","","",,
"react-baseline-vs-ccrs-v2","800-baseline","react_ccrs_mazeV2","react_ccrs_mazeV2_20260626_201650.log","125","react.ccrs.contingency.escalation.skipped","","6",,,,,,"no_escalation_condition_met",,,,,,,,,,,"","","","","","","","",,
"react-baseline-vs-ccrs-v2","800-baseline","react_ccrs_mazeV2","react_ccrs_mazeV2_20260626_201650.log","136","react.ccrs.contingency.escalation.considered","","7",,,,,,,,,,,,,,,,,"","","","","","","","",,
"react-baseline-vs-ccrs-v2","800-baseline","react_ccrs_mazeV2","react_ccrs_mazeV2_20260626_201650.log","137","react.ccrs.contingency.escalation.skipped","","7",,,,,,"no_escalation_condition_met",,,,,,,,,,,"","","","","","","","",,
"react-baseline-vs-ccrs-v2","800-baseline","react_ccrs_mazeV2","react_ccrs_mazeV2_20260626_201650.log","172","react.ccrs.contingency.escalation.considered","","8",,,,,,,,,,,,,,,,,"","","","","","","","",,
"react-baseline-vs-ccrs-v2","800-baseline","react_ccrs_mazeV2","react_ccrs_mazeV2_20260626_201650.log","173","react.ccrs.contingency.escalation.skipped","","8",,,,,,"no_escalation_condition_met",,,,,,,,,,,"","","","","","","","",,
"react-baseline-vs-ccrs-v2","800-baseline","react_ccrs_mazeV2","react_ccrs_mazeV2_20260626_201650.log","184","react.ccrs.contingency.escalation.considered","","9",,,,,,,,,,,,,,,,,"","","","","","","","",,
"react-baseline-vs-ccrs-v2","800-baseline","react_ccrs_mazeV2","react_ccrs_mazeV2_20260626_201650.log","185","react.ccrs.contingency.escalation.skipped","","9",,,,,,"no_escalation_condition_met",,,,,,,,,,,"","","","","","","","",,
"react-baseline-vs-ccrs-v2","800-baseline","react_ccrs_mazeV2","react_ccrs_mazeV2_20260626_201650.log","220","react.ccrs.contingency.escalation.considered","","10",,,,,,,,,,,,,,,,,"","","","","","","","",,
"react-baseline-vs-ccrs-v2","800-baseline","react_ccrs_mazeV2","react_ccrs_mazeV2_20260626_201650.log","221","react.ccrs.contingency.escalation.skipped","","10",,,,,,"no_escalation_condition_met",,,,,,,,,,,"","","","","","","","",,
"react-baseline-vs-ccrs-v2","800-baseline","react_ccrs_mazeV2","react_ccrs_mazeV2_20260626_201650.log","232","react.ccrs.contingency.escalation.considered","","11",,,,,,,,,,,,,,,,,"","","","","","","","",,
"react-baseline-vs-ccrs-v2","800-baseline","react_ccrs_mazeV2","react_ccrs_mazeV2_20260626_201650.log","233","react.ccrs.contingency.escalation.skipped","","11",,,,,,"no_escalation_condition_met",,,,,,,,,,,"","","","","","","","",,
"react-baseline-vs-ccrs-v2","800-baseline","react_ccrs_mazeV2","react_ccrs_mazeV2_20260626_201650.log","268","react.ccrs.contingency.escalation.considered","","12",,,,,,,,,,,,,,,,,"","","","","","","","",,
"react-baseline-vs-ccrs-v2","800-baseline","react_ccrs_mazeV2","react_ccrs_mazeV2_20260626_201650.log","269","react.ccrs.contingency.escalation.skipped","","12",,,,,,"no_escalation_condition_met",,,,,,,,,,,"","","","","","","","",,
"react-baseline-vs-ccrs-v2","800-baseline","react_ccrs_mazeV2","react_ccrs_mazeV2_20260626_201650.log","280","react.ccrs.contingency.escalation.considered","","13",,,,,,,,,,,,,,,,,"","","","","","","","",,
"react-baseline-vs-ccrs-v2","800-baseline","react_ccrs_mazeV2","react_ccrs_mazeV2_20260626_201650.log","281","react.ccrs.contingency.escalation.skipped","","13",,,,,,"no_escalation_condition_met",,,,,,,,,,,"","","","","","","","",,
"react-baseline-vs-ccrs-v2","800-baseline","react_ccrs_mazeV2","react_ccrs_mazeV2_20260626_201650.log","316","react.ccrs.contingency.escalation.considered","","14",,,,,,,,,,,,,,,,,"","","","","","","","",,
"react-baseline-vs-ccrs-v2","800-baseline","react_ccrs_mazeV2","react_ccrs_mazeV2_20260626_201650.log","317","react.ccrs.contingency.escalation.skipped","","14",,,,,,"no_escalation_condition_met",,,,,,,,,,,"","","","","","","","",,
"react-baseline-vs-ccrs-v2","800-baseline","react_ccrs_mazeV2","react_ccrs_mazeV2_20260626_201650.log","328","react.ccrs.contingency.escalation.considered","","15",,,,,,,,,,,,,,,,,"","","","","","","","",,
"react-baseline-vs-ccrs-v2","800-baseline","react_ccrs_mazeV2","react_ccrs_mazeV2_20260626_201650.log","329","react.ccrs.contingency.escalation.skipped","","15",,,,,,"no_escalation_condition_met",,,,,,,,,,,"","","","","","","","",,
"react-baseline-vs-ccrs-v2","800-baseline","react_ccrs_mazeV2","react_ccrs_mazeV2_20260626_201650.log","364","react.ccrs.contingency.escalation.considered","","16",,,,,,,,,,,,,,,,,"","","","","","","","",,
"react-baseline-vs-ccrs-v2","800-baseline","react_ccrs_mazeV2","react_ccrs_mazeV2_20260626_201650.log","365","react.ccrs.contingency.escalation.skipped","","16",,,,,,"no_escalation_condition_met",,,,,,,,,,,"","","","","","","","",,
"react-baseline-vs-ccrs-v2","800-baseline","react_ccrs_mazeV2","react_ccrs_mazeV2_20260626_201650.log","376","react.ccrs.contingency.escalation.considered","","17",,,,,,,,,,,,,,,,,"","","","","","","","",,
"react-baseline-vs-ccrs-v2","800-baseline","react_ccrs_mazeV2","react_ccrs_mazeV2_20260626_201650.log","377","react.ccrs.contingency.escalation.skipped","","17",,,,,,"no_escalation_condition_met",,,,,,,,,,,"","","","","","","","",,
"react-baseline-vs-ccrs-v2","800-baseline","react_ccrs_mazeV2","react_ccrs_mazeV2_20260626_201650.log","412","react.ccrs.contingency.escalation.considered","","18",,,,,,,,,,,,,,,,,"","","","","","","","",,
"react-baseline-vs-ccrs-v2","800-baseline","react_ccrs_mazeV2","react_ccrs_mazeV2_20260626_201650.log","413","react.ccrs.contingency.escalation.skipped","","18",,,,,,"no_escalation_condition_met",,,,,,,,,,,"","","","","","","","",,
"react-baseline-vs-ccrs-v2","800-baseline","react_ccrs_mazeV2","react_ccrs_mazeV2_20260626_201650.log","424","react.ccrs.contingency.escalation.considered","","19",,,,,,,,,,,,,,,,,"","","","","","","","",,
"react-baseline-vs-ccrs-v2","800-baseline","react_ccrs_mazeV2","react_ccrs_mazeV2_20260626_201650.log","425","react.ccrs.contingency.escalation.skipped","","19",,,,,,"no_escalation_condition_met",,,,,,,,,,,"","","","","","","","",,
"react-baseline-vs-ccrs-v2","800-baseline","react_ccrs_mazeV2","react_ccrs_mazeV2_20260626_201650.log","460","react.ccrs.contingency.escalation.considered","","20",,,,,,,,,,,,,,,,,"","","","","","","","",,
"react-baseline-vs-ccrs-v2","800-baseline","react_ccrs_mazeV2","react_ccrs_mazeV2_20260626_201650.log","461","react.ccrs.contingency.escalation.skipped","","20",,,,,,"no_escalation_condition_met",,,,,,,,,,,"","","","","","","","",,
"react-baseline-vs-ccrs-v2","800-baseline","react_ccrs_mazeV2","react_ccrs_mazeV2_20260626_201650.log","472","react.ccrs.contingency.escalation.considered","","21",,,,,,,,,,,,,,,,,"","","","","","","","",,
"react-baseline-vs-ccrs-v2","800-baseline","react_ccrs_mazeV2","react_ccrs_mazeV2_20260626_201650.log","473","react.ccrs.contingency.escalation.skipped","","21",,,,,,"no_escalation_condition_met",,,,,,,,,,,"","","","","","","","",,
"react-baseline-vs-ccrs-v2","800-baseline","react_ccrs_mazeV2","react_ccrs_mazeV2_20260626_201650.log","508","react.ccrs.contingency.escalation.considered","","22",,,,,,,,,,,,,,,,,"","","","","","","","",,
"react-baseline-vs-ccrs-v2","800-baseline","react_ccrs_mazeV2","react_ccrs_mazeV2_20260626_201650.log","509","react.ccrs.contingency.escalation.skipped","","22",,,,,,"no_escalation_condition_met",,,,,,,,,,,"","","","","","","","",,
"react-baseline-vs-ccrs-v2","800-baseline","react_ccrs_mazeV2","react_ccrs_mazeV2_20260626_201650.log","520","react.ccrs.contingency.escalation.considered","","23",,,,,,,,,,,,,,,,,"","","","","","","","",,
"react-baseline-vs-ccrs-v2","800-baseline","react_ccrs_mazeV2","react_ccrs_mazeV2_20260626_201650.log","521","react.ccrs.contingency.escalation.skipped","","23",,,,,,"no_escalation_condition_met",,,,,,,,,,,"","","","","","","","",,
"react-baseline-vs-ccrs-v2","800-baseline","react_ccrs_mazeV2","react_ccrs_mazeV2_20260626_201650.log","556","react.ccrs.contingency.escalation.considered","","24",,,,,,,,,,,,,,,,,"","","","","","","","",,
"react-baseline-vs-ccrs-v2","800-baseline","react_ccrs_mazeV2","react_ccrs_mazeV2_20260626_201650.log","557","react.ccrs.contingency.escalation.skipped","","24",,,,,,"no_escalation_condition_met",,,,,,,,,,,"","","","","","","","",,
"react-baseline-vs-ccrs-v2","800-baseline","react_ccrs_mazeV2","react_ccrs_mazeV2_20260626_201650.log","568","react.ccrs.contingency.escalation.considered","","25",,,,,,,,,,,,,,,,,"","","","","","","","",,
"react-baseline-vs-ccrs-v2","800-baseline","react_ccrs_mazeV2","react_ccrs_mazeV2_20260626_201650.log","569","react.ccrs.contingency.escalation.skipped","","25",,,,,,"no_escalation_condition_met",,,,,,,,,,,"","","","","","","","",,
"react-baseline-vs-ccrs-v2","800-baseline","react_ccrs_mazeV2","react_ccrs_mazeV2_20260626_201650.log","604","react.ccrs.contingency.escalation.considered","","26",,,,,,,,,,,,,,,,,"","","","","","","","",,
"react-baseline-vs-ccrs-v2","800-baseline","react_ccrs_mazeV2","react_ccrs_mazeV2_20260626_201650.log","605","react.ccrs.contingency.escalation.skipped","","26",,,,,,"no_escalation_condition_met",,,,,,,,,,,"","","","","","","","",,
"react-baseline-vs-ccrs-v2","800-baseline","react_ccrs_mazeV2","react_ccrs_mazeV2_20260626_201650.log","616","react.ccrs.contingency.escalation.considered","","27",,,,,,,,,,,,,,,,,"","","","","","","","",,
"react-baseline-vs-ccrs-v2","800-baseline","react_ccrs_mazeV2","react_ccrs_mazeV2_20260626_201650.log","617","react.ccrs.contingency.escalation.skipped","","27",,,,,,"no_escalation_condition_met",,,,,,,,,,,"","","","","","","","",,
"react-baseline-vs-ccrs-v2","800-baseline","react_ccrs_mazeV2","react_ccrs_mazeV2_20260626_201650.log","652","react.ccrs.contingency.escalation.considered","","28",,,,,,,,,,,,,,,,,"","","","","","","","",,
"react-baseline-vs-ccrs-v2","800-baseline","react_ccrs_mazeV2","react_ccrs_mazeV2_20260626_201650.log","653","react.ccrs.contingency.escalation.skipped","","28",,,,,,"no_escalation_condition_met",,,,,,,,,,,"","","","","","","","",,
"react-baseline-vs-ccrs-v2","800-baseline","react_ccrs_mazeV2","react_ccrs_mazeV2_20260626_201650.log","664","react.ccrs.contingency.escalation.considered","","29",,,,,,,,,,,,,,,,,"","","","","","","","",,
"react-baseline-vs-ccrs-v2","800-baseline","react_ccrs_mazeV2","react_ccrs_mazeV2_20260626_201650.log","665","react.ccrs.contingency.escalation.skipped","","29",,,,,,"no_escalation_condition_met",,,,,,,,,,,"","","","","","","","",,
"react-baseline-vs-ccrs-v2","800-baseline","react_ccrs_mazeV2","react_ccrs_mazeV2_20260626_201650.log","700","react.ccrs.contingency.escalation.considered","","30",,,,,,,,,,,,,,,,,"","","","","","","","",,
"react-baseline-vs-ccrs-v2","800-baseline","react_ccrs_mazeV2","react_ccrs_mazeV2_20260626_201650.log","701","react.ccrs.contingency.escalation.skipped","","30",,,,,,"no_escalation_condition_met",,,,,,,,,,,"","","","","","","","",,
"react-baseline-vs-ccrs-v2","800-baseline","react_ccrs_mazeV2","react_ccrs_mazeV2_20260626_201650.log","712","react.ccrs.contingency.escalation.considered","","31",,,,,,,,,,,,,,,,,"","","","","","","","",,
"react-baseline-vs-ccrs-v2","800-baseline","react_ccrs_mazeV2","react_ccrs_mazeV2_20260626_201650.log","713","react.ccrs.contingency.escalation.skipped","","31",,,,,,"no_escalation_condition_met",,,,,,,,,,,"","","","","","","","",,
"react-baseline-vs-ccrs-v2","800-baseline","react_ccrs_mazeV2","react_ccrs_mazeV2_20260626_201650.log","748","react.ccrs.contingency.escalation.considered","","32",,,,,,,,,,,,,,,,,"","","","","","","","",,
"react-baseline-vs-ccrs-v2","800-baseline","react_ccrs_mazeV2","react_ccrs_mazeV2_20260626_201650.log","749","react.ccrs.contingency.escalation.skipped","","32",,,,,,"no_escalation_condition_met",,,,,,,,,,,"","","","","","","","",,
"react-baseline-vs-ccrs-v2","800-baseline","react_ccrs_mazeV2","react_ccrs_mazeV2_20260626_201650.log","760","react.ccrs.contingency.escalation.considered","","33",,,,,,,,,,,,,,,,,"","","","","","","","",,
"react-baseline-vs-ccrs-v2","800-baseline","react_ccrs_mazeV2","react_ccrs_mazeV2_20260626_201650.log","761","react.ccrs.contingency.escalation.skipped","","33",,,,,,"no_escalation_condition_met",,,,,,,,,,,"","","","","","","","",,
"react-baseline-vs-ccrs-v2","800-baseline","react_ccrs_mazeV2","react_ccrs_mazeV2_20260626_201650.log","796","react.ccrs.contingency.escalation.considered","","34",,,,,,,,,,,,,,,,,"","","","","","","","",,
"react-baseline-vs-ccrs-v2","800-baseline","react_ccrs_mazeV2","react_ccrs_mazeV2_20260626_201650.log","797","react.ccrs.contingency.escalation.skipped","","34",,,,,,"no_escalation_condition_met",,,,,,,,,,,"","","","","","","","",,
"react-baseline-vs-ccrs-v2","800-baseline","react_ccrs_mazeV2","react_ccrs_mazeV2_20260626_201650.log","808","react.ccrs.contingency.escalation.considered","","35",,,,,,,,,,,,,,,,,"","","","","","","","",,
"react-baseline-vs-ccrs-v2","800-baseline","react_ccrs_mazeV2","react_ccrs_mazeV2_20260626_201650.log","809","react.ccrs.contingency.escalation.skipped","","35",,,,,,"no_escalation_condition_met",,,,,,,,,,,"","","","","","","","",,
"react-baseline-vs-ccrs-v2","800-baseline","react_ccrs_mazeV2","react_ccrs_mazeV2_20260626_201650.log","844","react.ccrs.contingency.escalation.considered","","36",,,,,,,,,,,,,,,,,"","","","","","","","",,
"react-baseline-vs-ccrs-v2","800-baseline","react_ccrs_mazeV2","react_ccrs_mazeV2_20260626_201650.log","845","react.ccrs.contingency.escalation.skipped","","36",,,,,,"no_escalation_condition_met",,,,,,,,,,,"","","","","","","","",,
"react-baseline-vs-ccrs-v2","800-baseline","react_ccrs_mazeV2","react_ccrs_mazeV2_20260626_201650.log","856","react.ccrs.contingency.escalation.considered","","37",,,,,,,,,,,,,,,,,"","","","","","","","",,
"react-baseline-vs-ccrs-v2","800-baseline","react_ccrs_mazeV2","react_ccrs_mazeV2_20260626_201650.log","857","react.ccrs.contingency.escalation.skipped","","37",,,,,,"no_escalation_condition_met",,,,,,,,,,,"","","","","","","","",,
"react-baseline-vs-ccrs-v2","800-baseline","react_ccrs_mazeV2","react_ccrs_mazeV2_20260626_201650.log","892","react.ccrs.contingency.escalation.considered","","38",,,,,,,,,,,,,,,,,"","","","","","","","",,
"react-baseline-vs-ccrs-v2","800-baseline","react_ccrs_mazeV2","react_ccrs_mazeV2_20260626_201650.log","893","react.ccrs.contingency.escalation.skipped","","38",,,,,,"no_escalation_condition_met",,,,,,,,,,,"","","","","","","","",,
"react-baseline-vs-ccrs-v2","800-baseline","react_ccrs_mazeV2","react_ccrs_mazeV2_20260626_201650.log","904","react.ccrs.contingency.escalation.considered","","39",,,,,,,,,,,,,,,,,"","","","","","","","",,
"react-baseline-vs-ccrs-v2","800-baseline","react_ccrs_mazeV2","react_ccrs_mazeV2_20260626_201650.log","905","react.ccrs.contingency.escalation.skipped","","39",,,,,,"no_escalation_condition_met",,,,,,,,,,,"","","","","","","","",,
"react-baseline-vs-ccrs-v2","800-baseline","react_ccrs_mazeV2","react_ccrs_mazeV2_20260626_201650.log","922","react.ccrs.contingency.escalation.considered","","40",,,,,,,,,,,,,,,,,"","","","","","","","",,
"react-baseline-vs-ccrs-v2","800-baseline","react_ccrs_mazeV2","react_ccrs_mazeV2_20260626_201650.log","923","react.ccrs.contingency.escalation.skipped","","40",,,,,,"no_escalation_condition_met",,,,,,,,,,,"","","","","","","","",,
"react-baseline-vs-ccrs-v2","800-baseline","react_ccrs_mazeV2","react_ccrs_mazeV2_20260626_201650.log","933","react.ccrs.contingency.escalation.considered","","41",,,,,,,,,,,,,,,,,"","","","","","","","",,
"react-baseline-vs-ccrs-v2","800-baseline","react_ccrs_mazeV2","react_ccrs_mazeV2_20260626_201650.log","934","react.ccrs.contingency.escalation.skipped","","41",,,,,,"no_escalation_condition_met",,,,,,,,,,,"","","","","","","","",,
"react-baseline-vs-ccrs-v2","800-baseline","react_ccrs_mazeV2","react_ccrs_mazeV2_20260626_201650.log","951","react.ccrs.contingency.escalation.considered","","42",,,,,,,,,,,,,,,,,"","","","","","","","",,
"react-baseline-vs-ccrs-v2","800-baseline","react_ccrs_mazeV2","react_ccrs_mazeV2_20260626_201650.log","952","react.ccrs.contingency.escalation.skipped","","42",,,,,,"no_escalation_condition_met",,,,,,,,,,,"","","","","","","","",,
"react-baseline-vs-ccrs-v2","800-baseline","react_ccrs_mazeV2","react_ccrs_mazeV2_20260626_201650.log","963","react.ccrs.contingency.escalation.considered","","43",,,,,,,,,,,,,,,,,"","","","","","","","",,
"react-baseline-vs-ccrs-v2","800-baseline","react_ccrs_mazeV2","react_ccrs_mazeV2_20260626_201650.log","964","react.ccrs.contingency.escalation.skipped","","43",,,,,,"no_escalation_condition_met",,,,,,,,,,,"","","","","","","","",,
"react-baseline-vs-ccrs-v2","800-baseline","react_ccrs_mazeV2","react_ccrs_mazeV2_20260626_201650.log","981","react.ccrs.contingency.escalation.considered","","44",,,,,,,,,,,,,,,,,"","","","","","","","",,
"react-baseline-vs-ccrs-v2","800-baseline","react_ccrs_mazeV2","react_ccrs_mazeV2_20260626_201650.log","982","react.ccrs.contingency.escalation.skipped","","44",,,,,,"no_escalation_condition_met",,,,,,,,,,,"","","","","","","","",,
"react-baseline-vs-ccrs-v2","800-baseline","react_ccrs_mazeV2","react_ccrs_mazeV2_20260626_201650.log","993","react.ccrs.contingency.escalation.considered","","45",,,,,,,,,,,,,,,,,"","","","","","","","",,
"react-baseline-vs-ccrs-v2","800-baseline","react_ccrs_mazeV2","react_ccrs_mazeV2_20260626_201650.log","994","react.ccrs.contingency.escalation.skipped","","45",,,,,,"no_escalation_condition_met",,,,,,,,,,,"","","","","","","","",,
"react-baseline-vs-ccrs-v2","800-baseline","react_ccrs_mazeV2","react_ccrs_mazeV2_20260626_201650.log","1011","react.ccrs.contingency.escalation.considered","","46",,,,,,,,,,,,,,,,,"","","","","","","","",,
"react-baseline-vs-ccrs-v2","800-baseline","react_ccrs_mazeV2","react_ccrs_mazeV2_20260626_201650.log","1012","react.ccrs.contingency.escalation.skipped","","46",,,,,,"no_escalation_condition_met",,,,,,,,,,,"","","","","","","","",,
"react-baseline-vs-ccrs-v2","800-baseline","react_ccrs_mazeV2","react_ccrs_mazeV2_20260626_201650.log","1023","react.ccrs.contingency.escalation.considered","","47",,,,,,,,,,,,,,,,,"","","","","","","","",,
"react-baseline-vs-ccrs-v2","800-baseline","react_ccrs_mazeV2","react_ccrs_mazeV2_20260626_201650.log","1024","react.ccrs.contingency.escalation.skipped","","47",,,,,,"no_escalation_condition_met",,,,,,,,,,,"","","","","","","","",,
"react-baseline-vs-ccrs-v2","800-baseline","react_ccrs_mazeV2","react_ccrs_mazeV2_20260626_201650.log","1041","react.ccrs.contingency.escalation.considered","","48",,,,,,,,,,,,,,,,,"","","","","","","","",,
"react-baseline-vs-ccrs-v2","800-baseline","react_ccrs_mazeV2","react_ccrs_mazeV2_20260626_201650.log","1042","react.ccrs.contingency.escalation.skipped","","48",,,,,,"no_escalation_condition_met",,,,,,,,,,,"","","","","","","","",,
"react-baseline-vs-ccrs-v2","800-baseline","react_ccrs_mazeV2","react_ccrs_mazeV2_20260626_201650.log","1053","react.ccrs.contingency.escalation.considered","","49",,,,,,,,,,,,,,,,,"","","","","","","","",,
"react-baseline-vs-ccrs-v2","800-baseline","react_ccrs_mazeV2","react_ccrs_mazeV2_20260626_201650.log","1054","react.ccrs.contingency.escalation.skipped","","49",,,,,,"no_escalation_condition_met",,,,,,,,,,,"","","","","","","","",,
"react-baseline-vs-ccrs-v2","800-baseline","react_ccrs_mazeV2","react_ccrs_mazeV2_20260626_201650.log","1071","react.ccrs.contingency.escalation.considered","","50",,,,,,,,,,,,,,,,,"","","","","","","","",,
"react-baseline-vs-ccrs-v2","800-baseline","react_ccrs_mazeV2","react_ccrs_mazeV2_20260626_201650.log","1072","react.ccrs.contingency.escalation.skipped","","50",,,,,,"no_escalation_condition_met",,,,,,,,,,,"","","","","","","","",,
"react-baseline-vs-ccrs-v2","800-baseline","react_ccrs_mazeV2","react_ccrs_mazeV2_20260626_201650.log","1083","react.ccrs.contingency.escalation.considered","","51",,,,,,,,,,,,,,,,,"","","","","","","","",,
"react-baseline-vs-ccrs-v2","800-baseline","react_ccrs_mazeV2","react_ccrs_mazeV2_20260626_201650.log","1084","react.ccrs.contingency.escalation.skipped","","51",,,,,,"no_escalation_condition_met",,,,,,,,,,,"","","","","","","","",,
"react-baseline-vs-ccrs-v2","800-baseline","react_ccrs_mazeV2","react_ccrs_mazeV2_20260626_201650.log","1101","react.ccrs.contingency.escalation.considered","","52",,,,,,,,,,,,,,,,,"","","","","","","","",,
"react-baseline-vs-ccrs-v2","800-baseline","react_ccrs_mazeV2","react_ccrs_mazeV2_20260626_201650.log","1102","react.ccrs.contingency.escalation.skipped","","52",,,,,,"no_escalation_condition_met",,,,,,,,,,,"","","","","","","","",,
"react-baseline-vs-ccrs-v2","800-baseline","react_ccrs_mazeV2","react_ccrs_mazeV2_20260626_201650.log","1113","react.ccrs.contingency.escalation.considered","","53",,,,,,,,,,,,,,,,,"","","","","","","","",,
"react-baseline-vs-ccrs-v2","800-baseline","react_ccrs_mazeV2","react_ccrs_mazeV2_20260626_201650.log","1114","react.ccrs.contingency.escalation.skipped","","53",,,,,,"no_escalation_condition_met",,,,,,,,,,,"","","","","","","","",,
"react-baseline-vs-ccrs-v2","800-baseline","react_ccrs_mazeV2","react_ccrs_mazeV2_20260626_201650.log","1131","react.ccrs.contingency.escalation.considered","","54",,,,,,,,,,,,,,,,,"","","","","","","","",,
"react-baseline-vs-ccrs-v2","800-baseline","react_ccrs_mazeV2","react_ccrs_mazeV2_20260626_201650.log","1132","react.ccrs.contingency.escalation.skipped","","54",,,,,,"no_escalation_condition_met",,,,,,,,,,,"","","","","","","","",,
"react-baseline-vs-ccrs-v2","800-baseline","react_ccrs_mazeV2","react_ccrs_mazeV2_20260626_201650.log","1143","react.ccrs.contingency.escalation.considered","","55",,,,,,,,,,,,,,,,,"","","","","","","","",,
"react-baseline-vs-ccrs-v2","800-baseline","react_ccrs_mazeV2","react_ccrs_mazeV2_20260626_201650.log","1144","react.ccrs.contingency.escalation.skipped","","55",,,,,,"no_escalation_condition_met",,,,,,,,,,,"","","","","","","","",,
"react-baseline-vs-ccrs-v2","800-baseline","react_ccrs_mazeV2","react_ccrs_mazeV2_20260626_201650.log","1161","react.ccrs.contingency.escalation.considered","","56",,,,,,,,,,,,,,,,,"","","","","","","","",,
"react-baseline-vs-ccrs-v2","800-baseline","react_ccrs_mazeV2","react_ccrs_mazeV2_20260626_201650.log","1162","react.ccrs.contingency.escalation.skipped","","56",,,,,,"no_escalation_condition_met",,,,,,,,,,,"","","","","","","","",,
"react-baseline-vs-ccrs-v2","800-baseline","react_ccrs_mazeV2","react_ccrs_mazeV2_20260626_201650.log","1173","react.ccrs.contingency.escalation.considered","","57",,,,,,,,,,,,,,,,,"","","","","","","","",,
"react-baseline-vs-ccrs-v2","800-baseline","react_ccrs_mazeV2","react_ccrs_mazeV2_20260626_201650.log","1174","react.ccrs.contingency.escalation.skipped","","57",,,,,,"no_escalation_condition_met",,,,,,,,,,,"","","","","","","","",,
"react-baseline-vs-ccrs-v2","800-baseline","react_ccrs_mazeV2","react_ccrs_mazeV2_20260626_201650.log","1191","react.ccrs.contingency.escalation.considered","","58",,,,,,,,,,,,,,,,,"","","","","","","","",,
"react-baseline-vs-ccrs-v2","800-baseline","react_ccrs_mazeV2","react_ccrs_mazeV2_20260626_201650.log","1192","react.ccrs.contingency.escalation.skipped","","58",,,,,,"no_escalation_condition_met",,,,,,,,,,,"","","","","","","","",,
"react-baseline-vs-ccrs-v2","800-baseline","react_ccrs_mazeV2","react_ccrs_mazeV2_20260626_201650.log","1203","react.ccrs.contingency.escalation.considered","","59",,,,,,,,,,,,,,,,,"","","","","","","","",,
"react-baseline-vs-ccrs-v2","800-baseline","react_ccrs_mazeV2","react_ccrs_mazeV2_20260626_201650.log","1204","react.ccrs.contingency.escalation.skipped","","59",,,,,,"no_escalation_condition_met",,,,,,,,,,,"","","","","","","","",,
"react-baseline-vs-ccrs-v2","800-baseline","react_ccrs_mazeV2","react_ccrs_mazeV2_20260626_201650.log","1221","react.ccrs.contingency.escalation.considered","","60",,,,,,,,,,,,,,,,,"","","","","","","","",,
"react-baseline-vs-ccrs-v2","800-baseline","react_ccrs_mazeV2","react_ccrs_mazeV2_20260626_201650.log","1222","react.ccrs.contingency.escalation.skipped","","60",,,,,,"no_escalation_condition_met",,,,,,,,,,,"","","","","","","","",,
"react-baseline-vs-ccrs-v2","800-baseline","react_ccrs_mazeV2","react_ccrs_mazeV2_20260626_201650.log","1233","react.ccrs.contingency.escalation.considered","","61",,,,,,,,,,,,,,,,,"","","","","","","","",,
"react-baseline-vs-ccrs-v2","800-baseline","react_ccrs_mazeV2","react_ccrs_mazeV2_20260626_201650.log","1234","react.ccrs.contingency.escalation.skipped","","61",,,,,,"no_escalation_condition_met",,,,,,,,,,,"","","","","","","","",,
"react-baseline-vs-ccrs-v2","800-baseline","react_ccrs_mazeV2","react_ccrs_mazeV2_20260626_201650.log","1269","react.ccrs.contingency.escalation.considered","","62",,,,,,,,,,,,,,,,,"","","","","","","","",,
"react-baseline-vs-ccrs-v2","800-baseline","react_ccrs_mazeV2","react_ccrs_mazeV2_20260626_201650.log","1270","react.ccrs.contingency.escalation.skipped","","62",,,,,,"no_escalation_condition_met",,,,,,,,,,,"","","","","","","","",,
"react-baseline-vs-ccrs-v2","800-baseline","react_ccrs_mazeV2","react_ccrs_mazeV2_20260626_201650.log","1281","react.ccrs.contingency.escalation.considered","","63",,,,,,,,,,,,,,,,,"","","","","","","","",,
"react-baseline-vs-ccrs-v2","800-baseline","react_ccrs_mazeV2","react_ccrs_mazeV2_20260626_201650.log","1282","react.ccrs.contingency.escalation.skipped","","63",,,,,,"no_escalation_condition_met",,,,,,,,,,,"","","","","","","","",,
"react-baseline-vs-ccrs-v2","800-baseline","react_ccrs_mazeV2","react_ccrs_mazeV2_20260626_201650.log","1317","react.ccrs.contingency.escalation.considered","","64",,,,,,,,,,,,,,,,,"","","","","","","","",,
"react-baseline-vs-ccrs-v2","800-baseline","react_ccrs_mazeV2","react_ccrs_mazeV2_20260626_201650.log","1318","react.ccrs.contingency.escalation.skipped","","64",,,,,,"no_escalation_condition_met",,,,,,,,,,,"","","","","","","","",,
"react-baseline-vs-ccrs-v2","800-baseline","react_ccrs_mazeV2","react_ccrs_mazeV2_20260626_201650.log","1329","react.ccrs.contingency.escalation.considered","","65",,,,,,,,,,,,,,,,,"","","","","","","","",,
"react-baseline-vs-ccrs-v2","800-baseline","react_ccrs_mazeV2","react_ccrs_mazeV2_20260626_201650.log","1330","react.ccrs.contingency.escalation.skipped","","65",,,,,,"no_escalation_condition_met",,,,,,,,,,,"","","","","","","","",,
"react-baseline-vs-ccrs-v2","800-baseline","react_ccrs_mazeV2","react_ccrs_mazeV2_20260626_201650.log","1365","react.ccrs.contingency.escalation.considered","","66",,,,,,,,,,,,,,,,,"","","","","","","","",,
"react-baseline-vs-ccrs-v2","800-baseline","react_ccrs_mazeV2","react_ccrs_mazeV2_20260626_201650.log","1366","react.ccrs.contingency.escalation.skipped","","66",,,,,,"no_escalation_condition_met",,,,,,,,,,,"","","","","","","","",,
"react-baseline-vs-ccrs-v2","800-baseline","react_ccrs_mazeV2","react_ccrs_mazeV2_20260626_201650.log","1377","react.ccrs.contingency.escalation.considered","","67",,,,,,,,,,,,,,,,,"","","","","","","","",,
"react-baseline-vs-ccrs-v2","800-baseline","react_ccrs_mazeV2","react_ccrs_mazeV2_20260626_201650.log","1378","react.ccrs.contingency.escalation.skipped","","67",,,,,,"no_escalation_condition_met",,,,,,,,,,,"","","","","","","","",,
"react-baseline-vs-ccrs-v2","800-baseline","react_ccrs_mazeV2","react_ccrs_mazeV2_20260626_201650.log","1413","react.ccrs.contingency.escalation.considered","","68",,,,,,,,,,,,,,,,,"","","","","","","","",,
"react-baseline-vs-ccrs-v2","800-baseline","react_ccrs_mazeV2","react_ccrs_mazeV2_20260626_201650.log","1414","react.ccrs.contingency.escalation.skipped","","68",,,,,,"no_escalation_condition_met",,,,,,,,,,,"","","","","","","","",,
"react-baseline-vs-ccrs-v2","800-baseline","react_ccrs_mazeV2","react_ccrs_mazeV2_20260626_201650.log","1425","react.ccrs.contingency.escalation.considered","","69",,,,,,,,,,,,,,,,,"","","","","","","","",,
"react-baseline-vs-ccrs-v2","800-baseline","react_ccrs_mazeV2","react_ccrs_mazeV2_20260626_201650.log","1426","react.ccrs.contingency.escalation.skipped","","69",,,,,,"no_escalation_condition_met",,,,,,,,,,,"","","","","","","","",,
"react-baseline-vs-ccrs-v2","800-baseline","react_ccrs_mazeV2","react_ccrs_mazeV2_20260626_201650.log","1461","react.ccrs.contingency.escalation.considered","","70",,,,,,,,,,,,,,,,,"","","","","","","","",,
"react-baseline-vs-ccrs-v2","800-baseline","react_ccrs_mazeV2","react_ccrs_mazeV2_20260626_201650.log","1462","react.ccrs.contingency.escalation.skipped","","70",,,,,,"no_escalation_condition_met",,,,,,,,,,,"","","","","","","","",,
"react-baseline-vs-ccrs-v2","800-baseline","react_ccrs_mazeV2","react_ccrs_mazeV2_20260626_201650.log","1473","react.ccrs.contingency.escalation.considered","","71",,,,,,,,,,,,,,,,,"","","","","","","","",,
"react-baseline-vs-ccrs-v2","800-baseline","react_ccrs_mazeV2","react_ccrs_mazeV2_20260626_201650.log","1474","react.ccrs.contingency.escalation.skipped","","71",,,,,,"no_escalation_condition_met",,,,,,,,,,,"","","","","","","","",,
"react-baseline-vs-ccrs-v2","800-baseline","react_ccrs_mazeV2","react_ccrs_mazeV2_20260626_201650.log","1509","react.ccrs.contingency.escalation.considered","","72",,,,,,,,,,,,,,,,,"","","","","","","","",,
"react-baseline-vs-ccrs-v2","800-baseline","react_ccrs_mazeV2","react_ccrs_mazeV2_20260626_201650.log","1510","react.ccrs.contingency.escalation.skipped","","72",,,,,,"no_escalation_condition_met",,,,,,,,,,,"","","","","","","","",,
"react-baseline-vs-ccrs-v2","800-baseline","react_ccrs_mazeV2","react_ccrs_mazeV2_20260626_201650.log","1521","react.ccrs.contingency.escalation.considered","","73",,,,,,,,,,,,,,,,,"","","","","","","","",,
"react-baseline-vs-ccrs-v2","800-baseline","react_ccrs_mazeV2","react_ccrs_mazeV2_20260626_201650.log","1522","react.ccrs.contingency.escalation.skipped","","73",,,,,,"no_escalation_condition_met",,,,,,,,,,,"","","","","","","","",,
"react-baseline-vs-ccrs-v2","800-baseline","react_ccrs_mazeV2","react_ccrs_mazeV2_20260626_201650.log","1557","react.ccrs.contingency.escalation.considered","","74",,,,,,,,,,,,,,,,,"","","","","","","","",,
"react-baseline-vs-ccrs-v2","800-baseline","react_ccrs_mazeV2","react_ccrs_mazeV2_20260626_201650.log","1558","react.ccrs.contingency.escalation.skipped","","74",,,,,,"no_escalation_condition_met",,,,,,,,,,,"","","","","","","","",,
"react-baseline-vs-ccrs-v2","800-baseline","react_ccrs_mazeV2","react_ccrs_mazeV2_20260626_201650.log","1569","react.ccrs.contingency.escalation.considered","","75",,,,,,,,,,,,,,,,,"","","","","","","","",,
"react-baseline-vs-ccrs-v2","800-baseline","react_ccrs_mazeV2","react_ccrs_mazeV2_20260626_201650.log","1570","react.ccrs.contingency.escalation.skipped","","75",,,,,,"no_escalation_condition_met",,,,,,,,,,,"","","","","","","","",,
"react-baseline-vs-ccrs-v2","800-baseline","react_ccrs_mazeV2","react_ccrs_mazeV2_20260626_201650.log","1605","react.ccrs.contingency.escalation.considered","","76",,,,,,,,,,,,,,,,,"","","","","","","","",,
"react-baseline-vs-ccrs-v2","800-baseline","react_ccrs_mazeV2","react_ccrs_mazeV2_20260626_201650.log","1606","react.ccrs.contingency.escalation.skipped","","76",,,,,,"no_escalation_condition_met",,,,,,,,,,,"","","","","","","","",,
"react-baseline-vs-ccrs-v2","800-baseline","react_ccrs_mazeV2","react_ccrs_mazeV2_20260626_201650.log","1617","react.ccrs.contingency.escalation.considered","","77",,,,,,,,,,,,,,,,,"","","","","","","","",,
"react-baseline-vs-ccrs-v2","800-baseline","react_ccrs_mazeV2","react_ccrs_mazeV2_20260626_201650.log","1618","react.ccrs.contingency.escalation.skipped","","77",,,,,,"no_escalation_condition_met",,,,,,,,,,,"","","","","","","","",,
"react-baseline-vs-ccrs-v2","800-baseline","react_ccrs_mazeV2","react_ccrs_mazeV2_20260626_201650.log","1653","react.ccrs.contingency.escalation.considered","","78",,,,,,,,,,,,,,,,,"","","","","","","","",,
"react-baseline-vs-ccrs-v2","800-baseline","react_ccrs_mazeV2","react_ccrs_mazeV2_20260626_201650.log","1654","react.ccrs.contingency.escalation.skipped","","78",,,,,,"no_escalation_condition_met",,,,,,,,,,,"","","","","","","","",,
"react-baseline-vs-ccrs-v2","800-baseline","react_ccrs_mazeV2","react_ccrs_mazeV2_20260626_201650.log","1665","react.ccrs.contingency.escalation.considered","","79",,,,,,,,,,,,,,,,,"","","","","","","","",,
"react-baseline-vs-ccrs-v2","800-baseline","react_ccrs_mazeV2","react_ccrs_mazeV2_20260626_201650.log","1666","react.ccrs.contingency.escalation.skipped","","79",,,,,,"no_escalation_condition_met",,,,,,,,,,,"","","","","","","","",,
"react-baseline-vs-ccrs-v2","800-baseline","react_ccrs_mazeV2","react_ccrs_mazeV2_20260626_201650.log","1701","react.ccrs.contingency.escalation.considered","","80",,,,,,,,,,,,,,,,,"","","","","","","","",,
"react-baseline-vs-ccrs-v2","800-baseline","react_ccrs_mazeV2","react_ccrs_mazeV2_20260626_201650.log","1702","react.ccrs.contingency.escalation.skipped","","80",,,,,,"no_escalation_condition_met",,,,,,,,,,,"","","","","","","","",,
"react-baseline-vs-ccrs-v2","800-baseline","react_ccrs_mazeV2","react_ccrs_mazeV2_20260626_201650.log","1713","react.ccrs.contingency.escalation.considered","","81",,,,,,,,,,,,,,,,,"","","","","","","","",,
"react-baseline-vs-ccrs-v2","800-baseline","react_ccrs_mazeV2","react_ccrs_mazeV2_20260626_201650.log","1714","react.ccrs.contingency.escalation.skipped","","81",,,,,,"no_escalation_condition_met",,,,,,,,,,,"","","","","","","","",,
"react-baseline-vs-ccrs-v2","800-baseline","react_ccrs_mazeV2","react_ccrs_mazeV2_20260626_201650.log","1731","react.ccrs.contingency.escalation.considered","","82",,,,,,,,,,,,,,,,,"","","","","","","","",,
"react-baseline-vs-ccrs-v2","800-baseline","react_ccrs_mazeV2","react_ccrs_mazeV2_20260626_201650.log","1732","react.ccrs.contingency.escalation.skipped","","82",,,,,,"no_escalation_condition_met",,,,,,,,,,,"","","","","","","","",,
"react-baseline-vs-ccrs-v2","800-baseline","react_ccrs_mazeV2","react_ccrs_mazeV2_20260626_201650.log","1742","react.ccrs.contingency.escalation.considered","","83",,,,,,,,,,,,,,,,,"","","","","","","","",,
"react-baseline-vs-ccrs-v2","800-baseline","react_ccrs_mazeV2","react_ccrs_mazeV2_20260626_201650.log","1743","react.ccrs.contingency.escalation.skipped","","83",,,,,,"no_escalation_condition_met",,,,,,,,,,,"","","","","","","","",,
"react-baseline-vs-ccrs-v2","800-baseline","react_ccrs_mazeV2","react_ccrs_mazeV2_20260626_201650.log","1760","react.ccrs.contingency.escalation.considered","","84",,,,,,,,,,,,,,,,,"","","","","","","","",,
"react-baseline-vs-ccrs-v2","800-baseline","react_ccrs_mazeV2","react_ccrs_mazeV2_20260626_201650.log","1761","react.ccrs.contingency.escalation.activated","","84",,,,,,"explicit_llm_escalation",,"UNCERTAINTY","unexpected_structure","http://127.0.1.1:8080/cells/12/5",,,,,,,"","","","","","","","",,
"react-baseline-vs-ccrs-v2","800-baseline","react_ccrs_mazeV2","react_ccrs_mazeV2_20260626_201650.log","1766","react.ccrs.contingency.classpath.resolved","",,,,,,,,,,,,,,,,,,"","","","","","","","",,
"react-baseline-vs-ccrs-v2","800-baseline","react_ccrs_mazeV2","react_ccrs_mazeV2_20260626_201650.log","1770","react.ccrs.contingency.runtime.ready","",,,,,,,,,,,,,,,,,,"","","","","","","","",,
"react-baseline-vs-ccrs-v2","800-baseline","react_ccrs_mazeV2","react_ccrs_mazeV2_20260626_201650.log","1774","react.ccrs.contingency.classpath.resolved","",,,,,,,,,,,,,,,,,,"","","","","","","","",,
"react-baseline-vs-ccrs-v2","800-baseline","react_ccrs_mazeV2","react_ccrs_mazeV2_20260626_201650.log","1777","react.ccrs.contingency.evaluate","1",,,,,,,,,"UNCERTAINTY","unexpected_structure","http://127.0.1.1:8080/cells/12/5",,,,,,,"","","","","","","","",,
"react-baseline-vs-ccrs-v2","800-baseline","react_ccrs_mazeV2","react_ccrs_mazeV2_20260626_201650.log","1778","react.ccrs.contingency.returned","1",,,"prediction_llm","51d0976d-ac52-460f-9d1f-388e0d80e91f","post","False",,,,,,,,"4","1","0","0","","","","","","","","",,
"react-baseline-vs-ccrs-v2","800-baseline","react_ccrs_mazeV2","react_ccrs_mazeV2_20260626_201650.log","1818","react.ccrs.contingency.escalation.considered","","85",,,,,,,,,,,,,,,,,"","","","","","","","",,
"react-baseline-vs-ccrs-v2","800-baseline","react_ccrs_mazeV2","react_ccrs_mazeV2_20260626_201650.log","1819","react.ccrs.contingency.escalation.skipped","","85",,,,,,"no_escalation_condition_met",,,,,,,,,,,"","","","","","","","",,
"react-baseline-vs-ccrs-v2","800-baseline","react_ccrs_mazeV2","react_ccrs_mazeV2_20260626_201650.log","1829","react.ccrs.contingency.escalation.considered","","86",,,,,,,,,,,,,,,,,"","","","","","","","",,
"react-baseline-vs-ccrs-v2","800-baseline","react_ccrs_mazeV2","react_ccrs_mazeV2_20260626_201650.log","1830","react.ccrs.contingency.escalation.skipped","","86",,,,,,"no_escalation_condition_met",,,,,,,,,,,"","","","","","","","",,
"react-baseline-vs-ccrs-v2","800-baseline","react_ccrs_mazeV2","react_ccrs_mazeV2_20260626_201650.log","1865","react.ccrs.contingency.escalation.considered","","87",,,,,,,,,,,,,,,,,"","","","","","","","",,
"react-baseline-vs-ccrs-v2","800-baseline","react_ccrs_mazeV2","react_ccrs_mazeV2_20260626_201650.log","1866","react.ccrs.contingency.escalation.skipped","","87",,,,,,"no_escalation_condition_met",,,,,,,,,,,"","","","","","","","",,
"react-baseline-vs-ccrs-v2","800-baseline","react_ccrs_mazeV2","react_ccrs_mazeV2_20260626_201650.log","1877","react.ccrs.contingency.escalation.considered","","88",,,,,,,,,,,,,,,,,"","","","","","","","",,
"react-baseline-vs-ccrs-v2","800-baseline","react_ccrs_mazeV2","react_ccrs_mazeV2_20260626_201650.log","1878","react.ccrs.contingency.escalation.skipped","","88",,,,,,"no_escalation_condition_met",,,,,,,,,,,"","","","","","","","",,
"react-baseline-vs-ccrs-v2","800-baseline","react_ccrs_mazeV2","react_ccrs_mazeV2_20260626_201650.log","1913","react.ccrs.contingency.escalation.considered","","89",,,,,,,,,,,,,,,,,"","","","","","","","",,
"react-baseline-vs-ccrs-v2","800-baseline","react_ccrs_mazeV2","react_ccrs_mazeV2_20260626_201650.log","1914","react.ccrs.contingency.escalation.skipped","","89",,,,,,"no_escalation_condition_met",,,,,,,,,,,"","","","","","","","",,
"react-baseline-vs-ccrs-v2","800-baseline","react_ccrs_mazeV2","react_ccrs_mazeV2_20260626_201650.log","1925","react.ccrs.contingency.escalation.considered","","90",,,,,,,,,,,,,,,,,"","","","","","","","",,
"react-baseline-vs-ccrs-v2","800-baseline","react_ccrs_mazeV2","react_ccrs_mazeV2_20260626_201650.log","1926","react.ccrs.contingency.escalation.skipped","","90",,,,,,"no_escalation_condition_met",,,,,,,,,,,"","","","","","","","",,
"react-baseline-vs-ccrs-v2","800-baseline","react_ccrs_mazeV2","react_ccrs_mazeV2_20260626_201650.log","1961","react.ccrs.contingency.escalation.considered","","91",,,,,,,,,,,,,,,,,"","","","","","","","",,
"react-baseline-vs-ccrs-v2","800-baseline","react_ccrs_mazeV2","react_ccrs_mazeV2_20260626_201650.log","1962","react.ccrs.contingency.escalation.skipped","","91",,,,,,"no_escalation_condition_met",,,,,,,,,,,"","","","","","","","",,
"react-baseline-vs-ccrs-v2","800-baseline","react_ccrs_mazeV2","react_ccrs_mazeV2_20260626_201650.log","1973","react.ccrs.contingency.escalation.considered","","92",,,,,,,,,,,,,,,,,"","","","","","","","",,
"react-baseline-vs-ccrs-v2","800-baseline","react_ccrs_mazeV2","react_ccrs_mazeV2_20260626_201650.log","1974","react.ccrs.contingency.escalation.skipped","","92",,,,,,"no_escalation_condition_met",,,,,,,,,,,"","","","","","","","",,
"react-baseline-vs-ccrs-v2","800-baseline","react_ccrs_mazeV2","react_ccrs_mazeV2_20260626_201650.log","2011","react.ccrs.contingency.escalation.considered","","93",,,,,,,,,,,,,,,,,"","","","","","","","",,
"react-baseline-vs-ccrs-v2","800-baseline","react_ccrs_mazeV2","react_ccrs_mazeV2_20260626_201650.log","2012","react.ccrs.contingency.escalation.skipped","","93",,,,,,"no_escalation_condition_met",,,,,,,,,,,"","","","","","","","",,
"react-baseline-vs-ccrs-v2","800-baseline","react_ccrs_mazeV2","react_ccrs_mazeV2_20260626_201650.log","2023","react.ccrs.contingency.escalation.considered","","94",,,,,,,,,,,,,,,,,"","","","","","","","",,
"react-baseline-vs-ccrs-v2","800-baseline","react_ccrs_mazeV2","react_ccrs_mazeV2_20260626_201650.log","2024","react.ccrs.contingency.escalation.skipped","","94",,,,,,"no_escalation_condition_met",,,,,,,,,,,"","","","","","","","",,
"react-baseline-vs-ccrs-v2","800-baseline","react_ccrs_mazeV2","react_ccrs_mazeV2_20260626_201650.log","2059","react.ccrs.contingency.escalation.considered","","95",,,,,,,,,,,,,,,,,"","","","","","","","",,
"react-baseline-vs-ccrs-v2","800-baseline","react_ccrs_mazeV2","react_ccrs_mazeV2_20260626_201650.log","2060","react.ccrs.contingency.escalation.skipped","","95",,,,,,"no_escalation_condition_met",,,,,,,,,,,"","","","","","","","",,
"react-baseline-vs-ccrs-v2","800-baseline","react_ccrs_mazeV2","react_ccrs_mazeV2_20260626_201650.log","2071","react.ccrs.contingency.escalation.considered","","96",,,,,,,,,,,,,,,,,"","","","","","","","",,
"react-baseline-vs-ccrs-v2","800-baseline","react_ccrs_mazeV2","react_ccrs_mazeV2_20260626_201650.log","2072","react.ccrs.contingency.escalation.skipped","","96",,,,,,"no_escalation_condition_met",,,,,,,,,,,"","","","","","","","",,
"react-baseline-vs-ccrs-v2","800-baseline","react_ccrs_mazeV2","react_ccrs_mazeV2_20260626_201650.log","2107","react.ccrs.contingency.escalation.considered","","97",,,,,,,,,,,,,,,,,"","","","","","","","",,
"react-baseline-vs-ccrs-v2","800-baseline","react_ccrs_mazeV2","react_ccrs_mazeV2_20260626_201650.log","2108","react.ccrs.contingency.escalation.skipped","","97",,,,,,"no_escalation_condition_met",,,,,,,,,,,"","","","","","","","",,
"react-baseline-vs-ccrs-v2","800-baseline","react_ccrs_mazeV2","react_ccrs_mazeV2_20260626_201650.log","2119","react.ccrs.contingency.escalation.considered","","98",,,,,,,,,,,,,,,,,"","","","","","","","",,
"react-baseline-vs-ccrs-v2","800-baseline","react_ccrs_mazeV2","react_ccrs_mazeV2_20260626_201650.log","2120","react.ccrs.contingency.escalation.skipped","","98",,,,,,"no_escalation_condition_met",,,,,,,,,,,"","","","","","","","",,
"react-baseline-vs-ccrs-v2","800-baseline","react_ccrs_mazeV2","react_ccrs_mazeV2_20260626_201650.log","2155","react.ccrs.contingency.escalation.considered","","99",,,,,,,,,,,,,,,,,"","","","","","","","",,
"react-baseline-vs-ccrs-v2","800-baseline","react_ccrs_mazeV2","react_ccrs_mazeV2_20260626_201650.log","2156","react.ccrs.contingency.escalation.skipped","","99",,,,,,"no_escalation_condition_met",,,,,,,,,,,"","","","","","","","",,
"react-baseline-vs-ccrs-v2","800-baseline","react_ccrs_mazeV2","react_ccrs_mazeV2_20260626_201650.log","2167","react.ccrs.contingency.escalation.considered","","100",,,,,,,,,,,,,,,,,"","","","","","","","",,
"react-baseline-vs-ccrs-v2","800-baseline","react_ccrs_mazeV2","react_ccrs_mazeV2_20260626_201650.log","2168","react.ccrs.contingency.escalation.skipped","","100",,,,,,"no_escalation_condition_met",,,,,,,,,,,"","","","","","","","",,
"react-baseline-vs-ccrs-v2","800-baseline","react_ccrs_mazeV2","react_ccrs_mazeV2_20260626_201650.log","2203","react.ccrs.contingency.escalation.considered","","101",,,,,,,,,,,,,,,,,"","","","","","","","",,
"react-baseline-vs-ccrs-v2","800-baseline","react_ccrs_mazeV2","react_ccrs_mazeV2_20260626_201650.log","2204","react.ccrs.contingency.escalation.skipped","","101",,,,,,"no_escalation_condition_met",,,,,,,,,,,"","","","","","","","",,
"react-baseline-vs-ccrs-v2","800-baseline","react_ccrs_mazeV2","react_ccrs_mazeV2_20260626_201650.log","2215","react.ccrs.contingency.escalation.considered","","102",,,,,,,,,,,,,,,,,"","","","","","","","",,
"react-baseline-vs-ccrs-v2","800-baseline","react_ccrs_mazeV2","react_ccrs_mazeV2_20260626_201650.log","2216","react.ccrs.contingency.escalation.skipped","","102",,,,,,"no_escalation_condition_met",,,,,,,,,,,"","","","","","","","",,
"react-baseline-vs-ccrs-v2","800-baseline","react_ccrs_mazeV2","react_ccrs_mazeV2_20260626_201650.log","2253","react.ccrs.contingency.escalation.considered","","103",,,,,,,,,,,,,,,,,"","","","","","","","",,
"react-baseline-vs-ccrs-v2","800-baseline","react_ccrs_mazeV2","react_ccrs_mazeV2_20260626_201650.log","2254","react.ccrs.contingency.escalation.skipped","","103",,,,,,"no_escalation_condition_met",,,,,,,,,,,"","","","","","","","",,
"react-baseline-vs-ccrs-v2","800-baseline","react_ccrs_mazeV2","react_ccrs_mazeV2_20260626_201650.log","2265","react.ccrs.contingency.escalation.considered","","104",,,,,,,,,,,,,,,,,"","","","","","","","",,
"react-baseline-vs-ccrs-v2","800-baseline","react_ccrs_mazeV2","react_ccrs_mazeV2_20260626_201650.log","2266","react.ccrs.contingency.escalation.skipped","","104",,,,,,"no_escalation_condition_met",,,,,,,,,,,"","","","","","","","",,
"react-baseline-vs-ccrs-v2","800-baseline","react_ccrs_mazeV2","react_ccrs_mazeV2_20260626_201650.log","2301","react.ccrs.contingency.escalation.considered","","105",,,,,,,,,,,,,,,,,"","","","","","","","",,
"react-baseline-vs-ccrs-v2","800-baseline","react_ccrs_mazeV2","react_ccrs_mazeV2_20260626_201650.log","2302","react.ccrs.contingency.escalation.skipped","","105",,,,,,"no_escalation_condition_met",,,,,,,,,,,"","","","","","","","",,
"react-baseline-vs-ccrs-v2","800-baseline","react_ccrs_mazeV2","react_ccrs_mazeV2_20260626_201650.log","2313","react.ccrs.contingency.escalation.considered","","106",,,,,,,,,,,,,,,,,"","","","","","","","",,
"react-baseline-vs-ccrs-v2","800-baseline","react_ccrs_mazeV2","react_ccrs_mazeV2_20260626_201650.log","2314","react.ccrs.contingency.escalation.skipped","","106",,,,,,"no_escalation_condition_met",,,,,,,,,,,"","","","","","","","",,
"react-baseline-vs-ccrs-v2","800-baseline","react_ccrs_mazeV2","react_ccrs_mazeV2_20260626_201650.log","2349","react.ccrs.contingency.escalation.considered","","107",,,,,,,,,,,,,,,,,"","","","","","","","",,
"react-baseline-vs-ccrs-v2","800-baseline","react_ccrs_mazeV2","react_ccrs_mazeV2_20260626_201650.log","2350","react.ccrs.contingency.escalation.skipped","","107",,,,,,"no_escalation_condition_met",,,,,,,,,,,"","","","","","","","",,
"react-baseline-vs-ccrs-v2","800-baseline","react_ccrs_mazeV2","react_ccrs_mazeV2_20260626_201650.log","2361","react.ccrs.contingency.escalation.considered","","108",,,,,,,,,,,,,,,,,"","","","","","","","",,
"react-baseline-vs-ccrs-v2","800-baseline","react_ccrs_mazeV2","react_ccrs_mazeV2_20260626_201650.log","2362","react.ccrs.contingency.escalation.skipped","","108",,,,,,"no_escalation_condition_met",,,,,,,,,,,"","","","","","","","",,
"react-baseline-vs-ccrs-v2","800-baseline","react_ccrs_mazeV2","react_ccrs_mazeV2_20260626_201650.log","2397","react.ccrs.contingency.escalation.considered","","109",,,,,,,,,,,,,,,,,"","","","","","","","",,
"react-baseline-vs-ccrs-v2","800-baseline","react_ccrs_mazeV2","react_ccrs_mazeV2_20260626_201650.log","2398","react.ccrs.contingency.escalation.skipped","","109",,,,,,"no_escalation_condition_met",,,,,,,,,,,"","","","","","","","",,
"react-baseline-vs-ccrs-v2","800-baseline","react_ccrs_mazeV2","react_ccrs_mazeV2_20260626_201650.log","2409","react.ccrs.contingency.escalation.considered","","110",,,,,,,,,,,,,,,,,"","","","","","","","",,
"react-baseline-vs-ccrs-v2","800-baseline","react_ccrs_mazeV2","react_ccrs_mazeV2_20260626_201650.log","2410","react.ccrs.contingency.escalation.skipped","","110",,,,,,"no_escalation_condition_met",,,,,,,,,,,"","","","","","","","",,
"react-baseline-vs-ccrs-v2","800-baseline","react_ccrs_mazeV2","react_ccrs_mazeV2_20260626_201650.log","2445","react.ccrs.contingency.escalation.considered","","111",,,,,,,,,,,,,,,,,"","","","","","","","",,
"react-baseline-vs-ccrs-v2","800-baseline","react_ccrs_mazeV2","react_ccrs_mazeV2_20260626_201650.log","2446","react.ccrs.contingency.escalation.skipped","","111",,,,,,"no_escalation_condition_met",,,,,,,,,,,"","","","","","","","",,
"react-baseline-vs-ccrs-v2","800-baseline","react_ccrs_mazeV2","react_ccrs_mazeV2_20260626_201650.log","2457","react.ccrs.contingency.escalation.considered","","112",,,,,,,,,,,,,,,,,"","","","","","","","",,
"react-baseline-vs-ccrs-v2","800-baseline","react_ccrs_mazeV2","react_ccrs_mazeV2_20260626_201650.log","2458","react.ccrs.contingency.escalation.skipped","","112",,,,,,"no_escalation_condition_met",,,,,,,,,,,"","","","","","","","",,
"react-baseline-vs-ccrs-v2","800-baseline","react_ccrs_mazeV2","react_ccrs_mazeV2_20260626_201650.log","2495","react.ccrs.contingency.escalation.considered","","113",,,,,,,,,,,,,,,,,"","","","","","","","",,
"react-baseline-vs-ccrs-v2","800-baseline","react_ccrs_mazeV2","react_ccrs_mazeV2_20260626_201650.log","2496","react.ccrs.contingency.escalation.skipped","","113",,,,,,"no_escalation_condition_met",,,,,,,,,,,"","","","","","","","",,
"react-baseline-vs-ccrs-v2","800-baseline","react_ccrs_mazeV2","react_ccrs_mazeV2_20260626_201650.log","2507","react.ccrs.contingency.escalation.considered","","114",,,,,,,,,,,,,,,,,"","","","","","","","",,
"react-baseline-vs-ccrs-v2","800-baseline","react_ccrs_mazeV2","react_ccrs_mazeV2_20260626_201650.log","2508","react.ccrs.contingency.escalation.skipped","","114",,,,,,"no_escalation_condition_met",,,,,,,,,,,"","","","","","","","",,
"react-baseline-vs-ccrs-v2","800-baseline","react_ccrs_mazeV2","react_ccrs_mazeV2_20260626_201650.log","2543","react.ccrs.contingency.escalation.considered","","115",,,,,,,,,,,,,,,,,"","","","","","","","",,
"react-baseline-vs-ccrs-v2","800-baseline","react_ccrs_mazeV2","react_ccrs_mazeV2_20260626_201650.log","2544","react.ccrs.contingency.escalation.skipped","","115",,,,,,"no_escalation_condition_met",,,,,,,,,,,"","","","","","","","",,
"react-baseline-vs-ccrs-v2","800-baseline","react_ccrs_mazeV2","react_ccrs_mazeV2_20260626_201650.log","2555","react.ccrs.contingency.escalation.considered","","116",,,,,,,,,,,,,,,,,"","","","","","","","",,
"react-baseline-vs-ccrs-v2","800-baseline","react_ccrs_mazeV2","react_ccrs_mazeV2_20260626_201650.log","2556","react.ccrs.contingency.escalation.skipped","","116",,,,,,"no_escalation_condition_met",,,,,,,,,,,"","","","","","","","",,
"react-baseline-vs-ccrs-v2","800-baseline","react_ccrs_mazeV2","react_ccrs_mazeV2_20260626_201650.log","2593","react.ccrs.contingency.escalation.considered","","117",,,,,,,,,,,,,,,,,"","","","","","","","",,
"react-baseline-vs-ccrs-v2","800-baseline","react_ccrs_mazeV2","react_ccrs_mazeV2_20260626_201650.log","2594","react.ccrs.contingency.escalation.skipped","","117",,,,,,"no_escalation_condition_met",,,,,,,,,,,"","","","","","","","",,
"react-baseline-vs-ccrs-v2","800-baseline","react_ccrs_mazeV2","react_ccrs_mazeV2_20260626_201650.log","2605","react.ccrs.contingency.escalation.considered","","118",,,,,,,,,,,,,,,,,"","","","","","","","",,
"react-baseline-vs-ccrs-v2","800-baseline","react_ccrs_mazeV2","react_ccrs_mazeV2_20260626_201650.log","2606","react.ccrs.contingency.escalation.skipped","","118",,,,,,"no_escalation_condition_met",,,,,,,,,,,"","","","","","","","",,
"react-baseline-vs-ccrs-v2","800-baseline","react_ccrs_mazeV2","react_ccrs_mazeV2_20260626_201650.log","2641","react.ccrs.contingency.escalation.considered","","119",,,,,,,,,,,,,,,,,"","","","","","","","",,
"react-baseline-vs-ccrs-v2","800-baseline","react_ccrs_mazeV2","react_ccrs_mazeV2_20260626_201650.log","2642","react.ccrs.contingency.escalation.skipped","","119",,,,,,"no_escalation_condition_met",,,,,,,,,,,"","","","","","","","",,
"react-baseline-vs-ccrs-v2","800-baseline","react_ccrs_mazeV2","react_ccrs_mazeV2_20260626_201650.log","2653","react.ccrs.contingency.escalation.considered","","120",,,,,,,,,,,,,,,,,"","","","","","","","",,
"react-baseline-vs-ccrs-v2","800-baseline","react_ccrs_mazeV2","react_ccrs_mazeV2_20260626_201650.log","2654","react.ccrs.contingency.escalation.skipped","","120",,,,,,"no_escalation_condition_met",,,,,,,,,,,"","","","","","","","",,
"react-baseline-vs-ccrs-v2","800-baseline","react_ccrs_mazeV2","react_ccrs_mazeV2_20260626_201650.log","2689","react.ccrs.contingency.escalation.considered","","121",,,,,,,,,,,,,,,,,"","","","","","","","",,
"react-baseline-vs-ccrs-v2","800-baseline","react_ccrs_mazeV2","react_ccrs_mazeV2_20260626_201650.log","2690","react.ccrs.contingency.escalation.skipped","","121",,,,,,"no_escalation_condition_met",,,,,,,,,,,"","","","","","","","",,
"react-baseline-vs-ccrs-v2","800-baseline","react_ccrs_mazeV2","react_ccrs_mazeV2_20260626_201650.log","2701","react.ccrs.contingency.escalation.considered","","122",,,,,,,,,,,,,,,,,"","","","","","","","",,
"react-baseline-vs-ccrs-v2","800-baseline","react_ccrs_mazeV2","react_ccrs_mazeV2_20260626_201650.log","2702","react.ccrs.contingency.escalation.skipped","","122",,,,,,"no_escalation_condition_met",,,,,,,,,,,"","","","","","","","",,
"react-baseline-vs-ccrs-v2","800-baseline","react_ccrs_mazeV2","react_ccrs_mazeV2_20260626_201650.log","2737","react.ccrs.contingency.escalation.considered","","123",,,,,,,,,,,,,,,,,"","","","","","","","",,
"react-baseline-vs-ccrs-v2","800-baseline","react_ccrs_mazeV2","react_ccrs_mazeV2_20260626_201650.log","2738","react.ccrs.contingency.escalation.skipped","","123",,,,,,"no_escalation_condition_met",,,,,,,,,,,"","","","","","","","",,
"react-baseline-vs-ccrs-v2","800-baseline","react_ccrs_mazeV2","react_ccrs_mazeV2_20260626_201650.log","2749","react.ccrs.contingency.escalation.considered","","124",,,,,,,,,,,,,,,,,"","","","","","","","",,
"react-baseline-vs-ccrs-v2","800-baseline","react_ccrs_mazeV2","react_ccrs_mazeV2_20260626_201650.log","2750","react.ccrs.contingency.escalation.skipped","","124",,,,,,"no_escalation_condition_met",,,,,,,,,,,"","","","","","","","",,
"react-baseline-vs-ccrs-v2","800-baseline","react_ccrs_mazeV2","react_ccrs_mazeV2_20260626_201650.log","2787","react.ccrs.contingency.escalation.considered","","125",,,,,,,,,,,,,,,,,"","","","","","","","",,
"react-baseline-vs-ccrs-v2","800-baseline","react_ccrs_mazeV2","react_ccrs_mazeV2_20260626_201650.log","2788","react.ccrs.contingency.escalation.skipped","","125",,,,,,"no_escalation_condition_met",,,,,,,,,,,"","","","","","","","",,
"react-baseline-vs-ccrs-v2","800-baseline","react_ccrs_mazeV2","react_ccrs_mazeV2_20260626_201650.log","2799","react.ccrs.contingency.escalation.considered","","126",,,,,,,,,,,,,,,,,"","","","","","","","",,
"react-baseline-vs-ccrs-v2","800-baseline","react_ccrs_mazeV2","react_ccrs_mazeV2_20260626_201650.log","2800","react.ccrs.contingency.escalation.skipped","","126",,,,,,"no_escalation_condition_met",,,,,,,,,,,"","","","","","","","",,
"react-baseline-vs-ccrs-v2","800-baseline","react_ccrs_mazeV2","react_ccrs_mazeV2_20260626_201650.log","2835","react.ccrs.contingency.escalation.considered","","127",,,,,,,,,,,,,,,,,"","","","","","","","",,
"react-baseline-vs-ccrs-v2","800-baseline","react_ccrs_mazeV2","react_ccrs_mazeV2_20260626_201650.log","2836","react.ccrs.contingency.escalation.skipped","","127",,,,,,"no_escalation_condition_met",,,,,,,,,,,"","","","","","","","",,
"react-baseline-vs-ccrs-v2","800-baseline","react_ccrs_mazeV2","react_ccrs_mazeV2_20260626_201650.log","2847","react.ccrs.contingency.escalation.considered","","128",,,,,,,,,,,,,,,,,"","","","","","","","",,
"react-baseline-vs-ccrs-v2","800-baseline","react_ccrs_mazeV2","react_ccrs_mazeV2_20260626_201650.log","2848","react.ccrs.contingency.escalation.skipped","","128",,,,,,"no_escalation_condition_met",,,,,,,,,,,"","","","","","","","",,
"react-baseline-vs-ccrs-v2","800-baseline","react_ccrs_mazeV2","react_ccrs_mazeV2_20260626_201650.log","2883","react.ccrs.contingency.escalation.considered","","129",,,,,,,,,,,,,,,,,"","","","","","","","",,
"react-baseline-vs-ccrs-v2","800-baseline","react_ccrs_mazeV2","react_ccrs_mazeV2_20260626_201650.log","2884","react.ccrs.contingency.escalation.skipped","","129",,,,,,"no_escalation_condition_met",,,,,,,,,,,"","","","","","","","",,
"react-baseline-vs-ccrs-v2","800-baseline","react_ccrs_mazeV2","react_ccrs_mazeV2_20260626_201650.log","2895","react.ccrs.contingency.escalation.considered","","130",,,,,,,,,,,,,,,,,"","","","","","","","",,
"react-baseline-vs-ccrs-v2","800-baseline","react_ccrs_mazeV2","react_ccrs_mazeV2_20260626_201650.log","2896","react.ccrs.contingency.escalation.skipped","","130",,,,,,"no_escalation_condition_met",,,,,,,,,,,"","","","","","","","",,
"react-baseline-vs-ccrs-v2","800-baseline","react_ccrs_mazeV2","react_ccrs_mazeV2_20260626_201650.log","2933","react.ccrs.contingency.escalation.considered","","131",,,,,,,,,,,,,,,,,"","","","","","","","",,
"react-baseline-vs-ccrs-v2","800-baseline","react_ccrs_mazeV2","react_ccrs_mazeV2_20260626_201650.log","2934","react.ccrs.contingency.escalation.skipped","","131",,,,,,"no_escalation_condition_met",,,,,,,,,,,"","","","","","","","",,
"react-baseline-vs-ccrs-v2","800-baseline","react_ccrs_mazeV2","react_ccrs_mazeV2_20260626_201650.log","2945","react.ccrs.contingency.escalation.considered","","132",,,,,,,,,,,,,,,,,"","","","","","","","",,
"react-baseline-vs-ccrs-v2","800-baseline","react_ccrs_mazeV2","react_ccrs_mazeV2_20260626_201650.log","2946","react.ccrs.contingency.escalation.skipped","","132",,,,,,"no_escalation_condition_met",,,,,,,,,,,"","","","","","","","",,
"react-baseline-vs-ccrs-v2","800-baseline","react_ccrs_mazeV2","react_ccrs_mazeV2_20260626_201650.log","2981","react.ccrs.contingency.escalation.considered","","133",,,,,,,,,,,,,,,,,"","","","","","","","",,
"react-baseline-vs-ccrs-v2","800-baseline","react_ccrs_mazeV2","react_ccrs_mazeV2_20260626_201650.log","2982","react.ccrs.contingency.escalation.skipped","","133",,,,,,"no_escalation_condition_met",,,,,,,,,,,"","","","","","","","",,
"react-baseline-vs-ccrs-v2","800-baseline","react_ccrs_mazeV2","react_ccrs_mazeV2_20260626_201650.log","2993","react.ccrs.contingency.escalation.considered","","134",,,,,,,,,,,,,,,,,"","","","","","","","",,
"react-baseline-vs-ccrs-v2","800-baseline","react_ccrs_mazeV2","react_ccrs_mazeV2_20260626_201650.log","2994","react.ccrs.contingency.escalation.skipped","","134",,,,,,"no_escalation_condition_met",,,,,,,,,,,"","","","","","","","",,
"react-baseline-vs-ccrs-v2","800-baseline","react_ccrs_mazeV2","react_ccrs_mazeV2_20260626_201650.log","3029","react.ccrs.contingency.escalation.considered","","135",,,,,,,,,,,,,,,,,"","","","","","","","",,
"react-baseline-vs-ccrs-v2","800-baseline","react_ccrs_mazeV2","react_ccrs_mazeV2_20260626_201650.log","3030","react.ccrs.contingency.escalation.skipped","","135",,,,,,"no_escalation_condition_met",,,,,,,,,,,"","","","","","","","",,
"react-baseline-vs-ccrs-v2","800-baseline","react_ccrs_mazeV2","react_ccrs_mazeV2_20260626_201650.log","3041","react.ccrs.contingency.escalation.considered","","136",,,,,,,,,,,,,,,,,"","","","","","","","",,
"react-baseline-vs-ccrs-v2","800-baseline","react_ccrs_mazeV2","react_ccrs_mazeV2_20260626_201650.log","3042","react.ccrs.contingency.escalation.skipped","","136",,,,,,"no_escalation_condition_met",,,,,,,,,,,"","","","","","","","",,
"react-baseline-vs-ccrs-v2","800-baseline","react_ccrs_mazeV2","react_ccrs_mazeV2_20260626_201650.log","3079","react.ccrs.contingency.escalation.considered","","137",,,,,,,,,,,,,,,,,"","","","","","","","",,
"react-baseline-vs-ccrs-v2","800-baseline","react_ccrs_mazeV2","react_ccrs_mazeV2_20260626_201650.log","3080","react.ccrs.contingency.escalation.skipped","","137",,,,,,"no_escalation_condition_met",,,,,,,,,,,"","","","","","","","",,
"react-baseline-vs-ccrs-v2","800-baseline","react_ccrs_mazeV2","react_ccrs_mazeV2_20260626_201650.log","3091","react.ccrs.contingency.escalation.considered","","138",,,,,,,,,,,,,,,,,"","","","","","","","",,
"react-baseline-vs-ccrs-v2","800-baseline","react_ccrs_mazeV2","react_ccrs_mazeV2_20260626_201650.log","3092","react.ccrs.contingency.escalation.skipped","","138",,,,,,"no_escalation_condition_met",,,,,,,,,,,"","","","","","","","",,
"react-baseline-vs-ccrs-v2","800-baseline","react_ccrs_mazeV2","react_ccrs_mazeV2_20260626_201650.log","3129","react.ccrs.contingency.escalation.considered","","139",,,,,,,,,,,,,,,,,"","","","","","","","",,
"react-baseline-vs-ccrs-v2","800-baseline","react_ccrs_mazeV2","react_ccrs_mazeV2_20260626_201650.log","3130","react.ccrs.contingency.escalation.skipped","","139",,,,,,"no_escalation_condition_met",,,,,,,,,,,"","","","","","","","",,
"react-baseline-vs-ccrs-v2","800-baseline","react_ccrs_mazeV2","react_ccrs_mazeV2_20260626_201650.log","3141","react.ccrs.contingency.escalation.considered","","140",,,,,,,,,,,,,,,,,"","","","","","","","",,
"react-baseline-vs-ccrs-v2","800-baseline","react_ccrs_mazeV2","react_ccrs_mazeV2_20260626_201650.log","3142","react.ccrs.contingency.escalation.skipped","","140",,,,,,"no_escalation_condition_met",,,,,,,,,,,"","","","","","","","",,
"react-baseline-vs-ccrs-v2","800-baseline","react_ccrs_mazeV2","react_ccrs_mazeV2_20260626_201650.log","3179","react.ccrs.contingency.escalation.considered","","141",,,,,,,,,,,,,,,,,"","","","","","","","",,
"react-baseline-vs-ccrs-v2","800-baseline","react_ccrs_mazeV2","react_ccrs_mazeV2_20260626_201650.log","3180","react.ccrs.contingency.escalation.skipped","","141",,,,,,"no_escalation_condition_met",,,,,,,,,,,"","","","","","","","",,
"react-baseline-vs-ccrs-v2","800-baseline","react_ccrs_mazeV2","react_ccrs_mazeV2_20260626_201650.log","3191","react.ccrs.contingency.escalation.considered","","142",,,,,,,,,,,,,,,,,"","","","","","","","",,
"react-baseline-vs-ccrs-v2","800-baseline","react_ccrs_mazeV2","react_ccrs_mazeV2_20260626_201650.log","3192","react.ccrs.contingency.escalation.skipped","","142",,,,,,"no_escalation_condition_met",,,,,,,,,,,"","","","","","","","",,
"react-baseline-vs-ccrs-v2","800-baseline","react_ccrs_mazeV2","react_ccrs_mazeV2_20260626_201650.log","3229","react.ccrs.contingency.escalation.considered","","143",,,,,,,,,,,,,,,,,"","","","","","","","",,
"react-baseline-vs-ccrs-v2","800-baseline","react_ccrs_mazeV2","react_ccrs_mazeV2_20260626_201650.log","3230","react.ccrs.contingency.escalation.skipped","","143",,,,,,"no_escalation_condition_met",,,,,,,,,,,"","","","","","","","",,
"react-baseline-vs-ccrs-v2","800-baseline","react_ccrs_mazeV2","react_ccrs_mazeV2_20260626_201650.log","3241","react.ccrs.contingency.escalation.considered","","144",,,,,,,,,,,,,,,,,"","","","","","","","",,
"react-baseline-vs-ccrs-v2","800-baseline","react_ccrs_mazeV2","react_ccrs_mazeV2_20260626_201650.log","3242","react.ccrs.contingency.escalation.skipped","","144",,,,,,"no_escalation_condition_met",,,,,,,,,,,"","","","","","","","",,
"react-baseline-vs-ccrs-v2","800-baseline","react_ccrs_mazeV2","react_ccrs_mazeV2_20260626_201650.log","3279","react.ccrs.contingency.escalation.considered","","145",,,,,,,,,,,,,,,,,"","","","","","","","",,
"react-baseline-vs-ccrs-v2","800-baseline","react_ccrs_mazeV2","react_ccrs_mazeV2_20260626_201650.log","3280","react.ccrs.contingency.escalation.skipped","","145",,,,,,"no_escalation_condition_met",,,,,,,,,,,"","","","","","","","",,
"react-baseline-vs-ccrs-v2","800-baseline","react_ccrs_mazeV2","react_ccrs_mazeV2_20260626_201650.log","3291","react.ccrs.contingency.escalation.considered","","146",,,,,,,,,,,,,,,,,"","","","","","","","",,
"react-baseline-vs-ccrs-v2","800-baseline","react_ccrs_mazeV2","react_ccrs_mazeV2_20260626_201650.log","3292","react.ccrs.contingency.escalation.skipped","","146",,,,,,"no_escalation_condition_met",,,,,,,,,,,"","","","","","","","",,
"react-baseline-vs-ccrs-v2","800-baseline","react_ccrs_mazeV2","react_ccrs_mazeV2_20260626_201650.log","3331","react.ccrs.contingency.escalation.considered","","147",,,,,,,,,,,,,,,,,"","","","","","","","",,
"react-baseline-vs-ccrs-v2","800-baseline","react_ccrs_mazeV2","react_ccrs_mazeV2_20260626_201650.log","3332","react.ccrs.contingency.escalation.skipped","","147",,,,,,"no_escalation_condition_met",,,,,,,,,,,"","","","","","","","",,
"react-baseline-vs-ccrs-v2","800-baseline","react_ccrs_mazeV2","react_ccrs_mazeV2_20260626_201650.log","3343","react.ccrs.contingency.escalation.considered","","148",,,,,,,,,,,,,,,,,"","","","","","","","",,
"react-baseline-vs-ccrs-v2","800-baseline","react_ccrs_mazeV2","react_ccrs_mazeV2_20260626_201650.log","3344","react.ccrs.contingency.escalation.skipped","","148",,,,,,"no_escalation_condition_met",,,,,,,,,,,"","","","","","","","",,
"react-baseline-vs-ccrs-v2","800-baseline","react_ccrs_mazeV2","react_ccrs_mazeV2_20260626_201650.log","3381","react.ccrs.contingency.escalation.considered","","149",,,,,,,,,,,,,,,,,"","","","","","","","",,
"react-baseline-vs-ccrs-v2","800-baseline","react_ccrs_mazeV2","react_ccrs_mazeV2_20260626_201650.log","3382","react.ccrs.contingency.escalation.skipped","","149",,,,,,"no_escalation_condition_met",,,,,,,,,,,"","","","","","","","",,
"react-baseline-vs-ccrs-v2","800-baseline","react_ccrs_mazeV2","react_ccrs_mazeV2_20260626_201650.log","3393","react.ccrs.contingency.escalation.considered","","150",,,,,,,,,,,,,,,,,"","","","","","","","",,
"react-baseline-vs-ccrs-v2","800-baseline","react_ccrs_mazeV2","react_ccrs_mazeV2_20260626_201650.log","3394","react.ccrs.contingency.escalation.skipped","","150",,,,,,"no_escalation_condition_met",,,,,,,,,,,"","","","","","","","",,
"react-baseline-vs-ccrs-v2","800-baseline","react_ccrs_mazeV2","react_ccrs_mazeV2_20260626_201650.log","3431","react.ccrs.contingency.escalation.considered","","151",,,,,,,,,,,,,,,,,"","","","","","","","",,
"react-baseline-vs-ccrs-v2","800-baseline","react_ccrs_mazeV2","react_ccrs_mazeV2_20260626_201650.log","3432","react.ccrs.contingency.escalation.skipped","","151",,,,,,"no_escalation_condition_met",,,,,,,,,,,"","","","","","","","",,
"react-baseline-vs-ccrs-v2","800-baseline","react_ccrs_mazeV2","react_ccrs_mazeV2_20260626_201650.log","3443","react.ccrs.contingency.escalation.considered","","152",,,,,,,,,,,,,,,,,"","","","","","","","",,
"react-baseline-vs-ccrs-v2","800-baseline","react_ccrs_mazeV2","react_ccrs_mazeV2_20260626_201650.log","3444","react.ccrs.contingency.escalation.skipped","","152",,,,,,"no_escalation_condition_met",,,,,,,,,,,"","","","","","","","",,
"react-baseline-vs-ccrs-v2","800-baseline","react_ccrs_mazeV2","react_ccrs_mazeV2_20260626_201650.log","3481","react.ccrs.contingency.escalation.considered","","153",,,,,,,,,,,,,,,,,"","","","","","","","",,
"react-baseline-vs-ccrs-v2","800-baseline","react_ccrs_mazeV2","react_ccrs_mazeV2_20260626_201650.log","3482","react.ccrs.contingency.escalation.skipped","","153",,,,,,"no_escalation_condition_met",,,,,,,,,,,"","","","","","","","",,
"react-baseline-vs-ccrs-v2","800-baseline","react_ccrs_mazeV2","react_ccrs_mazeV2_20260626_201650.log","3493","react.ccrs.contingency.escalation.considered","","154",,,,,,,,,,,,,,,,,"","","","","","","","",,
"react-baseline-vs-ccrs-v2","800-baseline","react_ccrs_mazeV2","react_ccrs_mazeV2_20260626_201650.log","3494","react.ccrs.contingency.escalation.skipped","","154",,,,,,"no_escalation_condition_met",,,,,,,,,,,"","","","","","","","",,
"react-baseline-vs-ccrs-v2","800-baseline","react_ccrs_mazeV2","react_ccrs_mazeV2_20260626_201650.log","3531","react.ccrs.contingency.escalation.considered","","155",,,,,,,,,,,,,,,,,"","","","","","","","",,
"react-baseline-vs-ccrs-v2","800-baseline","react_ccrs_mazeV2","react_ccrs_mazeV2_20260626_201650.log","3532","react.ccrs.contingency.escalation.skipped","","155",,,,,,"no_escalation_condition_met",,,,,,,,,,,"","","","","","","","",,
"react-baseline-vs-ccrs-v2","800-baseline","react_ccrs_mazeV2","react_ccrs_mazeV2_20260626_201650.log","3543","react.ccrs.contingency.escalation.considered","","156",,,,,,,,,,,,,,,,,"","","","","","","","",,
"react-baseline-vs-ccrs-v2","800-baseline","react_ccrs_mazeV2","react_ccrs_mazeV2_20260626_201650.log","3544","react.ccrs.contingency.escalation.skipped","","156",,,,,,"no_escalation_condition_met",,,,,,,,,,,"","","","","","","","",,
"react-baseline-vs-ccrs-v2","800-baseline","react_ccrs_mazeV2","react_ccrs_mazeV2_20260626_201650.log","3581","react.ccrs.contingency.escalation.considered","","157",,,,,,,,,,,,,,,,,"","","","","","","","",,
"react-baseline-vs-ccrs-v2","800-baseline","react_ccrs_mazeV2","react_ccrs_mazeV2_20260626_201650.log","3582","react.ccrs.contingency.escalation.skipped","","157",,,,,,"no_escalation_condition_met",,,,,,,,,,,"","","","","","","","",,
"react-baseline-vs-ccrs-v2","800-baseline","react_ccrs_mazeV2","react_ccrs_mazeV2_20260626_201650.log","3593","react.ccrs.contingency.escalation.considered","","158",,,,,,,,,,,,,,,,,"","","","","","","","",,
"react-baseline-vs-ccrs-v2","800-baseline","react_ccrs_mazeV2","react_ccrs_mazeV2_20260626_201650.log","3594","react.ccrs.contingency.escalation.skipped","","158",,,,,,"no_escalation_condition_met",,,,,,,,,,,"","","","","","","","",,
"react-baseline-vs-ccrs-v2","800-baseline","react_ccrs_mazeV2","react_ccrs_mazeV2_20260626_201650.log","3633","react.ccrs.contingency.escalation.considered","","159",,,,,,,,,,,,,,,,,"","","","","","","","",,
"react-baseline-vs-ccrs-v2","800-baseline","react_ccrs_mazeV2","react_ccrs_mazeV2_20260626_201650.log","3634","react.ccrs.contingency.escalation.skipped","","159",,,,,,"no_escalation_condition_met",,,,,,,,,,,"","","","","","","","",,
"react-baseline-vs-ccrs-v2","800-baseline","react_ccrs_mazeV2","react_ccrs_mazeV2_20260626_201650.log","3645","react.ccrs.contingency.escalation.considered","","160",,,,,,,,,,,,,,,,,"","","","","","","","",,
"react-baseline-vs-ccrs-v2","800-baseline","react_ccrs_mazeV2","react_ccrs_mazeV2_20260626_201650.log","3646","react.ccrs.contingency.escalation.skipped","","160",,,,,,"no_escalation_condition_met",,,,,,,,,,,"","","","","","","","",,
"react-baseline-vs-ccrs-v2","800-baseline","react_ccrs_mazeV2","react_ccrs_mazeV2_20260626_201650.log","3683","react.ccrs.contingency.escalation.considered","","161",,,,,,,,,,,,,,,,,"","","","","","","","",,
"react-baseline-vs-ccrs-v2","800-baseline","react_ccrs_mazeV2","react_ccrs_mazeV2_20260626_201650.log","3684","react.ccrs.contingency.escalation.skipped","","161",,,,,,"no_escalation_condition_met",,,,,,,,,,,"","","","","","","","",,
"react-baseline-vs-ccrs-v2","800-baseline","react_ccrs_mazeV2","react_ccrs_mazeV2_20260626_201650.log","3695","react.ccrs.contingency.escalation.considered","","162",,,,,,,,,,,,,,,,,"","","","","","","","",,
"react-baseline-vs-ccrs-v2","800-baseline","react_ccrs_mazeV2","react_ccrs_mazeV2_20260626_201650.log","3696","react.ccrs.contingency.escalation.skipped","","162",,,,,,"no_escalation_condition_met",,,,,,,,,,,"","","","","","","","",,
"react-baseline-vs-ccrs-v2","800-baseline","react_ccrs_mazeV2","react_ccrs_mazeV2_20260626_201650.log","3733","react.ccrs.contingency.escalation.considered","","163",,,,,,,,,,,,,,,,,"","","","","","","","",,
"react-baseline-vs-ccrs-v2","800-baseline","react_ccrs_mazeV2","react_ccrs_mazeV2_20260626_201650.log","3734","react.ccrs.contingency.escalation.skipped","","163",,,,,,"no_escalation_condition_met",,,,,,,,,,,"","","","","","","","",,
"react-baseline-vs-ccrs-v2","800-baseline","react_ccrs_mazeV2","react_ccrs_mazeV2_20260626_201650.log","3745","react.ccrs.contingency.escalation.considered","","164",,,,,,,,,,,,,,,,,"","","","","","","","",,
"react-baseline-vs-ccrs-v2","800-baseline","react_ccrs_mazeV2","react_ccrs_mazeV2_20260626_201650.log","3746","react.ccrs.contingency.escalation.skipped","","164",,,,,,"no_escalation_condition_met",,,,,,,,,,,"","","","","","","","",,
"react-baseline-vs-ccrs-v2","800-baseline","react_ccrs_mazeV2","react_ccrs_mazeV2_20260626_201650.log","3783","react.ccrs.contingency.escalation.considered","","165",,,,,,,,,,,,,,,,,"","","","","","","","",,
"react-baseline-vs-ccrs-v2","800-baseline","react_ccrs_mazeV2","react_ccrs_mazeV2_20260626_201650.log","3784","react.ccrs.contingency.escalation.skipped","","165",,,,,,"no_escalation_condition_met",,,,,,,,,,,"","","","","","","","",,
"react-baseline-vs-ccrs-v2","800-baseline","react_ccrs_mazeV2","react_ccrs_mazeV2_20260626_201650.log","3795","react.ccrs.contingency.escalation.considered","","166",,,,,,,,,,,,,,,,,"","","","","","","","",,
"react-baseline-vs-ccrs-v2","800-baseline","react_ccrs_mazeV2","react_ccrs_mazeV2_20260626_201650.log","3796","react.ccrs.contingency.escalation.skipped","","166",,,,,,"no_escalation_condition_met",,,,,,,,,,,"","","","","","","","",,
"react-baseline-vs-ccrs-v2","800-baseline","react_ccrs_mazeV2","react_ccrs_mazeV2_20260626_201650.log","3832","react.ccrs.contingency.escalation.considered","","167",,,,,,,,,,,,,,,,,"","","","","","","","",,
"react-baseline-vs-ccrs-v2","800-baseline","react_ccrs_mazeV2","react_ccrs_mazeV2_20260626_201650.log","3833","react.ccrs.contingency.escalation.skipped","","167",,,,,,"no_escalation_condition_met",,,,,,,,,,,"","","","","","","","",,
"react-baseline-vs-ccrs-v2","800-baseline","react_ccrs_mazeV2","react_ccrs_mazeV2_20260626_201650.log","3844","react.ccrs.contingency.escalation.considered","","168",,,,,,,,,,,,,,,,,"","","","","","","","",,
"react-baseline-vs-ccrs-v2","800-baseline","react_ccrs_mazeV2","react_ccrs_mazeV2_20260626_201650.log","3845","react.ccrs.contingency.escalation.skipped","","168",,,,,,"no_escalation_condition_met",,,,,,,,,,,"","","","","","","","",,
"react-baseline-vs-ccrs-v2","800-baseline","react_ccrs_mazeV2","react_ccrs_mazeV2_20260626_201650.log","3882","react.ccrs.contingency.escalation.considered","","169",,,,,,,,,,,,,,,,,"","","","","","","","",,
"react-baseline-vs-ccrs-v2","800-baseline","react_ccrs_mazeV2","react_ccrs_mazeV2_20260626_201650.log","3883","react.ccrs.contingency.escalation.skipped","","169",,,,,,"no_escalation_condition_met",,,,,,,,,,,"","","","","","","","",,
"react-baseline-vs-ccrs-v2","800-baseline","react_ccrs_mazeV2","react_ccrs_mazeV2_20260626_201650.log","3894","react.ccrs.contingency.escalation.considered","","170",,,,,,,,,,,,,,,,,"","","","","","","","",,
"react-baseline-vs-ccrs-v2","800-baseline","react_ccrs_mazeV2","react_ccrs_mazeV2_20260626_201650.log","3895","react.ccrs.contingency.escalation.skipped","","170",,,,,,"no_escalation_condition_met",,,,,,,,,,,"","","","","","","","",,
"react-baseline-vs-ccrs-v2","800-baseline","react_ccrs_mazeV2","react_ccrs_mazeV2_20260626_201650.log","3932","react.ccrs.contingency.escalation.considered","","171",,,,,,,,,,,,,,,,,"","","","","","","","",,
"react-baseline-vs-ccrs-v2","800-baseline","react_ccrs_mazeV2","react_ccrs_mazeV2_20260626_201650.log","3933","react.ccrs.contingency.escalation.skipped","","171",,,,,,"no_escalation_condition_met",,,,,,,,,,,"","","","","","","","",,
"react-baseline-vs-ccrs-v2","800-baseline","react_ccrs_mazeV2","react_ccrs_mazeV2_20260626_201650.log","3944","react.ccrs.contingency.escalation.considered","","172",,,,,,,,,,,,,,,,,"","","","","","","","",,
"react-baseline-vs-ccrs-v2","800-baseline","react_ccrs_mazeV2","react_ccrs_mazeV2_20260626_201650.log","3945","react.ccrs.contingency.escalation.skipped","","172",,,,,,"no_escalation_condition_met",,,,,,,,,,,"","","","","","","","",,
"react-baseline-vs-ccrs-v2","800-baseline","react_ccrs_mazeV2","react_ccrs_mazeV2_20260626_201650.log","3982","react.ccrs.contingency.escalation.considered","","173",,,,,,,,,,,,,,,,,"","","","","","","","",,
"react-baseline-vs-ccrs-v2","800-baseline","react_ccrs_mazeV2","react_ccrs_mazeV2_20260626_201650.log","3983","react.ccrs.contingency.escalation.skipped","","173",,,,,,"no_escalation_condition_met",,,,,,,,,,,"","","","","","","","",,
"react-baseline-vs-ccrs-v2","800-baseline","react_ccrs_mazeV2","react_ccrs_mazeV2_20260626_201650.log","3994","react.ccrs.contingency.escalation.considered","","174",,,,,,,,,,,,,,,,,"","","","","","","","",,
"react-baseline-vs-ccrs-v2","800-baseline","react_ccrs_mazeV2","react_ccrs_mazeV2_20260626_201650.log","3995","react.ccrs.contingency.escalation.skipped","","174",,,,,,"no_escalation_condition_met",,,,,,,,,,,"","","","","","","","",,
"react-baseline-vs-ccrs-v2","800-baseline","react_ccrs_mazeV2","react_ccrs_mazeV2_20260626_201650.log","4032","react.ccrs.contingency.escalation.considered","","175",,,,,,,,,,,,,,,,,"","","","","","","","",,
"react-baseline-vs-ccrs-v2","800-baseline","react_ccrs_mazeV2","react_ccrs_mazeV2_20260626_201650.log","4033","react.ccrs.contingency.escalation.skipped","","175",,,,,,"no_escalation_condition_met",,,,,,,,,,,"","","","","","","","",,
"react-baseline-vs-ccrs-v2","800-baseline","react_ccrs_mazeV2","react_ccrs_mazeV2_20260626_201650.log","4044","react.ccrs.contingency.escalation.considered","","176",,,,,,,,,,,,,,,,,"","","","","","","","",,
"react-baseline-vs-ccrs-v2","800-baseline","react_ccrs_mazeV2","react_ccrs_mazeV2_20260626_201650.log","4045","react.ccrs.contingency.escalation.skipped","","176",,,,,,"no_escalation_condition_met",,,,,,,,,,,"","","","","","","","",,
"react-baseline-vs-ccrs-v2","800-baseline","react_ccrs_mazeV2","react_ccrs_mazeV2_20260626_201650.log","4079","react.ccrs.contingency.escalation.considered","","177",,,,,,,,,,,,,,,,,"","","","","","","","",,
"react-baseline-vs-ccrs-v2","800-baseline","react_ccrs_mazeV2","react_ccrs_mazeV2_20260626_201650.log","4080","react.ccrs.contingency.escalation.skipped","","177",,,,,,"no_escalation_condition_met",,,,,,,,,,,"","","","","","","","",,
"react-baseline-vs-ccrs-v2","800-baseline","react_ccrs_mazeV2","react_ccrs_mazeV2_20260626_201650.log","4091","react.ccrs.contingency.escalation.considered","","178",,,,,,,,,,,,,,,,,"","","","","","","","",,
"react-baseline-vs-ccrs-v2","800-baseline","react_ccrs_mazeV2","react_ccrs_mazeV2_20260626_201650.log","4092","react.ccrs.contingency.escalation.skipped","","178",,,,,,"no_escalation_condition_met",,,,,,,,,,,"","","","","","","","",,
"react-baseline-vs-ccrs-v2","800-baseline","react_ccrs_mazeV2","react_ccrs_mazeV2_20260626_201650.log","4129","react.ccrs.contingency.escalation.considered","","179",,,,,,,,,,,,,,,,,"","","","","","","","",,
"react-baseline-vs-ccrs-v2","800-baseline","react_ccrs_mazeV2","react_ccrs_mazeV2_20260626_201650.log","4130","react.ccrs.contingency.escalation.skipped","","179",,,,,,"no_escalation_condition_met",,,,,,,,,,,"","","","","","","","",,
"react-baseline-vs-ccrs-v2","800-baseline","react_ccrs_mazeV2","react_ccrs_mazeV2_20260626_201650.log","4141","react.ccrs.contingency.escalation.considered","","180",,,,,,,,,,,,,,,,,"","","","","","","","",,
"react-baseline-vs-ccrs-v2","800-baseline","react_ccrs_mazeV2","react_ccrs_mazeV2_20260626_201650.log","4142","react.ccrs.contingency.escalation.skipped","","180",,,,,,"no_escalation_condition_met",,,,,,,,,,,"","","","","","","","",,
"react-baseline-vs-ccrs-v2","800-baseline","react_ccrs_mazeV2","react_ccrs_mazeV2_20260626_201650.log","4176","react.ccrs.contingency.escalation.considered","","181",,,,,,,,,,,,,,,,,"","","","","","","","",,
"react-baseline-vs-ccrs-v2","800-baseline","react_ccrs_mazeV2","react_ccrs_mazeV2_20260626_201650.log","4177","react.ccrs.contingency.escalation.skipped","","181",,,,,,"no_escalation_condition_met",,,,,,,,,,,"","","","","","","","",,
"react-baseline-vs-ccrs-v2","800-baseline","react_ccrs_mazeV2","react_ccrs_mazeV2_20260626_201650.log","4188","react.ccrs.contingency.escalation.considered","","182",,,,,,,,,,,,,,,,,"","","","","","","","",,
"react-baseline-vs-ccrs-v2","800-baseline","react_ccrs_mazeV2","react_ccrs_mazeV2_20260626_201650.log","4189","react.ccrs.contingency.escalation.skipped","","182",,,,,,"no_escalation_condition_met",,,,,,,,,,,"","","","","","","","",,
"react-baseline-vs-ccrs-v2","800-baseline","react_ccrs_mazeV2","react_ccrs_mazeV2_20260626_201650.log","4226","react.ccrs.contingency.escalation.considered","","183",,,,,,,,,,,,,,,,,"","","","","","","","",,
"react-baseline-vs-ccrs-v2","800-baseline","react_ccrs_mazeV2","react_ccrs_mazeV2_20260626_201650.log","4227","react.ccrs.contingency.escalation.skipped","","183",,,,,,"no_escalation_condition_met",,,,,,,,,,,"","","","","","","","",,
"react-baseline-vs-ccrs-v2","800-baseline","react_ccrs_mazeV2","react_ccrs_mazeV2_20260626_201650.log","4238","react.ccrs.contingency.escalation.considered","","184",,,,,,,,,,,,,,,,,"","","","","","","","",,
"react-baseline-vs-ccrs-v2","800-baseline","react_ccrs_mazeV2","react_ccrs_mazeV2_20260626_201650.log","4239","react.ccrs.contingency.escalation.skipped","","184",,,,,,"no_escalation_condition_met",,,,,,,,,,,"","","","","","","","",,
"react-baseline-vs-ccrs-v2","800-baseline","react_ccrs_mazeV2","react_ccrs_mazeV2_20260626_201650.log","4273","react.ccrs.contingency.escalation.considered","","185",,,,,,,,,,,,,,,,,"","","","","","","","",,
"react-baseline-vs-ccrs-v2","800-baseline","react_ccrs_mazeV2","react_ccrs_mazeV2_20260626_201650.log","4274","react.ccrs.contingency.escalation.skipped","","185",,,,,,"no_escalation_condition_met",,,,,,,,,,,"","","","","","","","",,
"react-baseline-vs-ccrs-v2","800-baseline","react_ccrs_mazeV2","react_ccrs_mazeV2_20260626_201650.log","4285","react.ccrs.contingency.escalation.considered","","186",,,,,,,,,,,,,,,,,"","","","","","","","",,
"react-baseline-vs-ccrs-v2","800-baseline","react_ccrs_mazeV2","react_ccrs_mazeV2_20260626_201650.log","4286","react.ccrs.contingency.escalation.skipped","","186",,,,,,"no_escalation_condition_met",,,,,,,,,,,"","","","","","","","",,
"react-baseline-vs-ccrs-v2","800-baseline","react_ccrs_mazeV2","react_ccrs_mazeV2_20260626_201650.log","4323","react.ccrs.contingency.escalation.considered","","187",,,,,,,,,,,,,,,,,"","","","","","","","",,
"react-baseline-vs-ccrs-v2","800-baseline","react_ccrs_mazeV2","react_ccrs_mazeV2_20260626_201650.log","4324","react.ccrs.contingency.escalation.skipped","","187",,,,,,"no_escalation_condition_met",,,,,,,,,,,"","","","","","","","",,
"react-baseline-vs-ccrs-v2","800-baseline","react_ccrs_mazeV2","react_ccrs_mazeV2_20260626_201650.log","4335","react.ccrs.contingency.escalation.considered","","188",,,,,,,,,,,,,,,,,"","","","","","","","",,
"react-baseline-vs-ccrs-v2","800-baseline","react_ccrs_mazeV2","react_ccrs_mazeV2_20260626_201650.log","4336","react.ccrs.contingency.escalation.skipped","","188",,,,,,"no_escalation_condition_met",,,,,,,,,,,"","","","","","","","",,
"react-baseline-vs-ccrs-v2","800-baseline","react_ccrs_mazeV2","react_ccrs_mazeV2_20260626_201650.log","4375","react.ccrs.contingency.escalation.considered","","189",,,,,,,,,,,,,,,,,"","","","","","","","",,
"react-baseline-vs-ccrs-v2","800-baseline","react_ccrs_mazeV2","react_ccrs_mazeV2_20260626_201650.log","4376","react.ccrs.contingency.escalation.skipped","","189",,,,,,"no_escalation_condition_met",,,,,,,,,,,"","","","","","","","",,
"react-baseline-vs-ccrs-v2","800-baseline","react_ccrs_mazeV2","react_ccrs_mazeV2_20260626_201650.log","4387","react.ccrs.contingency.escalation.considered","","190",,,,,,,,,,,,,,,,,"","","","","","","","",,
"react-baseline-vs-ccrs-v2","800-baseline","react_ccrs_mazeV2","react_ccrs_mazeV2_20260626_201650.log","4388","react.ccrs.contingency.escalation.skipped","","190",,,,,,"no_escalation_condition_met",,,,,,,,,,,"","","","","","","","",,
"react-baseline-vs-ccrs-v2","800-baseline","react_ccrs_mazeV2","react_ccrs_mazeV2_20260626_201650.log","4425","react.ccrs.contingency.escalation.considered","","191",,,,,,,,,,,,,,,,,"","","","","","","","",,
"react-baseline-vs-ccrs-v2","800-baseline","react_ccrs_mazeV2","react_ccrs_mazeV2_20260626_201650.log","4426","react.ccrs.contingency.escalation.skipped","","191",,,,,,"no_escalation_condition_met",,,,,,,,,,,"","","","","","","","",,
"react-baseline-vs-ccrs-v2","800-baseline","react_ccrs_mazeV2","react_ccrs_mazeV2_20260626_201650.log","4437","react.ccrs.contingency.escalation.considered","","192",,,,,,,,,,,,,,,,,"","","","","","","","",,
"react-baseline-vs-ccrs-v2","800-baseline","react_ccrs_mazeV2","react_ccrs_mazeV2_20260626_201650.log","4438","react.ccrs.contingency.escalation.skipped","","192",,,,,,"no_escalation_condition_met",,,,,,,,,,,"","","","","","","","",,
"react-baseline-vs-ccrs-v2","800-baseline","react_ccrs_mazeV2","react_ccrs_mazeV2_20260626_201650.log","4475","react.ccrs.contingency.escalation.considered","","193",,,,,,,,,,,,,,,,,"","","","","","","","",,
"react-baseline-vs-ccrs-v2","800-baseline","react_ccrs_mazeV2","react_ccrs_mazeV2_20260626_201650.log","4476","react.ccrs.contingency.escalation.skipped","","193",,,,,,"no_escalation_condition_met",,,,,,,,,,,"","","","","","","","",,
"react-baseline-vs-ccrs-v2","800-baseline","react_ccrs_mazeV2","react_ccrs_mazeV2_20260626_201650.log","4487","react.ccrs.contingency.escalation.considered","","194",,,,,,,,,,,,,,,,,"","","","","","","","",,
"react-baseline-vs-ccrs-v2","800-baseline","react_ccrs_mazeV2","react_ccrs_mazeV2_20260626_201650.log","4488","react.ccrs.contingency.escalation.skipped","","194",,,,,,"no_escalation_condition_met",,,,,,,,,,,"","","","","","","","",,
"react-baseline-vs-ccrs-v2","800-baseline","react_ccrs_mazeV2","react_ccrs_mazeV2_20260626_201650.log","4525","react.ccrs.contingency.escalation.considered","","195",,,,,,,,,,,,,,,,,"","","","","","","","",,
"react-baseline-vs-ccrs-v2","800-baseline","react_ccrs_mazeV2","react_ccrs_mazeV2_20260626_201650.log","4526","react.ccrs.contingency.escalation.skipped","","195",,,,,,"no_escalation_condition_met",,,,,,,,,,,"","","","","","","","",,
"react-baseline-vs-ccrs-v2","800-baseline","react_ccrs_mazeV2","react_ccrs_mazeV2_20260626_201650.log","4537","react.ccrs.contingency.escalation.considered","","196",,,,,,,,,,,,,,,,,"","","","","","","","",,
"react-baseline-vs-ccrs-v2","800-baseline","react_ccrs_mazeV2","react_ccrs_mazeV2_20260626_201650.log","4538","react.ccrs.contingency.escalation.skipped","","196",,,,,,"no_escalation_condition_met",,,,,,,,,,,"","","","","","","","",,
"react-baseline-vs-ccrs-v2","800-baseline","react_ccrs_mazeV2","react_ccrs_mazeV2_20260626_201650.log","4575","react.ccrs.contingency.escalation.considered","","197",,,,,,,,,,,,,,,,,"","","","","","","","",,
"react-baseline-vs-ccrs-v2","800-baseline","react_ccrs_mazeV2","react_ccrs_mazeV2_20260626_201650.log","4576","react.ccrs.contingency.escalation.skipped","","197",,,,,,"no_escalation_condition_met",,,,,,,,,,,"","","","","","","","",,
"react-baseline-vs-ccrs-v2","800-baseline","react_ccrs_mazeV2","react_ccrs_mazeV2_20260626_201650.log","4587","react.ccrs.contingency.escalation.considered","","198",,,,,,,,,,,,,,,,,"","","","","","","","",,
"react-baseline-vs-ccrs-v2","800-baseline","react_ccrs_mazeV2","react_ccrs_mazeV2_20260626_201650.log","4588","react.ccrs.contingency.escalation.skipped","","198",,,,,,"no_escalation_condition_met",,,,,,,,,,,"","","","","","","","",,
"react-baseline-vs-ccrs-v2","800-baseline","react_ccrs_mazeV2","react_ccrs_mazeV2_20260626_201650.log","4625","react.ccrs.contingency.escalation.considered","","199",,,,,,,,,,,,,,,,,"","","","","","","","",,
"react-baseline-vs-ccrs-v2","800-baseline","react_ccrs_mazeV2","react_ccrs_mazeV2_20260626_201650.log","4626","react.ccrs.contingency.escalation.skipped","","199",,,,,,"no_escalation_condition_met",,,,,,,,,,,"","","","","","","","",,
"react-baseline-vs-ccrs-v2","800-baseline","react_ccrs_mazeV2","react_ccrs_mazeV2_20260626_201650.log","4637","react.ccrs.contingency.escalation.considered","","200",,,,,,,,,,,,,,,,,"","","","","","","","",,
"react-baseline-vs-ccrs-v2","800-baseline","react_ccrs_mazeV2","react_ccrs_mazeV2_20260626_201650.log","4638","react.ccrs.contingency.escalation.skipped","","200",,,,,,"no_escalation_condition_met",,,,,,,,,,,"","","","","","","","",,
"react-baseline-vs-ccrs-v2","800-baseline","react_ccrs_mazeV2","react_ccrs_mazeV2_20260626_201650.log","4675","react.ccrs.contingency.escalation.considered","","201",,,,,,,,,,,,,,,,,"","","","","","","","",,
"react-baseline-vs-ccrs-v2","800-baseline","react_ccrs_mazeV2","react_ccrs_mazeV2_20260626_201650.log","4676","react.ccrs.contingency.escalation.skipped","","201",,,,,,"no_escalation_condition_met",,,,,,,,,,,"","","","","","","","",,
"react-baseline-vs-ccrs-v2","800-baseline","react_ccrs_mazeV2","react_ccrs_mazeV2_20260626_201650.log","4713","react.ccrs.contingency.escalation.considered","","202",,,,,,,,,,,,,,,,,"","","","","","","","",,
"react-baseline-vs-ccrs-v2","800-baseline","react_ccrs_mazeV2","react_ccrs_mazeV2_20260626_201650.log","4714","react.ccrs.contingency.escalation.skipped","","202",,,,,,"no_escalation_condition_met",,,,,,,,,,,"","","","","","","","",,
"react-baseline-vs-ccrs-v2","800-baseline","react_ccrs_mazeV2","react_ccrs_mazeV2_20260626_201650.log","4725","react.ccrs.contingency.escalation.considered","","203",,,,,,,,,,,,,,,,,"","","","","","","","",,
"react-baseline-vs-ccrs-v2","800-baseline","react_ccrs_mazeV2","react_ccrs_mazeV2_20260626_201650.log","4726","react.ccrs.contingency.escalation.skipped","","203",,,,,,"no_escalation_condition_met",,,,,,,,,,,"","","","","","","","",,
"react-baseline-vs-ccrs-v2","800-baseline","react_ccrs_mazeV2","react_ccrs_mazeV2_20260626_201650.log","4763","react.ccrs.contingency.escalation.considered","","204",,,,,,,,,,,,,,,,,"","","","","","","","",,
"react-baseline-vs-ccrs-v2","800-baseline","react_ccrs_mazeV2","react_ccrs_mazeV2_20260626_201650.log","4764","react.ccrs.contingency.escalation.skipped","","204",,,,,,"no_escalation_condition_met",,,,,,,,,,,"","","","","","","","",,
"react-baseline-vs-ccrs-v2","800-baseline","react_ccrs_mazeV2","react_ccrs_mazeV2_20260626_201650.log","4801","react.ccrs.contingency.escalation.considered","","205",,,,,,,,,,,,,,,,,"","","","","","","","",,
"react-baseline-vs-ccrs-v2","800-baseline","react_ccrs_mazeV2","react_ccrs_mazeV2_20260626_201650.log","4802","react.ccrs.contingency.escalation.skipped","","205",,,,,,"no_escalation_condition_met",,,,,,,,,,,"","","","","","","","",,
"react-baseline-vs-ccrs-v2","800-baseline","react_ccrs_mazeV2","react_ccrs_mazeV2_20260626_201650.log","4813","react.ccrs.contingency.escalation.considered","","206",,,,,,,,,,,,,,,,,"","","","","","","","",,
"react-baseline-vs-ccrs-v2","800-baseline","react_ccrs_mazeV2","react_ccrs_mazeV2_20260626_201650.log","4814","react.ccrs.contingency.escalation.skipped","","206",,,,,,"no_escalation_condition_met",,,,,,,,,,,"","","","","","","","",,
"react-baseline-vs-ccrs-v2","800-baseline","react_ccrs_mazeV2","react_ccrs_mazeV2_20260626_201650.log","4853","react.ccrs.contingency.escalation.considered","","207",,,,,,,,,,,,,,,,,"","","","","","","","",,
"react-baseline-vs-ccrs-v2","800-baseline","react_ccrs_mazeV2","react_ccrs_mazeV2_20260626_201650.log","4854","react.ccrs.contingency.escalation.skipped","","207",,,,,,"no_escalation_condition_met",,,,,,,,,,,"","","","","","","","",,
"react-baseline-vs-ccrs-v2","800-baseline","react_ccrs_mazeV2","react_ccrs_mazeV2_20260626_201650.log","4865","react.ccrs.contingency.escalation.considered","","208",,,,,,,,,,,,,,,,,"","","","","","","","",,
"react-baseline-vs-ccrs-v2","800-baseline","react_ccrs_mazeV2","react_ccrs_mazeV2_20260626_201650.log","4866","react.ccrs.contingency.escalation.skipped","","208",,,,,,"no_escalation_condition_met",,,,,,,,,,,"","","","","","","","",,
"react-baseline-vs-ccrs-v2","800-baseline","react_ccrs_mazeV2","react_ccrs_mazeV2_20260626_201650.log","4903","react.ccrs.contingency.escalation.considered","","209",,,,,,,,,,,,,,,,,"","","","","","","","",,
"react-baseline-vs-ccrs-v2","800-baseline","react_ccrs_mazeV2","react_ccrs_mazeV2_20260626_201650.log","4904","react.ccrs.contingency.escalation.skipped","","209",,,,,,"no_escalation_condition_met",,,,,,,,,,,"","","","","","","","",,
"react-baseline-vs-ccrs-v2","800-baseline","react_ccrs_mazeV2","react_ccrs_mazeV2_20260626_201650.log","4915","react.ccrs.contingency.escalation.considered","","210",,,,,,,,,,,,,,,,,"","","","","","","","",,
"react-baseline-vs-ccrs-v2","800-baseline","react_ccrs_mazeV2","react_ccrs_mazeV2_20260626_201650.log","4916","react.ccrs.contingency.escalation.skipped","","210",,,,,,"no_escalation_condition_met",,,,,,,,,,,"","","","","","","","",,
"react-baseline-vs-ccrs-v2","800-baseline","react_ccrs_mazeV2","react_ccrs_mazeV2_20260626_201650.log","4953","react.ccrs.contingency.escalation.considered","","211",,,,,,,,,,,,,,,,,"","","","","","","","",,
"react-baseline-vs-ccrs-v2","800-baseline","react_ccrs_mazeV2","react_ccrs_mazeV2_20260626_201650.log","4954","react.ccrs.contingency.escalation.skipped","","211",,,,,,"no_escalation_condition_met",,,,,,,,,,,"","","","","","","","",,
"react-baseline-vs-ccrs-v2","800-baseline","react_ccrs_mazeV2","react_ccrs_mazeV2_20260626_201650.log","4965","react.ccrs.contingency.escalation.considered","","212",,,,,,,,,,,,,,,,,"","","","","","","","",,
"react-baseline-vs-ccrs-v2","800-baseline","react_ccrs_mazeV2","react_ccrs_mazeV2_20260626_201650.log","4966","react.ccrs.contingency.escalation.skipped","","212",,,,,,"no_escalation_condition_met",,,,,,,,,,,"","","","","","","","",,
"react-baseline-vs-ccrs-v2","800-baseline","react_ccrs_mazeV2","react_ccrs_mazeV2_20260626_201650.log","5003","react.ccrs.contingency.escalation.considered","","213",,,,,,,,,,,,,,,,,"","","","","","","","",,
"react-baseline-vs-ccrs-v2","800-baseline","react_ccrs_mazeV2","react_ccrs_mazeV2_20260626_201650.log","5004","react.ccrs.contingency.escalation.activated","","213",,,,,,"explicit_llm_escalation",,"UNCERTAINTY","llm_self_escalation","http://127.0.1.1:8080/cells/33/26",,,,,,,"","","","","","","","",,
"react-baseline-vs-ccrs-v2","800-baseline","react_ccrs_mazeV2","react_ccrs_mazeV2_20260626_201650.log","5009","react.ccrs.contingency.classpath.resolved","",,,,,,,,,,,,,,,,,,"","","","","","","","",,
"react-baseline-vs-ccrs-v2","800-baseline","react_ccrs_mazeV2","react_ccrs_mazeV2_20260626_201650.log","5015","react.ccrs.contingency.classpath.resolved","",,,,,,,,,,,,,,,,,,"","","","","","","","",,
"react-baseline-vs-ccrs-v2","800-baseline","react_ccrs_mazeV2","react_ccrs_mazeV2_20260626_201650.log","5018","react.ccrs.contingency.evaluate","2",,,,,,,,,"UNCERTAINTY","llm_self_escalation","http://127.0.1.1:8080/cells/33/26",,,,,,,"","","","","","","","",,
"react-baseline-vs-ccrs-v2","800-baseline","react_ccrs_mazeV2","react_ccrs_mazeV2_20260626_201650.log","5019","react.ccrs.contingency.returned","2",,,"prediction_llm","e7c1221c-7325-47d9-ae88-a45616bef956","post","False",,,,,,,,"4","1","0","0","","","","","","","","",,
"react-baseline-vs-ccrs-v2","800-baseline","react_ccrs_mazeV2","react_ccrs_mazeV2_20260626_201650.log","5062","react.ccrs.contingency.escalation.considered","","214",,,,,,,,,,,,,,,,,"","","","","","","","",,
"react-baseline-vs-ccrs-v2","800-baseline","react_ccrs_mazeV2","react_ccrs_mazeV2_20260626_201650.log","5063","react.ccrs.contingency.escalation.skipped","","214",,,,,,"no_escalation_condition_met",,,,,,,,,,,"","","","","","","","",,
"react-baseline-vs-ccrs-v2","800-baseline","react_ccrs_mazeV2","react_ccrs_mazeV2_20260626_201650.log","5074","react.ccrs.contingency.escalation.considered","","215",,,,,,,,,,,,,,,,,"","","","","","","","",,
"react-baseline-vs-ccrs-v2","800-baseline","react_ccrs_mazeV2","react_ccrs_mazeV2_20260626_201650.log","5075","react.ccrs.contingency.escalation.skipped","","215",,,,,,"no_escalation_condition_met",,,,,,,,,,,"","","","","","","","",,
"react-baseline-vs-ccrs-v2","800-baseline","react_ccrs_mazeV2","react_ccrs_mazeV2_20260626_201650.log","5112","react.ccrs.contingency.escalation.considered","","216",,,,,,,,,,,,,,,,,"","","","","","","","",,
"react-baseline-vs-ccrs-v2","800-baseline","react_ccrs_mazeV2","react_ccrs_mazeV2_20260626_201650.log","5113","react.ccrs.contingency.escalation.skipped","","216",,,,,,"no_escalation_condition_met",,,,,,,,,,,"","","","","","","","",,
"react-baseline-vs-ccrs-v2","800-baseline","react_ccrs_mazeV2","react_ccrs_mazeV2_20260626_201650.log","5150","react.ccrs.contingency.escalation.considered","","217",,,,,,,,,,,,,,,,,"","","","","","","","",,
"react-baseline-vs-ccrs-v2","800-baseline","react_ccrs_mazeV2","react_ccrs_mazeV2_20260626_201650.log","5151","react.ccrs.contingency.escalation.skipped","","217",,,,,,"no_escalation_condition_met",,,,,,,,,,,"","","","","","","","",,
"react-baseline-vs-ccrs-v2","800-baseline","react_ccrs_mazeV2","react_ccrs_mazeV2_20260626_201650.log","5167","react.ccrs.contingency.escalation.considered","","218",,,,,,,,,,,,,,,,,"","","","","","","","",,
"react-baseline-vs-ccrs-v2","800-baseline","react_ccrs_mazeV2","react_ccrs_mazeV2_20260626_201650.log","5168","react.ccrs.contingency.escalation.skipped","","218",,,,,,"no_escalation_condition_met",,,,,,,,,,,"","","","","","","","",,
"react-baseline-vs-ccrs-v2","800-baseline","react_ccrs_mazeV2","react_ccrs_mazeV2_20260626_201650.log","5184","react.ccrs.contingency.escalation.considered","","219",,,,,,,,,,,,,,,,,"","","","","","","","",,
"react-baseline-vs-ccrs-v2","800-baseline","react_ccrs_mazeV2","react_ccrs_mazeV2_20260626_201650.log","5185","react.ccrs.contingency.escalation.skipped","","219",,,,,,"no_escalation_condition_met",,,,,,,,,,,"","","","","","","","",,
"react-baseline-vs-ccrs-v2","800-baseline","react_ccrs_mazeV2","react_ccrs_mazeV2_20260626_201650.log","5222","react.ccrs.contingency.escalation.considered","","220",,,,,,,,,,,,,,,,,"","","","","","","","",,
"react-baseline-vs-ccrs-v2","800-baseline","react_ccrs_mazeV2","react_ccrs_mazeV2_20260626_201650.log","5223","react.ccrs.contingency.escalation.skipped","","220",,,,,,"no_escalation_condition_met",,,,,,,,,,,"","","","","","","","",,
"react-baseline-vs-ccrs-v2","800-baseline","react_ccrs_mazeV2","react_ccrs_mazeV2_20260626_201650.log","5239","react.ccrs.contingency.escalation.considered","","221",,,,,,,,,,,,,,,,,"","","","","","","","",,
"react-baseline-vs-ccrs-v2","800-baseline","react_ccrs_mazeV2","react_ccrs_mazeV2_20260626_201650.log","5240","react.ccrs.contingency.escalation.skipped","","221",,,,,,"no_escalation_condition_met",,,,,,,,,,,"","","","","","","","",,
"react-baseline-vs-ccrs-v2","800-baseline","react_ccrs_mazeV2","react_ccrs_mazeV2_20260626_201650.log","5251","react.ccrs.contingency.escalation.considered","","222",,,,,,,,,,,,,,,,,"","","","","","","","",,
"react-baseline-vs-ccrs-v2","800-baseline","react_ccrs_mazeV2","react_ccrs_mazeV2_20260626_201650.log","5252","react.ccrs.contingency.escalation.skipped","","222",,,,,,"no_escalation_condition_met",,,,,,,,,,,"","","","","","","","",,
"react-baseline-vs-ccrs-v2","800-baseline","react_ccrs_mazeV2","react_ccrs_mazeV2_20260626_201650.log","5289","react.ccrs.contingency.escalation.considered","","223",,,,,,,,,,,,,,,,,"","","","","","","","",,
"react-baseline-vs-ccrs-v2","800-baseline","react_ccrs_mazeV2","react_ccrs_mazeV2_20260626_201650.log","5290","react.ccrs.contingency.escalation.skipped","","223",,,,,,"no_escalation_condition_met",,,,,,,,,,,"","","","","","","","",,
"react-baseline-vs-ccrs-v2","800-baseline","react_ccrs_mazeV2","react_ccrs_mazeV2_20260626_201650.log","5301","react.ccrs.contingency.escalation.considered","","224",,,,,,,,,,,,,,,,,"","","","","","","","",,
"react-baseline-vs-ccrs-v2","800-baseline","react_ccrs_mazeV2","react_ccrs_mazeV2_20260626_201650.log","5302","react.ccrs.contingency.escalation.skipped","","224",,,,,,"no_escalation_condition_met",,,,,,,,,,,"","","","","","","","",,
"react-baseline-vs-ccrs-v2","800-baseline","react_ccrs_mazeV2","react_ccrs_mazeV2_20260626_201650.log","5339","react.ccrs.contingency.escalation.considered","","225",,,,,,,,,,,,,,,,,"","","","","","","","",,
"react-baseline-vs-ccrs-v2","800-baseline","react_ccrs_mazeV2","react_ccrs_mazeV2_20260626_201650.log","5340","react.ccrs.contingency.escalation.skipped","","225",,,,,,"no_escalation_condition_met",,,,,,,,,,,"","","","","","","","",,
"react-baseline-vs-ccrs-v2","800-baseline","react_ccrs_mazeV2","react_ccrs_mazeV2_20260626_201650.log","5377","react.ccrs.contingency.escalation.considered","","226",,,,,,,,,,,,,,,,,"","","","","","","","",,
"react-baseline-vs-ccrs-v2","800-baseline","react_ccrs_mazeV2","react_ccrs_mazeV2_20260626_201650.log","5378","react.ccrs.contingency.escalation.skipped","","226",,,,,,"no_escalation_condition_met",,,,,,,,,,,"","","","","","","","",,
"react-baseline-vs-ccrs-v2","800-baseline","react_ccrs_mazeV2","react_ccrs_mazeV2_20260626_201650.log","5394","react.ccrs.contingency.escalation.considered","","227",,,,,,,,,,,,,,,,,"","","","","","","","",,
"react-baseline-vs-ccrs-v2","800-baseline","react_ccrs_mazeV2","react_ccrs_mazeV2_20260626_201650.log","5395","react.ccrs.contingency.escalation.skipped","","227",,,,,,"no_escalation_condition_met",,,,,,,,,,,"","","","","","","","",,
"react-baseline-vs-ccrs-v2","800-baseline","react_ccrs_mazeV2","react_ccrs_mazeV2_20260626_201650.log","5411","react.ccrs.contingency.escalation.considered","","228",,,,,,,,,,,,,,,,,"","","","","","","","",,
"react-baseline-vs-ccrs-v2","800-baseline","react_ccrs_mazeV2","react_ccrs_mazeV2_20260626_201650.log","5412","react.ccrs.contingency.escalation.skipped","","228",,,,,,"no_escalation_condition_met",,,,,,,,,,,"","","","","","","","",,
"react-baseline-vs-ccrs-v2","800-baseline","react_ccrs_mazeV2","react_ccrs_mazeV2_20260626_201650.log","5428","react.ccrs.contingency.escalation.considered","","229",,,,,,,,,,,,,,,,,"","","","","","","","",,
"react-baseline-vs-ccrs-v2","800-baseline","react_ccrs_mazeV2","react_ccrs_mazeV2_20260626_201650.log","5429","react.ccrs.contingency.escalation.skipped","","229",,,,,,"no_escalation_condition_met",,,,,,,,,,,"","","","","","","","",,
"react-baseline-vs-ccrs-v2","800-baseline","react_ccrs_mazeV2","react_ccrs_mazeV2_20260626_201650.log","5466","react.ccrs.contingency.escalation.considered","","230",,,,,,,,,,,,,,,,,"","","","","","","","",,
"react-baseline-vs-ccrs-v2","800-baseline","react_ccrs_mazeV2","react_ccrs_mazeV2_20260626_201650.log","5467","react.ccrs.contingency.escalation.skipped","","230",,,,,,"no_escalation_condition_met",,,,,,,,,,,"","","","","","","","",,
"react-baseline-vs-ccrs-v2","800-baseline","react_ccrs_mazeV2","react_ccrs_mazeV2_20260626_201650.log","5504","react.ccrs.contingency.escalation.considered","","231",,,,,,,,,,,,,,,,,"","","","","","","","",,
"react-baseline-vs-ccrs-v2","800-baseline","react_ccrs_mazeV2","react_ccrs_mazeV2_20260626_201650.log","5505","react.ccrs.contingency.escalation.skipped","","231",,,,,,"no_escalation_condition_met",,,,,,,,,,,"","","","","","","","",,
"react-baseline-vs-ccrs-v2","800-baseline","react_ccrs_mazeV2","react_ccrs_mazeV2_20260626_201650.log","5521","react.ccrs.contingency.escalation.considered","","232",,,,,,,,,,,,,,,,,"","","","","","","","",,
"react-baseline-vs-ccrs-v2","800-baseline","react_ccrs_mazeV2","react_ccrs_mazeV2_20260626_201650.log","5522","react.ccrs.contingency.escalation.skipped","","232",,,,,,"no_escalation_condition_met",,,,,,,,,,,"","","","","","","","",,
"react-baseline-vs-ccrs-v2","800-baseline","react_ccrs_mazeV2","react_ccrs_mazeV2_20260626_201650.log","5538","react.ccrs.contingency.escalation.considered","","233",,,,,,,,,,,,,,,,,"","","","","","","","",,
"react-baseline-vs-ccrs-v2","800-baseline","react_ccrs_mazeV2","react_ccrs_mazeV2_20260626_201650.log","5539","react.ccrs.contingency.escalation.skipped","","233",,,,,,"no_escalation_condition_met",,,,,,,,,,,"","","","","","","","",,
"react-baseline-vs-ccrs-v2","800-baseline","react_ccrs_mazeV2","react_ccrs_mazeV2_20260626_201650.log","5555","react.ccrs.contingency.escalation.considered","","234",,,,,,,,,,,,,,,,,"","","","","","","","",,
"react-baseline-vs-ccrs-v2","800-baseline","react_ccrs_mazeV2","react_ccrs_mazeV2_20260626_201650.log","5556","react.ccrs.contingency.escalation.skipped","","234",,,,,,"no_escalation_condition_met",,,,,,,,,,,"","","","","","","","",,
"react-baseline-vs-ccrs-v2","800-baseline","react_ccrs_mazeV2","react_ccrs_mazeV2_20260626_201650.log","5593","react.ccrs.contingency.escalation.considered","","235",,,,,,,,,,,,,,,,,"","","","","","","","",,
"react-baseline-vs-ccrs-v2","800-baseline","react_ccrs_mazeV2","react_ccrs_mazeV2_20260626_201650.log","5594","react.ccrs.contingency.escalation.skipped","","235",,,,,,"no_escalation_condition_met",,,,,,,,,,,"","","","","","","","",,
"react-baseline-vs-ccrs-v2","800-baseline","react_ccrs_mazeV2","react_ccrs_mazeV2_20260626_201650.log","5631","react.ccrs.contingency.escalation.considered","","236",,,,,,,,,,,,,,,,,"","","","","","","","",,
"react-baseline-vs-ccrs-v2","800-baseline","react_ccrs_mazeV2","react_ccrs_mazeV2_20260626_201650.log","5632","react.ccrs.contingency.escalation.skipped","","236",,,,,,"no_escalation_condition_met",,,,,,,,,,,"","","","","","","","",,
"react-baseline-vs-ccrs-v2","800-baseline","react_ccrs_mazeV2","react_ccrs_mazeV2_20260626_201650.log","5648","react.ccrs.contingency.escalation.considered","","237",,,,,,,,,,,,,,,,,"","","","","","","","",,
"react-baseline-vs-ccrs-v2","800-baseline","react_ccrs_mazeV2","react_ccrs_mazeV2_20260626_201650.log","5649","react.ccrs.contingency.escalation.skipped","","237",,,,,,"no_escalation_condition_met",,,,,,,,,,,"","","","","","","","",,
"react-baseline-vs-ccrs-v2","800-baseline","react_ccrs_mazeV2","react_ccrs_mazeV2_20260626_201650.log","5686","react.ccrs.contingency.escalation.considered","","238",,,,,,,,,,,,,,,,,"","","","","","","","",,
"react-baseline-vs-ccrs-v2","800-baseline","react_ccrs_mazeV2","react_ccrs_mazeV2_20260626_201650.log","5687","react.ccrs.contingency.escalation.skipped","","238",,,,,,"no_escalation_condition_met",,,,,,,,,,,"","","","","","","","",,
"react-baseline-vs-ccrs-v2","800-baseline","react_ccrs_mazeV2","react_ccrs_mazeV2_20260626_201650.log","5724","react.ccrs.contingency.escalation.considered","","239",,,,,,,,,,,,,,,,,"","","","","","","","",,
"react-baseline-vs-ccrs-v2","800-baseline","react_ccrs_mazeV2","react_ccrs_mazeV2_20260626_201650.log","5725","react.ccrs.contingency.escalation.skipped","","239",,,,,,"no_escalation_condition_met",,,,,,,,,,,"","","","","","","","",,
"react-baseline-vs-ccrs-v2","800-baseline","react_ccrs_mazeV2","react_ccrs_mazeV2_20260626_201650.log","5762","react.ccrs.contingency.escalation.considered","","240",,,,,,,,,,,,,,,,,"","","","","","","","",,
"react-baseline-vs-ccrs-v2","800-baseline","react_ccrs_mazeV2","react_ccrs_mazeV2_20260626_201650.log","5763","react.ccrs.contingency.escalation.skipped","","240",,,,,,"no_escalation_condition_met",,,,,,,,,,,"","","","","","","","",,
"react-baseline-vs-ccrs-v2","800-baseline","react_ccrs_mazeV2","react_ccrs_mazeV2_20260626_201650.log","5779","react.ccrs.contingency.escalation.considered","","241",,,,,,,,,,,,,,,,,"","","","","","","","",,
"react-baseline-vs-ccrs-v2","800-baseline","react_ccrs_mazeV2","react_ccrs_mazeV2_20260626_201650.log","5780","react.ccrs.contingency.escalation.skipped","","241",,,,,,"no_escalation_condition_met",,,,,,,,,,,"","","","","","","","",,
"react-baseline-vs-ccrs-v2","800-baseline","react_ccrs_mazeV2","react_ccrs_mazeV2_20260626_201650.log","5817","react.ccrs.contingency.escalation.considered","","242",,,,,,,,,,,,,,,,,"","","","","","","","",,
"react-baseline-vs-ccrs-v2","800-baseline","react_ccrs_mazeV2","react_ccrs_mazeV2_20260626_201650.log","5818","react.ccrs.contingency.escalation.skipped","","242",,,,,,"no_escalation_condition_met",,,,,,,,,,,"","","","","","","","",,
"react-baseline-vs-ccrs-v2","800-baseline","react_ccrs_mazeV2","react_ccrs_mazeV2_20260626_201650.log","5855","react.ccrs.contingency.escalation.considered","","243",,,,,,,,,,,,,,,,,"","","","","","","","",,
"react-baseline-vs-ccrs-v2","800-baseline","react_ccrs_mazeV2","react_ccrs_mazeV2_20260626_201650.log","5856","react.ccrs.contingency.escalation.skipped","","243",,,,,,"no_escalation_condition_met",,,,,,,,,,,"","","","","","","","",,
"react-baseline-vs-ccrs-v2","800-baseline","react_ccrs_mazeV2","react_ccrs_mazeV2_20260626_201650.log","5893","react.ccrs.contingency.escalation.considered","","244",,,,,,,,,,,,,,,,,"","","","","","","","",,
"react-baseline-vs-ccrs-v2","800-baseline","react_ccrs_mazeV2","react_ccrs_mazeV2_20260626_201650.log","5894","react.ccrs.contingency.escalation.skipped","","244",,,,,,"no_escalation_condition_met",,,,,,,,,,,"","","","","","","","",,
"react-baseline-vs-ccrs-v2","800-baseline","react_ccrs_mazeV2","react_ccrs_mazeV2_20260626_201650.log","5905","react.ccrs.contingency.escalation.considered","","245",,,,,,,,,,,,,,,,,"","","","","","","","",,
"react-baseline-vs-ccrs-v2","800-baseline","react_ccrs_mazeV2","react_ccrs_mazeV2_20260626_201650.log","5906","react.ccrs.contingency.escalation.skipped","","245",,,,,,"no_escalation_condition_met",,,,,,,,,,,"","","","","","","","",,
"react-baseline-vs-ccrs-v2","800-baseline","react_ccrs_mazeV2","react_ccrs_mazeV2_20260626_201650.log","5943","react.ccrs.contingency.escalation.considered","","246",,,,,,,,,,,,,,,,,"","","","","","","","",,
"react-baseline-vs-ccrs-v2","800-baseline","react_ccrs_mazeV2","react_ccrs_mazeV2_20260626_201650.log","5944","react.ccrs.contingency.escalation.skipped","","246",,,,,,"no_escalation_condition_met",,,,,,,,,,,"","","","","","","","",,
"react-baseline-vs-ccrs-v2","800-baseline","react_ccrs_mazeV2","react_ccrs_mazeV2_20260626_201650.log","5960","react.ccrs.contingency.escalation.considered","","247",,,,,,,,,,,,,,,,,"","","","","","","","",,
"react-baseline-vs-ccrs-v2","800-baseline","react_ccrs_mazeV2","react_ccrs_mazeV2_20260626_201650.log","5961","react.ccrs.contingency.escalation.skipped","","247",,,,,,"no_escalation_condition_met",,,,,,,,,,,"","","","","","","","",,
"react-baseline-vs-ccrs-v2","800-baseline","react_ccrs_mazeV2","react_ccrs_mazeV2_20260626_201650.log","5998","react.ccrs.contingency.escalation.considered","","248",,,,,,,,,,,,,,,,,"","","","","","","","",,
"react-baseline-vs-ccrs-v2","800-baseline","react_ccrs_mazeV2","react_ccrs_mazeV2_20260626_201650.log","5999","react.ccrs.contingency.escalation.skipped","","248",,,,,,"no_escalation_condition_met",,,,,,,,,,,"","","","","","","","",,
"react-baseline-vs-ccrs-v2","800-baseline","react_ccrs_mazeV2","react_ccrs_mazeV2_20260626_201650.log","6010","react.ccrs.contingency.escalation.considered","","249",,,,,,,,,,,,,,,,,"","","","","","","","",,
"react-baseline-vs-ccrs-v2","800-baseline","react_ccrs_mazeV2","react_ccrs_mazeV2_20260626_201650.log","6011","react.ccrs.contingency.escalation.skipped","","249",,,,,,"no_escalation_condition_met",,,,,,,,,,,"","","","","","","","",,
"react-baseline-vs-ccrs-v2","800-baseline","react_ccrs_mazeV2","react_ccrs_mazeV2_20260626_201650.log","6048","react.ccrs.contingency.escalation.considered","","250",,,,,,,,,,,,,,,,,"","","","","","","","",,
"react-baseline-vs-ccrs-v2","800-baseline","react_ccrs_mazeV2","react_ccrs_mazeV2_20260626_201650.log","6049","react.ccrs.contingency.escalation.skipped","","250",,,,,,"no_escalation_condition_met",,,,,,,,,,,"","","","","","","","",,
"react-baseline-vs-ccrs-v2","800-baseline","react_ccrs_mazeV2","react_ccrs_mazeV2_20260626_201650.log","6060","react.ccrs.contingency.escalation.considered","","251",,,,,,,,,,,,,,,,,"","","","","","","","",,
"react-baseline-vs-ccrs-v2","800-baseline","react_ccrs_mazeV2","react_ccrs_mazeV2_20260626_201650.log","6061","react.ccrs.contingency.escalation.skipped","","251",,,,,,"no_escalation_condition_met",,,,,,,,,,,"","","","","","","","",,
"react-baseline-vs-ccrs-v2","800-baseline","react_ccrs_mazeV2","react_ccrs_mazeV2_20260626_201650.log","6098","react.ccrs.contingency.escalation.considered","","252",,,,,,,,,,,,,,,,,"","","","","","","","",,
"react-baseline-vs-ccrs-v2","800-baseline","react_ccrs_mazeV2","react_ccrs_mazeV2_20260626_201650.log","6099","react.ccrs.contingency.escalation.skipped","","252",,,,,,"no_escalation_condition_met",,,,,,,,,,,"","","","","","","","",,
"react-baseline-vs-ccrs-v2","800-baseline","react_ccrs_mazeV2","react_ccrs_mazeV2_20260626_201650.log","6110","react.ccrs.contingency.escalation.considered","","253",,,,,,,,,,,,,,,,,"","","","","","","","",,
"react-baseline-vs-ccrs-v2","800-baseline","react_ccrs_mazeV2","react_ccrs_mazeV2_20260626_201650.log","6111","react.ccrs.contingency.escalation.skipped","","253",,,,,,"no_escalation_condition_met",,,,,,,,,,,"","","","","","","","",,
"react-baseline-vs-ccrs-v2","800-baseline","react_ccrs_mazeV2","react_ccrs_mazeV2_20260626_201650.log","6148","react.ccrs.contingency.escalation.considered","","254",,,,,,,,,,,,,,,,,"","","","","","","","",,
"react-baseline-vs-ccrs-v2","800-baseline","react_ccrs_mazeV2","react_ccrs_mazeV2_20260626_201650.log","6149","react.ccrs.contingency.escalation.skipped","","254",,,,,,"no_escalation_condition_met",,,,,,,,,,,"","","","","","","","",,
"react-baseline-vs-ccrs-v2","800-baseline","react_ccrs_mazeV2","react_ccrs_mazeV2_20260626_201650.log","6186","react.ccrs.contingency.escalation.considered","","255",,,,,,,,,,,,,,,,,"","","","","","","","",,
"react-baseline-vs-ccrs-v2","800-baseline","react_ccrs_mazeV2","react_ccrs_mazeV2_20260626_201650.log","6187","react.ccrs.contingency.escalation.skipped","","255",,,,,,"no_escalation_condition_met",,,,,,,,,,,"","","","","","","","",,
"react-baseline-vs-ccrs-v2","800-baseline","react_ccrs_mazeV2","react_ccrs_mazeV2_20260626_201650.log","6198","react.ccrs.contingency.escalation.considered","","256",,,,,,,,,,,,,,,,,"","","","","","","","",,
"react-baseline-vs-ccrs-v2","800-baseline","react_ccrs_mazeV2","react_ccrs_mazeV2_20260626_201650.log","6199","react.ccrs.contingency.escalation.skipped","","256",,,,,,"no_escalation_condition_met",,,,,,,,,,,"","","","","","","","",,
"react-baseline-vs-ccrs-v2","800-baseline","react_ccrs_mazeV2","react_ccrs_mazeV2_20260626_201650.log","6236","react.ccrs.contingency.escalation.considered","","257",,,,,,,,,,,,,,,,,"","","","","","","","",,
"react-baseline-vs-ccrs-v2","800-baseline","react_ccrs_mazeV2","react_ccrs_mazeV2_20260626_201650.log","6237","react.ccrs.contingency.escalation.skipped","","257",,,,,,"no_escalation_condition_met",,,,,,,,,,,"","","","","","","","",,
"react-baseline-vs-ccrs-v2","800-baseline","react_ccrs_mazeV2","react_ccrs_mazeV2_20260626_201650.log","6274","react.ccrs.contingency.escalation.considered","","258",,,,,,,,,,,,,,,,,"","","","","","","","",,
"react-baseline-vs-ccrs-v2","800-baseline","react_ccrs_mazeV2","react_ccrs_mazeV2_20260626_201650.log","6275","react.ccrs.contingency.escalation.skipped","","258",,,,,,"no_escalation_condition_met",,,,,,,,,,,"","","","","","","","",,
"react-baseline-vs-ccrs-v2","800-baseline","react_ccrs_mazeV2","react_ccrs_mazeV2_20260626_201650.log","6291","react.ccrs.contingency.escalation.considered","","259",,,,,,,,,,,,,,,,,"","","","","","","","",,
"react-baseline-vs-ccrs-v2","800-baseline","react_ccrs_mazeV2","react_ccrs_mazeV2_20260626_201650.log","6292","react.ccrs.contingency.escalation.skipped","","259",,,,,,"no_escalation_condition_met",,,,,,,,,,,"","","","","","","","",,
"react-baseline-vs-ccrs-v2","800-baseline","react_ccrs_mazeV2","react_ccrs_mazeV2_20260626_201650.log","6303","react.ccrs.contingency.escalation.considered","","260",,,,,,,,,,,,,,,,,"","","","","","","","",,
"react-baseline-vs-ccrs-v2","800-baseline","react_ccrs_mazeV2","react_ccrs_mazeV2_20260626_201650.log","6304","react.ccrs.contingency.escalation.skipped","","260",,,,,,"no_escalation_condition_met",,,,,,,,,,,"","","","","","","","",,
"react-baseline-vs-ccrs-v2","800-baseline","react_ccrs_mazeV2","react_ccrs_mazeV2_20260626_201650.log","6343","react.ccrs.contingency.escalation.considered","","261",,,,,,,,,,,,,,,,,"","","","","","","","",,
"react-baseline-vs-ccrs-v2","800-baseline","react_ccrs_mazeV2","react_ccrs_mazeV2_20260626_201650.log","6344","react.ccrs.contingency.escalation.skipped","","261",,,,,,"no_escalation_condition_met",,,,,,,,,,,"","","","","","","","",,
"react-baseline-vs-ccrs-v2","800-baseline","react_ccrs_mazeV2","react_ccrs_mazeV2_20260626_201650.log","6355","react.ccrs.contingency.escalation.considered","","262",,,,,,,,,,,,,,,,,"","","","","","","","",,
"react-baseline-vs-ccrs-v2","800-baseline","react_ccrs_mazeV2","react_ccrs_mazeV2_20260626_201650.log","6356","react.ccrs.contingency.escalation.skipped","","262",,,,,,"no_escalation_condition_met",,,,,,,,,,,"","","","","","","","",,
"react-baseline-vs-ccrs-v2","800-baseline","react_ccrs_mazeV2","react_ccrs_mazeV2_20260626_201650.log","6388","react.ccrs.contingency.escalation.considered","","263",,,,,,,,,,,,,,,,,"","","","","","","","",,
"react-baseline-vs-ccrs-v2","800-baseline","react_ccrs_mazeV2","react_ccrs_mazeV2_20260626_201650.log","6389","react.ccrs.contingency.escalation.skipped","","263",,,,,,"no_escalation_condition_met",,,,,,,,,,,"","","","","","","","",,
"react-baseline-vs-ccrs-v2","800-baseline","react_ccrs_mazeV2","react_ccrs_mazeV2_20260626_201650.log","6421","react.ccrs.contingency.escalation.considered","","264",,,,,,,,,,,,,,,,,"","","","","","","","",,
"react-baseline-vs-ccrs-v2","800-baseline","react_ccrs_mazeV2","react_ccrs_mazeV2_20260626_201650.log","6422","react.ccrs.contingency.escalation.skipped","","264",,,,,,"no_escalation_condition_met",,,,,,,,,,,"","","","","","","","",,
"react-baseline-vs-ccrs-v2","800-baseline","react_ccrs_mazeV2","react_ccrs_mazeV2_20260626_201650.log","6433","react.ccrs.contingency.escalation.considered","","265",,,,,,,,,,,,,,,,,"","","","","","","","",,
"react-baseline-vs-ccrs-v2","800-baseline","react_ccrs_mazeV2","react_ccrs_mazeV2_20260626_201650.log","6434","react.ccrs.contingency.escalation.skipped","","265",,,,,,"no_escalation_condition_met",,,,,,,,,,,"","","","","","","","",,
"react-baseline-vs-ccrs-v2","800-baseline","react_ccrs_mazeV2","react_ccrs_mazeV2_20260626_201650.log","6466","react.ccrs.contingency.escalation.considered","","266",,,,,,,,,,,,,,,,,"","","","","","","","",,
"react-baseline-vs-ccrs-v2","800-baseline","react_ccrs_mazeV2","react_ccrs_mazeV2_20260626_201650.log","6467","react.ccrs.contingency.escalation.skipped","","266",,,,,,"no_escalation_condition_met",,,,,,,,,,,"","","","","","","","",,
"react-baseline-vs-ccrs-v2","800-baseline","react_ccrs_mazeV2","react_ccrs_mazeV2_20260626_201650.log","6499","react.ccrs.contingency.escalation.considered","","267",,,,,,,,,,,,,,,,,"","","","","","","","",,
"react-baseline-vs-ccrs-v2","800-baseline","react_ccrs_mazeV2","react_ccrs_mazeV2_20260626_201650.log","6500","react.ccrs.contingency.escalation.skipped","","267",,,,,,"no_escalation_condition_met",,,,,,,,,,,"","","","","","","","",,
"react-baseline-vs-ccrs-v2","800-baseline","react_ccrs_mazeV2","react_ccrs_mazeV2_20260626_201650.log","6532","react.ccrs.contingency.escalation.considered","","268",,,,,,,,,,,,,,,,,"","","","","","","","",,
"react-baseline-vs-ccrs-v2","800-baseline","react_ccrs_mazeV2","react_ccrs_mazeV2_20260626_201650.log","6533","react.ccrs.contingency.escalation.skipped","","268",,,,,,"no_escalation_condition_met",,,,,,,,,,,"","","","","","","","",,
"react-baseline-vs-ccrs-v2","800-baseline","react_ccrs_mazeV2","react_ccrs_mazeV2_20260626_201650.log","6565","react.ccrs.contingency.escalation.considered","","269",,,,,,,,,,,,,,,,,"","","","","","","","",,
"react-baseline-vs-ccrs-v2","800-baseline","react_ccrs_mazeV2","react_ccrs_mazeV2_20260626_201650.log","6566","react.ccrs.contingency.escalation.skipped","","269",,,,,,"no_escalation_condition_met",,,,,,,,,,,"","","","","","","","",,
"react-baseline-vs-ccrs-v2","800-baseline","react_ccrs_mazeV2","react_ccrs_mazeV2_20260626_201650.log","6598","react.ccrs.contingency.escalation.considered","","270",,,,,,,,,,,,,,,,,"","","","","","","","",,
"react-baseline-vs-ccrs-v2","800-baseline","react_ccrs_mazeV2","react_ccrs_mazeV2_20260626_201650.log","6599","react.ccrs.contingency.escalation.skipped","","270",,,,,,"no_escalation_condition_met",,,,,,,,,,,"","","","","","","","",,
"react-baseline-vs-ccrs-v2","800-baseline","react_ccrs_mazeV2","react_ccrs_mazeV2_20260626_201650.log","6631","react.ccrs.contingency.escalation.considered","","271",,,,,,,,,,,,,,,,,"","","","","","","","",,
"react-baseline-vs-ccrs-v2","800-baseline","react_ccrs_mazeV2","react_ccrs_mazeV2_20260626_201650.log","6632","react.ccrs.contingency.escalation.skipped","","271",,,,,,"no_escalation_condition_met",,,,,,,,,,,"","","","","","","","",,
"react-baseline-vs-ccrs-v2","800-baseline","react_ccrs_mazeV2","react_ccrs_mazeV2_20260626_201650.log","6643","react.ccrs.contingency.escalation.considered","","272",,,,,,,,,,,,,,,,,"","","","","","","","",,
"react-baseline-vs-ccrs-v2","800-baseline","react_ccrs_mazeV2","react_ccrs_mazeV2_20260626_201650.log","6644","react.ccrs.contingency.escalation.skipped","","272",,,,,,"no_escalation_condition_met",,,,,,,,,,,"","","","","","","","",,
"react-baseline-vs-ccrs-v2","800-baseline","react_ccrs_mazeV2","react_ccrs_mazeV2_20260626_201650.log","6676","react.ccrs.contingency.escalation.considered","","273",,,,,,,,,,,,,,,,,"","","","","","","","",,
"react-baseline-vs-ccrs-v2","800-baseline","react_ccrs_mazeV2","react_ccrs_mazeV2_20260626_201650.log","6677","react.ccrs.contingency.escalation.skipped","","273",,,,,,"no_escalation_condition_met",,,,,,,,,,,"","","","","","","","",,
"react-baseline-vs-ccrs-v2","800-baseline","react_ccrs_mazeV2","react_ccrs_mazeV2_20260626_201650.log","6709","react.ccrs.contingency.escalation.considered","","274",,,,,,,,,,,,,,,,,"","","","","","","","",,
"react-baseline-vs-ccrs-v2","800-baseline","react_ccrs_mazeV2","react_ccrs_mazeV2_20260626_201650.log","6710","react.ccrs.contingency.escalation.skipped","","274",,,,,,"no_escalation_condition_met",,,,,,,,,,,"","","","","","","","",,
"react-baseline-vs-ccrs-v2","800-baseline","react_ccrs_mazeV2","react_ccrs_mazeV2_20260626_201650.log","6742","react.ccrs.contingency.escalation.considered","","275",,,,,,,,,,,,,,,,,"","","","","","","","",,
"react-baseline-vs-ccrs-v2","800-baseline","react_ccrs_mazeV2","react_ccrs_mazeV2_20260626_201650.log","6743","react.ccrs.contingency.escalation.skipped","","275",,,,,,"no_escalation_condition_met",,,,,,,,,,,"","","","","","","","",,
"react-baseline-vs-ccrs-v2","800-baseline","react_ccrs_mazeV2","react_ccrs_mazeV2_20260626_201650.log","6775","react.ccrs.contingency.escalation.considered","","276",,,,,,,,,,,,,,,,,"","","","","","","","",,
"react-baseline-vs-ccrs-v2","800-baseline","react_ccrs_mazeV2","react_ccrs_mazeV2_20260626_201650.log","6776","react.ccrs.contingency.escalation.skipped","","276",,,,,,"no_escalation_condition_met",,,,,,,,,,,"","","","","","","","",,
"react-baseline-vs-ccrs-v2","800-baseline","react_ccrs_mazeV2","react_ccrs_mazeV2_20260626_201650.log","6808","react.ccrs.contingency.escalation.considered","","277",,,,,,,,,,,,,,,,,"","","","","","","","",,
"react-baseline-vs-ccrs-v2","800-baseline","react_ccrs_mazeV2","react_ccrs_mazeV2_20260626_201650.log","6809","react.ccrs.contingency.escalation.skipped","","277",,,,,,"no_escalation_condition_met",,,,,,,,,,,"","","","","","","","",,
"react-baseline-vs-ccrs-v2","800-baseline","react_ccrs_mazeV2","react_ccrs_mazeV2_20260626_201650.log","6841","react.ccrs.contingency.escalation.considered","","278",,,,,,,,,,,,,,,,,"","","","","","","","",,
"react-baseline-vs-ccrs-v2","800-baseline","react_ccrs_mazeV2","react_ccrs_mazeV2_20260626_201650.log","6842","react.ccrs.contingency.escalation.skipped","","278",,,,,,"no_escalation_condition_met",,,,,,,,,,,"","","","","","","","",,
"react-baseline-vs-ccrs-v2","800-baseline","react_ccrs_mazeV2","react_ccrs_mazeV2_20260626_201650.log","6874","react.ccrs.contingency.escalation.considered","","279",,,,,,,,,,,,,,,,,"","","","","","","","",,
"react-baseline-vs-ccrs-v2","800-baseline","react_ccrs_mazeV2","react_ccrs_mazeV2_20260626_201650.log","6875","react.ccrs.contingency.escalation.skipped","","279",,,,,,"no_escalation_condition_met",,,,,,,,,,,"","","","","","","","",,
"react-baseline-vs-ccrs-v2","800-baseline","react_ccrs_mazeV2","react_ccrs_mazeV2_20260626_201650.log","6907","react.ccrs.contingency.escalation.considered","","280",,,,,,,,,,,,,,,,,"","","","","","","","",,
"react-baseline-vs-ccrs-v2","800-baseline","react_ccrs_mazeV2","react_ccrs_mazeV2_20260626_201650.log","6908","react.ccrs.contingency.escalation.skipped","","280",,,,,,"no_escalation_condition_met",,,,,,,,,,,"","","","","","","","",,
"react-baseline-vs-ccrs-v2","800-baseline","react_ccrs_mazeV2","react_ccrs_mazeV2_20260626_201650.log","6940","react.ccrs.contingency.escalation.considered","","281",,,,,,,,,,,,,,,,,"","","","","","","","",,
"react-baseline-vs-ccrs-v2","800-baseline","react_ccrs_mazeV2","react_ccrs_mazeV2_20260626_201650.log","6941","react.ccrs.contingency.escalation.skipped","","281",,,,,,"no_escalation_condition_met",,,,,,,,,,,"","","","","","","","",,
"react-baseline-vs-ccrs-v2","800-baseline","react_ccrs_mazeV2","react_ccrs_mazeV2_20260626_201650.log","6973","react.ccrs.contingency.escalation.considered","","282",,,,,,,,,,,,,,,,,"","","","","","","","",,
"react-baseline-vs-ccrs-v2","800-baseline","react_ccrs_mazeV2","react_ccrs_mazeV2_20260626_201650.log","6974","react.ccrs.contingency.escalation.skipped","","282",,,,,,"no_escalation_condition_met",,,,,,,,,,,"","","","","","","","",,
"react-baseline-vs-ccrs-v2","800-baseline","react_ccrs_mazeV2","react_ccrs_mazeV2_20260626_201650.log","7006","react.ccrs.contingency.escalation.considered","","283",,,,,,,,,,,,,,,,,"","","","","","","","",,
"react-baseline-vs-ccrs-v2","800-baseline","react_ccrs_mazeV2","react_ccrs_mazeV2_20260626_201650.log","7007","react.ccrs.contingency.escalation.skipped","","283",,,,,,"no_escalation_condition_met",,,,,,,,,,,"","","","","","","","",,
"react-baseline-vs-ccrs-v2","800-baseline","react_ccrs_mazeV2","react_ccrs_mazeV2_20260626_201650.log","7039","react.ccrs.contingency.escalation.considered","","284",,,,,,,,,,,,,,,,,"","","","","","","","",,
"react-baseline-vs-ccrs-v2","800-baseline","react_ccrs_mazeV2","react_ccrs_mazeV2_20260626_201650.log","7040","react.ccrs.contingency.escalation.skipped","","284",,,,,,"no_escalation_condition_met",,,,,,,,,,,"","","","","","","","",,
"react-baseline-vs-ccrs-v2","800-baseline","react_ccrs_mazeV2","react_ccrs_mazeV2_20260626_201650.log","7072","react.ccrs.contingency.escalation.considered","","285",,,,,,,,,,,,,,,,,"","","","","","","","",,
"react-baseline-vs-ccrs-v2","800-baseline","react_ccrs_mazeV2","react_ccrs_mazeV2_20260626_201650.log","7073","react.ccrs.contingency.escalation.skipped","","285",,,,,,"no_escalation_condition_met",,,,,,,,,,,"","","","","","","","",,
"react-baseline-vs-ccrs-v2","800-baseline","react_ccrs_mazeV2","react_ccrs_mazeV2_20260626_201650.log","7084","react.ccrs.contingency.escalation.considered","","286",,,,,,,,,,,,,,,,,"","","","","","","","",,
"react-baseline-vs-ccrs-v2","800-baseline","react_ccrs_mazeV2","react_ccrs_mazeV2_20260626_201650.log","7085","react.ccrs.contingency.escalation.skipped","","286",,,,,,"no_escalation_condition_met",,,,,,,,,,,"","","","","","","","",,
"react-baseline-vs-ccrs-v2","800-baseline","react_ccrs_mazeV2","react_ccrs_mazeV2_20260626_201650.log","7117","react.ccrs.contingency.escalation.considered","","287",,,,,,,,,,,,,,,,,"","","","","","","","",,
"react-baseline-vs-ccrs-v2","800-baseline","react_ccrs_mazeV2","react_ccrs_mazeV2_20260626_201650.log","7118","react.ccrs.contingency.escalation.skipped","","287",,,,,,"no_escalation_condition_met",,,,,,,,,,,"","","","","","","","",,
"react-baseline-vs-ccrs-v2","800-baseline","react_ccrs_mazeV2","react_ccrs_mazeV2_20260626_201650.log","7150","react.ccrs.contingency.escalation.considered","","288",,,,,,,,,,,,,,,,,"","","","","","","","",,
"react-baseline-vs-ccrs-v2","800-baseline","react_ccrs_mazeV2","react_ccrs_mazeV2_20260626_201650.log","7151","react.ccrs.contingency.escalation.skipped","","288",,,,,,"no_escalation_condition_met",,,,,,,,,,,"","","","","","","","",,
"react-baseline-vs-ccrs-v2","800-baseline","react_ccrs_mazeV2","react_ccrs_mazeV2_20260626_201650.log","7183","react.ccrs.contingency.escalation.considered","","289",,,,,,,,,,,,,,,,,"","","","","","","","",,
"react-baseline-vs-ccrs-v2","800-baseline","react_ccrs_mazeV2","react_ccrs_mazeV2_20260626_201650.log","7184","react.ccrs.contingency.escalation.skipped","","289",,,,,,"no_escalation_condition_met",,,,,,,,,,,"","","","","","","","",,
"react-baseline-vs-ccrs-v2","800-baseline","react_ccrs_mazeV2","react_ccrs_mazeV2_20260626_201650.log","7216","react.ccrs.contingency.escalation.considered","","290",,,,,,,,,,,,,,,,,"","","","","","","","",,
"react-baseline-vs-ccrs-v2","800-baseline","react_ccrs_mazeV2","react_ccrs_mazeV2_20260626_201650.log","7217","react.ccrs.contingency.escalation.skipped","","290",,,,,,"no_escalation_condition_met",,,,,,,,,,,"","","","","","","","",,
"react-baseline-vs-ccrs-v2","800-baseline","react_ccrs_mazeV2","react_ccrs_mazeV2_20260626_201650.log","7228","react.ccrs.contingency.escalation.considered","","291",,,,,,,,,,,,,,,,,"","","","","","","","",,
"react-baseline-vs-ccrs-v2","800-baseline","react_ccrs_mazeV2","react_ccrs_mazeV2_20260626_201650.log","7229","react.ccrs.contingency.escalation.skipped","","291",,,,,,"no_escalation_condition_met",,,,,,,,,,,"","","","","","","","",,
"react-baseline-vs-ccrs-v2","800-baseline","react_ccrs_mazeV2","react_ccrs_mazeV2_20260626_201650.log","7261","react.ccrs.contingency.escalation.considered","","292",,,,,,,,,,,,,,,,,"","","","","","","","",,
"react-baseline-vs-ccrs-v2","800-baseline","react_ccrs_mazeV2","react_ccrs_mazeV2_20260626_201650.log","7262","react.ccrs.contingency.escalation.skipped","","292",,,,,,"no_escalation_condition_met",,,,,,,,,,,"","","","","","","","",,
"react-baseline-vs-ccrs-v2","800-baseline","react_ccrs_mazeV2","react_ccrs_mazeV2_20260626_201650.log","7294","react.ccrs.contingency.escalation.considered","","293",,,,,,,,,,,,,,,,,"","","","","","","","",,
"react-baseline-vs-ccrs-v2","800-baseline","react_ccrs_mazeV2","react_ccrs_mazeV2_20260626_201650.log","7295","react.ccrs.contingency.escalation.skipped","","293",,,,,,"no_escalation_condition_met",,,,,,,,,,,"","","","","","","","",,
"react-baseline-vs-ccrs-v2","800-baseline","react_ccrs_mazeV2","react_ccrs_mazeV2_20260626_201650.log","7327","react.ccrs.contingency.escalation.considered","","294",,,,,,,,,,,,,,,,,"","","","","","","","",,
"react-baseline-vs-ccrs-v2","800-baseline","react_ccrs_mazeV2","react_ccrs_mazeV2_20260626_201650.log","7328","react.ccrs.contingency.escalation.skipped","","294",,,,,,"no_escalation_condition_met",,,,,,,,,,,"","","","","","","","",,
"react-baseline-vs-ccrs-v2","800-baseline","react_ccrs_mazeV2","react_ccrs_mazeV2_20260626_201650.log","7339","react.ccrs.contingency.escalation.considered","","295",,,,,,,,,,,,,,,,,"","","","","","","","",,
"react-baseline-vs-ccrs-v2","800-baseline","react_ccrs_mazeV2","react_ccrs_mazeV2_20260626_201650.log","7340","react.ccrs.contingency.escalation.skipped","","295",,,,,,"no_escalation_condition_met",,,,,,,,,,,"","","","","","","","",,
"react-baseline-vs-ccrs-v2","800-baseline","react_ccrs_mazeV2","react_ccrs_mazeV2_20260626_201650.log","7372","react.ccrs.contingency.escalation.considered","","296",,,,,,,,,,,,,,,,,"","","","","","","","",,
"react-baseline-vs-ccrs-v2","800-baseline","react_ccrs_mazeV2","react_ccrs_mazeV2_20260626_201650.log","7373","react.ccrs.contingency.escalation.skipped","","296",,,,,,"no_escalation_condition_met",,,,,,,,,,,"","","","","","","","",,
"react-baseline-vs-ccrs-v2","800-baseline","react_ccrs_mazeV2","react_ccrs_mazeV2_20260626_201650.log","7405","react.ccrs.contingency.escalation.considered","","297",,,,,,,,,,,,,,,,,"","","","","","","","",,
"react-baseline-vs-ccrs-v2","800-baseline","react_ccrs_mazeV2","react_ccrs_mazeV2_20260626_201650.log","7406","react.ccrs.contingency.escalation.skipped","","297",,,,,,"no_escalation_condition_met",,,,,,,,,,,"","","","","","","","",,
"react-baseline-vs-ccrs-v2","800-baseline","react_ccrs_mazeV2","react_ccrs_mazeV2_20260626_201650.log","7417","react.ccrs.contingency.escalation.considered","","298",,,,,,,,,,,,,,,,,"","","","","","","","",,
"react-baseline-vs-ccrs-v2","800-baseline","react_ccrs_mazeV2","react_ccrs_mazeV2_20260626_201650.log","7418","react.ccrs.contingency.escalation.skipped","","298",,,,,,"no_escalation_condition_met",,,,,,,,,,,"","","","","","","","",,
"react-baseline-vs-ccrs-v2","800-baseline","react_ccrs_mazeV2","react_ccrs_mazeV2_20260626_201650.log","7453","react.ccrs.contingency.escalation.considered","","299",,,,,,,,,,,,,,,,,"","","","","","","","",,
"react-baseline-vs-ccrs-v2","800-baseline","react_ccrs_mazeV2","react_ccrs_mazeV2_20260626_201650.log","7454","react.ccrs.contingency.escalation.skipped","","299",,,,,,"no_escalation_condition_met",,,,,,,,,,,"","","","","","","","",,
"react-baseline-vs-ccrs-v2","800-baseline","react_ccrs_mazeV2","react_ccrs_mazeV2_20260626_201650.log","7489","react.ccrs.contingency.escalation.considered","","300",,,,,,,,,,,,,,,,,"","","","","","","","",,
"react-baseline-vs-ccrs-v2","800-baseline","react_ccrs_mazeV2","react_ccrs_mazeV2_20260626_201650.log","7490","react.ccrs.contingency.escalation.skipped","","300",,,,,,"no_escalation_condition_met",,,,,,,,,,,"","","","","","","","",,
"react-baseline-vs-ccrs-v2","800-baseline","react_ccrs_mazeV2","react_ccrs_mazeV2_20260626_201650.log","7525","react.ccrs.contingency.escalation.considered","","301",,,,,,,,,,,,,,,,,"","","","","","","","",,
"react-baseline-vs-ccrs-v2","800-baseline","react_ccrs_mazeV2","react_ccrs_mazeV2_20260626_201650.log","7526","react.ccrs.contingency.escalation.skipped","","301",,,,,,"no_escalation_condition_met",,,,,,,,,,,"","","","","","","","",,
"react-baseline-vs-ccrs-v2","800-baseline","react_ccrs_mazeV2","react_ccrs_mazeV2_20260626_201650.log","7561","react.ccrs.contingency.escalation.considered","","302",,,,,,,,,,,,,,,,,"","","","","","","","",,
"react-baseline-vs-ccrs-v2","800-baseline","react_ccrs_mazeV2","react_ccrs_mazeV2_20260626_201650.log","7562","react.ccrs.contingency.escalation.skipped","","302",,,,,,"no_escalation_condition_met",,,,,,,,,,,"","","","","","","","",,
"react-baseline-vs-ccrs-v2","800-baseline","react_ccrs_mazeV2","react_ccrs_mazeV2_20260626_201650.log","7597","react.ccrs.contingency.escalation.considered","","303",,,,,,,,,,,,,,,,,"","","","","","","","",,
"react-baseline-vs-ccrs-v2","800-baseline","react_ccrs_mazeV2","react_ccrs_mazeV2_20260626_201650.log","7598","react.ccrs.contingency.escalation.skipped","","303",,,,,,"no_escalation_condition_met",,,,,,,,,,,"","","","","","","","",,
"react-baseline-vs-ccrs-v2","800-baseline","react_ccrs_mazeV2","react_ccrs_mazeV2_20260626_201650.log","7633","react.ccrs.contingency.escalation.considered","","304",,,,,,,,,,,,,,,,,"","","","","","","","",,
"react-baseline-vs-ccrs-v2","800-baseline","react_ccrs_mazeV2","react_ccrs_mazeV2_20260626_201650.log","7634","react.ccrs.contingency.escalation.activated","","304",,,,,,"explicit_llm_escalation",,"UNCERTAINTY","llm_self_escalation","http://127.0.1.1:8080/cells/29/24",,,,,,,"","","","","","","","",,
"react-baseline-vs-ccrs-v2","800-baseline","react_ccrs_mazeV2","react_ccrs_mazeV2_20260626_201650.log","7639","react.ccrs.contingency.classpath.resolved","",,,,,,,,,,,,,,,,,,"","","","","","","","",,
"react-baseline-vs-ccrs-v2","800-baseline","react_ccrs_mazeV2","react_ccrs_mazeV2_20260626_201650.log","7645","react.ccrs.contingency.classpath.resolved","",,,,,,,,,,,,,,,,,,"","","","","","","","",,
"react-baseline-vs-ccrs-v2","800-baseline","react_ccrs_mazeV2","react_ccrs_mazeV2_20260626_201650.log","7648","react.ccrs.contingency.evaluate","3",,,,,,,,,"UNCERTAINTY","llm_self_escalation","http://127.0.1.1:8080/cells/29/24",,,,,,,"","","","","","","","",,
"react-baseline-vs-ccrs-v2","800-baseline","react_ccrs_mazeV2","react_ccrs_mazeV2_20260626_201650.log","7649","react.ccrs.contingency.returned","3",,,"prediction_llm","e72348b9-ecd1-41e9-bace-3df9992df497","post","False",,,,,,,,"4","1","0","0","","","","","","","","",,
"react-baseline-vs-ccrs-v2","800-baseline","react_ccrs_mazeV2","react_ccrs_mazeV2_20260626_201650.log","7692","react.ccrs.contingency.escalation.considered","","305",,,,,,,,,,,,,,,,,"","","","","","","","",,
"react-baseline-vs-ccrs-v2","800-baseline","react_ccrs_mazeV2","react_ccrs_mazeV2_20260626_201650.log","7693","react.ccrs.contingency.escalation.skipped","","305",,,,,,"no_escalation_condition_met",,,,,,,,,,,"","","","","","","","",,
"react-baseline-vs-ccrs-v2","800-baseline","react_ccrs_mazeV2","react_ccrs_mazeV2_20260626_201650.log","7704","react.ccrs.contingency.escalation.considered","","306",,,,,,,,,,,,,,,,,"","","","","","","","",,
"react-baseline-vs-ccrs-v2","800-baseline","react_ccrs_mazeV2","react_ccrs_mazeV2_20260626_201650.log","7705","react.ccrs.contingency.escalation.skipped","","306",,,,,,"no_escalation_condition_met",,,,,,,,,,,"","","","","","","","",,
"react-baseline-vs-ccrs-v2","800-baseline","react_ccrs_mazeV2","react_ccrs_mazeV2_20260626_201650.log","7742","react.ccrs.contingency.escalation.considered","","307",,,,,,,,,,,,,,,,,"","","","","","","","",,
"react-baseline-vs-ccrs-v2","800-baseline","react_ccrs_mazeV2","react_ccrs_mazeV2_20260626_201650.log","7743","react.ccrs.contingency.escalation.skipped","","307",,,,,,"no_escalation_condition_met",,,,,,,,,,,"","","","","","","","",,
"react-baseline-vs-ccrs-v2","800-baseline","react_ccrs_mazeV2","react_ccrs_mazeV2_20260626_201650.log","7759","react.ccrs.contingency.escalation.considered","","308",,,,,,,,,,,,,,,,,"","","","","","","","",,
"react-baseline-vs-ccrs-v2","800-baseline","react_ccrs_mazeV2","react_ccrs_mazeV2_20260626_201650.log","7760","react.ccrs.contingency.escalation.skipped","","308",,,,,,"no_escalation_condition_met",,,,,,,,,,,"","","","","","","","",,
"react-baseline-vs-ccrs-v2","800-baseline","react_ccrs_mazeV2","react_ccrs_mazeV2_20260626_201650.log","7776","react.ccrs.contingency.escalation.considered","","309",,,,,,,,,,,,,,,,,"","","","","","","","",,
"react-baseline-vs-ccrs-v2","800-baseline","react_ccrs_mazeV2","react_ccrs_mazeV2_20260626_201650.log","7777","react.ccrs.contingency.escalation.skipped","","309",,,,,,"no_escalation_condition_met",,,,,,,,,,,"","","","","","","","",,
"react-baseline-vs-ccrs-v2","800-baseline","react_ccrs_mazeV2","react_ccrs_mazeV2_20260626_201650.log","7814","react.ccrs.contingency.escalation.considered","","310",,,,,,,,,,,,,,,,,"","","","","","","","",,
"react-baseline-vs-ccrs-v2","800-baseline","react_ccrs_mazeV2","react_ccrs_mazeV2_20260626_201650.log","7815","react.ccrs.contingency.escalation.skipped","","310",,,,,,"no_escalation_condition_met",,,,,,,,,,,"","","","","","","","",,
"react-baseline-vs-ccrs-v2","800-baseline","react_ccrs_mazeV2","react_ccrs_mazeV2_20260626_201650.log","7831","react.ccrs.contingency.escalation.considered","","311",,,,,,,,,,,,,,,,,"","","","","","","","",,
"react-baseline-vs-ccrs-v2","800-baseline","react_ccrs_mazeV2","react_ccrs_mazeV2_20260626_201650.log","7832","react.ccrs.contingency.escalation.skipped","","311",,,,,,"no_escalation_condition_met",,,,,,,,,,,"","","","","","","","",,
"react-baseline-vs-ccrs-v2","800-baseline","react_ccrs_mazeV2","react_ccrs_mazeV2_20260626_201650.log","7848","react.ccrs.contingency.escalation.considered","","312",,,,,,,,,,,,,,,,,"","","","","","","","",,
"react-baseline-vs-ccrs-v2","800-baseline","react_ccrs_mazeV2","react_ccrs_mazeV2_20260626_201650.log","7849","react.ccrs.contingency.escalation.skipped","","312",,,,,,"no_escalation_condition_met",,,,,,,,,,,"","","","","","","","",,
"react-baseline-vs-ccrs-v2","800-baseline","react_ccrs_mazeV2","react_ccrs_mazeV2_20260626_201650.log","7886","react.ccrs.contingency.escalation.considered","","313",,,,,,,,,,,,,,,,,"","","","","","","","",,
"react-baseline-vs-ccrs-v2","800-baseline","react_ccrs_mazeV2","react_ccrs_mazeV2_20260626_201650.log","7887","react.ccrs.contingency.escalation.skipped","","313",,,,,,"no_escalation_condition_met",,,,,,,,,,,"","","","","","","","",,
"react-baseline-vs-ccrs-v2","800-baseline","react_ccrs_mazeV2","react_ccrs_mazeV2_20260626_201650.log","7924","react.ccrs.contingency.escalation.considered","","314",,,,,,,,,,,,,,,,,"","","","","","","","",,
"react-baseline-vs-ccrs-v2","800-baseline","react_ccrs_mazeV2","react_ccrs_mazeV2_20260626_201650.log","7925","react.ccrs.contingency.escalation.skipped","","314",,,,,,"no_escalation_condition_met",,,,,,,,,,,"","","","","","","","",,
"react-baseline-vs-ccrs-v2","800-baseline","react_ccrs_mazeV2","react_ccrs_mazeV2_20260626_201650.log","7941","react.ccrs.contingency.escalation.considered","","315",,,,,,,,,,,,,,,,,"","","","","","","","",,
"react-baseline-vs-ccrs-v2","800-baseline","react_ccrs_mazeV2","react_ccrs_mazeV2_20260626_201650.log","7942","react.ccrs.contingency.escalation.skipped","","315",,,,,,"no_escalation_condition_met",,,,,,,,,,,"","","","","","","","",,
"react-baseline-vs-ccrs-v2","800-baseline","react_ccrs_mazeV2","react_ccrs_mazeV2_20260626_201650.log","7979","react.ccrs.contingency.escalation.considered","","316",,,,,,,,,,,,,,,,,"","","","","","","","",,
"react-baseline-vs-ccrs-v2","800-baseline","react_ccrs_mazeV2","react_ccrs_mazeV2_20260626_201650.log","7980","react.ccrs.contingency.escalation.skipped","","316",,,,,,"no_escalation_condition_met",,,,,,,,,,,"","","","","","","","",,
"react-baseline-vs-ccrs-v2","800-baseline","react_ccrs_mazeV2","react_ccrs_mazeV2_20260626_201650.log","7996","react.ccrs.contingency.escalation.considered","","317",,,,,,,,,,,,,,,,,"","","","","","","","",,
"react-baseline-vs-ccrs-v2","800-baseline","react_ccrs_mazeV2","react_ccrs_mazeV2_20260626_201650.log","7997","react.ccrs.contingency.escalation.skipped","","317",,,,,,"no_escalation_condition_met",,,,,,,,,,,"","","","","","","","",,
"react-baseline-vs-ccrs-v2","800-baseline","react_ccrs_mazeV2","react_ccrs_mazeV2_20260626_201650.log","8034","react.ccrs.contingency.escalation.considered","","318",,,,,,,,,,,,,,,,,"","","","","","","","",,
"react-baseline-vs-ccrs-v2","800-baseline","react_ccrs_mazeV2","react_ccrs_mazeV2_20260626_201650.log","8035","react.ccrs.contingency.escalation.skipped","","318",,,,,,"no_escalation_condition_met",,,,,,,,,,,"","","","","","","","",,
"react-baseline-vs-ccrs-v2","800-baseline","react_ccrs_mazeV2","react_ccrs_mazeV2_20260626_201650.log","8051","react.ccrs.contingency.escalation.considered","","319",,,,,,,,,,,,,,,,,"","","","","","","","",,
"react-baseline-vs-ccrs-v2","800-baseline","react_ccrs_mazeV2","react_ccrs_mazeV2_20260626_201650.log","8052","react.ccrs.contingency.escalation.skipped","","319",,,,,,"no_escalation_condition_met",,,,,,,,,,,"","","","","","","","",,
"react-baseline-vs-ccrs-v2","800-baseline","react_ccrs_mazeV2","react_ccrs_mazeV2_20260626_201650.log","8089","react.ccrs.contingency.escalation.considered","","320",,,,,,,,,,,,,,,,,"","","","","","","","",,
"react-baseline-vs-ccrs-v2","800-baseline","react_ccrs_mazeV2","react_ccrs_mazeV2_20260626_201650.log","8090","react.ccrs.contingency.escalation.skipped","","320",,,,,,"no_escalation_condition_met",,,,,,,,,,,"","","","","","","","",,
"react-baseline-vs-ccrs-v2","800-baseline","react_ccrs_mazeV2","react_ccrs_mazeV2_20260626_201650.log","8106","react.ccrs.contingency.escalation.considered","","321",,,,,,,,,,,,,,,,,"","","","","","","","",,
"react-baseline-vs-ccrs-v2","800-baseline","react_ccrs_mazeV2","react_ccrs_mazeV2_20260626_201650.log","8107","react.ccrs.contingency.escalation.skipped","","321",,,,,,"no_escalation_condition_met",,,,,,,,,,,"","","","","","","","",,
"react-baseline-vs-ccrs-v2","800-baseline","react_ccrs_mazeV2","react_ccrs_mazeV2_20260626_201650.log","8144","react.ccrs.contingency.escalation.considered","","322",,,,,,,,,,,,,,,,,"","","","","","","","",,
"react-baseline-vs-ccrs-v2","800-baseline","react_ccrs_mazeV2","react_ccrs_mazeV2_20260626_201650.log","8145","react.ccrs.contingency.escalation.skipped","","322",,,,,,"no_escalation_condition_met",,,,,,,,,,,"","","","","","","","",,
"react-baseline-vs-ccrs-v2","800-baseline","react_ccrs_mazeV2","react_ccrs_mazeV2_20260626_201650.log","8156","react.ccrs.contingency.escalation.considered","","323",,,,,,,,,,,,,,,,,"","","","","","","","",,
"react-baseline-vs-ccrs-v2","800-baseline","react_ccrs_mazeV2","react_ccrs_mazeV2_20260626_201650.log","8157","react.ccrs.contingency.escalation.skipped","","323",,,,,,"no_escalation_condition_met",,,,,,,,,,,"","","","","","","","",,
"react-baseline-vs-ccrs-v2","800-baseline","react_ccrs_mazeV2","react_ccrs_mazeV2_20260626_201650.log","8194","react.ccrs.contingency.escalation.considered","","324",,,,,,,,,,,,,,,,,"","","","","","","","",,
"react-baseline-vs-ccrs-v2","800-baseline","react_ccrs_mazeV2","react_ccrs_mazeV2_20260626_201650.log","8195","react.ccrs.contingency.escalation.skipped","","324",,,,,,"no_escalation_condition_met",,,,,,,,,,,"","","","","","","","",,
"react-baseline-vs-ccrs-v2","800-baseline","react_ccrs_mazeV2","react_ccrs_mazeV2_20260626_201650.log","8232","react.ccrs.contingency.escalation.considered","","325",,,,,,,,,,,,,,,,,"","","","","","","","",,
"react-baseline-vs-ccrs-v2","800-baseline","react_ccrs_mazeV2","react_ccrs_mazeV2_20260626_201650.log","8233","react.ccrs.contingency.escalation.skipped","","325",,,,,,"no_escalation_condition_met",,,,,,,,,,,"","","","","","","","",,
"react-baseline-vs-ccrs-v2","800-baseline","react_ccrs_mazeV2","react_ccrs_mazeV2_20260626_201650.log","8270","react.ccrs.contingency.escalation.considered","","326",,,,,,,,,,,,,,,,,"","","","","","","","",,
"react-baseline-vs-ccrs-v2","800-baseline","react_ccrs_mazeV2","react_ccrs_mazeV2_20260626_201650.log","8271","react.ccrs.contingency.escalation.skipped","","326",,,,,,"no_escalation_condition_met",,,,,,,,,,,"","","","","","","","",,
"react-baseline-vs-ccrs-v2","800-baseline","react_ccrs_mazeV2","react_ccrs_mazeV2_20260626_201650.log","8282","react.ccrs.contingency.escalation.considered","","327",,,,,,,,,,,,,,,,,"","","","","","","","",,
"react-baseline-vs-ccrs-v2","800-baseline","react_ccrs_mazeV2","react_ccrs_mazeV2_20260626_201650.log","8283","react.ccrs.contingency.escalation.skipped","","327",,,,,,"no_escalation_condition_met",,,,,,,,,,,"","","","","","","","",,
"react-baseline-vs-ccrs-v2","800-baseline","react_ccrs_mazeV2","react_ccrs_mazeV2_20260626_201650.log","8320","react.ccrs.contingency.escalation.considered","","328",,,,,,,,,,,,,,,,,"","","","","","","","",,
"react-baseline-vs-ccrs-v2","800-baseline","react_ccrs_mazeV2","react_ccrs_mazeV2_20260626_201650.log","8321","react.ccrs.contingency.escalation.skipped","","328",,,,,,"no_escalation_condition_met",,,,,,,,,,,"","","","","","","","",,
"react-baseline-vs-ccrs-v2","800-baseline","react_ccrs_mazeV2","react_ccrs_mazeV2_20260626_201650.log","8358","react.ccrs.contingency.escalation.considered","","329",,,,,,,,,,,,,,,,,"","","","","","","","",,
"react-baseline-vs-ccrs-v2","800-baseline","react_ccrs_mazeV2","react_ccrs_mazeV2_20260626_201650.log","8359","react.ccrs.contingency.escalation.skipped","","329",,,,,,"no_escalation_condition_met",,,,,,,,,,,"","","","","","","","",,
"react-baseline-vs-ccrs-v2","800-baseline","react_ccrs_mazeV2","react_ccrs_mazeV2_20260626_201650.log","8396","react.ccrs.contingency.escalation.considered","","330",,,,,,,,,,,,,,,,,"","","","","","","","",,
"react-baseline-vs-ccrs-v2","800-baseline","react_ccrs_mazeV2","react_ccrs_mazeV2_20260626_201650.log","8397","react.ccrs.contingency.escalation.skipped","","330",,,,,,"no_escalation_condition_met",,,,,,,,,,,"","","","","","","","",,
"react-baseline-vs-ccrs-v2","800-baseline","react_ccrs_mazeV2","react_ccrs_mazeV2_20260626_201650.log","8408","react.ccrs.contingency.escalation.considered","","331",,,,,,,,,,,,,,,,,"","","","","","","","",,
"react-baseline-vs-ccrs-v2","800-baseline","react_ccrs_mazeV2","react_ccrs_mazeV2_20260626_201650.log","8409","react.ccrs.contingency.escalation.skipped","","331",,,,,,"no_escalation_condition_met",,,,,,,,,,,"","","","","","","","",,
"react-baseline-vs-ccrs-v2","800-baseline","react_ccrs_mazeV2","react_ccrs_mazeV2_20260626_201650.log","8446","react.ccrs.contingency.escalation.considered","","332",,,,,,,,,,,,,,,,,"","","","","","","","",,
"react-baseline-vs-ccrs-v2","800-baseline","react_ccrs_mazeV2","react_ccrs_mazeV2_20260626_201650.log","8447","react.ccrs.contingency.escalation.skipped","","332",,,,,,"no_escalation_condition_met",,,,,,,,,,,"","","","","","","","",,
"react-baseline-vs-ccrs-v2","800-baseline","react_ccrs_mazeV2","react_ccrs_mazeV2_20260626_201650.log","8484","react.ccrs.contingency.escalation.considered","","333",,,,,,,,,,,,,,,,,"","","","","","","","",,
"react-baseline-vs-ccrs-v2","800-baseline","react_ccrs_mazeV2","react_ccrs_mazeV2_20260626_201650.log","8485","react.ccrs.contingency.escalation.skipped","","333",,,,,,"no_escalation_condition_met",,,,,,,,,,,"","","","","","","","",,
"react-baseline-vs-ccrs-v2","800-baseline","react_ccrs_mazeV2","react_ccrs_mazeV2_20260626_201650.log","8522","react.ccrs.contingency.escalation.considered","","334",,,,,,,,,,,,,,,,,"","","","","","","","",,
"react-baseline-vs-ccrs-v2","800-baseline","react_ccrs_mazeV2","react_ccrs_mazeV2_20260626_201650.log","8523","react.ccrs.contingency.escalation.skipped","","334",,,,,,"no_escalation_condition_met",,,,,,,,,,,"","","","","","","","",,
"react-baseline-vs-ccrs-v2","800-baseline","react_ccrs_mazeV2","react_ccrs_mazeV2_20260626_201650.log","8534","react.ccrs.contingency.escalation.considered","","335",,,,,,,,,,,,,,,,,"","","","","","","","",,
"react-baseline-vs-ccrs-v2","800-baseline","react_ccrs_mazeV2","react_ccrs_mazeV2_20260626_201650.log","8535","react.ccrs.contingency.escalation.skipped","","335",,,,,,"no_escalation_condition_met",,,,,,,,,,,"","","","","","","","",,
"react-baseline-vs-ccrs-v2","800-baseline","react_ccrs_mazeV2","react_ccrs_mazeV2_20260626_201650.log","8572","react.ccrs.contingency.escalation.considered","","336",,,,,,,,,,,,,,,,,"","","","","","","","",,
"react-baseline-vs-ccrs-v2","800-baseline","react_ccrs_mazeV2","react_ccrs_mazeV2_20260626_201650.log","8573","react.ccrs.contingency.escalation.skipped","","336",,,,,,"no_escalation_condition_met",,,,,,,,,,,"","","","","","","","",,
"react-baseline-vs-ccrs-v2","800-baseline","react_ccrs_mazeV2","react_ccrs_mazeV2_20260626_201650.log","8589","react.ccrs.contingency.escalation.considered","","337",,,,,,,,,,,,,,,,,"","","","","","","","",,
"react-baseline-vs-ccrs-v2","800-baseline","react_ccrs_mazeV2","react_ccrs_mazeV2_20260626_201650.log","8590","react.ccrs.contingency.escalation.skipped","","337",,,,,,"no_escalation_condition_met",,,,,,,,,,,"","","","","","","","",,
"react-baseline-vs-ccrs-v2","800-baseline","react_ccrs_mazeV2","react_ccrs_mazeV2_20260626_201650.log","8627","react.ccrs.contingency.escalation.considered","","338",,,,,,,,,,,,,,,,,"","","","","","","","",,
"react-baseline-vs-ccrs-v2","800-baseline","react_ccrs_mazeV2","react_ccrs_mazeV2_20260626_201650.log","8628","react.ccrs.contingency.escalation.skipped","","338",,,,,,"no_escalation_condition_met",,,,,,,,,,,"","","","","","","","",,
"react-baseline-vs-ccrs-v2","800-baseline","react_ccrs_mazeV2","react_ccrs_mazeV2_20260626_201650.log","8639","react.ccrs.contingency.escalation.considered","","339",,,,,,,,,,,,,,,,,"","","","","","","","",,
"react-baseline-vs-ccrs-v2","800-baseline","react_ccrs_mazeV2","react_ccrs_mazeV2_20260626_201650.log","8640","react.ccrs.contingency.escalation.skipped","","339",,,,,,"no_escalation_condition_met",,,,,,,,,,,"","","","","","","","",,
"react-baseline-vs-ccrs-v2","800-baseline","react_ccrs_mazeV2","react_ccrs_mazeV2_20260626_201650.log","8677","react.ccrs.contingency.escalation.considered","","340",,,,,,,,,,,,,,,,,"","","","","","","","",,
"react-baseline-vs-ccrs-v2","800-baseline","react_ccrs_mazeV2","react_ccrs_mazeV2_20260626_201650.log","8678","react.ccrs.contingency.escalation.skipped","","340",,,,,,"no_escalation_condition_met",,,,,,,,,,,"","","","","","","","",,
"react-baseline-vs-ccrs-v2","800-baseline","react_ccrs_mazeV2","react_ccrs_mazeV2_20260626_201650.log","8694","react.ccrs.contingency.escalation.considered","","341",,,,,,,,,,,,,,,,,"","","","","","","","",,
"react-baseline-vs-ccrs-v2","800-baseline","react_ccrs_mazeV2","react_ccrs_mazeV2_20260626_201650.log","8695","react.ccrs.contingency.escalation.skipped","","341",,,,,,"no_escalation_condition_met",,,,,,,,,,,"","","","","","","","",,
"react-baseline-vs-ccrs-v2","800-baseline","react_ccrs_mazeV2","react_ccrs_mazeV2_20260626_201650.log","8732","react.ccrs.contingency.escalation.considered","","342",,,,,,,,,,,,,,,,,"","","","","","","","",,
"react-baseline-vs-ccrs-v2","800-baseline","react_ccrs_mazeV2","react_ccrs_mazeV2_20260626_201650.log","8733","react.ccrs.contingency.escalation.skipped","","342",,,,,,"no_escalation_condition_met",,,,,,,,,,,"","","","","","","","",,
"react-baseline-vs-ccrs-v2","800-baseline","react_ccrs_mazeV2","react_ccrs_mazeV2_20260626_201650.log","8744","react.ccrs.contingency.escalation.considered","","343",,,,,,,,,,,,,,,,,"","","","","","","","",,
"react-baseline-vs-ccrs-v2","800-baseline","react_ccrs_mazeV2","react_ccrs_mazeV2_20260626_201650.log","8745","react.ccrs.contingency.escalation.skipped","","343",,,,,,"no_escalation_condition_met",,,,,,,,,,,"","","","","","","","",,
"react-baseline-vs-ccrs-v2","800-baseline","react_ccrs_mazeV2","react_ccrs_mazeV2_20260626_201650.log","8784","react.ccrs.contingency.escalation.considered","","344",,,,,,,,,,,,,,,,,"","","","","","","","",,
"react-baseline-vs-ccrs-v2","800-baseline","react_ccrs_mazeV2","react_ccrs_mazeV2_20260626_201650.log","8785","react.ccrs.contingency.escalation.skipped","","344",,,,,,"no_escalation_condition_met",,,,,,,,,,,"","","","","","","","",,
"react-baseline-vs-ccrs-v2","800-baseline","react_ccrs_mazeV2","react_ccrs_mazeV2_20260626_201650.log","8796","react.ccrs.contingency.escalation.considered","","345",,,,,,,,,,,,,,,,,"","","","","","","","",,
"react-baseline-vs-ccrs-v2","800-baseline","react_ccrs_mazeV2","react_ccrs_mazeV2_20260626_201650.log","8797","react.ccrs.contingency.escalation.skipped","","345",,,,,,"no_escalation_condition_met",,,,,,,,,,,"","","","","","","","",,
"react-baseline-vs-ccrs-v2","800-baseline","react_ccrs_mazeV2","react_ccrs_mazeV2_20260626_201650.log","8834","react.ccrs.contingency.escalation.considered","","346",,,,,,,,,,,,,,,,,"","","","","","","","",,
"react-baseline-vs-ccrs-v2","800-baseline","react_ccrs_mazeV2","react_ccrs_mazeV2_20260626_201650.log","8835","react.ccrs.contingency.escalation.skipped","","346",,,,,,"no_escalation_condition_met",,,,,,,,,,,"","","","","","","","",,
"react-baseline-vs-ccrs-v2","800-baseline","react_ccrs_mazeV2","react_ccrs_mazeV2_20260626_201650.log","8846","react.ccrs.contingency.escalation.considered","","347",,,,,,,,,,,,,,,,,"","","","","","","","",,
"react-baseline-vs-ccrs-v2","800-baseline","react_ccrs_mazeV2","react_ccrs_mazeV2_20260626_201650.log","8847","react.ccrs.contingency.escalation.skipped","","347",,,,,,"no_escalation_condition_met",,,,,,,,,,,"","","","","","","","",,
"react-baseline-vs-ccrs-v2","800-baseline","react_ccrs_mazeV2","react_ccrs_mazeV2_20260626_201650.log","8884","react.ccrs.contingency.escalation.considered","","348",,,,,,,,,,,,,,,,,"","","","","","","","",,
"react-baseline-vs-ccrs-v2","800-baseline","react_ccrs_mazeV2","react_ccrs_mazeV2_20260626_201650.log","8885","react.ccrs.contingency.escalation.skipped","","348",,,,,,"no_escalation_condition_met",,,,,,,,,,,"","","","","","","","",,
"react-baseline-vs-ccrs-v2","800-baseline","react_ccrs_mazeV2","react_ccrs_mazeV2_20260626_201650.log","8922","react.ccrs.contingency.escalation.considered","","349",,,,,,,,,,,,,,,,,"","","","","","","","",,
"react-baseline-vs-ccrs-v2","800-baseline","react_ccrs_mazeV2","react_ccrs_mazeV2_20260626_201650.log","8923","react.ccrs.contingency.escalation.skipped","","349",,,,,,"no_escalation_condition_met",,,,,,,,,,,"","","","","","","","",,
"react-baseline-vs-ccrs-v2","800-baseline","react_ccrs_mazeV2","react_ccrs_mazeV2_20260626_201650.log","8934","react.ccrs.contingency.escalation.considered","","350",,,,,,,,,,,,,,,,,"","","","","","","","",,
"react-baseline-vs-ccrs-v2","800-baseline","react_ccrs_mazeV2","react_ccrs_mazeV2_20260626_201650.log","8935","react.ccrs.contingency.escalation.skipped","","350",,,,,,"no_escalation_condition_met",,,,,,,,,,,"","","","","","","","",,
"react-baseline-vs-ccrs-v2","800-baseline","react_ccrs_mazeV2","react_ccrs_mazeV2_20260626_201650.log","8974","react.ccrs.contingency.escalation.considered","","351",,,,,,,,,,,,,,,,,"","","","","","","","",,
"react-baseline-vs-ccrs-v2","800-baseline","react_ccrs_mazeV2","react_ccrs_mazeV2_20260626_201650.log","8975","react.ccrs.contingency.escalation.skipped","","351",,,,,,"no_escalation_condition_met",,,,,,,,,,,"","","","","","","","",,
"react-baseline-vs-ccrs-v2","800-baseline","react_ccrs_mazeV2","react_ccrs_mazeV2_20260626_201650.log","8986","react.ccrs.contingency.escalation.considered","","352",,,,,,,,,,,,,,,,,"","","","","","","","",,
"react-baseline-vs-ccrs-v2","800-baseline","react_ccrs_mazeV2","react_ccrs_mazeV2_20260626_201650.log","8987","react.ccrs.contingency.escalation.skipped","","352",,,,,,"no_escalation_condition_met",,,,,,,,,,,"","","","","","","","",,
"react-baseline-vs-ccrs-v2","800-baseline","react_ccrs_mazeV2","react_ccrs_mazeV2_20260626_201650.log","9024","react.ccrs.contingency.escalation.considered","","353",,,,,,,,,,,,,,,,,"","","","","","","","",,
"react-baseline-vs-ccrs-v2","800-baseline","react_ccrs_mazeV2","react_ccrs_mazeV2_20260626_201650.log","9025","react.ccrs.contingency.escalation.skipped","","353",,,,,,"no_escalation_condition_met",,,,,,,,,,,"","","","","","","","",,
"react-baseline-vs-ccrs-v2","800-baseline","react_ccrs_mazeV2","react_ccrs_mazeV2_20260626_201650.log","9062","react.ccrs.contingency.escalation.considered","","354",,,,,,,,,,,,,,,,,"","","","","","","","",,
"react-baseline-vs-ccrs-v2","800-baseline","react_ccrs_mazeV2","react_ccrs_mazeV2_20260626_201650.log","9063","react.ccrs.contingency.escalation.skipped","","354",,,,,,"no_escalation_condition_met",,,,,,,,,,,"","","","","","","","",,
"react-baseline-vs-ccrs-v2","800-baseline","react_ccrs_mazeV2","react_ccrs_mazeV2_20260626_201650.log","9074","react.ccrs.contingency.escalation.considered","","355",,,,,,,,,,,,,,,,,"","","","","","","","",,
"react-baseline-vs-ccrs-v2","800-baseline","react_ccrs_mazeV2","react_ccrs_mazeV2_20260626_201650.log","9075","react.ccrs.contingency.escalation.skipped","","355",,,,,,"no_escalation_condition_met",,,,,,,,,,,"","","","","","","","",,
"react-baseline-vs-ccrs-v2","800-baseline","react_ccrs_mazeV2","react_ccrs_mazeV2_20260626_201650.log","9112","react.ccrs.contingency.escalation.considered","","356",,,,,,,,,,,,,,,,,"","","","","","","","",,
"react-baseline-vs-ccrs-v2","800-baseline","react_ccrs_mazeV2","react_ccrs_mazeV2_20260626_201650.log","9113","react.ccrs.contingency.escalation.skipped","","356",,,,,,"no_escalation_condition_met",,,,,,,,,,,"","","","","","","","",,
"react-baseline-vs-ccrs-v2","800-baseline","react_ccrs_mazeV2","react_ccrs_mazeV2_20260626_201650.log","9124","react.ccrs.contingency.escalation.considered","","357",,,,,,,,,,,,,,,,,"","","","","","","","",,
"react-baseline-vs-ccrs-v2","800-baseline","react_ccrs_mazeV2","react_ccrs_mazeV2_20260626_201650.log","9125","react.ccrs.contingency.escalation.skipped","","357",,,,,,"no_escalation_condition_met",,,,,,,,,,,"","","","","","","","",,
"react-baseline-vs-ccrs-v2","800-baseline","react_ccrs_mazeV2","react_ccrs_mazeV2_20260626_201650.log","9164","react.ccrs.contingency.escalation.considered","","358",,,,,,,,,,,,,,,,,"","","","","","","","",,
"react-baseline-vs-ccrs-v2","800-baseline","react_ccrs_mazeV2","react_ccrs_mazeV2_20260626_201650.log","9165","react.ccrs.contingency.escalation.skipped","","358",,,,,,"no_escalation_condition_met",,,,,,,,,,,"","","","","","","","",,
"react-baseline-vs-ccrs-v2","800-baseline","react_ccrs_mazeV2","react_ccrs_mazeV2_20260626_201650.log","9204","react.ccrs.contingency.escalation.considered","","359",,,,,,,,,,,,,,,,,"","","","","","","","",,
"react-baseline-vs-ccrs-v2","800-baseline","react_ccrs_mazeV2","react_ccrs_mazeV2_20260626_201650.log","9205","react.ccrs.contingency.escalation.skipped","","359",,,,,,"no_escalation_condition_met",,,,,,,,,,,"","","","","","","","",,
"react-baseline-vs-ccrs-v2","800-baseline","react_ccrs_mazeV2","react_ccrs_mazeV2_20260626_201650.log","9216","react.ccrs.contingency.escalation.considered","","360",,,,,,,,,,,,,,,,,"","","","","","","","",,
"react-baseline-vs-ccrs-v2","800-baseline","react_ccrs_mazeV2","react_ccrs_mazeV2_20260626_201650.log","9217","react.ccrs.contingency.escalation.skipped","","360",,,,,,"no_escalation_condition_met",,,,,,,,,,,"","","","","","","","",,
"react-baseline-vs-ccrs-v2","800-baseline","react_ccrs_mazeV2","react_ccrs_mazeV2_20260626_201650.log","9254","react.ccrs.contingency.escalation.considered","","361",,,,,,,,,,,,,,,,,"","","","","","","","",,
"react-baseline-vs-ccrs-v2","800-baseline","react_ccrs_mazeV2","react_ccrs_mazeV2_20260626_201650.log","9255","react.ccrs.contingency.escalation.skipped","","361",,,,,,"no_escalation_condition_met",,,,,,,,,,,"","","","","","","","",,
"react-baseline-vs-ccrs-v2","800-baseline","react_ccrs_mazeV2","react_ccrs_mazeV2_20260626_201650.log","9266","react.ccrs.contingency.escalation.considered","","362",,,,,,,,,,,,,,,,,"","","","","","","","",,
"react-baseline-vs-ccrs-v2","800-baseline","react_ccrs_mazeV2","react_ccrs_mazeV2_20260626_201650.log","9267","react.ccrs.contingency.escalation.skipped","","362",,,,,,"no_escalation_condition_met",,,,,,,,,,,"","","","","","","","",,
"react-baseline-vs-ccrs-v2","800-baseline","react_ccrs_mazeV2","react_ccrs_mazeV2_20260626_201650.log","9304","react.ccrs.contingency.escalation.considered","","363",,,,,,,,,,,,,,,,,"","","","","","","","",,
"react-baseline-vs-ccrs-v2","800-baseline","react_ccrs_mazeV2","react_ccrs_mazeV2_20260626_201650.log","9305","react.ccrs.contingency.escalation.skipped","","363",,,,,,"no_escalation_condition_met",,,,,,,,,,,"","","","","","","","",,
"react-baseline-vs-ccrs-v2","800-baseline","react_ccrs_mazeV2","react_ccrs_mazeV2_20260626_201650.log","9342","react.ccrs.contingency.escalation.considered","","364",,,,,,,,,,,,,,,,,"","","","","","","","",,
"react-baseline-vs-ccrs-v2","800-baseline","react_ccrs_mazeV2","react_ccrs_mazeV2_20260626_201650.log","9343","react.ccrs.contingency.escalation.skipped","","364",,,,,,"no_escalation_condition_met",,,,,,,,,,,"","","","","","","","",,
"react-baseline-vs-ccrs-v2","800-baseline","react_ccrs_mazeV2","react_ccrs_mazeV2_20260626_201650.log","9354","react.ccrs.contingency.escalation.considered","","365",,,,,,,,,,,,,,,,,"","","","","","","","",,
"react-baseline-vs-ccrs-v2","800-baseline","react_ccrs_mazeV2","react_ccrs_mazeV2_20260626_201650.log","9355","react.ccrs.contingency.escalation.skipped","","365",,,,,,"no_escalation_condition_met",,,,,,,,,,,"","","","","","","","",,
"react-baseline-vs-ccrs-v2","800-baseline","react_ccrs_mazeV2","react_ccrs_mazeV2_20260626_201650.log","9396","react.ccrs.contingency.escalation.considered","","366",,,,,,,,,,,,,,,,,"","","","","","","","",,
"react-baseline-vs-ccrs-v2","800-baseline","react_ccrs_mazeV2","react_ccrs_mazeV2_20260626_201650.log","9397","react.ccrs.contingency.escalation.skipped","","366",,,,,,"no_escalation_condition_met",,,,,,,,,,,"","","","","","","","",,
"react-baseline-vs-ccrs-v2","800-baseline","react_ccrs_mazeV2","react_ccrs_mazeV2_20260626_201650.log","9408","react.ccrs.contingency.escalation.considered","","367",,,,,,,,,,,,,,,,,"","","","","","","","",,
"react-baseline-vs-ccrs-v2","800-baseline","react_ccrs_mazeV2","react_ccrs_mazeV2_20260626_201650.log","9409","react.ccrs.contingency.escalation.skipped","","367",,,,,,"no_escalation_condition_met",,,,,,,,,,,"","","","","","","","",,
"react-baseline-vs-ccrs-v2","800-baseline","react_ccrs_mazeV2","react_ccrs_mazeV2_20260626_201650.log","9441","react.ccrs.contingency.escalation.considered","","368",,,,,,,,,,,,,,,,,"","","","","","","","",,
"react-baseline-vs-ccrs-v2","800-baseline","react_ccrs_mazeV2","react_ccrs_mazeV2_20260626_201650.log","9442","react.ccrs.contingency.escalation.skipped","","368",,,,,,"no_escalation_condition_met",,,,,,,,,,,"","","","","","","","",,
"react-baseline-vs-ccrs-v2","800-baseline","react_ccrs_mazeV2","react_ccrs_mazeV2_20260626_201650.log","9474","react.ccrs.contingency.escalation.considered","","369",,,,,,,,,,,,,,,,,"","","","","","","","",,
"react-baseline-vs-ccrs-v2","800-baseline","react_ccrs_mazeV2","react_ccrs_mazeV2_20260626_201650.log","9475","react.ccrs.contingency.escalation.skipped","","369",,,,,,"no_escalation_condition_met",,,,,,,,,,,"","","","","","","","",,
"react-baseline-vs-ccrs-v2","800-baseline","react_ccrs_mazeV2","react_ccrs_mazeV2_20260626_201650.log","9507","react.ccrs.contingency.escalation.considered","","370",,,,,,,,,,,,,,,,,"","","","","","","","",,
"react-baseline-vs-ccrs-v2","800-baseline","react_ccrs_mazeV2","react_ccrs_mazeV2_20260626_201650.log","9508","react.ccrs.contingency.escalation.skipped","","370",,,,,,"no_escalation_condition_met",,,,,,,,,,,"","","","","","","","",,
"react-baseline-vs-ccrs-v2","800-baseline","react_ccrs_mazeV2","react_ccrs_mazeV2_20260626_201650.log","9540","react.ccrs.contingency.escalation.considered","","371",,,,,,,,,,,,,,,,,"","","","","","","","",,
"react-baseline-vs-ccrs-v2","800-baseline","react_ccrs_mazeV2","react_ccrs_mazeV2_20260626_201650.log","9541","react.ccrs.contingency.escalation.skipped","","371",,,,,,"no_escalation_condition_met",,,,,,,,,,,"","","","","","","","",,
"react-baseline-vs-ccrs-v2","800-baseline","react_ccrs_mazeV2","react_ccrs_mazeV2_20260626_201650.log","9573","react.ccrs.contingency.escalation.considered","","372",,,,,,,,,,,,,,,,,"","","","","","","","",,
"react-baseline-vs-ccrs-v2","800-baseline","react_ccrs_mazeV2","react_ccrs_mazeV2_20260626_201650.log","9574","react.ccrs.contingency.escalation.skipped","","372",,,,,,"no_escalation_condition_met",,,,,,,,,,,"","","","","","","","",,
"react-baseline-vs-ccrs-v2","800-baseline","react_ccrs_mazeV2","react_ccrs_mazeV2_20260626_201650.log","9606","react.ccrs.contingency.escalation.considered","","373",,,,,,,,,,,,,,,,,"","","","","","","","",,
"react-baseline-vs-ccrs-v2","800-baseline","react_ccrs_mazeV2","react_ccrs_mazeV2_20260626_201650.log","9607","react.ccrs.contingency.escalation.skipped","","373",,,,,,"no_escalation_condition_met",,,,,,,,,,,"","","","","","","","",,
"react-baseline-vs-ccrs-v2","800-baseline","react_ccrs_mazeV2","react_ccrs_mazeV2_20260626_201650.log","9618","react.ccrs.contingency.escalation.considered","","374",,,,,,,,,,,,,,,,,"","","","","","","","",,
"react-baseline-vs-ccrs-v2","800-baseline","react_ccrs_mazeV2","react_ccrs_mazeV2_20260626_201650.log","9619","react.ccrs.contingency.escalation.skipped","","374",,,,,,"no_escalation_condition_met",,,,,,,,,,,"","","","","","","","",,
"react-baseline-vs-ccrs-v2","800-baseline","react_ccrs_mazeV2","react_ccrs_mazeV2_20260626_201650.log","9653","react.ccrs.contingency.escalation.considered","","375",,,,,,,,,,,,,,,,,"","","","","","","","",,
"react-baseline-vs-ccrs-v2","800-baseline","react_ccrs_mazeV2","react_ccrs_mazeV2_20260626_201650.log","9654","react.ccrs.contingency.escalation.skipped","","375",,,,,,"no_escalation_condition_met",,,,,,,,,,,"","","","","","","","",,
"react-baseline-vs-ccrs-v2","800-baseline","react_ccrs_mazeV2","react_ccrs_mazeV2_20260626_201650.log","9688","react.ccrs.contingency.escalation.considered","","376",,,,,,,,,,,,,,,,,"","","","","","","","",,
"react-baseline-vs-ccrs-v2","800-baseline","react_ccrs_mazeV2","react_ccrs_mazeV2_20260626_201650.log","9689","react.ccrs.contingency.escalation.skipped","","376",,,,,,"no_escalation_condition_met",,,,,,,,,,,"","","","","","","","",,
"react-baseline-vs-ccrs-v2","800-baseline","react_ccrs_mazeV2","react_ccrs_mazeV2_20260626_201650.log","9700","react.ccrs.contingency.escalation.considered","","377",,,,,,,,,,,,,,,,,"","","","","","","","",,
"react-baseline-vs-ccrs-v2","800-baseline","react_ccrs_mazeV2","react_ccrs_mazeV2_20260626_201650.log","9701","react.ccrs.contingency.escalation.skipped","","377",,,,,,"no_escalation_condition_met",,,,,,,,,,,"","","","","","","","",,
"react-baseline-vs-ccrs-v2","800-baseline","react_ccrs_mazeV2","react_ccrs_mazeV2_20260626_201650.log","9736","react.ccrs.contingency.escalation.considered","","378",,,,,,,,,,,,,,,,,"","","","","","","","",,
"react-baseline-vs-ccrs-v2","800-baseline","react_ccrs_mazeV2","react_ccrs_mazeV2_20260626_201650.log","9737","react.ccrs.contingency.escalation.skipped","","378",,,,,,"no_escalation_condition_met",,,,,,,,,,,"","","","","","","","",,
"react-baseline-vs-ccrs-v2","800-baseline","react_ccrs_mazeV2","react_ccrs_mazeV2_20260626_201650.log","9772","react.ccrs.contingency.escalation.considered","","379",,,,,,,,,,,,,,,,,"","","","","","","","",,
"react-baseline-vs-ccrs-v2","800-baseline","react_ccrs_mazeV2","react_ccrs_mazeV2_20260626_201650.log","9773","react.ccrs.contingency.escalation.skipped","","379",,,,,,"no_escalation_condition_met",,,,,,,,,,,"","","","","","","","",,
"react-baseline-vs-ccrs-v2","800-baseline","react_ccrs_mazeV2","react_ccrs_mazeV2_20260626_201650.log","9808","react.ccrs.contingency.escalation.considered","","380",,,,,,,,,,,,,,,,,"","","","","","","","",,
"react-baseline-vs-ccrs-v2","800-baseline","react_ccrs_mazeV2","react_ccrs_mazeV2_20260626_201650.log","9809","react.ccrs.contingency.escalation.skipped","","380",,,,,,"no_escalation_condition_met",,,,,,,,,,,"","","","","","","","",,
"react-baseline-vs-ccrs-v2","800-baseline","react_ccrs_mazeV2","react_ccrs_mazeV2_20260626_201650.log","9844","react.ccrs.contingency.escalation.considered","","381",,,,,,,,,,,,,,,,,"","","","","","","","",,
"react-baseline-vs-ccrs-v2","800-baseline","react_ccrs_mazeV2","react_ccrs_mazeV2_20260626_201650.log","9845","react.ccrs.contingency.escalation.skipped","","381",,,,,,"no_escalation_condition_met",,,,,,,,,,,"","","","","","","","",,
"react-baseline-vs-ccrs-v2","800-baseline","react_ccrs_mazeV2","react_ccrs_mazeV2_20260626_201650.log","9856","react.ccrs.contingency.escalation.considered","","382",,,,,,,,,,,,,,,,,"","","","","","","","",,
"react-baseline-vs-ccrs-v2","800-baseline","react_ccrs_mazeV2","react_ccrs_mazeV2_20260626_201650.log","9857","react.ccrs.contingency.escalation.skipped","","382",,,,,,"no_escalation_condition_met",,,,,,,,,,,"","","","","","","","",,
"react-baseline-vs-ccrs-v2","800-baseline","react_ccrs_mazeV2","react_ccrs_mazeV2_20260626_201650.log","9896","react.ccrs.contingency.escalation.considered","","383",,,,,,,,,,,,,,,,,"","","","","","","","",,
"react-baseline-vs-ccrs-v2","800-baseline","react_ccrs_mazeV2","react_ccrs_mazeV2_20260626_201650.log","9897","react.ccrs.contingency.escalation.skipped","","383",,,,,,"no_escalation_condition_met",,,,,,,,,,,"","","","","","","","",,
"react-baseline-vs-ccrs-v2","800-baseline","react_ccrs_mazeV2","react_ccrs_mazeV2_20260626_201650.log","9913","react.ccrs.contingency.escalation.considered","","384",,,,,,,,,,,,,,,,,"","","","","","","","",,
"react-baseline-vs-ccrs-v2","800-baseline","react_ccrs_mazeV2","react_ccrs_mazeV2_20260626_201650.log","9914","react.ccrs.contingency.escalation.skipped","","384",,,,,,"no_escalation_condition_met",,,,,,,,,,,"","","","","","","","",,
"react-baseline-vs-ccrs-v2","800-baseline","react_ccrs_mazeV2","react_ccrs_mazeV2_20260626_201650.log","9953","react.ccrs.contingency.escalation.considered","","385",,,,,,,,,,,,,,,,,"","","","","","","","",,
"react-baseline-vs-ccrs-v2","800-baseline","react_ccrs_mazeV2","react_ccrs_mazeV2_20260626_201650.log","9954","react.ccrs.contingency.escalation.skipped","","385",,,,,,"no_escalation_condition_met",,,,,,,,,,,"","","","","","","","",,
"react-baseline-vs-ccrs-v2","800-baseline","react_ccrs_mazeV2","react_ccrs_mazeV2_20260626_201650.log","9993","react.ccrs.contingency.escalation.considered","","386",,,,,,,,,,,,,,,,,"","","","","","","","",,
"react-baseline-vs-ccrs-v2","800-baseline","react_ccrs_mazeV2","react_ccrs_mazeV2_20260626_201650.log","9994","react.ccrs.contingency.escalation.skipped","","386",,,,,,"no_escalation_condition_met",,,,,,,,,,,"","","","","","","","",,
"react-baseline-vs-ccrs-v2","800-baseline","react_ccrs_mazeV2","react_ccrs_mazeV2_20260626_201650.log","10005","react.ccrs.contingency.escalation.considered","","387",,,,,,,,,,,,,,,,,"","","","","","","","",,
"react-baseline-vs-ccrs-v2","800-baseline","react_ccrs_mazeV2","react_ccrs_mazeV2_20260626_201650.log","10006","react.ccrs.contingency.escalation.skipped","","387",,,,,,"no_escalation_condition_met",,,,,,,,,,,"","","","","","","","",,
"react-baseline-vs-ccrs-v2","800-baseline","react_ccrs_mazeV2","react_ccrs_mazeV2_20260626_201650.log","10041","react.ccrs.contingency.escalation.considered","","388",,,,,,,,,,,,,,,,,"","","","","","","","",,
"react-baseline-vs-ccrs-v2","800-baseline","react_ccrs_mazeV2","react_ccrs_mazeV2_20260626_201650.log","10042","react.ccrs.contingency.escalation.skipped","","388",,,,,,"no_escalation_condition_met",,,,,,,,,,,"","","","","","","","",,
"react-baseline-vs-ccrs-v2","800-baseline","react_ccrs_mazeV2","react_ccrs_mazeV2_20260626_201650.log","10077","react.ccrs.contingency.escalation.considered","","389",,,,,,,,,,,,,,,,,"","","","","","","","",,
"react-baseline-vs-ccrs-v2","800-baseline","react_ccrs_mazeV2","react_ccrs_mazeV2_20260626_201650.log","10078","react.ccrs.contingency.escalation.skipped","","389",,,,,,"no_escalation_condition_met",,,,,,,,,,,"","","","","","","","",,
"react-baseline-vs-ccrs-v2","800-baseline","react_ccrs_mazeV2","react_ccrs_mazeV2_20260626_201650.log","10113","react.ccrs.contingency.escalation.considered","","390",,,,,,,,,,,,,,,,,"","","","","","","","",,
"react-baseline-vs-ccrs-v2","800-baseline","react_ccrs_mazeV2","react_ccrs_mazeV2_20260626_201650.log","10114","react.ccrs.contingency.escalation.skipped","","390",,,,,,"no_escalation_condition_met",,,,,,,,,,,"","","","","","","","",,
"react-baseline-vs-ccrs-v2","800-baseline","react_ccrs_mazeV2","react_ccrs_mazeV2_20260626_201650.log","10149","react.ccrs.contingency.escalation.considered","","391",,,,,,,,,,,,,,,,,"","","","","","","","",,
"react-baseline-vs-ccrs-v2","800-baseline","react_ccrs_mazeV2","react_ccrs_mazeV2_20260626_201650.log","10150","react.ccrs.contingency.escalation.skipped","","391",,,,,,"no_escalation_condition_met",,,,,,,,,,,"","","","","","","","",,
"react-baseline-vs-ccrs-v2","800-baseline","react_ccrs_mazeV2","react_ccrs_mazeV2_20260626_201650.log","10185","react.ccrs.contingency.escalation.considered","","392",,,,,,,,,,,,,,,,,"","","","","","","","",,
"react-baseline-vs-ccrs-v2","800-baseline","react_ccrs_mazeV2","react_ccrs_mazeV2_20260626_201650.log","10186","react.ccrs.contingency.escalation.skipped","","392",,,,,,"no_escalation_condition_met",,,,,,,,,,,"","","","","","","","",,
"react-baseline-vs-ccrs-v2","800-baseline","react_ccrs_mazeV2","react_ccrs_mazeV2_20260626_201650.log","10221","react.ccrs.contingency.escalation.considered","","393",,,,,,,,,,,,,,,,,"","","","","","","","",,
"react-baseline-vs-ccrs-v2","800-baseline","react_ccrs_mazeV2","react_ccrs_mazeV2_20260626_201650.log","10222","react.ccrs.contingency.escalation.skipped","","393",,,,,,"no_escalation_condition_met",,,,,,,,,,,"","","","","","","","",,
"react-baseline-vs-ccrs-v2","800-baseline","react_ccrs_mazeV2","react_ccrs_mazeV2_20260626_201650.log","10257","react.ccrs.contingency.escalation.considered","","394",,,,,,,,,,,,,,,,,"","","","","","","","",,
"react-baseline-vs-ccrs-v2","800-baseline","react_ccrs_mazeV2","react_ccrs_mazeV2_20260626_201650.log","10258","react.ccrs.contingency.escalation.skipped","","394",,,,,,"no_escalation_condition_met",,,,,,,,,,,"","","","","","","","",,
"react-baseline-vs-ccrs-v2","800-baseline","react_ccrs_mazeV2","react_ccrs_mazeV2_20260626_201650.log","10293","react.ccrs.contingency.escalation.considered","","395",,,,,,,,,,,,,,,,,"","","","","","","","",,
"react-baseline-vs-ccrs-v2","800-baseline","react_ccrs_mazeV2","react_ccrs_mazeV2_20260626_201650.log","10294","react.ccrs.contingency.escalation.skipped","","395",,,,,,"no_escalation_condition_met",,,,,,,,,,,"","","","","","","","",,
"react-baseline-vs-ccrs-v2","800-baseline","react_ccrs_mazeV2","react_ccrs_mazeV2_20260626_201650.log","10329","react.ccrs.contingency.escalation.considered","","396",,,,,,,,,,,,,,,,,"","","","","","","","",,
"react-baseline-vs-ccrs-v2","800-baseline","react_ccrs_mazeV2","react_ccrs_mazeV2_20260626_201650.log","10330","react.ccrs.contingency.escalation.skipped","","396",,,,,,"no_escalation_condition_met",,,,,,,,,,,"","","","","","","","",,
"react-baseline-vs-ccrs-v2","800-baseline","react_ccrs_mazeV2","react_ccrs_mazeV2_20260626_201650.log","10341","react.ccrs.contingency.escalation.considered","","397",,,,,,,,,,,,,,,,,"","","","","","","","",,
"react-baseline-vs-ccrs-v2","800-baseline","react_ccrs_mazeV2","react_ccrs_mazeV2_20260626_201650.log","10342","react.ccrs.contingency.escalation.skipped","","397",,,,,,"no_escalation_condition_met",,,,,,,,,,,"","","","","","","","",,
"react-baseline-vs-ccrs-v2","800-baseline","react_ccrs_mazeV2","react_ccrs_mazeV2_20260626_201650.log","10376","react.ccrs.contingency.escalation.considered","","398",,,,,,,,,,,,,,,,,"","","","","","","","",,
"react-baseline-vs-ccrs-v2","800-baseline","react_ccrs_mazeV2","react_ccrs_mazeV2_20260626_201650.log","10377","react.ccrs.contingency.escalation.skipped","","398",,,,,,"no_escalation_condition_met",,,,,,,,,,,"","","","","","","","",,
"react-baseline-vs-ccrs-v2","800-baseline","react_ccrs_mazeV2","react_ccrs_mazeV2_20260626_201650.log","10393","react.ccrs.contingency.escalation.considered","","399",,,,,,,,,,,,,,,,,"","","","","","","","",,
"react-baseline-vs-ccrs-v2","800-baseline","react_ccrs_mazeV2","react_ccrs_mazeV2_20260626_201650.log","10394","react.ccrs.contingency.escalation.skipped","","399",,,,,,"no_escalation_condition_met",,,,,,,,,,,"","","","","","","","",,
"react-baseline-vs-ccrs-v2","800-baseline","react_ccrs_mazeV2","react_ccrs_mazeV2_20260626_201650.log","10410","react.ccrs.contingency.escalation.considered","","400",,,,,,,,,,,,,,,,,"","","","","","","","",,
"react-baseline-vs-ccrs-v2","800-baseline","react_ccrs_mazeV2","react_ccrs_mazeV2_20260626_201650.log","10411","react.ccrs.contingency.escalation.skipped","","400",,,,,,"no_escalation_condition_met",,,,,,,,,,,"","","","","","","","",,
"react-baseline-vs-ccrs-v2","800-baseline","react_ccrs_mazeV2","react_ccrs_mazeV2_20260626_201650.log","10427","react.ccrs.contingency.escalation.considered","","401",,,,,,,,,,,,,,,,,"","","","","","","","",,
"react-baseline-vs-ccrs-v2","800-baseline","react_ccrs_mazeV2","react_ccrs_mazeV2_20260626_201650.log","10428","react.ccrs.contingency.escalation.skipped","","401",,,,,,"no_escalation_condition_met",,,,,,,,,,,"","","","","","","","",,
"react-baseline-vs-ccrs-v2","800-baseline","react_ccrs_mazeV2","react_ccrs_mazeV2_20260626_201650.log","10444","react.ccrs.contingency.escalation.considered","","402",,,,,,,,,,,,,,,,,"","","","","","","","",,
"react-baseline-vs-ccrs-v2","800-baseline","react_ccrs_mazeV2","react_ccrs_mazeV2_20260626_201650.log","10445","react.ccrs.contingency.escalation.skipped","","402",,,,,,"no_escalation_condition_met",,,,,,,,,,,"","","","","","","","",,
"react-baseline-vs-ccrs-v2","800-baseline","react_ccrs_mazeV2","react_ccrs_mazeV2_20260626_201650.log","10461","react.ccrs.contingency.escalation.considered","","403",,,,,,,,,,,,,,,,,"","","","","","","","",,
"react-baseline-vs-ccrs-v2","800-baseline","react_ccrs_mazeV2","react_ccrs_mazeV2_20260626_201650.log","10462","react.ccrs.contingency.escalation.activated","","403",,,,,,"consecutive_http_api_errors","http://127.0.1.1:8080/cells/30/36","FAILURE","consecutive_http_api_errors","http://127.0.1.1:8080/cells/31/36","http://127.0.1.1:8080/cells/30/36","http_get",,,,,"","","","","","","","",,
"react-baseline-vs-ccrs-v2","800-baseline","react_ccrs_mazeV2","react_ccrs_mazeV2_20260626_201650.log","10467","react.ccrs.contingency.classpath.resolved","",,,,,,,,,,,,,,,,,,"","","","","","","","",,
"react-baseline-vs-ccrs-v2","800-baseline","react_ccrs_mazeV2","react_ccrs_mazeV2_20260626_201650.log","10473","react.ccrs.contingency.classpath.resolved","",,,,,,,,,,,,,,,,,,"","","","","","","","",,
"react-baseline-vs-ccrs-v2","800-baseline","react_ccrs_mazeV2","react_ccrs_mazeV2_20260626_201650.log","10476","react.ccrs.contingency.evaluate","4",,,,,,,,"http://127.0.1.1:8080/cells/30/36","FAILURE","consecutive_http_api_errors","http://127.0.1.1:8080/cells/31/36","http://127.0.1.1:8080/cells/30/36","http_get",,,,,"","","","","","","","",,
"react-baseline-vs-ccrs-v2","800-baseline","react_ccrs_mazeV2","react_ccrs_mazeV2_20260626_201650.log","10477","react.ccrs.contingency.returned","4",,,"prediction_llm","f4b73f01-9262-46ef-82fa-1bcf49cf6b51","post","False",,,,,,,,"4","1","1","0","","","","","","","","",,
"react-baseline-vs-ccrs-v2","800-baseline","react_ccrs_mazeV2","react_ccrs_mazeV2_20260626_201650.log","10520","react.ccrs.contingency.escalation.considered","","404",,,,,,,,,,,,,,,,,"","","","","","","","",,
"react-baseline-vs-ccrs-v2","800-baseline","react_ccrs_mazeV2","react_ccrs_mazeV2_20260626_201650.log","10521","react.ccrs.contingency.escalation.skipped","","404",,,,,,"no_escalation_condition_met",,,,,,,,,,,"","","","","","","","",,
"react-baseline-vs-ccrs-v2","800-baseline","react_ccrs_mazeV2","react_ccrs_mazeV2_20260626_201650.log","10532","react.ccrs.contingency.escalation.considered","","405",,,,,,,,,,,,,,,,,"","","","","","","","",,
"react-baseline-vs-ccrs-v2","800-baseline","react_ccrs_mazeV2","react_ccrs_mazeV2_20260626_201650.log","10533","react.ccrs.contingency.escalation.skipped","","405",,,,,,"no_escalation_condition_met",,,,,,,,,,,"","","","","","","","",,
"react-baseline-vs-ccrs-v2","800-baseline","react_ccrs_mazeV2","react_ccrs_mazeV2_20260626_201650.log","10570","react.ccrs.contingency.escalation.considered","","406",,,,,,,,,,,,,,,,,"","","","","","","","",,
"react-baseline-vs-ccrs-v2","800-baseline","react_ccrs_mazeV2","react_ccrs_mazeV2_20260626_201650.log","10571","react.ccrs.contingency.escalation.skipped","","406",,,,,,"no_escalation_condition_met",,,,,,,,,,,"","","","","","","","",,
"react-baseline-vs-ccrs-v2","800-baseline","react_ccrs_mazeV2","react_ccrs_mazeV2_20260626_201650.log","10608","react.ccrs.contingency.escalation.considered","","407",,,,,,,,,,,,,,,,,"","","","","","","","",,
"react-baseline-vs-ccrs-v2","800-baseline","react_ccrs_mazeV2","react_ccrs_mazeV2_20260626_201650.log","10609","react.ccrs.contingency.escalation.skipped","","407",,,,,,"no_escalation_condition_met",,,,,,,,,,,"","","","","","","","",,
"react-baseline-vs-ccrs-v2","800-baseline","react_ccrs_mazeV2","react_ccrs_mazeV2_20260626_201650.log","10646","react.ccrs.contingency.escalation.considered","","408",,,,,,,,,,,,,,,,,"","","","","","","","",,
"react-baseline-vs-ccrs-v2","800-baseline","react_ccrs_mazeV2","react_ccrs_mazeV2_20260626_201650.log","10647","react.ccrs.contingency.escalation.skipped","","408",,,,,,"no_escalation_condition_met",,,,,,,,,,,"","","","","","","","",,
"react-baseline-vs-ccrs-v2","800-baseline","react_ccrs_mazeV2","react_ccrs_mazeV2_20260626_201650.log","10684","react.ccrs.contingency.escalation.considered","","409",,,,,,,,,,,,,,,,,"","","","","","","","",,
"react-baseline-vs-ccrs-v2","800-baseline","react_ccrs_mazeV2","react_ccrs_mazeV2_20260626_201650.log","10685","react.ccrs.contingency.escalation.skipped","","409",,,,,,"no_escalation_condition_met",,,,,,,,,,,"","","","","","","","",,
"react-baseline-vs-ccrs-v2","800-baseline","react_ccrs_mazeV2","react_ccrs_mazeV2_20260626_201650.log","10722","react.ccrs.contingency.escalation.considered","","410",,,,,,,,,,,,,,,,,"","","","","","","","",,
"react-baseline-vs-ccrs-v2","800-baseline","react_ccrs_mazeV2","react_ccrs_mazeV2_20260626_201650.log","10723","react.ccrs.contingency.escalation.skipped","","410",,,,,,"no_escalation_condition_met",,,,,,,,,,,"","","","","","","","",,
"react-baseline-vs-ccrs-v2","800-baseline","react_ccrs_mazeV2","react_ccrs_mazeV2_20260626_201650.log","10760","react.ccrs.contingency.escalation.considered","","411",,,,,,,,,,,,,,,,,"","","","","","","","",,
"react-baseline-vs-ccrs-v2","800-baseline","react_ccrs_mazeV2","react_ccrs_mazeV2_20260626_201650.log","10761","react.ccrs.contingency.escalation.skipped","","411",,,,,,"no_escalation_condition_met",,,,,,,,,,,"","","","","","","","",,
"react-baseline-vs-ccrs-v2","800-baseline","react_ccrs_mazeV2","react_ccrs_mazeV2_20260626_201650.log","10798","react.ccrs.contingency.escalation.considered","","412",,,,,,,,,,,,,,,,,"","","","","","","","",,
"react-baseline-vs-ccrs-v2","800-baseline","react_ccrs_mazeV2","react_ccrs_mazeV2_20260626_201650.log","10799","react.ccrs.contingency.escalation.skipped","","412",,,,,,"no_escalation_condition_met",,,,,,,,,,,"","","","","","","","",,
"react-baseline-vs-ccrs-v2","800-baseline","react_ccrs_mazeV2","react_ccrs_mazeV2_20260626_201650.log","10836","react.ccrs.contingency.escalation.considered","","413",,,,,,,,,,,,,,,,,"","","","","","","","",,
"react-baseline-vs-ccrs-v2","800-baseline","react_ccrs_mazeV2","react_ccrs_mazeV2_20260626_201650.log","10837","react.ccrs.contingency.escalation.skipped","","413",,,,,,"no_escalation_condition_met",,,,,,,,,,,"","","","","","","","",,
"react-baseline-vs-ccrs-v2","800-baseline","react_ccrs_mazeV2","react_ccrs_mazeV2_20260626_201650.log","10848","react.ccrs.contingency.escalation.considered","","414",,,,,,,,,,,,,,,,,"","","","","","","","",,
"react-baseline-vs-ccrs-v2","800-baseline","react_ccrs_mazeV2","react_ccrs_mazeV2_20260626_201650.log","10849","react.ccrs.contingency.escalation.skipped","","414",,,,,,"no_escalation_condition_met",,,,,,,,,,,"","","","","","","","",,
"react-baseline-vs-ccrs-v2","800-baseline","react_ccrs_mazeV2","react_ccrs_mazeV2_20260626_201650.log","10890","react.ccrs.contingency.escalation.considered","","415",,,,,,,,,,,,,,,,,"","","","","","","","",,
"react-baseline-vs-ccrs-v2","800-baseline","react_ccrs_mazeV2","react_ccrs_mazeV2_20260626_201650.log","10891","react.ccrs.contingency.escalation.skipped","","415",,,,,,"no_escalation_condition_met",,,,,,,,,,,"","","","","","","","",,
"react-baseline-vs-ccrs-v2","800-baseline","react_ccrs_mazeV2","react_ccrs_mazeV2_20260626_201650.log","10902","react.ccrs.contingency.escalation.considered","","416",,,,,,,,,,,,,,,,,"","","","","","","","",,
"react-baseline-vs-ccrs-v2","800-baseline","react_ccrs_mazeV2","react_ccrs_mazeV2_20260626_201650.log","10903","react.ccrs.contingency.escalation.skipped","","416",,,,,,"no_escalation_condition_met",,,,,,,,,,,"","","","","","","","",,
"react-baseline-vs-ccrs-v2","800-baseline","react_ccrs_mazeV2","react_ccrs_mazeV2_20260626_201650.log","10940","react.ccrs.contingency.escalation.considered","","417",,,,,,,,,,,,,,,,,"","","","","","","","",,
"react-baseline-vs-ccrs-v2","800-baseline","react_ccrs_mazeV2","react_ccrs_mazeV2_20260626_201650.log","10941","react.ccrs.contingency.escalation.skipped","","417",,,,,,"no_escalation_condition_met",,,,,,,,,,,"","","","","","","","",,
"react-baseline-vs-ccrs-v2","800-baseline","react_ccrs_mazeV2","react_ccrs_mazeV2_20260626_201650.log","10952","react.ccrs.contingency.escalation.considered","","418",,,,,,,,,,,,,,,,,"","","","","","","","",,
"react-baseline-vs-ccrs-v2","800-baseline","react_ccrs_mazeV2","react_ccrs_mazeV2_20260626_201650.log","10953","react.ccrs.contingency.escalation.skipped","","418",,,,,,"no_escalation_condition_met",,,,,,,,,,,"","","","","","","","",,
"react-baseline-vs-ccrs-v2","800-baseline","react_ccrs_mazeV2","react_ccrs_mazeV2_20260626_201650.log","10992","react.ccrs.contingency.escalation.considered","","419",,,,,,,,,,,,,,,,,"","","","","","","","",,
"react-baseline-vs-ccrs-v2","800-baseline","react_ccrs_mazeV2","react_ccrs_mazeV2_20260626_201650.log","10993","react.ccrs.contingency.escalation.skipped","","419",,,,,,"no_escalation_condition_met",,,,,,,,,,,"","","","","","","","",,
"react-baseline-vs-ccrs-v2","800-baseline","react_ccrs_mazeV2","react_ccrs_mazeV2_20260626_201650.log","11004","react.ccrs.contingency.escalation.considered","","420",,,,,,,,,,,,,,,,,"","","","","","","","",,
"react-baseline-vs-ccrs-v2","800-baseline","react_ccrs_mazeV2","react_ccrs_mazeV2_20260626_201650.log","11005","react.ccrs.contingency.escalation.skipped","","420",,,,,,"no_escalation_condition_met",,,,,,,,,,,"","","","","","","","",,
"react-baseline-vs-ccrs-v2","800-baseline","react_ccrs_mazeV2","react_ccrs_mazeV2_20260626_201650.log","11042","react.ccrs.contingency.escalation.considered","","421",,,,,,,,,,,,,,,,,"","","","","","","","",,
"react-baseline-vs-ccrs-v2","800-baseline","react_ccrs_mazeV2","react_ccrs_mazeV2_20260626_201650.log","11043","react.ccrs.contingency.escalation.activated","","421",,,,,,"explicit_llm_escalation","http://127.0.1.1:8080/cells/36/36","UNCERTAINTY","unexpected_structure","http://127.0.1.1:8080/cells/36/36","http://127.0.1.1:8080/cells/36/36",,,,,,"","","","","","","","",,
"react-baseline-vs-ccrs-v2","800-baseline","react_ccrs_mazeV2","react_ccrs_mazeV2_20260626_201650.log","11048","react.ccrs.contingency.classpath.resolved","",,,,,,,,,,,,,,,,,,"","","","","","","","",,
"react-baseline-vs-ccrs-v2","800-baseline","react_ccrs_mazeV2","react_ccrs_mazeV2_20260626_201650.log","11054","react.ccrs.contingency.classpath.resolved","",,,,,,,,,,,,,,,,,,"","","","","","","","",,
"react-baseline-vs-ccrs-v2","800-baseline","react_ccrs_mazeV2","react_ccrs_mazeV2_20260626_201650.log","11057","react.ccrs.contingency.evaluate","5",,,,,,,,"http://127.0.1.1:8080/cells/36/36","UNCERTAINTY","unexpected_structure","http://127.0.1.1:8080/cells/36/36","http://127.0.1.1:8080/cells/36/36",,,,,,"","","","","","","","",,
"react-baseline-vs-ccrs-v2","800-baseline","react_ccrs_mazeV2","react_ccrs_mazeV2_20260626_201650.log","11058","react.ccrs.contingency.returned","5",,,"prediction_llm","d4da907a-566a-494c-857a-81d15e6a9825","post","False",,,,,,,,"4","1","0","0","","","","","","","","",,
"react-baseline-vs-ccrs-v2","800-baseline","react_ccrs_mazeV2","react_ccrs_mazeV2_20260626_201650.log","11101","react.ccrs.contingency.escalation.considered","","422",,,,,,,,,,,,,,,,,"","","","","","","","",,
"react-baseline-vs-ccrs-v2","800-baseline","react_ccrs_mazeV2","react_ccrs_mazeV2_20260626_201650.log","11102","react.ccrs.contingency.escalation.skipped","","422",,,,,,"no_escalation_condition_met",,,,,,,,,,,"","","","","","","","",,
"react-baseline-vs-ccrs-v2","800-baseline","react_ccrs_mazeV2","react_ccrs_mazeV2_20260626_201650.log","11112","react.ccrs.contingency.escalation.considered","","423",,,,,,,,,,,,,,,,,"","","","","","","","",,
"react-baseline-vs-ccrs-v2","800-baseline","react_ccrs_mazeV2","react_ccrs_mazeV2_20260626_201650.log","11113","react.ccrs.contingency.escalation.skipped","","423",,,,,,"no_escalation_condition_met",,,,,,,,,,,"","","","","","","","",,
"react-baseline-vs-ccrs-v2","800-baseline","react_ccrs_mazeV2","react_ccrs_mazeV2_20260626_201650.log","11152","react.ccrs.contingency.escalation.considered","","424",,,,,,,,,,,,,,,,,"","","","","","","","",,
"react-baseline-vs-ccrs-v2","800-baseline","react_ccrs_mazeV2","react_ccrs_mazeV2_20260626_201650.log","11153","react.ccrs.contingency.escalation.skipped","","424",,,,,,"no_escalation_condition_met",,,,,,,,,,,"","","","","","","","",,
"react-baseline-vs-ccrs-v2","800-baseline","react_ccrs_mazeV2","react_ccrs_mazeV2_20260626_201650.log","11164","react.ccrs.contingency.escalation.considered","","425",,,,,,,,,,,,,,,,,"","","","","","","","",,
"react-baseline-vs-ccrs-v2","800-baseline","react_ccrs_mazeV2","react_ccrs_mazeV2_20260626_201650.log","11165","react.ccrs.contingency.escalation.skipped","","425",,,,,,"no_escalation_condition_met",,,,,,,,,,,"","","","","","","","",,
"react-baseline-vs-ccrs-v2","800-baseline","react_ccrs_mazeV2","react_ccrs_mazeV2_20260626_201650.log","11182","react.ccrs.contingency.escalation.considered","","426",,,,,,,,,,,,,,,,,"","","","","","","","",,
"react-baseline-vs-ccrs-v2","800-baseline","react_ccrs_mazeV2","react_ccrs_mazeV2_20260626_201650.log","11183","react.ccrs.contingency.escalation.skipped","","426",,,,,,"no_escalation_condition_met",,,,,,,,,,,"","","","","","","","",,
"react-baseline-vs-ccrs-v2","800-baseline","react_ccrs_mazeV2","react_ccrs_mazeV2_20260626_201650.log","11200","react.ccrs.contingency.escalation.considered","","427",,,,,,,,,,,,,,,,,"","","","","","","","",,
"react-baseline-vs-ccrs-v2","800-baseline","react_ccrs_mazeV2","react_ccrs_mazeV2_20260626_201650.log","11201","react.ccrs.contingency.escalation.skipped","","427",,,,,,"no_escalation_condition_met",,,,,,,,,,,"","","","","","","","",,
"react-baseline-vs-ccrs-v2","800-baseline","react_ccrs_mazeV2","react_ccrs_mazeV2_20260626_201650.log","11212","react.ccrs.contingency.escalation.considered","","428",,,,,,,,,,,,,,,,,"","","","","","","","",,
"react-baseline-vs-ccrs-v2","800-baseline","react_ccrs_mazeV2","react_ccrs_mazeV2_20260626_201650.log","11213","react.ccrs.contingency.escalation.skipped","","428",,,,,,"no_escalation_condition_met",,,,,,,,,,,"","","","","","","","",,
"react-baseline-vs-ccrs-v2","800-baseline","react_ccrs_mazeV2","react_ccrs_mazeV2_20260626_201650.log","11230","react.ccrs.contingency.escalation.considered","","429",,,,,,,,,,,,,,,,,"","","","","","","","",,
"react-baseline-vs-ccrs-v2","800-baseline","react_ccrs_mazeV2","react_ccrs_mazeV2_20260626_201650.log","11231","react.ccrs.contingency.escalation.skipped","","429",,,,,,"no_escalation_condition_met",,,,,,,,,,,"","","","","","","","",,
"react-baseline-vs-ccrs-v2","800-baseline","react_ccrs_mazeV2","react_ccrs_mazeV2_20260626_201650.log","11248","react.ccrs.contingency.escalation.considered","","430",,,,,,,,,,,,,,,,,"","","","","","","","",,
"react-baseline-vs-ccrs-v2","800-baseline","react_ccrs_mazeV2","react_ccrs_mazeV2_20260626_201650.log","11249","react.ccrs.contingency.escalation.skipped","","430",,,,,,"no_escalation_condition_met",,,,,,,,,,,"","","","","","","","",,
"react-baseline-vs-ccrs-v2","800-baseline","react_ccrs_mazeV2","react_ccrs_mazeV2_20260626_201650.log","11260","react.ccrs.contingency.escalation.considered","","431",,,,,,,,,,,,,,,,,"","","","","","","","",,
"react-baseline-vs-ccrs-v2","800-baseline","react_ccrs_mazeV2","react_ccrs_mazeV2_20260626_201650.log","11261","react.ccrs.contingency.escalation.skipped","","431",,,,,,"no_escalation_condition_met",,,,,,,,,,,"","","","","","","","",,
"react-baseline-vs-ccrs-v2","800-baseline","react_ccrs_mazeV2","react_ccrs_mazeV2_20260626_201650.log","11278","react.ccrs.contingency.escalation.considered","","432",,,,,,,,,,,,,,,,,"","","","","","","","",,
"react-baseline-vs-ccrs-v2","800-baseline","react_ccrs_mazeV2","react_ccrs_mazeV2_20260626_201650.log","11279","react.ccrs.contingency.escalation.skipped","","432",,,,,,"no_escalation_condition_met",,,,,,,,,,,"","","","","","","","",,
"react-baseline-vs-ccrs-v2","800-baseline","react_ccrs_mazeV2","react_ccrs_mazeV2_20260626_201650.log","11290","react.ccrs.contingency.escalation.considered","","433",,,,,,,,,,,,,,,,,"","","","","","","","",,
"react-baseline-vs-ccrs-v2","800-baseline","react_ccrs_mazeV2","react_ccrs_mazeV2_20260626_201650.log","11291","react.ccrs.contingency.escalation.skipped","","433",,,,,,"no_escalation_condition_met",,,,,,,,,,,"","","","","","","","",,
"react-baseline-vs-ccrs-v2","800-baseline","react_ccrs_mazeV2","react_ccrs_mazeV2_20260626_201650.log","11308","react.ccrs.contingency.escalation.considered","","434",,,,,,,,,,,,,,,,,"","","","","","","","",,
"react-baseline-vs-ccrs-v2","800-baseline","react_ccrs_mazeV2","react_ccrs_mazeV2_20260626_201650.log","11309","react.ccrs.contingency.escalation.skipped","","434",,,,,,"no_escalation_condition_met",,,,,,,,,,,"","","","","","","","",,
"react-baseline-vs-ccrs-v2","800-baseline","react_ccrs_mazeV2","react_ccrs_mazeV2_20260626_201650.log","11326","react.ccrs.contingency.escalation.considered","","435",,,,,,,,,,,,,,,,,"","","","","","","","",,
"react-baseline-vs-ccrs-v2","800-baseline","react_ccrs_mazeV2","react_ccrs_mazeV2_20260626_201650.log","11327","react.ccrs.contingency.escalation.skipped","","435",,,,,,"no_escalation_condition_met",,,,,,,,,,,"","","","","","","","",,
"react-baseline-vs-ccrs-v2","800-baseline","react_ccrs_mazeV2","react_ccrs_mazeV2_20260626_201650.log","11344","react.ccrs.contingency.escalation.considered","","436",,,,,,,,,,,,,,,,,"","","","","","","","",,
"react-baseline-vs-ccrs-v2","800-baseline","react_ccrs_mazeV2","react_ccrs_mazeV2_20260626_201650.log","11345","react.ccrs.contingency.escalation.skipped","","436",,,,,,"no_escalation_condition_met",,,,,,,,,,,"","","","","","","","",,
"react-baseline-vs-ccrs-v2","800-baseline","react_ccrs_mazeV2","react_ccrs_mazeV2_20260626_201650.log","11362","react.ccrs.contingency.escalation.considered","","437",,,,,,,,,,,,,,,,,"","","","","","","","",,
"react-baseline-vs-ccrs-v2","800-baseline","react_ccrs_mazeV2","react_ccrs_mazeV2_20260626_201650.log","11363","react.ccrs.contingency.escalation.skipped","","437",,,,,,"no_escalation_condition_met",,,,,,,,,,,"","","","","","","","",,
"react-baseline-vs-ccrs-v2","800-baseline","react_ccrs_mazeV2","react_ccrs_mazeV2_20260626_201650.log","11380","react.ccrs.contingency.escalation.considered","","438",,,,,,,,,,,,,,,,,"","","","","","","","",,
"react-baseline-vs-ccrs-v2","800-baseline","react_ccrs_mazeV2","react_ccrs_mazeV2_20260626_201650.log","11381","react.ccrs.contingency.escalation.skipped","","438",,,,,,"no_escalation_condition_met",,,,,,,,,,,"","","","","","","","",,
"react-baseline-vs-ccrs-v2","800-baseline","react_ccrs_mazeV2","react_ccrs_mazeV2_20260626_201650.log","11398","react.ccrs.contingency.escalation.considered","","439",,,,,,,,,,,,,,,,,"","","","","","","","",,
"react-baseline-vs-ccrs-v2","800-baseline","react_ccrs_mazeV2","react_ccrs_mazeV2_20260626_201650.log","11399","react.ccrs.contingency.escalation.skipped","","439",,,,,,"no_escalation_condition_met",,,,,,,,,,,"","","","","","","","",,
"react-baseline-vs-ccrs-v2","800-baseline","react_ccrs_mazeV2","react_ccrs_mazeV2_20260626_201650.log","11416","react.ccrs.contingency.escalation.considered","","440",,,,,,,,,,,,,,,,,"","","","","","","","",,
"react-baseline-vs-ccrs-v2","800-baseline","react_ccrs_mazeV2","react_ccrs_mazeV2_20260626_201650.log","11417","react.ccrs.contingency.escalation.skipped","","440",,,,,,"no_escalation_condition_met",,,,,,,,,,,"","","","","","","","",,
"react-baseline-vs-ccrs-v2","800-baseline","react_ccrs_mazeV2","react_ccrs_mazeV2_20260626_201650.log","11433","react.ccrs.contingency.escalation.considered","","441",,,,,,,,,,,,,,,,,"","","","","","","","",,
"react-baseline-vs-ccrs-v2","800-baseline","react_ccrs_mazeV2","react_ccrs_mazeV2_20260626_201650.log","11434","react.ccrs.contingency.escalation.skipped","","441",,,,,,"no_escalation_condition_met",,,,,,,,,,,"","","","","","","","",,
"react-baseline-vs-ccrs-v2","800-baseline","react_ccrs_mazeV2","react_ccrs_mazeV2_20260626_201650.log","11451","react.ccrs.contingency.escalation.considered","","442",,,,,,,,,,,,,,,,,"","","","","","","","",,
"react-baseline-vs-ccrs-v2","800-baseline","react_ccrs_mazeV2","react_ccrs_mazeV2_20260626_201650.log","11452","react.ccrs.contingency.escalation.skipped","","442",,,,,,"no_escalation_condition_met",,,,,,,,,,,"","","","","","","","",,
"react-baseline-vs-ccrs-v2","800-baseline","react_ccrs_mazeV2","react_ccrs_mazeV2_20260626_201650.log","11469","react.ccrs.contingency.escalation.considered","","443",,,,,,,,,,,,,,,,,"","","","","","","","",,
"react-baseline-vs-ccrs-v2","800-baseline","react_ccrs_mazeV2","react_ccrs_mazeV2_20260626_201650.log","11470","react.ccrs.contingency.escalation.skipped","","443",,,,,,"no_escalation_condition_met",,,,,,,,,,,"","","","","","","","",,
"react-baseline-vs-ccrs-v2","800-baseline","react_ccrs_mazeV2","react_ccrs_mazeV2_20260626_201650.log","11487","react.ccrs.contingency.escalation.considered","","444",,,,,,,,,,,,,,,,,"","","","","","","","",,
"react-baseline-vs-ccrs-v2","800-baseline","react_ccrs_mazeV2","react_ccrs_mazeV2_20260626_201650.log","11488","react.ccrs.contingency.escalation.skipped","","444",,,,,,"no_escalation_condition_met",,,,,,,,,,,"","","","","","","","",,
"react-baseline-vs-ccrs-v2","800-baseline","react_ccrs_mazeV2","react_ccrs_mazeV2_20260626_201650.log","11505","react.ccrs.contingency.escalation.considered","","445",,,,,,,,,,,,,,,,,"","","","","","","","",,
"react-baseline-vs-ccrs-v2","800-baseline","react_ccrs_mazeV2","react_ccrs_mazeV2_20260626_201650.log","11506","react.ccrs.contingency.escalation.skipped","","445",,,,,,"no_escalation_condition_met",,,,,,,,,,,"","","","","","","","",,
"react-baseline-vs-ccrs-v2","800-baseline","react_ccrs_mazeV2","react_ccrs_mazeV2_20260626_201650.log","11523","react.ccrs.contingency.escalation.considered","","446",,,,,,,,,,,,,,,,,"","","","","","","","",,
"react-baseline-vs-ccrs-v2","800-baseline","react_ccrs_mazeV2","react_ccrs_mazeV2_20260626_201650.log","11524","react.ccrs.contingency.escalation.skipped","","446",,,,,,"no_escalation_condition_met",,,,,,,,,,,"","","","","","","","",,
"react-baseline-vs-ccrs-v2","800-baseline","react_ccrs_mazeV2","react_ccrs_mazeV2_20260626_201650.log","11541","react.ccrs.contingency.escalation.considered","","447",,,,,,,,,,,,,,,,,"","","","","","","","",,
"react-baseline-vs-ccrs-v2","800-baseline","react_ccrs_mazeV2","react_ccrs_mazeV2_20260626_201650.log","11542","react.ccrs.contingency.escalation.skipped","","447",,,,,,"no_escalation_condition_met",,,,,,,,,,,"","","","","","","","",,
"react-baseline-vs-ccrs-v2","800-baseline","react_ccrs_mazeV2","react_ccrs_mazeV2_20260626_201650.log","11559","react.ccrs.contingency.escalation.considered","","448",,,,,,,,,,,,,,,,,"","","","","","","","",,
"react-baseline-vs-ccrs-v2","800-baseline","react_ccrs_mazeV2","react_ccrs_mazeV2_20260626_201650.log","11560","react.ccrs.contingency.escalation.skipped","","448",,,,,,"no_escalation_condition_met",,,,,,,,,,,"","","","","","","","",,
"react-baseline-vs-ccrs-v2","800-baseline","react_ccrs_mazeV2","react_ccrs_mazeV2_20260626_201650.log","11577","react.ccrs.contingency.escalation.considered","","449",,,,,,,,,,,,,,,,,"","","","","","","","",,
"react-baseline-vs-ccrs-v2","800-baseline","react_ccrs_mazeV2","react_ccrs_mazeV2_20260626_201650.log","11578","react.ccrs.contingency.escalation.skipped","","449",,,,,,"no_escalation_condition_met",,,,,,,,,,,"","","","","","","","",,
"react-baseline-vs-ccrs-v2","800-baseline","react_ccrs_mazeV2","react_ccrs_mazeV2_20260626_201650.log","11594","react.ccrs.contingency.escalation.considered","","450",,,,,,,,,,,,,,,,,"","","","","","","","",,
"react-baseline-vs-ccrs-v2","800-baseline","react_ccrs_mazeV2","react_ccrs_mazeV2_20260626_201650.log","11595","react.ccrs.contingency.escalation.skipped","","450",,,,,,"no_escalation_condition_met",,,,,,,,,,,"","","","","","","","",,
"react-baseline-vs-ccrs-v2","800-baseline","react_ccrs_mazeV2","react_ccrs_mazeV2_20260626_201650.log","11611","react.ccrs.contingency.escalation.considered","","451",,,,,,,,,,,,,,,,,"","","","","","","","",,
"react-baseline-vs-ccrs-v2","800-baseline","react_ccrs_mazeV2","react_ccrs_mazeV2_20260626_201650.log","11612","react.ccrs.contingency.escalation.skipped","","451",,,,,,"no_escalation_condition_met",,,,,,,,,,,"","","","","","","","",,
"react-baseline-vs-ccrs-v2","800-baseline","react_ccrs_mazeV2","react_ccrs_mazeV2_20260626_201650.log","11623","react.ccrs.contingency.escalation.considered","","452",,,,,,,,,,,,,,,,,"","","","","","","","",,
"react-baseline-vs-ccrs-v2","800-baseline","react_ccrs_mazeV2","react_ccrs_mazeV2_20260626_201650.log","11624","react.ccrs.contingency.escalation.skipped","","452",,,,,,"no_escalation_condition_met",,,,,,,,,,,"","","","","","","","",,
"react-baseline-vs-ccrs-v2","800-baseline","react_ccrs_mazeV2","react_ccrs_mazeV2_20260626_201650.log","11641","react.ccrs.contingency.escalation.considered","","453",,,,,,,,,,,,,,,,,"","","","","","","","",,
"react-baseline-vs-ccrs-v2","800-baseline","react_ccrs_mazeV2","react_ccrs_mazeV2_20260626_201650.log","11642","react.ccrs.contingency.escalation.skipped","","453",,,,,,"no_escalation_condition_met",,,,,,,,,,,"","","","","","","","",,
"react-baseline-vs-ccrs-v2","800-baseline","react_ccrs_mazeV2","react_ccrs_mazeV2_20260626_201650.log","11653","react.ccrs.contingency.escalation.considered","","454",,,,,,,,,,,,,,,,,"","","","","","","","",,
"react-baseline-vs-ccrs-v2","800-baseline","react_ccrs_mazeV2","react_ccrs_mazeV2_20260626_201650.log","11654","react.ccrs.contingency.escalation.skipped","","454",,,,,,"no_escalation_condition_met",,,,,,,,,,,"","","","","","","","",,
"react-baseline-vs-ccrs-v2","800-baseline","react_ccrs_mazeV2","react_ccrs_mazeV2_20260626_201650.log","11689","react.ccrs.contingency.escalation.considered","","455",,,,,,,,,,,,,,,,,"","","","","","","","",,
"react-baseline-vs-ccrs-v2","800-baseline","react_ccrs_mazeV2","react_ccrs_mazeV2_20260626_201650.log","11690","react.ccrs.contingency.escalation.skipped","","455",,,,,,"no_escalation_condition_met",,,,,,,,,,,"","","","","","","","",,
"react-baseline-vs-ccrs-v2","800-baseline","react_ccrs_mazeV2","react_ccrs_mazeV2_20260626_201650.log","11725","react.ccrs.contingency.escalation.considered","","456",,,,,,,,,,,,,,,,,"","","","","","","","",,
"react-baseline-vs-ccrs-v2","800-baseline","react_ccrs_mazeV2","react_ccrs_mazeV2_20260626_201650.log","11726","react.ccrs.contingency.escalation.skipped","","456",,,,,,"no_escalation_condition_met",,,,,,,,,,,"","","","","","","","",,
"react-baseline-vs-ccrs-v2","800-baseline","react_ccrs_mazeV2","react_ccrs_mazeV2_20260626_201650.log","11737","react.ccrs.contingency.escalation.considered","","457",,,,,,,,,,,,,,,,,"","","","","","","","",,
"react-baseline-vs-ccrs-v2","800-baseline","react_ccrs_mazeV2","react_ccrs_mazeV2_20260626_201650.log","11738","react.ccrs.contingency.escalation.skipped","","457",,,,,,"no_escalation_condition_met",,,,,,,,,,,"","","","","","","","",,
"react-baseline-vs-ccrs-v2","800-baseline","react_ccrs_mazeV2","react_ccrs_mazeV2_20260626_201650.log","11755","react.ccrs.contingency.escalation.considered","","458",,,,,,,,,,,,,,,,,"","","","","","","","",,
"react-baseline-vs-ccrs-v2","800-baseline","react_ccrs_mazeV2","react_ccrs_mazeV2_20260626_201650.log","11756","react.ccrs.contingency.escalation.skipped","","458",,,,,,"no_escalation_condition_met",,,,,,,,,,,"","","","","","","","",,
"react-baseline-vs-ccrs-v2","800-baseline","react_ccrs_mazeV2","react_ccrs_mazeV2_20260626_201650.log","11767","react.ccrs.contingency.escalation.considered","","459",,,,,,,,,,,,,,,,,"","","","","","","","",,
"react-baseline-vs-ccrs-v2","800-baseline","react_ccrs_mazeV2","react_ccrs_mazeV2_20260626_201650.log","11768","react.ccrs.contingency.escalation.skipped","","459",,,,,,"no_escalation_condition_met",,,,,,,,,,,"","","","","","","","",,
"react-baseline-vs-ccrs-v2","800-baseline","react_ccrs_mazeV2","react_ccrs_mazeV2_20260626_201650.log","11785","react.ccrs.contingency.escalation.considered","","460",,,,,,,,,,,,,,,,,"","","","","","","","",,
"react-baseline-vs-ccrs-v2","800-baseline","react_ccrs_mazeV2","react_ccrs_mazeV2_20260626_201650.log","11786","react.ccrs.contingency.escalation.skipped","","460",,,,,,"no_escalation_condition_met",,,,,,,,,,,"","","","","","","","",,
"react-baseline-vs-ccrs-v2","800-baseline","react_ccrs_mazeV2","react_ccrs_mazeV2_20260626_201650.log","11797","react.ccrs.contingency.escalation.considered","","461",,,,,,,,,,,,,,,,,"","","","","","","","",,
"react-baseline-vs-ccrs-v2","800-baseline","react_ccrs_mazeV2","react_ccrs_mazeV2_20260626_201650.log","11798","react.ccrs.contingency.escalation.skipped","","461",,,,,,"no_escalation_condition_met",,,,,,,,,,,"","","","","","","","",,
"react-baseline-vs-ccrs-v2","800-baseline","react_ccrs_mazeV2","react_ccrs_mazeV2_20260626_201650.log","11815","react.ccrs.contingency.escalation.considered","","462",,,,,,,,,,,,,,,,,"","","","","","","","",,
"react-baseline-vs-ccrs-v2","800-baseline","react_ccrs_mazeV2","react_ccrs_mazeV2_20260626_201650.log","11816","react.ccrs.contingency.escalation.skipped","","462",,,,,,"no_escalation_condition_met",,,,,,,,,,,"","","","","","","","",,
"react-baseline-vs-ccrs-v2","800-baseline","react_ccrs_mazeV2","react_ccrs_mazeV2_20260626_201650.log","11827","react.ccrs.contingency.escalation.considered","","463",,,,,,,,,,,,,,,,,"","","","","","","","",,
"react-baseline-vs-ccrs-v2","800-baseline","react_ccrs_mazeV2","react_ccrs_mazeV2_20260626_201650.log","11828","react.ccrs.contingency.escalation.skipped","","463",,,,,,"no_escalation_condition_met",,,,,,,,,,,"","","","","","","","",,
"react-baseline-vs-ccrs-v2","800-baseline","react_ccrs_mazeV2","react_ccrs_mazeV2_20260626_201650.log","11845","react.ccrs.contingency.escalation.considered","","464",,,,,,,,,,,,,,,,,"","","","","","","","",,
"react-baseline-vs-ccrs-v2","800-baseline","react_ccrs_mazeV2","react_ccrs_mazeV2_20260626_201650.log","11846","react.ccrs.contingency.escalation.skipped","","464",,,,,,"no_escalation_condition_met",,,,,,,,,,,"","","","","","","","",,
"react-baseline-vs-ccrs-v2","800-baseline","react_ccrs_mazeV2","react_ccrs_mazeV2_20260626_201650.log","11857","react.ccrs.contingency.escalation.considered","","465",,,,,,,,,,,,,,,,,"","","","","","","","",,
"react-baseline-vs-ccrs-v2","800-baseline","react_ccrs_mazeV2","react_ccrs_mazeV2_20260626_201650.log","11858","react.ccrs.contingency.escalation.skipped","","465",,,,,,"no_escalation_condition_met",,,,,,,,,,,"","","","","","","","",,
"react-baseline-vs-ccrs-v2","800-baseline","react_ccrs_mazeV2","react_ccrs_mazeV2_20260626_201650.log","11875","react.ccrs.contingency.escalation.considered","","466",,,,,,,,,,,,,,,,,"","","","","","","","",,
"react-baseline-vs-ccrs-v2","800-baseline","react_ccrs_mazeV2","react_ccrs_mazeV2_20260626_201650.log","11876","react.ccrs.contingency.escalation.skipped","","466",,,,,,"no_escalation_condition_met",,,,,,,,,,,"","","","","","","","",,
"react-baseline-vs-ccrs-v2","800-baseline","react_ccrs_mazeV2","react_ccrs_mazeV2_20260626_201650.log","11887","react.ccrs.contingency.escalation.considered","","467",,,,,,,,,,,,,,,,,"","","","","","","","",,
"react-baseline-vs-ccrs-v2","800-baseline","react_ccrs_mazeV2","react_ccrs_mazeV2_20260626_201650.log","11888","react.ccrs.contingency.escalation.skipped","","467",,,,,,"no_escalation_condition_met",,,,,,,,,,,"","","","","","","","",,
"react-baseline-vs-ccrs-v2","800-baseline","react_ccrs_mazeV2","react_ccrs_mazeV2_20260626_201650.log","11923","react.ccrs.contingency.escalation.considered","","468",,,,,,,,,,,,,,,,,"","","","","","","","",,
"react-baseline-vs-ccrs-v2","800-baseline","react_ccrs_mazeV2","react_ccrs_mazeV2_20260626_201650.log","11924","react.ccrs.contingency.escalation.skipped","","468",,,,,,"no_escalation_condition_met",,,,,,,,,,,"","","","","","","","",,
"react-baseline-vs-ccrs-v2","800-baseline","react_ccrs_mazeV2","react_ccrs_mazeV2_20260626_201650.log","11935","react.ccrs.contingency.escalation.considered","","469",,,,,,,,,,,,,,,,,"","","","","","","","",,
"react-baseline-vs-ccrs-v2","800-baseline","react_ccrs_mazeV2","react_ccrs_mazeV2_20260626_201650.log","11936","react.ccrs.contingency.escalation.skipped","","469",,,,,,"no_escalation_condition_met",,,,,,,,,,,"","","","","","","","",,
"react-baseline-vs-ccrs-v2","800-baseline","react_ccrs_mazeV2","react_ccrs_mazeV2_20260626_201650.log","11953","react.ccrs.contingency.escalation.considered","","470",,,,,,,,,,,,,,,,,"","","","","","","","",,
"react-baseline-vs-ccrs-v2","800-baseline","react_ccrs_mazeV2","react_ccrs_mazeV2_20260626_201650.log","11954","react.ccrs.contingency.escalation.skipped","","470",,,,,,"no_escalation_condition_met",,,,,,,,,,,"","","","","","","","",,
"react-baseline-vs-ccrs-v2","800-baseline","react_ccrs_mazeV2","react_ccrs_mazeV2_20260626_201650.log","11965","react.ccrs.contingency.escalation.considered","","471",,,,,,,,,,,,,,,,,"","","","","","","","",,
"react-baseline-vs-ccrs-v2","800-baseline","react_ccrs_mazeV2","react_ccrs_mazeV2_20260626_201650.log","11966","react.ccrs.contingency.escalation.skipped","","471",,,,,,"no_escalation_condition_met",,,,,,,,,,,"","","","","","","","",,
"react-baseline-vs-ccrs-v2","800-baseline","react_ccrs_mazeV2","react_ccrs_mazeV2_20260626_201650.log","11983","react.ccrs.contingency.escalation.considered","","472",,,,,,,,,,,,,,,,,"","","","","","","","",,
"react-baseline-vs-ccrs-v2","800-baseline","react_ccrs_mazeV2","react_ccrs_mazeV2_20260626_201650.log","11984","react.ccrs.contingency.escalation.skipped","","472",,,,,,"no_escalation_condition_met",,,,,,,,,,,"","","","","","","","",,
"react-baseline-vs-ccrs-v2","800-baseline","react_ccrs_mazeV2","react_ccrs_mazeV2_20260626_201650.log","12001","react.ccrs.contingency.escalation.considered","","473",,,,,,,,,,,,,,,,,"","","","","","","","",,
"react-baseline-vs-ccrs-v2","800-baseline","react_ccrs_mazeV2","react_ccrs_mazeV2_20260626_201650.log","12002","react.ccrs.contingency.escalation.skipped","","473",,,,,,"no_escalation_condition_met",,,,,,,,,,,"","","","","","","","",,
"react-baseline-vs-ccrs-v2","800-baseline","react_ccrs_mazeV2","react_ccrs_mazeV2_20260626_201650.log","12013","react.ccrs.contingency.escalation.considered","","474",,,,,,,,,,,,,,,,,"","","","","","","","",,
"react-baseline-vs-ccrs-v2","800-baseline","react_ccrs_mazeV2","react_ccrs_mazeV2_20260626_201650.log","12014","react.ccrs.contingency.escalation.skipped","","474",,,,,,"no_escalation_condition_met",,,,,,,,,,,"","","","","","","","",,
"react-baseline-vs-ccrs-v2","800-baseline","react_ccrs_mazeV2","react_ccrs_mazeV2_20260626_201650.log","12031","react.ccrs.contingency.escalation.considered","","475",,,,,,,,,,,,,,,,,"","","","","","","","",,
"react-baseline-vs-ccrs-v2","800-baseline","react_ccrs_mazeV2","react_ccrs_mazeV2_20260626_201650.log","12032","react.ccrs.contingency.escalation.skipped","","475",,,,,,"no_escalation_condition_met",,,,,,,,,,,"","","","","","","","",,
"react-baseline-vs-ccrs-v2","800-baseline","react_ccrs_mazeV2","react_ccrs_mazeV2_20260626_201650.log","12043","react.ccrs.contingency.escalation.considered","","476",,,,,,,,,,,,,,,,,"","","","","","","","",,
"react-baseline-vs-ccrs-v2","800-baseline","react_ccrs_mazeV2","react_ccrs_mazeV2_20260626_201650.log","12044","react.ccrs.contingency.escalation.skipped","","476",,,,,,"no_escalation_condition_met",,,,,,,,,,,"","","","","","","","",,
"react-baseline-vs-ccrs-v2","800-baseline","react_ccrs_mazeV2","react_ccrs_mazeV2_20260626_201650.log","12079","react.ccrs.contingency.escalation.considered","","477",,,,,,,,,,,,,,,,,"","","","","","","","",,
"react-baseline-vs-ccrs-v2","800-baseline","react_ccrs_mazeV2","react_ccrs_mazeV2_20260626_201650.log","12080","react.ccrs.contingency.escalation.skipped","","477",,,,,,"no_escalation_condition_met",,,,,,,,,,,"","","","","","","","",,
"react-baseline-vs-ccrs-v2","800-baseline","react_ccrs_mazeV2","react_ccrs_mazeV2_20260626_201650.log","12091","react.ccrs.contingency.escalation.considered","","478",,,,,,,,,,,,,,,,,"","","","","","","","",,
"react-baseline-vs-ccrs-v2","800-baseline","react_ccrs_mazeV2","react_ccrs_mazeV2_20260626_201650.log","12092","react.ccrs.contingency.escalation.skipped","","478",,,,,,"no_escalation_condition_met",,,,,,,,,,,"","","","","","","","",,
"react-baseline-vs-ccrs-v2","800-baseline","react_ccrs_mazeV2","react_ccrs_mazeV2_20260626_201650.log","12109","react.ccrs.contingency.escalation.considered","","479",,,,,,,,,,,,,,,,,"","","","","","","","",,
"react-baseline-vs-ccrs-v2","800-baseline","react_ccrs_mazeV2","react_ccrs_mazeV2_20260626_201650.log","12110","react.ccrs.contingency.escalation.skipped","","479",,,,,,"no_escalation_condition_met",,,,,,,,,,,"","","","","","","","",,
"react-baseline-vs-ccrs-v2","800-baseline","react_ccrs_mazeV2","react_ccrs_mazeV2_20260626_201650.log","12127","react.ccrs.contingency.escalation.considered","","480",,,,,,,,,,,,,,,,,"","","","","","","","",,
"react-baseline-vs-ccrs-v2","800-baseline","react_ccrs_mazeV2","react_ccrs_mazeV2_20260626_201650.log","12128","react.ccrs.contingency.escalation.skipped","","480",,,,,,"no_escalation_condition_met",,,,,,,,,,,"","","","","","","","",,
"react-baseline-vs-ccrs-v2","800-baseline","react_ccrs_mazeV2","react_ccrs_mazeV2_20260626_201650.log","12139","react.ccrs.contingency.escalation.considered","","481",,,,,,,,,,,,,,,,,"","","","","","","","",,
"react-baseline-vs-ccrs-v2","800-baseline","react_ccrs_mazeV2","react_ccrs_mazeV2_20260626_201650.log","12140","react.ccrs.contingency.escalation.skipped","","481",,,,,,"no_escalation_condition_met",,,,,,,,,,,"","","","","","","","",,
"react-baseline-vs-ccrs-v2","800-baseline","react_ccrs_mazeV2","react_ccrs_mazeV2_20260626_201650.log","12175","react.ccrs.contingency.escalation.considered","","482",,,,,,,,,,,,,,,,,"","","","","","","","",,
"react-baseline-vs-ccrs-v2","800-baseline","react_ccrs_mazeV2","react_ccrs_mazeV2_20260626_201650.log","12176","react.ccrs.contingency.escalation.skipped","","482",,,,,,"no_escalation_condition_met",,,,,,,,,,,"","","","","","","","",,
"react-baseline-vs-ccrs-v2","800-baseline","react_ccrs_mazeV2","react_ccrs_mazeV2_20260626_201650.log","12187","react.ccrs.contingency.escalation.considered","","483",,,,,,,,,,,,,,,,,"","","","","","","","",,
"react-baseline-vs-ccrs-v2","800-baseline","react_ccrs_mazeV2","react_ccrs_mazeV2_20260626_201650.log","12188","react.ccrs.contingency.escalation.skipped","","483",,,,,,"no_escalation_condition_met",,,,,,,,,,,"","","","","","","","",,
"react-baseline-vs-ccrs-v2","800-baseline","react_ccrs_mazeV2","react_ccrs_mazeV2_20260626_201650.log","12205","react.ccrs.contingency.escalation.considered","","484",,,,,,,,,,,,,,,,,"","","","","","","","",,
"react-baseline-vs-ccrs-v2","800-baseline","react_ccrs_mazeV2","react_ccrs_mazeV2_20260626_201650.log","12206","react.ccrs.contingency.escalation.skipped","","484",,,,,,"no_escalation_condition_met",,,,,,,,,,,"","","","","","","","",,
"react-baseline-vs-ccrs-v2","800-baseline","react_ccrs_mazeV2","react_ccrs_mazeV2_20260626_201650.log","12217","react.ccrs.contingency.escalation.considered","","485",,,,,,,,,,,,,,,,,"","","","","","","","",,
"react-baseline-vs-ccrs-v2","800-baseline","react_ccrs_mazeV2","react_ccrs_mazeV2_20260626_201650.log","12218","react.ccrs.contingency.escalation.skipped","","485",,,,,,"no_escalation_condition_met",,,,,,,,,,,"","","","","","","","",,
"react-baseline-vs-ccrs-v2","800-baseline","react_ccrs_mazeV2","react_ccrs_mazeV2_20260626_201650.log","12235","react.ccrs.contingency.escalation.considered","","486",,,,,,,,,,,,,,,,,"","","","","","","","",,
"react-baseline-vs-ccrs-v2","800-baseline","react_ccrs_mazeV2","react_ccrs_mazeV2_20260626_201650.log","12236","react.ccrs.contingency.escalation.skipped","","486",,,,,,"no_escalation_condition_met",,,,,,,,,,,"","","","","","","","",,
"react-baseline-vs-ccrs-v2","800-baseline","react_ccrs_mazeV2","react_ccrs_mazeV2_20260626_201650.log","12247","react.ccrs.contingency.escalation.considered","","487",,,,,,,,,,,,,,,,,"","","","","","","","",,
"react-baseline-vs-ccrs-v2","800-baseline","react_ccrs_mazeV2","react_ccrs_mazeV2_20260626_201650.log","12248","react.ccrs.contingency.escalation.skipped","","487",,,,,,"no_escalation_condition_met",,,,,,,,,,,"","","","","","","","",,
"react-baseline-vs-ccrs-v2","800-baseline","react_ccrs_mazeV2","react_ccrs_mazeV2_20260626_201650.log","12265","react.ccrs.contingency.escalation.considered","","488",,,,,,,,,,,,,,,,,"","","","","","","","",,
"react-baseline-vs-ccrs-v2","800-baseline","react_ccrs_mazeV2","react_ccrs_mazeV2_20260626_201650.log","12266","react.ccrs.contingency.escalation.skipped","","488",,,,,,"no_escalation_condition_met",,,,,,,,,,,"","","","","","","","",,
"react-baseline-vs-ccrs-v2","800-baseline","react_ccrs_mazeV2","react_ccrs_mazeV2_20260626_201650.log","12277","react.ccrs.contingency.escalation.considered","","489",,,,,,,,,,,,,,,,,"","","","","","","","",,
"react-baseline-vs-ccrs-v2","800-baseline","react_ccrs_mazeV2","react_ccrs_mazeV2_20260626_201650.log","12278","react.ccrs.contingency.escalation.skipped","","489",,,,,,"no_escalation_condition_met",,,,,,,,,,,"","","","","","","","",,
"react-baseline-vs-ccrs-v2","800-baseline","react_ccrs_mazeV2","react_ccrs_mazeV2_20260626_201650.log","12295","react.ccrs.contingency.escalation.considered","","490",,,,,,,,,,,,,,,,,"","","","","","","","",,
"react-baseline-vs-ccrs-v2","800-baseline","react_ccrs_mazeV2","react_ccrs_mazeV2_20260626_201650.log","12296","react.ccrs.contingency.escalation.skipped","","490",,,,,,"no_escalation_condition_met",,,,,,,,,,,"","","","","","","","",,
"react-baseline-vs-ccrs-v2","800-baseline","react_ccrs_mazeV2","react_ccrs_mazeV2_20260626_201650.log","12307","react.ccrs.contingency.escalation.considered","","491",,,,,,,,,,,,,,,,,"","","","","","","","",,
"react-baseline-vs-ccrs-v2","800-baseline","react_ccrs_mazeV2","react_ccrs_mazeV2_20260626_201650.log","12308","react.ccrs.contingency.escalation.skipped","","491",,,,,,"no_escalation_condition_met",,,,,,,,,,,"","","","","","","","",,
"react-baseline-vs-ccrs-v2","800-baseline","react_ccrs_mazeV2","react_ccrs_mazeV2_20260626_201650.log","12325","react.ccrs.contingency.escalation.considered","","492",,,,,,,,,,,,,,,,,"","","","","","","","",,
"react-baseline-vs-ccrs-v2","800-baseline","react_ccrs_mazeV2","react_ccrs_mazeV2_20260626_201650.log","12326","react.ccrs.contingency.escalation.skipped","","492",,,,,,"no_escalation_condition_met",,,,,,,,,,,"","","","","","","","",,
"react-baseline-vs-ccrs-v2","800-baseline","react_ccrs_mazeV2","react_ccrs_mazeV2_20260626_201650.log","12343","react.ccrs.contingency.escalation.considered","","493",,,,,,,,,,,,,,,,,"","","","","","","","",,
"react-baseline-vs-ccrs-v2","800-baseline","react_ccrs_mazeV2","react_ccrs_mazeV2_20260626_201650.log","12344","react.ccrs.contingency.escalation.skipped","","493",,,,,,"no_escalation_condition_met",,,,,,,,,,,"","","","","","","","",,
"react-baseline-vs-ccrs-v2","800-baseline","react_ccrs_mazeV2","react_ccrs_mazeV2_20260626_201650.log","12355","react.ccrs.contingency.escalation.considered","","494",,,,,,,,,,,,,,,,,"","","","","","","","",,
"react-baseline-vs-ccrs-v2","800-baseline","react_ccrs_mazeV2","react_ccrs_mazeV2_20260626_201650.log","12356","react.ccrs.contingency.escalation.skipped","","494",,,,,,"no_escalation_condition_met",,,,,,,,,,,"","","","","","","","",,
"react-baseline-vs-ccrs-v2","800-baseline","react_ccrs_mazeV2","react_ccrs_mazeV2_20260626_201650.log","12373","react.ccrs.contingency.escalation.considered","","495",,,,,,,,,,,,,,,,,"","","","","","","","",,
"react-baseline-vs-ccrs-v2","800-baseline","react_ccrs_mazeV2","react_ccrs_mazeV2_20260626_201650.log","12374","react.ccrs.contingency.escalation.skipped","","495",,,,,,"no_escalation_condition_met",,,,,,,,,,,"","","","","","","","",,
"react-baseline-vs-ccrs-v2","800-baseline","react_ccrs_mazeV2","react_ccrs_mazeV2_20260626_201650.log","12385","react.ccrs.contingency.escalation.considered","","496",,,,,,,,,,,,,,,,,"","","","","","","","",,
"react-baseline-vs-ccrs-v2","800-baseline","react_ccrs_mazeV2","react_ccrs_mazeV2_20260626_201650.log","12386","react.ccrs.contingency.escalation.skipped","","496",,,,,,"no_escalation_condition_met",,,,,,,,,,,"","","","","","","","",,
"react-baseline-vs-ccrs-v2","800-baseline","react_ccrs_mazeV2","react_ccrs_mazeV2_20260626_201650.log","12403","react.ccrs.contingency.escalation.considered","","497",,,,,,,,,,,,,,,,,"","","","","","","","",,
"react-baseline-vs-ccrs-v2","800-baseline","react_ccrs_mazeV2","react_ccrs_mazeV2_20260626_201650.log","12404","react.ccrs.contingency.escalation.skipped","","497",,,,,,"no_escalation_condition_met",,,,,,,,,,,"","","","","","","","",,
"react-baseline-vs-ccrs-v2","800-baseline","react_ccrs_mazeV2","react_ccrs_mazeV2_20260626_201650.log","12415","react.ccrs.contingency.escalation.considered","","498",,,,,,,,,,,,,,,,,"","","","","","","","",,
"react-baseline-vs-ccrs-v2","800-baseline","react_ccrs_mazeV2","react_ccrs_mazeV2_20260626_201650.log","12416","react.ccrs.contingency.escalation.skipped","","498",,,,,,"no_escalation_condition_met",,,,,,,,,,,"","","","","","","","",,
"react-baseline-vs-ccrs-v2","800-baseline","react_ccrs_mazeV2","react_ccrs_mazeV2_20260626_201650.log","12433","react.ccrs.contingency.escalation.considered","","499",,,,,,,,,,,,,,,,,"","","","","","","","",,
"react-baseline-vs-ccrs-v2","800-baseline","react_ccrs_mazeV2","react_ccrs_mazeV2_20260626_201650.log","12434","react.ccrs.contingency.escalation.skipped","","499",,,,,,"no_escalation_condition_met",,,,,,,,,,,"","","","","","","","",,
"react-baseline-vs-ccrs-v2","800-baseline","react_ccrs_mazeV2","react_ccrs_mazeV2_20260626_201650.log","12445","react.ccrs.contingency.escalation.considered","","500",,,,,,,,,,,,,,,,,"","","","","","","","",,
"react-baseline-vs-ccrs-v2","800-baseline","react_ccrs_mazeV2","react_ccrs_mazeV2_20260626_201650.log","12446","react.ccrs.contingency.escalation.skipped","","500",,,,,,"no_escalation_condition_met",,,,,,,,,,,"","","","","","","","",,
"react-baseline-vs-ccrs-v2","800-baseline","react_ccrs_mazeV2","react_ccrs_mazeV2_20260626_201650.log","12463","react.ccrs.contingency.escalation.considered","","501",,,,,,,,,,,,,,,,,"","","","","","","","",,
"react-baseline-vs-ccrs-v2","800-baseline","react_ccrs_mazeV2","react_ccrs_mazeV2_20260626_201650.log","12464","react.ccrs.contingency.escalation.skipped","","501",,,,,,"no_escalation_condition_met",,,,,,,,,,,"","","","","","","","",,
"react-baseline-vs-ccrs-v2","800-baseline","react_ccrs_mazeV2","react_ccrs_mazeV2_20260626_201650.log","12475","react.ccrs.contingency.escalation.considered","","502",,,,,,,,,,,,,,,,,"","","","","","","","",,
"react-baseline-vs-ccrs-v2","800-baseline","react_ccrs_mazeV2","react_ccrs_mazeV2_20260626_201650.log","12476","react.ccrs.contingency.escalation.skipped","","502",,,,,,"no_escalation_condition_met",,,,,,,,,,,"","","","","","","","",,
"react-baseline-vs-ccrs-v2","800-baseline","react_ccrs_mazeV2","react_ccrs_mazeV2_20260626_201650.log","12493","react.ccrs.contingency.escalation.considered","","503",,,,,,,,,,,,,,,,,"","","","","","","","",,
"react-baseline-vs-ccrs-v2","800-baseline","react_ccrs_mazeV2","react_ccrs_mazeV2_20260626_201650.log","12494","react.ccrs.contingency.escalation.skipped","","503",,,,,,"no_escalation_condition_met",,,,,,,,,,,"","","","","","","","",,
"react-baseline-vs-ccrs-v2","800-baseline","react_ccrs_mazeV2","react_ccrs_mazeV2_20260626_201650.log","12505","react.ccrs.contingency.escalation.considered","","504",,,,,,,,,,,,,,,,,"","","","","","","","",,
"react-baseline-vs-ccrs-v2","800-baseline","react_ccrs_mazeV2","react_ccrs_mazeV2_20260626_201650.log","12506","react.ccrs.contingency.escalation.skipped","","504",,,,,,"no_escalation_condition_met",,,,,,,,,,,"","","","","","","","",,
"react-baseline-vs-ccrs-v2","800-baseline","react_ccrs_mazeV2","react_ccrs_mazeV2_20260626_201650.log","12523","react.ccrs.contingency.escalation.considered","","505",,,,,,,,,,,,,,,,,"","","","","","","","",,
"react-baseline-vs-ccrs-v2","800-baseline","react_ccrs_mazeV2","react_ccrs_mazeV2_20260626_201650.log","12524","react.ccrs.contingency.escalation.activated","","505",,,,,,"explicit_llm_escalation","http://127.0.1.1:8080/cells/44/45","UNCERTAINTY","unexpected_structure","http://127.0.1.1:8080/cells/44/45","http://127.0.1.1:8080/cells/44/45",,,,,,"","","","","","","","",,
"react-baseline-vs-ccrs-v2","800-baseline","react_ccrs_mazeV2","react_ccrs_mazeV2_20260626_201650.log","12529","react.ccrs.contingency.classpath.resolved","",,,,,,,,,,,,,,,,,,"","","","","","","","",,
"react-baseline-vs-ccrs-v2","800-baseline","react_ccrs_mazeV2","react_ccrs_mazeV2_20260626_201650.log","12535","react.ccrs.contingency.classpath.resolved","",,,,,,,,,,,,,,,,,,"","","","","","","","",,
"react-baseline-vs-ccrs-v2","800-baseline","react_ccrs_mazeV2","react_ccrs_mazeV2_20260626_201650.log","12538","react.ccrs.contingency.evaluate","6",,,,,,,,"http://127.0.1.1:8080/cells/44/45","UNCERTAINTY","unexpected_structure","http://127.0.1.1:8080/cells/44/45","http://127.0.1.1:8080/cells/44/45",,,,,,"","","","","","","","",,
"react-baseline-vs-ccrs-v2","800-baseline","react_ccrs_mazeV2","react_ccrs_mazeV2_20260626_201650.log","12539","react.ccrs.contingency.returned","6",,,"consultation","6a3b5d91-db8c-4be6-9bd3-c5be7b5b4cec","post","False",,,,,,,,"4","2","0","0","","","","","","","","",,
"react-baseline-vs-ccrs-v2","800-baseline","react_ccrs_mazeV2","react_ccrs_mazeV2_20260626_201650.log","12595","react.ccrs.contingency.escalation.considered","","506",,,,,,,,,,,,,,,,,"","","","","","","","",,
"react-baseline-vs-ccrs-v2","800-baseline","react_ccrs_mazeV2","react_ccrs_mazeV2_20260626_201650.log","12596","react.ccrs.contingency.escalation.skipped","","506",,,,,,"no_escalation_condition_met",,,,,,,,,,,"","","","","","","","",,
"react-baseline-vs-ccrs-v2","800-baseline","react_ccrs_mazeV2","react_ccrs_mazeV2_20260626_201650.log","12606","react.ccrs.contingency.escalation.considered","","507",,,,,,,,,,,,,,,,,"","","","","","","","",,
"react-baseline-vs-ccrs-v2","800-baseline","react_ccrs_mazeV2","react_ccrs_mazeV2_20260626_201650.log","12607","react.ccrs.contingency.escalation.skipped","","507",,,,,,"no_escalation_condition_met",,,,,,,,,,,"","","","","","","","",,
"react-baseline-vs-ccrs-v2","800-baseline","react_ccrs_mazeV2","react_ccrs_mazeV2_20260626_201650.log","12642","react.ccrs.contingency.escalation.considered","","508",,,,,,,,,,,,,,,,,"","","","","","","","",,
"react-baseline-vs-ccrs-v2","800-baseline","react_ccrs_mazeV2","react_ccrs_mazeV2_20260626_201650.log","12643","react.ccrs.contingency.escalation.skipped","","508",,,,,,"no_escalation_condition_met",,,,,,,,,,,"","","","","","","","",,
"react-baseline-vs-ccrs-v2","800-baseline","react_ccrs_mazeV2","react_ccrs_mazeV2_20260626_201650.log","12654","react.ccrs.contingency.escalation.considered","","509",,,,,,,,,,,,,,,,,"","","","","","","","",,
"react-baseline-vs-ccrs-v2","800-baseline","react_ccrs_mazeV2","react_ccrs_mazeV2_20260626_201650.log","12655","react.ccrs.contingency.escalation.skipped","","509",,,,,,"no_escalation_condition_met",,,,,,,,,,,"","","","","","","","",,
"react-baseline-vs-ccrs-v2","800-baseline","react_ccrs_mazeV2","react_ccrs_mazeV2_20260626_201650.log","12672","react.ccrs.contingency.escalation.considered","","510",,,,,,,,,,,,,,,,,"","","","","","","","",,
"react-baseline-vs-ccrs-v2","800-baseline","react_ccrs_mazeV2","react_ccrs_mazeV2_20260626_201650.log","12673","react.ccrs.contingency.escalation.skipped","","510",,,,,,"no_escalation_condition_met",,,,,,,,,,,"","","","","","","","",,
"react-baseline-vs-ccrs-v2","800-baseline","react_ccrs_mazeV2","react_ccrs_mazeV2_20260626_201650.log","12690","react.ccrs.contingency.escalation.considered","","511",,,,,,,,,,,,,,,,,"","","","","","","","",,
"react-baseline-vs-ccrs-v2","800-baseline","react_ccrs_mazeV2","react_ccrs_mazeV2_20260626_201650.log","12691","react.ccrs.contingency.escalation.skipped","","511",,,,,,"no_escalation_condition_met",,,,,,,,,,,"","","","","","","","",,
"react-baseline-vs-ccrs-v2","800-baseline","react_ccrs_mazeV2","react_ccrs_mazeV2_20260626_201650.log","12708","react.ccrs.contingency.escalation.considered","","512",,,,,,,,,,,,,,,,,"","","","","","","","",,
"react-baseline-vs-ccrs-v2","800-baseline","react_ccrs_mazeV2","react_ccrs_mazeV2_20260626_201650.log","12709","react.ccrs.contingency.escalation.skipped","","512",,,,,,"no_escalation_condition_met",,,,,,,,,,,"","","","","","","","",,
"react-baseline-vs-ccrs-v2","800-baseline","react_ccrs_mazeV2","react_ccrs_mazeV2_20260626_201650.log","12726","react.ccrs.contingency.escalation.considered","","513",,,,,,,,,,,,,,,,,"","","","","","","","",,
"react-baseline-vs-ccrs-v2","800-baseline","react_ccrs_mazeV2","react_ccrs_mazeV2_20260626_201650.log","12727","react.ccrs.contingency.escalation.skipped","","513",,,,,,"no_escalation_condition_met",,,,,,,,,,,"","","","","","","","",,
"react-baseline-vs-ccrs-v2","800-baseline","react_ccrs_mazeV2","react_ccrs_mazeV2_20260626_201650.log","12743","react.ccrs.contingency.escalation.considered","","514",,,,,,,,,,,,,,,,,"","","","","","","","",,
"react-baseline-vs-ccrs-v2","800-baseline","react_ccrs_mazeV2","react_ccrs_mazeV2_20260626_201650.log","12744","react.ccrs.contingency.escalation.skipped","","514",,,,,,"no_escalation_condition_met",,,,,,,,,,,"","","","","","","","",,
"react-baseline-vs-ccrs-v2","800-baseline","react_ccrs_mazeV2","react_ccrs_mazeV2_20260626_201650.log","12761","react.ccrs.contingency.escalation.considered","","515",,,,,,,,,,,,,,,,,"","","","","","","","",,
"react-baseline-vs-ccrs-v2","800-baseline","react_ccrs_mazeV2","react_ccrs_mazeV2_20260626_201650.log","12762","react.ccrs.contingency.escalation.skipped","","515",,,,,,"no_escalation_condition_met",,,,,,,,,,,"","","","","","","","",,
"react-baseline-vs-ccrs-v2","800-baseline","react_ccrs_mazeV2","react_ccrs_mazeV2_20260626_201650.log","12779","react.ccrs.contingency.escalation.considered","","516",,,,,,,,,,,,,,,,,"","","","","","","","",,
"react-baseline-vs-ccrs-v2","800-baseline","react_ccrs_mazeV2","react_ccrs_mazeV2_20260626_201650.log","12780","react.ccrs.contingency.escalation.skipped","","516",,,,,,"no_escalation_condition_met",,,,,,,,,,,"","","","","","","","",,
"react-baseline-vs-ccrs-v2","800-baseline","react_ccrs_mazeV2","react_ccrs_mazeV2_20260626_201650.log","12797","react.ccrs.contingency.escalation.considered","","517",,,,,,,,,,,,,,,,,"","","","","","","","",,
"react-baseline-vs-ccrs-v2","800-baseline","react_ccrs_mazeV2","react_ccrs_mazeV2_20260626_201650.log","12798","react.ccrs.contingency.escalation.skipped","","517",,,,,,"no_escalation_condition_met",,,,,,,,,,,"","","","","","","","",,
"react-baseline-vs-ccrs-v2","800-baseline","react_ccrs_mazeV2","react_ccrs_mazeV2_20260626_201650.log","12815","react.ccrs.contingency.escalation.considered","","518",,,,,,,,,,,,,,,,,"","","","","","","","",,
"react-baseline-vs-ccrs-v2","800-baseline","react_ccrs_mazeV2","react_ccrs_mazeV2_20260626_201650.log","12816","react.ccrs.contingency.escalation.skipped","","518",,,,,,"no_escalation_condition_met",,,,,,,,,,,"","","","","","","","",,
"react-baseline-vs-ccrs-v2","800-baseline","react_ccrs_mazeV2","react_ccrs_mazeV2_20260626_201650.log","12833","react.ccrs.contingency.escalation.considered","","519",,,,,,,,,,,,,,,,,"","","","","","","","",,
"react-baseline-vs-ccrs-v2","800-baseline","react_ccrs_mazeV2","react_ccrs_mazeV2_20260626_201650.log","12834","react.ccrs.contingency.escalation.skipped","","519",,,,,,"no_escalation_condition_met",,,,,,,,,,,"","","","","","","","",,
"react-baseline-vs-ccrs-v2","800-baseline","react_ccrs_mazeV2","react_ccrs_mazeV2_20260626_201650.log","12851","react.ccrs.contingency.escalation.considered","","520",,,,,,,,,,,,,,,,,"","","","","","","","",,
"react-baseline-vs-ccrs-v2","800-baseline","react_ccrs_mazeV2","react_ccrs_mazeV2_20260626_201650.log","12852","react.ccrs.contingency.escalation.skipped","","520",,,,,,"no_escalation_condition_met",,,,,,,,,,,"","","","","","","","",,
"react-baseline-vs-ccrs-v2","800-baseline","react_ccrs_mazeV2","react_ccrs_mazeV2_20260626_201650.log","12869","react.ccrs.contingency.escalation.considered","","521",,,,,,,,,,,,,,,,,"","","","","","","","",,
"react-baseline-vs-ccrs-v2","800-baseline","react_ccrs_mazeV2","react_ccrs_mazeV2_20260626_201650.log","12870","react.ccrs.contingency.escalation.skipped","","521",,,,,,"no_escalation_condition_met",,,,,,,,,,,"","","","","","","","",,
"react-baseline-vs-ccrs-v2","800-baseline","react_ccrs_mazeV2","react_ccrs_mazeV2_20260626_201650.log","12887","react.ccrs.contingency.escalation.considered","","522",,,,,,,,,,,,,,,,,"","","","","","","","",,
"react-baseline-vs-ccrs-v2","800-baseline","react_ccrs_mazeV2","react_ccrs_mazeV2_20260626_201650.log","12888","react.ccrs.contingency.escalation.skipped","","522",,,,,,"no_escalation_condition_met",,,,,,,,,,,"","","","","","","","",,
"react-baseline-vs-ccrs-v2","800-baseline","react_ccrs_mazeV2","react_ccrs_mazeV2_20260626_201650.log","12905","react.ccrs.contingency.escalation.considered","","523",,,,,,,,,,,,,,,,,"","","","","","","","",,
"react-baseline-vs-ccrs-v2","800-baseline","react_ccrs_mazeV2","react_ccrs_mazeV2_20260626_201650.log","12906","react.ccrs.contingency.escalation.skipped","","523",,,,,,"no_escalation_condition_met",,,,,,,,,,,"","","","","","","","",,
"react-baseline-vs-ccrs-v2","800-baseline","react_ccrs_mazeV2","react_ccrs_mazeV2_20260626_201650.log","12923","react.ccrs.contingency.escalation.considered","","524",,,,,,,,,,,,,,,,,"","","","","","","","",,
"react-baseline-vs-ccrs-v2","800-baseline","react_ccrs_mazeV2","react_ccrs_mazeV2_20260626_201650.log","12924","react.ccrs.contingency.escalation.skipped","","524",,,,,,"no_escalation_condition_met",,,,,,,,,,,"","","","","","","","",,
"react-baseline-vs-ccrs-v2","800-baseline","react_ccrs_mazeV2","react_ccrs_mazeV2_20260626_201650.log","12941","react.ccrs.contingency.escalation.considered","","525",,,,,,,,,,,,,,,,,"","","","","","","","",,
"react-baseline-vs-ccrs-v2","800-baseline","react_ccrs_mazeV2","react_ccrs_mazeV2_20260626_201650.log","12942","react.ccrs.contingency.escalation.skipped","","525",,,,,,"no_escalation_condition_met",,,,,,,,,,,"","","","","","","","",,
"react-baseline-vs-ccrs-v2","800-baseline","react_ccrs_mazeV2","react_ccrs_mazeV2_20260626_201650.log","12959","react.ccrs.contingency.escalation.considered","","526",,,,,,,,,,,,,,,,,"","","","","","","","",,
"react-baseline-vs-ccrs-v2","800-baseline","react_ccrs_mazeV2","react_ccrs_mazeV2_20260626_201650.log","12960","react.ccrs.contingency.escalation.skipped","","526",,,,,,"no_escalation_condition_met",,,,,,,,,,,"","","","","","","","",,
"react-baseline-vs-ccrs-v2","800-baseline","react_ccrs_mazeV2","react_ccrs_mazeV2_20260626_201650.log","12977","react.ccrs.contingency.escalation.considered","","527",,,,,,,,,,,,,,,,,"","","","","","","","",,
"react-baseline-vs-ccrs-v2","800-baseline","react_ccrs_mazeV2","react_ccrs_mazeV2_20260626_201650.log","12978","react.ccrs.contingency.escalation.skipped","","527",,,,,,"no_escalation_condition_met",,,,,,,,,,,"","","","","","","","",,
"react-baseline-vs-ccrs-v2","800-baseline","react_ccrs_mazeV2","react_ccrs_mazeV2_20260626_201650.log","12995","react.ccrs.contingency.escalation.considered","","528",,,,,,,,,,,,,,,,,"","","","","","","","",,
"react-baseline-vs-ccrs-v2","800-baseline","react_ccrs_mazeV2","react_ccrs_mazeV2_20260626_201650.log","12996","react.ccrs.contingency.escalation.skipped","","528",,,,,,"no_escalation_condition_met",,,,,,,,,,,"","","","","","","","",,
"react-baseline-vs-ccrs-v2","800-baseline","react_ccrs_mazeV2","react_ccrs_mazeV2_20260626_201650.log","13013","react.ccrs.contingency.escalation.considered","","529",,,,,,,,,,,,,,,,,"","","","","","","","",,
"react-baseline-vs-ccrs-v2","800-baseline","react_ccrs_mazeV2","react_ccrs_mazeV2_20260626_201650.log","13014","react.ccrs.contingency.escalation.skipped","","529",,,,,,"no_escalation_condition_met",,,,,,,,,,,"","","","","","","","",,
"react-baseline-vs-ccrs-v2","800-baseline","react_ccrs_mazeV2","react_ccrs_mazeV2_20260626_201650.log","13031","react.ccrs.contingency.escalation.considered","","530",,,,,,,,,,,,,,,,,"","","","","","","","",,
"react-baseline-vs-ccrs-v2","800-baseline","react_ccrs_mazeV2","react_ccrs_mazeV2_20260626_201650.log","13032","react.ccrs.contingency.escalation.skipped","","530",,,,,,"no_escalation_condition_met",,,,,,,,,,,"","","","","","","","",,
"react-baseline-vs-ccrs-v2","800-baseline","react_ccrs_mazeV2","react_ccrs_mazeV2_20260626_201650.log","13049","react.ccrs.contingency.escalation.considered","","531",,,,,,,,,,,,,,,,,"","","","","","","","",,
"react-baseline-vs-ccrs-v2","800-baseline","react_ccrs_mazeV2","react_ccrs_mazeV2_20260626_201650.log","13050","react.ccrs.contingency.escalation.skipped","","531",,,,,,"no_escalation_condition_met",,,,,,,,,,,"","","","","","","","",,
"react-baseline-vs-ccrs-v2","800-baseline","react_ccrs_mazeV2","react_ccrs_mazeV2_20260626_201650.log","13067","react.ccrs.contingency.escalation.considered","","532",,,,,,,,,,,,,,,,,"","","","","","","","",,
"react-baseline-vs-ccrs-v2","800-baseline","react_ccrs_mazeV2","react_ccrs_mazeV2_20260626_201650.log","13068","react.ccrs.contingency.escalation.skipped","","532",,,,,,"no_escalation_condition_met",,,,,,,,,,,"","","","","","","","",,
"react-baseline-vs-ccrs-v2","800-baseline","react_ccrs_mazeV2","react_ccrs_mazeV2_20260626_201650.log","13085","react.ccrs.contingency.escalation.considered","","533",,,,,,,,,,,,,,,,,"","","","","","","","",,
"react-baseline-vs-ccrs-v2","800-baseline","react_ccrs_mazeV2","react_ccrs_mazeV2_20260626_201650.log","13086","react.ccrs.contingency.escalation.skipped","","533",,,,,,"no_escalation_condition_met",,,,,,,,,,,"","","","","","","","",,
"react-baseline-vs-ccrs-v2","800-baseline","react_ccrs_mazeV2","react_ccrs_mazeV2_20260626_201650.log","13103","react.ccrs.contingency.escalation.considered","","534",,,,,,,,,,,,,,,,,"","","","","","","","",,
"react-baseline-vs-ccrs-v2","800-baseline","react_ccrs_mazeV2","react_ccrs_mazeV2_20260626_201650.log","13104","react.ccrs.contingency.escalation.skipped","","534",,,,,,"no_escalation_condition_met",,,,,,,,,,,"","","","","","","","",,
"react-baseline-vs-ccrs-v2","800-baseline","react_ccrs_mazeV2","react_ccrs_mazeV2_20260626_201650.log","13120","react.ccrs.contingency.escalation.considered","","535",,,,,,,,,,,,,,,,,"","","","","","","","",,
"react-baseline-vs-ccrs-v2","800-baseline","react_ccrs_mazeV2","react_ccrs_mazeV2_20260626_201650.log","13121","react.ccrs.contingency.escalation.skipped","","535",,,,,,"no_escalation_condition_met",,,,,,,,,,,"","","","","","","","",,
"react-baseline-vs-ccrs-v2","800-baseline","react_ccrs_mazeV2","react_ccrs_mazeV2_20260626_201650.log","13138","react.ccrs.contingency.escalation.considered","","536",,,,,,,,,,,,,,,,,"","","","","","","","",,
"react-baseline-vs-ccrs-v2","800-baseline","react_ccrs_mazeV2","react_ccrs_mazeV2_20260626_201650.log","13139","react.ccrs.contingency.escalation.skipped","","536",,,,,,"no_escalation_condition_met",,,,,,,,,,,"","","","","","","","",,
"react-baseline-vs-ccrs-v2","800-baseline","react_ccrs_mazeV2","react_ccrs_mazeV2_20260626_201650.log","13155","react.ccrs.contingency.escalation.considered","","537",,,,,,,,,,,,,,,,,"","","","","","","","",,
"react-baseline-vs-ccrs-v2","800-baseline","react_ccrs_mazeV2","react_ccrs_mazeV2_20260626_201650.log","13156","react.ccrs.contingency.escalation.skipped","","537",,,,,,"no_escalation_condition_met",,,,,,,,,,,"","","","","","","","",,
"react-baseline-vs-ccrs-v2","800-baseline","react_ccrs_mazeV2","react_ccrs_mazeV2_20260626_201650.log","13172","react.ccrs.contingency.escalation.considered","","538",,,,,,,,,,,,,,,,,"","","","","","","","",,
"react-baseline-vs-ccrs-v2","800-baseline","react_ccrs_mazeV2","react_ccrs_mazeV2_20260626_201650.log","13173","react.ccrs.contingency.escalation.skipped","","538",,,,,,"no_escalation_condition_met",,,,,,,,,,,"","","","","","","","",,
"react-baseline-vs-ccrs-v2","800-baseline","react_ccrs_mazeV2","react_ccrs_mazeV2_20260626_201650.log","13184","react.ccrs.contingency.escalation.considered","","539",,,,,,,,,,,,,,,,,"","","","","","","","",,
"react-baseline-vs-ccrs-v2","800-baseline","react_ccrs_mazeV2","react_ccrs_mazeV2_20260626_201650.log","13185","react.ccrs.contingency.escalation.skipped","","539",,,,,,"no_escalation_condition_met",,,,,,,,,,,"","","","","","","","",,
"react-baseline-vs-ccrs-v2","800-baseline","react_ccrs_mazeV2","react_ccrs_mazeV2_20260626_201650.log","13202","react.ccrs.contingency.escalation.considered","","540",,,,,,,,,,,,,,,,,"","","","","","","","",,
"react-baseline-vs-ccrs-v2","800-baseline","react_ccrs_mazeV2","react_ccrs_mazeV2_20260626_201650.log","13203","react.ccrs.contingency.escalation.skipped","","540",,,,,,"no_escalation_condition_met",,,,,,,,,,,"","","","","","","","",,
"react-baseline-vs-ccrs-v2","800-baseline","react_ccrs_mazeV2","react_ccrs_mazeV2_20260626_201650.log","13219","react.ccrs.contingency.escalation.considered","","541",,,,,,,,,,,,,,,,,"","","","","","","","",,
"react-baseline-vs-ccrs-v2","800-baseline","react_ccrs_mazeV2","react_ccrs_mazeV2_20260626_201650.log","13220","react.ccrs.contingency.escalation.activated","","541",,,,,,"explicit_llm_escalation","http://127.0.1.1:8080/cells/43/45","UNCERTAINTY","unexpected_adjacency_count","http://127.0.1.1:8080/cells/44/45","http://127.0.1.1:8080/cells/43/45",,,,,,"","","","","","","","",,
"react-baseline-vs-ccrs-v2","800-baseline","react_ccrs_mazeV2","react_ccrs_mazeV2_20260626_201650.log","13225","react.ccrs.contingency.classpath.resolved","",,,,,,,,,,,,,,,,,,"","","","","","","","",,
"react-baseline-vs-ccrs-v2","800-baseline","react_ccrs_mazeV2","react_ccrs_mazeV2_20260626_201650.log","13231","react.ccrs.contingency.classpath.resolved","",,,,,,,,,,,,,,,,,,"","","","","","","","",,
"react-baseline-vs-ccrs-v2","800-baseline","react_ccrs_mazeV2","react_ccrs_mazeV2_20260626_201650.log","13234","react.ccrs.contingency.evaluate","7",,,,,,,,"http://127.0.1.1:8080/cells/43/45","UNCERTAINTY","unexpected_adjacency_count","http://127.0.1.1:8080/cells/44/45","http://127.0.1.1:8080/cells/43/45",,,,,,"","","","","","","","",,
"react-baseline-vs-ccrs-v2","800-baseline","react_ccrs_mazeV2","react_ccrs_mazeV2_20260626_201650.log","13235","react.ccrs.contingency.returned","7",,,"prediction_llm","3207c91e-8d97-4c6d-8dde-875f09be4654","post","False",,,,,,,,"4","1","0","0","","","","","","","","",,
"react-baseline-vs-ccrs-v2","800-baseline","react_ccrs_mazeV2","react_ccrs_mazeV2_20260626_201650.log","13278","react.ccrs.contingency.escalation.considered","","542",,,,,,,,,,,,,,,,,"","","","","","","","",,
"react-baseline-vs-ccrs-v2","800-baseline","react_ccrs_mazeV2","react_ccrs_mazeV2_20260626_201650.log","13279","react.ccrs.contingency.escalation.skipped","","542",,,,,,"no_escalation_condition_met",,,,,,,,,,,"","","","","","","","",,
"react-baseline-vs-ccrs-v2","800-baseline","react_ccrs_mazeV2","react_ccrs_mazeV2_20260626_201650.log","13289","react.ccrs.contingency.escalation.considered","","543",,,,,,,,,,,,,,,,,"","","","","","","","",,
"react-baseline-vs-ccrs-v2","800-baseline","react_ccrs_mazeV2","react_ccrs_mazeV2_20260626_201650.log","13290","react.ccrs.contingency.escalation.skipped","","543",,,,,,"no_escalation_condition_met",,,,,,,,,,,"","","","","","","","",,
"react-baseline-vs-ccrs-v2","800-baseline","react_ccrs_mazeV2","react_ccrs_mazeV2_20260626_201650.log","13325","react.ccrs.contingency.escalation.considered","","544",,,,,,,,,,,,,,,,,"","","","","","","","",,
"react-baseline-vs-ccrs-v2","800-baseline","react_ccrs_mazeV2","react_ccrs_mazeV2_20260626_201650.log","13326","react.ccrs.contingency.escalation.skipped","","544",,,,,,"no_escalation_condition_met",,,,,,,,,,,"","","","","","","","",,
"react-baseline-vs-ccrs-v2","800-baseline","react_ccrs_mazeV2","react_ccrs_mazeV2_20260626_201650.log","13342","react.ccrs.contingency.escalation.considered","","545",,,,,,,,,,,,,,,,,"","","","","","","","",,
"react-baseline-vs-ccrs-v2","800-baseline","react_ccrs_mazeV2","react_ccrs_mazeV2_20260626_201650.log","13343","react.ccrs.contingency.escalation.skipped","","545",,,,,,"no_escalation_condition_met",,,,,,,,,,,"","","","","","","","",,
"react-baseline-vs-ccrs-v2","800-baseline","react_ccrs_mazeV2","react_ccrs_mazeV2_20260626_201650.log","13359","react.ccrs.contingency.escalation.considered","","546",,,,,,,,,,,,,,,,,"","","","","","","","",,
"react-baseline-vs-ccrs-v2","800-baseline","react_ccrs_mazeV2","react_ccrs_mazeV2_20260626_201650.log","13360","react.ccrs.contingency.escalation.skipped","","546",,,,,,"no_escalation_condition_met",,,,,,,,,,,"","","","","","","","",,
"react-baseline-vs-ccrs-v2","800-baseline","react_ccrs_mazeV2","react_ccrs_mazeV2_20260626_201650.log","13371","react.ccrs.contingency.escalation.considered","","547",,,,,,,,,,,,,,,,,"","","","","","","","",,
"react-baseline-vs-ccrs-v2","800-baseline","react_ccrs_mazeV2","react_ccrs_mazeV2_20260626_201650.log","13372","react.ccrs.contingency.escalation.skipped","","547",,,,,,"no_escalation_condition_met",,,,,,,,,,,"","","","","","","","",,
"react-baseline-vs-ccrs-v2","800-baseline","react_ccrs_mazeV2","react_ccrs_mazeV2_20260626_201650.log","13389","react.ccrs.contingency.escalation.considered","","548",,,,,,,,,,,,,,,,,"","","","","","","","",,
"react-baseline-vs-ccrs-v2","800-baseline","react_ccrs_mazeV2","react_ccrs_mazeV2_20260626_201650.log","13390","react.ccrs.contingency.escalation.skipped","","548",,,,,,"no_escalation_condition_met",,,,,,,,,,,"","","","","","","","",,
"react-baseline-vs-ccrs-v2","800-baseline","react_ccrs_mazeV2","react_ccrs_mazeV2_20260626_201650.log","13401","react.ccrs.contingency.escalation.considered","","549",,,,,,,,,,,,,,,,,"","","","","","","","",,
"react-baseline-vs-ccrs-v2","800-baseline","react_ccrs_mazeV2","react_ccrs_mazeV2_20260626_201650.log","13402","react.ccrs.contingency.escalation.skipped","","549",,,,,,"no_escalation_condition_met",,,,,,,,,,,"","","","","","","","",,
"react-baseline-vs-ccrs-v2","800-baseline","react_ccrs_mazeV2","react_ccrs_mazeV2_20260626_201650.log","13419","react.ccrs.contingency.escalation.considered","","550",,,,,,,,,,,,,,,,,"","","","","","","","",,
"react-baseline-vs-ccrs-v2","800-baseline","react_ccrs_mazeV2","react_ccrs_mazeV2_20260626_201650.log","13420","react.ccrs.contingency.escalation.skipped","","550",,,,,,"no_escalation_condition_met",,,,,,,,,,,"","","","","","","","",,
"react-baseline-vs-ccrs-v2","800-baseline","react_ccrs_mazeV2","react_ccrs_mazeV2_20260626_201650.log","13437","react.ccrs.contingency.escalation.considered","","551",,,,,,,,,,,,,,,,,"","","","","","","","",,
"react-baseline-vs-ccrs-v2","800-baseline","react_ccrs_mazeV2","react_ccrs_mazeV2_20260626_201650.log","13438","react.ccrs.contingency.escalation.skipped","","551",,,,,,"no_escalation_condition_met",,,,,,,,,,,"","","","","","","","",,
"react-baseline-vs-ccrs-v2","800-baseline","react_ccrs_mazeV2","react_ccrs_mazeV2_20260626_201650.log","13455","react.ccrs.contingency.escalation.considered","","552",,,,,,,,,,,,,,,,,"","","","","","","","",,
"react-baseline-vs-ccrs-v2","800-baseline","react_ccrs_mazeV2","react_ccrs_mazeV2_20260626_201650.log","13456","react.ccrs.contingency.escalation.skipped","","552",,,,,,"no_escalation_condition_met",,,,,,,,,,,"","","","","","","","",,
"react-baseline-vs-ccrs-v2","800-baseline","react_ccrs_mazeV2","react_ccrs_mazeV2_20260626_201650.log","13473","react.ccrs.contingency.escalation.considered","","553",,,,,,,,,,,,,,,,,"","","","","","","","",,
"react-baseline-vs-ccrs-v2","800-baseline","react_ccrs_mazeV2","react_ccrs_mazeV2_20260626_201650.log","13474","react.ccrs.contingency.escalation.skipped","","553",,,,,,"no_escalation_condition_met",,,,,,,,,,,"","","","","","","","",,
"react-baseline-vs-ccrs-v2","800-baseline","react_ccrs_mazeV2","react_ccrs_mazeV2_20260626_201650.log","13485","react.ccrs.contingency.escalation.considered","","554",,,,,,,,,,,,,,,,,"","","","","","","","",,
"react-baseline-vs-ccrs-v2","800-baseline","react_ccrs_mazeV2","react_ccrs_mazeV2_20260626_201650.log","13486","react.ccrs.contingency.escalation.skipped","","554",,,,,,"no_escalation_condition_met",,,,,,,,,,,"","","","","","","","",,
"react-baseline-vs-ccrs-v2","800-baseline","react_ccrs_mazeV2","react_ccrs_mazeV2_20260626_201650.log","13503","react.ccrs.contingency.escalation.considered","","555",,,,,,,,,,,,,,,,,"","","","","","","","",,
"react-baseline-vs-ccrs-v2","800-baseline","react_ccrs_mazeV2","react_ccrs_mazeV2_20260626_201650.log","13504","react.ccrs.contingency.escalation.skipped","","555",,,,,,"no_escalation_condition_met",,,,,,,,,,,"","","","","","","","",,
"react-baseline-vs-ccrs-v2","800-baseline","react_ccrs_mazeV2","react_ccrs_mazeV2_20260626_201650.log","13521","react.ccrs.contingency.escalation.considered","","556",,,,,,,,,,,,,,,,,"","","","","","","","",,
"react-baseline-vs-ccrs-v2","800-baseline","react_ccrs_mazeV2","react_ccrs_mazeV2_20260626_201650.log","13522","react.ccrs.contingency.escalation.skipped","","556",,,,,,"no_escalation_condition_met",,,,,,,,,,,"","","","","","","","",,
"react-baseline-vs-ccrs-v2","800-baseline","react_ccrs_mazeV2","react_ccrs_mazeV2_20260626_201650.log","13539","react.ccrs.contingency.escalation.considered","","557",,,,,,,,,,,,,,,,,"","","","","","","","",,
"react-baseline-vs-ccrs-v2","800-baseline","react_ccrs_mazeV2","react_ccrs_mazeV2_20260626_201650.log","13540","react.ccrs.contingency.escalation.skipped","","557",,,,,,"no_escalation_condition_met",,,,,,,,,,,"","","","","","","","",,
"react-baseline-vs-ccrs-v2","800-baseline","react_ccrs_mazeV2","react_ccrs_mazeV2_20260626_201650.log","13557","react.ccrs.contingency.escalation.considered","","558",,,,,,,,,,,,,,,,,"","","","","","","","",,
"react-baseline-vs-ccrs-v2","800-baseline","react_ccrs_mazeV2","react_ccrs_mazeV2_20260626_201650.log","13558","react.ccrs.contingency.escalation.skipped","","558",,,,,,"no_escalation_condition_met",,,,,,,,,,,"","","","","","","","",,
"react-baseline-vs-ccrs-v2","800-baseline","react_ccrs_mazeV2","react_ccrs_mazeV2_20260626_201650.log","13575","react.ccrs.contingency.escalation.considered","","559",,,,,,,,,,,,,,,,,"","","","","","","","",,
"react-baseline-vs-ccrs-v2","800-baseline","react_ccrs_mazeV2","react_ccrs_mazeV2_20260626_201650.log","13576","react.ccrs.contingency.escalation.skipped","","559",,,,,,"no_escalation_condition_met",,,,,,,,,,,"","","","","","","","",,
"react-baseline-vs-ccrs-v2","800-baseline","react_ccrs_mazeV2","react_ccrs_mazeV2_20260626_201650.log","13593","react.ccrs.contingency.escalation.considered","","560",,,,,,,,,,,,,,,,,"","","","","","","","",,
"react-baseline-vs-ccrs-v2","800-baseline","react_ccrs_mazeV2","react_ccrs_mazeV2_20260626_201650.log","13594","react.ccrs.contingency.escalation.skipped","","560",,,,,,"no_escalation_condition_met",,,,,,,,,,,"","","","","","","","",,
"react-baseline-vs-ccrs-v2","800-baseline","react_ccrs_mazeV2","react_ccrs_mazeV2_20260626_201650.log","13611","react.ccrs.contingency.escalation.considered","","561",,,,,,,,,,,,,,,,,"","","","","","","","",,
"react-baseline-vs-ccrs-v2","800-baseline","react_ccrs_mazeV2","react_ccrs_mazeV2_20260626_201650.log","13612","react.ccrs.contingency.escalation.skipped","","561",,,,,,"no_escalation_condition_met",,,,,,,,,,,"","","","","","","","",,
"react-baseline-vs-ccrs-v2","800-baseline","react_ccrs_mazeV2","react_ccrs_mazeV2_20260626_201650.log","13629","react.ccrs.contingency.escalation.considered","","562",,,,,,,,,,,,,,,,,"","","","","","","","",,
"react-baseline-vs-ccrs-v2","800-baseline","react_ccrs_mazeV2","react_ccrs_mazeV2_20260626_201650.log","13630","react.ccrs.contingency.escalation.skipped","","562",,,,,,"no_escalation_condition_met",,,,,,,,,,,"","","","","","","","",,
"react-baseline-vs-ccrs-v2","800-baseline","react_ccrs_mazeV2","react_ccrs_mazeV2_20260626_201650.log","13647","react.ccrs.contingency.escalation.considered","","563",,,,,,,,,,,,,,,,,"","","","","","","","",,
"react-baseline-vs-ccrs-v2","800-baseline","react_ccrs_mazeV2","react_ccrs_mazeV2_20260626_201650.log","13648","react.ccrs.contingency.escalation.skipped","","563",,,,,,"no_escalation_condition_met",,,,,,,,,,,"","","","","","","","",,
"react-baseline-vs-ccrs-v2","800-baseline","react_ccrs_mazeV2","react_ccrs_mazeV2_20260626_201650.log","13665","react.ccrs.contingency.escalation.considered","","564",,,,,,,,,,,,,,,,,"","","","","","","","",,
"react-baseline-vs-ccrs-v2","800-baseline","react_ccrs_mazeV2","react_ccrs_mazeV2_20260626_201650.log","13666","react.ccrs.contingency.escalation.skipped","","564",,,,,,"no_escalation_condition_met",,,,,,,,,,,"","","","","","","","",,
"react-baseline-vs-ccrs-v2","800-baseline","react_ccrs_mazeV2","react_ccrs_mazeV2_20260626_201650.log","13683","react.ccrs.contingency.escalation.considered","","565",,,,,,,,,,,,,,,,,"","","","","","","","",,
"react-baseline-vs-ccrs-v2","800-baseline","react_ccrs_mazeV2","react_ccrs_mazeV2_20260626_201650.log","13684","react.ccrs.contingency.escalation.skipped","","565",,,,,,"no_escalation_condition_met",,,,,,,,,,,"","","","","","","","",,
"react-baseline-vs-ccrs-v2","800-baseline","react_ccrs_mazeV2","react_ccrs_mazeV2_20260626_201650.log","13701","react.ccrs.contingency.escalation.considered","","566",,,,,,,,,,,,,,,,,"","","","","","","","",,
"react-baseline-vs-ccrs-v2","800-baseline","react_ccrs_mazeV2","react_ccrs_mazeV2_20260626_201650.log","13702","react.ccrs.contingency.escalation.skipped","","566",,,,,,"no_escalation_condition_met",,,,,,,,,,,"","","","","","","","",,
"react-baseline-vs-ccrs-v2","800-baseline","react_ccrs_mazeV2","react_ccrs_mazeV2_20260626_201650.log","13719","react.ccrs.contingency.escalation.considered","","567",,,,,,,,,,,,,,,,,"","","","","","","","",,
"react-baseline-vs-ccrs-v2","800-baseline","react_ccrs_mazeV2","react_ccrs_mazeV2_20260626_201650.log","13720","react.ccrs.contingency.escalation.skipped","","567",,,,,,"no_escalation_condition_met",,,,,,,,,,,"","","","","","","","",,
"react-baseline-vs-ccrs-v2","800-baseline","react_ccrs_mazeV2","react_ccrs_mazeV2_20260626_201650.log","13737","react.ccrs.contingency.escalation.considered","","568",,,,,,,,,,,,,,,,,"","","","","","","","",,
"react-baseline-vs-ccrs-v2","800-baseline","react_ccrs_mazeV2","react_ccrs_mazeV2_20260626_201650.log","13738","react.ccrs.contingency.escalation.skipped","","568",,,,,,"no_escalation_condition_met",,,,,,,,,,,"","","","","","","","",,
"react-baseline-vs-ccrs-v2","800-baseline","react_ccrs_mazeV2","react_ccrs_mazeV2_20260626_201650.log","13755","react.ccrs.contingency.escalation.considered","","569",,,,,,,,,,,,,,,,,"","","","","","","","",,
"react-baseline-vs-ccrs-v2","800-baseline","react_ccrs_mazeV2","react_ccrs_mazeV2_20260626_201650.log","13756","react.ccrs.contingency.escalation.skipped","","569",,,,,,"no_escalation_condition_met",,,,,,,,,,,"","","","","","","","",,
"react-baseline-vs-ccrs-v2","800-baseline","react_ccrs_mazeV2","react_ccrs_mazeV2_20260626_201650.log","13773","react.ccrs.contingency.escalation.considered","","570",,,,,,,,,,,,,,,,,"","","","","","","","",,
"react-baseline-vs-ccrs-v2","800-baseline","react_ccrs_mazeV2","react_ccrs_mazeV2_20260626_201650.log","13774","react.ccrs.contingency.escalation.skipped","","570",,,,,,"no_escalation_condition_met",,,,,,,,,,,"","","","","","","","",,
"react-baseline-vs-ccrs-v2","800-baseline","react_ccrs_mazeV2","react_ccrs_mazeV2_20260626_201650.log","13790","react.ccrs.contingency.escalation.considered","","571",,,,,,,,,,,,,,,,,"","","","","","","","",,
"react-baseline-vs-ccrs-v2","800-baseline","react_ccrs_mazeV2","react_ccrs_mazeV2_20260626_201650.log","13791","react.ccrs.contingency.escalation.skipped","","571",,,,,,"no_escalation_condition_met",,,,,,,,,,,"","","","","","","","",,
"react-baseline-vs-ccrs-v2","800-baseline","react_ccrs_mazeV2","react_ccrs_mazeV2_20260626_201650.log","13802","react.ccrs.contingency.escalation.considered","","572",,,,,,,,,,,,,,,,,"","","","","","","","",,
"react-baseline-vs-ccrs-v2","800-baseline","react_ccrs_mazeV2","react_ccrs_mazeV2_20260626_201650.log","13803","react.ccrs.contingency.escalation.skipped","","572",,,,,,"no_escalation_condition_met",,,,,,,,,,,"","","","","","","","",,
"react-baseline-vs-ccrs-v2","800-baseline","react_ccrs_mazeV2","react_ccrs_mazeV2_20260626_201650.log","13820","react.ccrs.contingency.escalation.considered","","573",,,,,,,,,,,,,,,,,"","","","","","","","",,
"react-baseline-vs-ccrs-v2","800-baseline","react_ccrs_mazeV2","react_ccrs_mazeV2_20260626_201650.log","13821","react.ccrs.contingency.escalation.skipped","","573",,,,,,"no_escalation_condition_met",,,,,,,,,,,"","","","","","","","",,
"react-baseline-vs-ccrs-v2","800-baseline","react_ccrs_mazeV2","react_ccrs_mazeV2_20260626_201650.log","13832","react.ccrs.contingency.escalation.considered","","574",,,,,,,,,,,,,,,,,"","","","","","","","",,
"react-baseline-vs-ccrs-v2","800-baseline","react_ccrs_mazeV2","react_ccrs_mazeV2_20260626_201650.log","13833","react.ccrs.contingency.escalation.skipped","","574",,,,,,"no_escalation_condition_met",,,,,,,,,,,"","","","","","","","",,
"react-baseline-vs-ccrs-v2","800-baseline","react_ccrs_mazeV2","react_ccrs_mazeV2_20260626_201650.log","13850","react.ccrs.contingency.escalation.considered","","575",,,,,,,,,,,,,,,,,"","","","","","","","",,
"react-baseline-vs-ccrs-v2","800-baseline","react_ccrs_mazeV2","react_ccrs_mazeV2_20260626_201650.log","13851","react.ccrs.contingency.escalation.skipped","","575",,,,,,"no_escalation_condition_met",,,,,,,,,,,"","","","","","","","",,
"react-baseline-vs-ccrs-v2","800-baseline","react_ccrs_mazeV2","react_ccrs_mazeV2_20260626_201650.log","13868","react.ccrs.contingency.escalation.considered","","576",,,,,,,,,,,,,,,,,"","","","","","","","",,
"react-baseline-vs-ccrs-v2","800-baseline","react_ccrs_mazeV2","react_ccrs_mazeV2_20260626_201650.log","13869","react.ccrs.contingency.escalation.skipped","","576",,,,,,"no_escalation_condition_met",,,,,,,,,,,"","","","","","","","",,
"react-baseline-vs-ccrs-v2","800-baseline","react_ccrs_mazeV2","react_ccrs_mazeV2_20260626_201650.log","13886","react.ccrs.contingency.escalation.considered","","577",,,,,,,,,,,,,,,,,"","","","","","","","",,
"react-baseline-vs-ccrs-v2","800-baseline","react_ccrs_mazeV2","react_ccrs_mazeV2_20260626_201650.log","13887","react.ccrs.contingency.escalation.skipped","","577",,,,,,"no_escalation_condition_met",,,,,,,,,,,"","","","","","","","",,
"react-baseline-vs-ccrs-v2","800-baseline","react_ccrs_mazeV2","react_ccrs_mazeV2_20260626_201650.log","13898","react.ccrs.contingency.escalation.considered","","578",,,,,,,,,,,,,,,,,"","","","","","","","",,
"react-baseline-vs-ccrs-v2","800-baseline","react_ccrs_mazeV2","react_ccrs_mazeV2_20260626_201650.log","13899","react.ccrs.contingency.escalation.skipped","","578",,,,,,"no_escalation_condition_met",,,,,,,,,,,"","","","","","","","",,
"react-baseline-vs-ccrs-v2","800-baseline","react_ccrs_mazeV2","react_ccrs_mazeV2_20260626_201650.log","13916","react.ccrs.contingency.escalation.considered","","579",,,,,,,,,,,,,,,,,"","","","","","","","",,
"react-baseline-vs-ccrs-v2","800-baseline","react_ccrs_mazeV2","react_ccrs_mazeV2_20260626_201650.log","13917","react.ccrs.contingency.escalation.skipped","","579",,,,,,"no_escalation_condition_met",,,,,,,,,,,"","","","","","","","",,
"react-baseline-vs-ccrs-v2","800-baseline","react_ccrs_mazeV2","react_ccrs_mazeV2_20260626_201650.log","13934","react.ccrs.contingency.escalation.considered","","580",,,,,,,,,,,,,,,,,"","","","","","","","",,
"react-baseline-vs-ccrs-v2","800-baseline","react_ccrs_mazeV2","react_ccrs_mazeV2_20260626_201650.log","13935","react.ccrs.contingency.escalation.skipped","","580",,,,,,"no_escalation_condition_met",,,,,,,,,,,"","","","","","","","",,
"react-baseline-vs-ccrs-v2","800-baseline","react_ccrs_mazeV2","react_ccrs_mazeV2_20260626_201650.log","13946","react.ccrs.contingency.escalation.considered","","581",,,,,,,,,,,,,,,,,"","","","","","","","",,
"react-baseline-vs-ccrs-v2","800-baseline","react_ccrs_mazeV2","react_ccrs_mazeV2_20260626_201650.log","13947","react.ccrs.contingency.escalation.skipped","","581",,,,,,"no_escalation_condition_met",,,,,,,,,,,"","","","","","","","",,
"react-baseline-vs-ccrs-v2","800-baseline","react_ccrs_mazeV2","react_ccrs_mazeV2_20260626_201650.log","13964","react.ccrs.contingency.escalation.considered","","582",,,,,,,,,,,,,,,,,"","","","","","","","",,
"react-baseline-vs-ccrs-v2","800-baseline","react_ccrs_mazeV2","react_ccrs_mazeV2_20260626_201650.log","13965","react.ccrs.contingency.escalation.skipped","","582",,,,,,"no_escalation_condition_met",,,,,,,,,,,"","","","","","","","",,
"react-baseline-vs-ccrs-v2","800-baseline","react_ccrs_mazeV2","react_ccrs_mazeV2_20260626_201650.log","13976","react.ccrs.contingency.escalation.considered","","583",,,,,,,,,,,,,,,,,"","","","","","","","",,
"react-baseline-vs-ccrs-v2","800-baseline","react_ccrs_mazeV2","react_ccrs_mazeV2_20260626_201650.log","13977","react.ccrs.contingency.escalation.skipped","","583",,,,,,"no_escalation_condition_met",,,,,,,,,,,"","","","","","","","",,
"react-baseline-vs-ccrs-v2","800-baseline","react_ccrs_mazeV2","react_ccrs_mazeV2_20260626_201650.log","13994","react.ccrs.contingency.escalation.considered","","584",,,,,,,,,,,,,,,,,"","","","","","","","",,
"react-baseline-vs-ccrs-v2","800-baseline","react_ccrs_mazeV2","react_ccrs_mazeV2_20260626_201650.log","13995","react.ccrs.contingency.escalation.skipped","","584",,,,,,"no_escalation_condition_met",,,,,,,,,,,"","","","","","","","",,
"react-baseline-vs-ccrs-v2","800-baseline","react_ccrs_mazeV2","react_ccrs_mazeV2_20260626_201650.log","14006","react.ccrs.contingency.escalation.considered","","585",,,,,,,,,,,,,,,,,"","","","","","","","",,
"react-baseline-vs-ccrs-v2","800-baseline","react_ccrs_mazeV2","react_ccrs_mazeV2_20260626_201650.log","14007","react.ccrs.contingency.escalation.skipped","","585",,,,,,"no_escalation_condition_met",,,,,,,,,,,"","","","","","","","",,
"react-baseline-vs-ccrs-v2","800-baseline","react_ccrs_mazeV2","react_ccrs_mazeV2_20260626_201650.log","14024","react.ccrs.contingency.escalation.considered","","586",,,,,,,,,,,,,,,,,"","","","","","","","",,
"react-baseline-vs-ccrs-v2","800-baseline","react_ccrs_mazeV2","react_ccrs_mazeV2_20260626_201650.log","14025","react.ccrs.contingency.escalation.skipped","","586",,,,,,"no_escalation_condition_met",,,,,,,,,,,"","","","","","","","",,
"react-baseline-vs-ccrs-v2","800-baseline","react_ccrs_mazeV2","react_ccrs_mazeV2_20260626_201650.log","14036","react.ccrs.contingency.escalation.considered","","587",,,,,,,,,,,,,,,,,"","","","","","","","",,
"react-baseline-vs-ccrs-v2","800-baseline","react_ccrs_mazeV2","react_ccrs_mazeV2_20260626_201650.log","14037","react.ccrs.contingency.escalation.skipped","","587",,,,,,"no_escalation_condition_met",,,,,,,,,,,"","","","","","","","",,
"react-baseline-vs-ccrs-v2","800-baseline","react_ccrs_mazeV2","react_ccrs_mazeV2_20260626_201650.log","14054","react.ccrs.contingency.escalation.considered","","588",,,,,,,,,,,,,,,,,"","","","","","","","",,
"react-baseline-vs-ccrs-v2","800-baseline","react_ccrs_mazeV2","react_ccrs_mazeV2_20260626_201650.log","14055","react.ccrs.contingency.escalation.skipped","","588",,,,,,"no_escalation_condition_met",,,,,,,,,,,"","","","","","","","",,
"react-baseline-vs-ccrs-v2","800-baseline","react_ccrs_mazeV2","react_ccrs_mazeV2_20260626_201650.log","14072","react.ccrs.contingency.escalation.considered","","589",,,,,,,,,,,,,,,,,"","","","","","","","",,
"react-baseline-vs-ccrs-v2","800-baseline","react_ccrs_mazeV2","react_ccrs_mazeV2_20260626_201650.log","14073","react.ccrs.contingency.escalation.skipped","","589",,,,,,"no_escalation_condition_met",,,,,,,,,,,"","","","","","","","",,
"react-baseline-vs-ccrs-v2","800-baseline","react_ccrs_mazeV2","react_ccrs_mazeV2_20260626_201650.log","14084","react.ccrs.contingency.escalation.considered","","590",,,,,,,,,,,,,,,,,"","","","","","","","",,
"react-baseline-vs-ccrs-v2","800-baseline","react_ccrs_mazeV2","react_ccrs_mazeV2_20260626_201650.log","14085","react.ccrs.contingency.escalation.skipped","","590",,,,,,"no_escalation_condition_met",,,,,,,,,,,"","","","","","","","",,
"react-baseline-vs-ccrs-v2","800-baseline","react_ccrs_mazeV2","react_ccrs_mazeV2_20260626_201650.log","14102","react.ccrs.contingency.escalation.considered","","591",,,,,,,,,,,,,,,,,"","","","","","","","",,
"react-baseline-vs-ccrs-v2","800-baseline","react_ccrs_mazeV2","react_ccrs_mazeV2_20260626_201650.log","14103","react.ccrs.contingency.escalation.skipped","","591",,,,,,"no_escalation_condition_met",,,,,,,,,,,"","","","","","","","",,
"react-baseline-vs-ccrs-v2","800-baseline","react_ccrs_mazeV2","react_ccrs_mazeV2_20260626_201650.log","14114","react.ccrs.contingency.escalation.considered","","592",,,,,,,,,,,,,,,,,"","","","","","","","",,
"react-baseline-vs-ccrs-v2","800-baseline","react_ccrs_mazeV2","react_ccrs_mazeV2_20260626_201650.log","14115","react.ccrs.contingency.escalation.skipped","","592",,,,,,"no_escalation_condition_met",,,,,,,,,,,"","","","","","","","",,
"react-baseline-vs-ccrs-v2","800-baseline","react_ccrs_mazeV2","react_ccrs_mazeV2_20260626_201650.log","14132","react.ccrs.contingency.escalation.considered","","593",,,,,,,,,,,,,,,,,"","","","","","","","",,
"react-baseline-vs-ccrs-v2","800-baseline","react_ccrs_mazeV2","react_ccrs_mazeV2_20260626_201650.log","14133","react.ccrs.contingency.escalation.skipped","","593",,,,,,"no_escalation_condition_met",,,,,,,,,,,"","","","","","","","",,
"react-baseline-vs-ccrs-v2","800-baseline","react_ccrs_mazeV2","react_ccrs_mazeV2_20260626_201650.log","14144","react.ccrs.contingency.escalation.considered","","594",,,,,,,,,,,,,,,,,"","","","","","","","",,
"react-baseline-vs-ccrs-v2","800-baseline","react_ccrs_mazeV2","react_ccrs_mazeV2_20260626_201650.log","14145","react.ccrs.contingency.escalation.skipped","","594",,,,,,"no_escalation_condition_met",,,,,,,,,,,"","","","","","","","",,
"react-baseline-vs-ccrs-v2","800-baseline","react_ccrs_mazeV2","react_ccrs_mazeV2_20260626_201650.log","14162","react.ccrs.contingency.escalation.considered","","595",,,,,,,,,,,,,,,,,"","","","","","","","",,
"react-baseline-vs-ccrs-v2","800-baseline","react_ccrs_mazeV2","react_ccrs_mazeV2_20260626_201650.log","14163","react.ccrs.contingency.escalation.skipped","","595",,,,,,"no_escalation_condition_met",,,,,,,,,,,"","","","","","","","",,
"react-baseline-vs-ccrs-v2","800-baseline","react_ccrs_mazeV2","react_ccrs_mazeV2_20260626_201650.log","14174","react.ccrs.contingency.escalation.considered","","596",,,,,,,,,,,,,,,,,"","","","","","","","",,
"react-baseline-vs-ccrs-v2","800-baseline","react_ccrs_mazeV2","react_ccrs_mazeV2_20260626_201650.log","14175","react.ccrs.contingency.escalation.skipped","","596",,,,,,"no_escalation_condition_met",,,,,,,,,,,"","","","","","","","",,
"react-baseline-vs-ccrs-v2","800-baseline","react_ccrs_mazeV2","react_ccrs_mazeV2_20260626_201650.log","14192","react.ccrs.contingency.escalation.considered","","597",,,,,,,,,,,,,,,,,"","","","","","","","",,
"react-baseline-vs-ccrs-v2","800-baseline","react_ccrs_mazeV2","react_ccrs_mazeV2_20260626_201650.log","14193","react.ccrs.contingency.escalation.skipped","","597",,,,,,"no_escalation_condition_met",,,,,,,,,,,"","","","","","","","",,
"react-baseline-vs-ccrs-v2","800-baseline","react_ccrs_mazeV2","react_ccrs_mazeV2_20260626_201650.log","14204","react.ccrs.contingency.escalation.considered","","598",,,,,,,,,,,,,,,,,"","","","","","","","",,
"react-baseline-vs-ccrs-v2","800-baseline","react_ccrs_mazeV2","react_ccrs_mazeV2_20260626_201650.log","14205","react.ccrs.contingency.escalation.skipped","","598",,,,,,"no_escalation_condition_met",,,,,,,,,,,"","","","","","","","",,
"react-baseline-vs-ccrs-v2","800-baseline","react_ccrs_mazeV2","react_ccrs_mazeV2_20260626_201650.log","14222","react.ccrs.contingency.escalation.considered","","599",,,,,,,,,,,,,,,,,"","","","","","","","",,
"react-baseline-vs-ccrs-v2","800-baseline","react_ccrs_mazeV2","react_ccrs_mazeV2_20260626_201650.log","14223","react.ccrs.contingency.escalation.skipped","","599",,,,,,"no_escalation_condition_met",,,,,,,,,,,"","","","","","","","",,
"react-baseline-vs-ccrs-v2","800-baseline","react_ccrs_mazeV2","react_ccrs_mazeV2_20260626_201650.log","14240","react.ccrs.contingency.escalation.considered","","600",,,,,,,,,,,,,,,,,"","","","","","","","",,
"react-baseline-vs-ccrs-v2","800-baseline","react_ccrs_mazeV2","react_ccrs_mazeV2_20260626_201650.log","14241","react.ccrs.contingency.escalation.skipped","","600",,,,,,"no_escalation_condition_met",,,,,,,,,,,"","","","","","","","",,
"react-baseline-vs-ccrs-v2","800-baseline","react_ccrs_mazeV2","react_ccrs_mazeV2_20260626_201650.log","14258","react.ccrs.contingency.escalation.considered","","601",,,,,,,,,,,,,,,,,"","","","","","","","",,
"react-baseline-vs-ccrs-v2","800-baseline","react_ccrs_mazeV2","react_ccrs_mazeV2_20260626_201650.log","14259","react.ccrs.contingency.escalation.skipped","","601",,,,,,"no_escalation_condition_met",,,,,,,,,,,"","","","","","","","",,
"react-baseline-vs-ccrs-v2","800-baseline","react_ccrs_mazeV2","react_ccrs_mazeV2_20260626_201650.log","14276","react.ccrs.contingency.escalation.considered","","602",,,,,,,,,,,,,,,,,"","","","","","","","",,
"react-baseline-vs-ccrs-v2","800-baseline","react_ccrs_mazeV2","react_ccrs_mazeV2_20260626_201650.log","14277","react.ccrs.contingency.escalation.skipped","","602",,,,,,"no_escalation_condition_met",,,,,,,,,,,"","","","","","","","",,
"react-baseline-vs-ccrs-v2","800-baseline","react_ccrs_mazeV2","react_ccrs_mazeV2_20260626_201650.log","14294","react.ccrs.contingency.escalation.considered","","603",,,,,,,,,,,,,,,,,"","","","","","","","",,
"react-baseline-vs-ccrs-v2","800-baseline","react_ccrs_mazeV2","react_ccrs_mazeV2_20260626_201650.log","14295","react.ccrs.contingency.escalation.skipped","","603",,,,,,"no_escalation_condition_met",,,,,,,,,,,"","","","","","","","",,
"react-baseline-vs-ccrs-v2","800-baseline","react_ccrs_mazeV2","react_ccrs_mazeV2_20260626_201650.log","14312","react.ccrs.contingency.escalation.considered","","604",,,,,,,,,,,,,,,,,"","","","","","","","",,
"react-baseline-vs-ccrs-v2","800-baseline","react_ccrs_mazeV2","react_ccrs_mazeV2_20260626_201650.log","14313","react.ccrs.contingency.escalation.skipped","","604",,,,,,"no_escalation_condition_met",,,,,,,,,,,"","","","","","","","",,
"react-baseline-vs-ccrs-v2","800-baseline","react_ccrs_mazeV2","react_ccrs_mazeV2_20260626_201650.log","14324","react.ccrs.contingency.escalation.considered","","605",,,,,,,,,,,,,,,,,"","","","","","","","",,
"react-baseline-vs-ccrs-v2","800-baseline","react_ccrs_mazeV2","react_ccrs_mazeV2_20260626_201650.log","14325","react.ccrs.contingency.escalation.skipped","","605",,,,,,"no_escalation_condition_met",,,,,,,,,,,"","","","","","","","",,
"react-baseline-vs-ccrs-v2","800-baseline","react_ccrs_mazeV2","react_ccrs_mazeV2_20260626_201650.log","14342","react.ccrs.contingency.escalation.considered","","606",,,,,,,,,,,,,,,,,"","","","","","","","",,
"react-baseline-vs-ccrs-v2","800-baseline","react_ccrs_mazeV2","react_ccrs_mazeV2_20260626_201650.log","14343","react.ccrs.contingency.escalation.skipped","","606",,,,,,"no_escalation_condition_met",,,,,,,,,,,"","","","","","","","",,
"react-baseline-vs-ccrs-v2","800-baseline","react_ccrs_mazeV2","react_ccrs_mazeV2_20260626_201650.log","14354","react.ccrs.contingency.escalation.considered","","607",,,,,,,,,,,,,,,,,"","","","","","","","",,
"react-baseline-vs-ccrs-v2","800-baseline","react_ccrs_mazeV2","react_ccrs_mazeV2_20260626_201650.log","14355","react.ccrs.contingency.escalation.skipped","","607",,,,,,"no_escalation_condition_met",,,,,,,,,,,"","","","","","","","",,
"react-baseline-vs-ccrs-v2","800-baseline","react_ccrs_mazeV2","react_ccrs_mazeV2_20260626_201650.log","14372","react.ccrs.contingency.escalation.considered","","608",,,,,,,,,,,,,,,,,"","","","","","","","",,
"react-baseline-vs-ccrs-v2","800-baseline","react_ccrs_mazeV2","react_ccrs_mazeV2_20260626_201650.log","14373","react.ccrs.contingency.escalation.skipped","","608",,,,,,"no_escalation_condition_met",,,,,,,,,,,"","","","","","","","",,
"react-baseline-vs-ccrs-v2","800-baseline","react_ccrs_mazeV2","react_ccrs_mazeV2_20260626_201650.log","14384","react.ccrs.contingency.escalation.considered","","609",,,,,,,,,,,,,,,,,"","","","","","","","",,
"react-baseline-vs-ccrs-v2","800-baseline","react_ccrs_mazeV2","react_ccrs_mazeV2_20260626_201650.log","14385","react.ccrs.contingency.escalation.skipped","","609",,,,,,"no_escalation_condition_met",,,,,,,,,,,"","","","","","","","",,
"react-baseline-vs-ccrs-v2","800-baseline","react_ccrs_mazeV2","react_ccrs_mazeV2_20260626_201650.log","14402","react.ccrs.contingency.escalation.considered","","610",,,,,,,,,,,,,,,,,"","","","","","","","",,
"react-baseline-vs-ccrs-v2","800-baseline","react_ccrs_mazeV2","react_ccrs_mazeV2_20260626_201650.log","14403","react.ccrs.contingency.escalation.skipped","","610",,,,,,"no_escalation_condition_met",,,,,,,,,,,"","","","","","","","",,
"react-baseline-vs-ccrs-v2","800-baseline","react_ccrs_mazeV2","react_ccrs_mazeV2_20260626_201650.java.log","22","ccrs.contingency.strategy.evaluated","1","84",,"retry","",,"",,,"UNCERTAINTY","unexpected_structure","http://127.0.1.1:8080/cells/12/5",,,"","0","0","False","none",,,,"2","False",,,"",""
"react-baseline-vs-ccrs-v2","800-baseline","react_ccrs_mazeV2","react_ccrs_mazeV2_20260626_201650.java.log","27","ccrs.contingency.strategy.evaluated","1","84",,"backtrack","",,"",,,"UNCERTAINTY","unexpected_structure","http://127.0.1.1:8080/cells/12/5",,,"","0","0","False","none",,,,"0","False",,,"",""
"react-baseline-vs-ccrs-v2","800-baseline","react_ccrs_mazeV2","react_ccrs_mazeV2_20260626_201650.java.log","58","ccrs.contingency.strategy.evaluated","1","84",,"consultation","",,"",,,"UNCERTAINTY","unexpected_structure","http://127.0.1.1:8080/cells/12/5",,,"","0","0","False","none",,,,"12","False",,,"",""
"react-baseline-vs-ccrs-v2","800-baseline","react_ccrs_mazeV2","react_ccrs_mazeV2_20260626_201650.java.log","1417","ccrs.contingency.strategy.evaluated","1","84",,"prediction_llm","","post","",,"http://127.0.1.1:8080/cells/12/5","UNCERTAINTY","unexpected_structure","http://127.0.1.1:8080/cells/12/5",,,"","1","0","False","suggestion","post","http://127.0.1.1:8080/cells/12/5","0.86","10111","False",,"LLM suggests: post to http://127.0.1.1:8080/cells/12/5. Reasoning: The advertised Hydra POST expects GreenKeyBodyShape, whose required SHACL path is dyn:keyValue with a string value on the target lock resource, while the previous dyn:usesKey payload did not satisf...","",""
"react-baseline-vs-ccrs-v2","800-baseline","react_ccrs_mazeV2","react_ccrs_mazeV2_20260626_201650.java.log","1519","ccrs.contingency.strategy.evaluated","2","213",,"retry","",,"",,,"UNCERTAINTY","llm_self_escalation","http://127.0.1.1:8080/cells/33/26",,,"","0","0","False","none",,,,"2","False",,,"",""
"react-baseline-vs-ccrs-v2","800-baseline","react_ccrs_mazeV2","react_ccrs_mazeV2_20260626_201650.java.log","1524","ccrs.contingency.strategy.evaluated","2","213",,"backtrack","",,"",,,"UNCERTAINTY","llm_self_escalation","http://127.0.1.1:8080/cells/33/26",,,"","0","0","False","none",,,,"0","False",,,"",""
"react-baseline-vs-ccrs-v2","800-baseline","react_ccrs_mazeV2","react_ccrs_mazeV2_20260626_201650.java.log","1558","ccrs.contingency.strategy.evaluated","2","213",,"consultation","",,"",,,"UNCERTAINTY","llm_self_escalation","http://127.0.1.1:8080/cells/33/26",,,"","0","0","False","none",,,,"6","False",,,"",""
"react-baseline-vs-ccrs-v2","800-baseline","react_ccrs_mazeV2","react_ccrs_mazeV2_20260626_201650.java.log","5097","ccrs.contingency.strategy.evaluated","2","213",,"prediction_llm","","post","",,"http://127.0.1.1:8080/cells/33/25","UNCERTAINTY","llm_self_escalation","http://127.0.1.1:8080/cells/33/26",,,"","1","0","False","suggestion","post","http://127.0.1.1:8080/cells/33/25","0.78","16911","False",,"LLM suggests: post to http://127.0.1.1:8080/cells/33/25. Reasoning: The current cell has only east and west exits, east leads back to the just-visited cell while the west link is available and its marker indicates the forward continuation, so move west by entering ...","",""
"react-baseline-vs-ccrs-v2","800-baseline","react_ccrs_mazeV2","react_ccrs_mazeV2_20260626_201650.java.log","5224","ccrs.contingency.strategy.evaluated","3","304",,"retry","",,"",,,"UNCERTAINTY","llm_self_escalation","http://127.0.1.1:8080/cells/29/24",,,"","0","0","False","none",,,,"1","False",,,"",""
"react-baseline-vs-ccrs-v2","800-baseline","react_ccrs_mazeV2","react_ccrs_mazeV2_20260626_201650.java.log","5229","ccrs.contingency.strategy.evaluated","3","304",,"backtrack","",,"",,,"UNCERTAINTY","llm_self_escalation","http://127.0.1.1:8080/cells/29/24",,,"","0","0","False","none",,,,"0","False",,,"",""
"react-baseline-vs-ccrs-v2","800-baseline","react_ccrs_mazeV2","react_ccrs_mazeV2_20260626_201650.java.log","5269","ccrs.contingency.strategy.evaluated","3","304",,"consultation","",,"",,,"UNCERTAINTY","llm_self_escalation","http://127.0.1.1:8080/cells/29/24",,,"","0","0","False","none",,,,"6","False",,,"",""
"react-baseline-vs-ccrs-v2","800-baseline","react_ccrs_mazeV2","react_ccrs_mazeV2_20260626_201650.java.log","10605","ccrs.contingency.strategy.evaluated","3","304",,"prediction_llm","","post","",,"http://127.0.1.1:8080/cells/29/25","UNCERTAINTY","llm_self_escalation","http://127.0.1.1:8080/cells/29/24",,,"","1","0","False","suggestion","post","http://127.0.1.1:8080/cells/29/25","0.93","9451","False",,"LLM suggests: post to http://127.0.1.1:8080/cells/29/25. Reasoning: Cell 29/24 is a confirmed dead-end with walls north/south/west and only an east link plus marker to 29/25, so the safe recovery is to backtrack east to 29/25.","",""
"react-baseline-vs-ccrs-v2","800-baseline","react_ccrs_mazeV2","react_ccrs_mazeV2_20260626_201650.java.log","10734","ccrs.contingency.strategy.evaluated","4","403",,"retry","",,"",,,"FAILURE","consecutive_http_api_errors","http://127.0.1.1:8080/cells/31/36","http://127.0.1.1:8080/cells/30/36","http_get","","0","0","False","none",,,,"0","False",,,"",""
"react-baseline-vs-ccrs-v2","800-baseline","react_ccrs_mazeV2","react_ccrs_mazeV2_20260626_201650.java.log","10864","ccrs.contingency.strategy.evaluated","4","403",,"backtrack","",,"","PRECONDITION_MISSING",,"FAILURE","consecutive_http_api_errors","http://127.0.1.1:8080/cells/31/36","http://127.0.1.1:8080/cells/30/36","http_get","","0","1","False","no_help",,,,"96","False","PRECONDITION_MISSING","All checkpoints exceed maximum graph distance","",""
"react-baseline-vs-ccrs-v2","800-baseline","react_ccrs_mazeV2","react_ccrs_mazeV2_20260626_201650.java.log","10892","ccrs.contingency.strategy.evaluated","4","403",,"consultation","",,"",,,"FAILURE","consecutive_http_api_errors","http://127.0.1.1:8080/cells/31/36","http://127.0.1.1:8080/cells/30/36","http_get","","0","0","False","none",,,,"2","False",,,"",""
"react-baseline-vs-ccrs-v2","800-baseline","react_ccrs_mazeV2","react_ccrs_mazeV2_20260626_201650.java.log","16632","ccrs.contingency.strategy.evaluated","4","403",,"prediction_llm","","post","",,"http://127.0.1.1:8080/cells/30/36","FAILURE","consecutive_http_api_errors","http://127.0.1.1:8080/cells/31/36","http://127.0.1.1:8080/cells/30/36","http_get","","1","0","False","suggestion","post","http://127.0.1.1:8080/cells/30/36","0.96","10244","False",,"LLM suggests: post to http://127.0.1.1:8080/cells/30/36. Reasoning: The 403 states the agent is still at 31/36 and cannot GET 30/36 directly; 31/36 advertises a north link to 30/36 and prior successful moves use POST to the destination cell with dyn:entersFrom set ...","",""
"react-baseline-vs-ccrs-v2","800-baseline","react_ccrs_mazeV2","react_ccrs_mazeV2_20260626_201650.java.log","16669","ccrs.contingency.strategy.evaluated","5","421",,"retry","",,"",,,"UNCERTAINTY","unexpected_structure","http://127.0.1.1:8080/cells/36/36","http://127.0.1.1:8080/cells/36/36",,"","0","0","False","none",,,,"1","False",,,"",""
"react-baseline-vs-ccrs-v2","800-baseline","react_ccrs_mazeV2","react_ccrs_mazeV2_20260626_201650.java.log","16674","ccrs.contingency.strategy.evaluated","5","421",,"backtrack","",,"",,,"UNCERTAINTY","unexpected_structure","http://127.0.1.1:8080/cells/36/36","http://127.0.1.1:8080/cells/36/36",,"","0","0","False","none",,,,"0","False",,,"",""
"react-baseline-vs-ccrs-v2","800-baseline","react_ccrs_mazeV2","react_ccrs_mazeV2_20260626_201650.java.log","16708","ccrs.contingency.strategy.evaluated","5","421",,"consultation","",,"",,,"UNCERTAINTY","unexpected_structure","http://127.0.1.1:8080/cells/36/36","http://127.0.1.1:8080/cells/36/36",,"","0","0","False","none",,,,"5","False",,,"",""
"react-baseline-vs-ccrs-v2","800-baseline","react_ccrs_mazeV2","react_ccrs_mazeV2_20260626_201650.java.log","22522","ccrs.contingency.strategy.evaluated","5","421",,"prediction_llm","","post","",,"http://127.0.1.1:8080/cells/36/36","UNCERTAINTY","unexpected_structure","http://127.0.1.1:8080/cells/36/36","http://127.0.1.1:8080/cells/36/36",,"","1","0","False","suggestion","post","http://127.0.1.1:8080/cells/36/36","0.94","8081","False",,"LLM suggests: post to http://127.0.1.1:8080/cells/36/36. Reasoning: The current cell advertises an open Hydra POST operation targeting 36/36 that expects RedKeyBodyShape requiring dyn:keyValue, and the previously observed RedKey fitting this lock has keyValue redke...","",""
"react-baseline-vs-ccrs-v2","800-baseline","react_ccrs_mazeV2","react_ccrs_mazeV2_20260626_201650.java.log","22546","ccrs.contingency.strategy.evaluated","6","505",,"retry","",,"",,,"UNCERTAINTY","unexpected_structure","http://127.0.1.1:8080/cells/44/45","http://127.0.1.1:8080/cells/44/45",,"","0","0","False","none",,,,"0","False",,,"",""
"react-baseline-vs-ccrs-v2","800-baseline","react_ccrs_mazeV2","react_ccrs_mazeV2_20260626_201650.java.log","22551","ccrs.contingency.strategy.evaluated","6","505",,"backtrack","",,"",,,"UNCERTAINTY","unexpected_structure","http://127.0.1.1:8080/cells/44/45","http://127.0.1.1:8080/cells/44/45",,"","0","0","False","none",,,,"0","False",,,"",""
"react-baseline-vs-ccrs-v2","800-baseline","react_ccrs_mazeV2","react_ccrs_mazeV2_20260626_201650.java.log","22645","ccrs.contingency.strategy.evaluated","6","505",,"consultation","","post","",,"http://127.0.1.1:8080/cells/44/45","UNCERTAINTY","unexpected_structure","http://127.0.1.1:8080/cells/44/45","http://127.0.1.1:8080/cells/44/45",,"","1","0","False","suggestion","post","http://127.0.1.1:8080/cells/44/45","0.99","1015","False",,"External consultation via a2a (Key Holder Agent (key-holder-agent-1)/provide_blue_key) projected into action: post to http://127.0.1.1:8080/cells/44/45. Projected first literal-valued statement from consultation artifact onto current focus resource. @prefix dyn: <https://paul.ti.rw.fau.de/~am52etar/dynmaze/dynmaze#> .

<http://127.0.1.1:8080/cells/42/41#key> a dyn:BlueKey;
    dyn:fitsInLock <h...","",""
"react-baseline-vs-ccrs-v2","800-baseline","react_ccrs_mazeV2","react_ccrs_mazeV2_20260626_201650.java.log","28271","ccrs.contingency.strategy.evaluated","6","505",,"prediction_llm","","post","",,"http://127.0.1.1:8080/cells/43/45","UNCERTAINTY","unexpected_structure","http://127.0.1.1:8080/cells/44/45","http://127.0.1.1:8080/cells/44/45",,"","1","0","False","suggestion","post","http://127.0.1.1:8080/cells/43/45","0.86","13596","False",,"LLM suggests: post to http://127.0.1.1:8080/cells/43/45. Reasoning: The BlueKey unlock operation requires a dyn:keyValue but no safe BlueKey value is available, while the current cell advertises a north link back to 43/45 and prior navigation uses POST to the desti...","",""
"react-baseline-vs-ccrs-v2","800-baseline","react_ccrs_mazeV2","react_ccrs_mazeV2_20260626_201650.java.log","28281","ccrs.contingency.strategy.evaluated","7","541",,"retry","",,"",,,"UNCERTAINTY","unexpected_adjacency_count","http://127.0.1.1:8080/cells/44/45","http://127.0.1.1:8080/cells/43/45",,"","0","0","False","none",,,,"0","False",,,"",""
"react-baseline-vs-ccrs-v2","800-baseline","react_ccrs_mazeV2","react_ccrs_mazeV2_20260626_201650.java.log","28286","ccrs.contingency.strategy.evaluated","7","541",,"backtrack","",,"",,,"UNCERTAINTY","unexpected_adjacency_count","http://127.0.1.1:8080/cells/44/45","http://127.0.1.1:8080/cells/43/45",,"","0","0","False","none",,,,"0","False",,,"",""
"react-baseline-vs-ccrs-v2","800-baseline","react_ccrs_mazeV2","react_ccrs_mazeV2_20260626_201650.java.log","28317","ccrs.contingency.strategy.evaluated","7","541",,"consultation","",,"",,,"UNCERTAINTY","unexpected_adjacency_count","http://127.0.1.1:8080/cells/44/45","http://127.0.1.1:8080/cells/43/45",,"","0","0","False","none",,,,"1","False",,,"",""
"react-baseline-vs-ccrs-v2","800-baseline","react_ccrs_mazeV2","react_ccrs_mazeV2_20260626_201650.java.log","33948","ccrs.contingency.strategy.evaluated","7","541",,"prediction_llm","","post","",,"http://127.0.1.1:8080/cells/44/45","UNCERTAINTY","unexpected_adjacency_count","http://127.0.1.1:8080/cells/44/45","http://127.0.1.1:8080/cells/43/45",,"","1","0","False","suggestion","post","http://127.0.1.1:8080/cells/44/45","0.94","33483","False",,"LLM suggests: post to http://127.0.1.1:8080/cells/44/45. Reasoning: The latest GET shows the agent is at locked cell 44/45 with an open BlueKey Hydra POST operation requiring dyn:keyValue, and bluekey-9347 previously unlocked this same lock successfully.","",""
