"batch_id","run_id","agent_name","sequence","cycle","cycle_timestamp","duration_ms","file","line","event_count","opportunistic_detected_count","opportunistic_prompt_visible_count","selection_count","contingency_event_count","contingency_guidance_event_count"
"react-baseline-vs-ccrs-v2","700-baseline","react_baseline_mazeV2","1","1","2026-06-27T13:56:38.597+00:00",,"react_baseline_mazeV2_20260627_155634.log","6","1","0","0","0","0","0"
"react-baseline-vs-ccrs-v2","700-baseline","react_baseline_mazeV2","2","2","2026-06-27T13:56:41.406+00:00","2809","react_baseline_mazeV2_20260627_155634.log","11","1","0","0","0","0","0"
"react-baseline-vs-ccrs-v2","700-baseline","react_baseline_mazeV2","3","3","2026-06-27T13:56:43.277+00:00","1871","react_baseline_mazeV2_20260627_155634.log","17","1","0","0","0","0","0"
"react-baseline-vs-ccrs-v2","700-baseline","react_baseline_mazeV2","4","4","2026-06-27T13:56:46.206+00:00","2929","react_baseline_mazeV2_20260627_155634.log","23","1","0","0","0","0","0"
"react-baseline-vs-ccrs-v2","700-baseline","react_baseline_mazeV2","5","5","2026-06-27T13:56:48.431+00:00","2225","react_baseline_mazeV2_20260627_155634.log","29","1","0","0","0","0","0"
"react-baseline-vs-ccrs-v2","700-baseline","react_baseline_mazeV2","6","6","2026-06-27T13:56:51.180+00:00","2749","react_baseline_mazeV2_20260627_155634.log","35","1","0","0","0","0","0"
"react-baseline-vs-ccrs-v2","700-baseline","react_baseline_mazeV2","7","7","2026-06-27T13:56:52.929+00:00","1749","react_baseline_mazeV2_20260627_155634.log","41","1","0","0","0","0","0"
"react-baseline-vs-ccrs-v2","700-baseline","react_baseline_mazeV2","8","8","2026-06-27T13:56:56.180+00:00","3251","react_baseline_mazeV2_20260627_155634.log","47","1","0","0","0","0","0"
"react-baseline-vs-ccrs-v2","700-baseline","react_baseline_mazeV2","9","9","2026-06-27T13:56:58.598+00:00","2418","react_baseline_mazeV2_20260627_155634.log","53","1","0","0","0","0","0"
"react-baseline-vs-ccrs-v2","700-baseline","react_baseline_mazeV2","10","10","2026-06-27T13:57:01.578+00:00","2980","react_baseline_mazeV2_20260627_155634.log","59","1","0","0","0","0","0"
"react-baseline-vs-ccrs-v2","700-baseline","react_baseline_mazeV2","11","11","2026-06-27T13:57:03.495+00:00","1917","react_baseline_mazeV2_20260627_155634.log","65","1","0","0","0","0","0"
"react-baseline-vs-ccrs-v2","700-baseline","react_baseline_mazeV2","12","12","2026-06-27T13:57:06.301+00:00","2806","react_baseline_mazeV2_20260627_155634.log","71","1","0","0","0","0","0"
"react-baseline-vs-ccrs-v2","700-baseline","react_baseline_mazeV2","13","13","2026-06-27T13:57:08.166+00:00","1865","react_baseline_mazeV2_20260627_155634.log","77","1","0","0","0","0","0"
"react-baseline-vs-ccrs-v2","700-baseline","react_baseline_mazeV2","14","14","2026-06-27T13:57:10.922+00:00","2756","react_baseline_mazeV2_20260627_155634.log","83","1","0","0","0","0","0"
"react-baseline-vs-ccrs-v2","700-baseline","react_baseline_mazeV2","15","15","2026-06-27T13:57:12.675+00:00","1753","react_baseline_mazeV2_20260627_155634.log","89","1","0","0","0","0","0"
"react-baseline-vs-ccrs-v2","700-baseline","react_baseline_mazeV2","16","16","2026-06-27T13:57:15.820+00:00","3145","react_baseline_mazeV2_20260627_155634.log","95","1","0","0","0","0","0"
"react-baseline-vs-ccrs-v2","700-baseline","react_baseline_mazeV2","17","17","2026-06-27T13:57:18.045+00:00","2225","react_baseline_mazeV2_20260627_155634.log","101","1","0","0","0","0","0"
"react-baseline-vs-ccrs-v2","700-baseline","react_baseline_mazeV2","18","18","2026-06-27T13:57:21.026+00:00","2981","react_baseline_mazeV2_20260627_155634.log","107","1","0","0","0","0","0"
"react-baseline-vs-ccrs-v2","700-baseline","react_baseline_mazeV2","19","19","2026-06-27T13:57:23.067+00:00","2041","react_baseline_mazeV2_20260627_155634.log","113","1","0","0","0","0","0"
"react-baseline-vs-ccrs-v2","700-baseline","react_baseline_mazeV2","20","20","2026-06-27T13:57:26.660+00:00","3593","react_baseline_mazeV2_20260627_155634.log","119","1","0","0","0","0","0"
"react-baseline-vs-ccrs-v2","700-baseline","react_baseline_mazeV2","21","21","2026-06-27T13:57:28.925+00:00","2265","react_baseline_mazeV2_20260627_155634.log","125","1","0","0","0","0","0"
"react-baseline-vs-ccrs-v2","700-baseline","react_baseline_mazeV2","22","22","2026-06-27T13:57:31.059+00:00","2134","react_baseline_mazeV2_20260627_155634.log","131","1","0","0","0","0","0"
"react-baseline-vs-ccrs-v2","700-baseline","react_baseline_mazeV2","23","23","2026-06-27T13:57:35.833+00:00","4774","react_baseline_mazeV2_20260627_155634.log","137","1","0","0","0","0","0"
"react-baseline-vs-ccrs-v2","700-baseline","react_baseline_mazeV2","24","24","2026-06-27T13:57:37.886+00:00","2053","react_baseline_mazeV2_20260627_155634.log","143","1","0","0","0","0","0"
"react-baseline-vs-ccrs-v2","700-baseline","react_baseline_mazeV2","25","25","2026-06-27T13:57:41.038+00:00","3152","react_baseline_mazeV2_20260627_155634.log","149","1","0","0","0","0","0"
"react-baseline-vs-ccrs-v2","700-baseline","react_baseline_mazeV2","26","26","2026-06-27T13:57:43.360+00:00","2322","react_baseline_mazeV2_20260627_155634.log","155","1","0","0","0","0","0"
"react-baseline-vs-ccrs-v2","700-baseline","react_baseline_mazeV2","27","27","2026-06-27T13:57:46.473+00:00","3113","react_baseline_mazeV2_20260627_155634.log","161","1","0","0","0","0","0"
"react-baseline-vs-ccrs-v2","700-baseline","react_baseline_mazeV2","28","28","2026-06-27T13:57:49.018+00:00","2545","react_baseline_mazeV2_20260627_155634.log","167","1","0","0","0","0","0"
"react-baseline-vs-ccrs-v2","700-baseline","react_baseline_mazeV2","29","29","2026-06-27T13:57:52.123+00:00","3105","react_baseline_mazeV2_20260627_155634.log","173","1","0","0","0","0","0"
"react-baseline-vs-ccrs-v2","700-baseline","react_baseline_mazeV2","30","30","2026-06-27T13:57:54.660+00:00","2537","react_baseline_mazeV2_20260627_155634.log","179","1","0","0","0","0","0"
"react-baseline-vs-ccrs-v2","700-baseline","react_baseline_mazeV2","31","31","2026-06-27T13:57:57.806+00:00","3146","react_baseline_mazeV2_20260627_155634.log","185","1","0","0","0","0","0"
"react-baseline-vs-ccrs-v2","700-baseline","react_baseline_mazeV2","32","32","2026-06-27T13:57:59.643+00:00","1837","react_baseline_mazeV2_20260627_155634.log","191","1","0","0","0","0","0"
"react-baseline-vs-ccrs-v2","700-baseline","react_baseline_mazeV2","33","33","2026-06-27T13:58:02.904+00:00","3261","react_baseline_mazeV2_20260627_155634.log","197","1","0","0","0","0","0"
"react-baseline-vs-ccrs-v2","700-baseline","react_baseline_mazeV2","34","34","2026-06-27T13:58:08.714+00:00","5810","react_baseline_mazeV2_20260627_155634.log","203","1","0","0","0","0","0"
"react-baseline-vs-ccrs-v2","700-baseline","react_baseline_mazeV2","35","35","2026-06-27T13:58:12.092+00:00","3378","react_baseline_mazeV2_20260627_155634.log","209","1","0","0","0","0","0"
"react-baseline-vs-ccrs-v2","700-baseline","react_baseline_mazeV2","36","36","2026-06-27T13:58:14.706+00:00","2614","react_baseline_mazeV2_20260627_155634.log","215","1","0","0","0","0","0"
"react-baseline-vs-ccrs-v2","700-baseline","react_baseline_mazeV2","37","37","2026-06-27T13:58:17.881+00:00","3175","react_baseline_mazeV2_20260627_155634.log","221","1","0","0","0","0","0"
"react-baseline-vs-ccrs-v2","700-baseline","react_baseline_mazeV2","38","38","2026-06-27T13:58:20.320+00:00","2439","react_baseline_mazeV2_20260627_155634.log","227","1","0","0","0","0","0"
"react-baseline-vs-ccrs-v2","700-baseline","react_baseline_mazeV2","39","39","2026-06-27T13:58:23.304+00:00","2984","react_baseline_mazeV2_20260627_155634.log","233","1","0","0","0","0","0"
"react-baseline-vs-ccrs-v2","700-baseline","react_baseline_mazeV2","40","40","2026-06-27T13:58:25.739+00:00","2435","react_baseline_mazeV2_20260627_155634.log","239","1","0","0","0","0","0"
"react-baseline-vs-ccrs-v2","700-baseline","react_baseline_mazeV2","41","41","2026-06-27T13:58:28.086+00:00","2347","react_baseline_mazeV2_20260627_155634.log","245","1","0","0","0","0","0"
"react-baseline-vs-ccrs-v2","700-baseline","react_baseline_mazeV2","42","42","2026-06-27T13:58:31.227+00:00","3141","react_baseline_mazeV2_20260627_155634.log","251","1","0","0","0","0","0"
"react-baseline-vs-ccrs-v2","700-baseline","react_baseline_mazeV2","43","43","2026-06-27T13:58:33.425+00:00","2198","react_baseline_mazeV2_20260627_155634.log","257","1","0","0","0","0","0"
"react-baseline-vs-ccrs-v2","700-baseline","react_baseline_mazeV2","44","44","2026-06-27T13:58:36.766+00:00","3341","react_baseline_mazeV2_20260627_155634.log","263","1","0","0","0","0","0"
"react-baseline-vs-ccrs-v2","700-baseline","react_baseline_mazeV2","45","45","2026-06-27T13:58:38.830+00:00","2064","react_baseline_mazeV2_20260627_155634.log","269","1","0","0","0","0","0"
"react-baseline-vs-ccrs-v2","700-baseline","react_baseline_mazeV2","46","46","2026-06-27T13:58:40.968+00:00","2138","react_baseline_mazeV2_20260627_155634.log","275","1","0","0","0","0","0"
"react-baseline-vs-ccrs-v2","700-baseline","react_baseline_mazeV2","47","47","2026-06-27T13:58:44.159+00:00","3191","react_baseline_mazeV2_20260627_155634.log","281","1","0","0","0","0","0"
"react-baseline-vs-ccrs-v2","700-baseline","react_baseline_mazeV2","48","48","2026-06-27T13:58:46.432+00:00","2273","react_baseline_mazeV2_20260627_155634.log","287","1","0","0","0","0","0"
"react-baseline-vs-ccrs-v2","700-baseline","react_baseline_mazeV2","49","49","2026-06-27T13:58:48.434+00:00","2002","react_baseline_mazeV2_20260627_155634.log","293","1","0","0","0","0","0"
"react-baseline-vs-ccrs-v2","700-baseline","react_baseline_mazeV2","50","50","2026-06-27T13:58:50.500+00:00","2066","react_baseline_mazeV2_20260627_155634.log","299","1","0","0","0","0","0"
"react-baseline-vs-ccrs-v2","700-baseline","react_baseline_mazeV2","51","51","2026-06-27T13:58:52.768+00:00","2268","react_baseline_mazeV2_20260627_155634.log","305","1","0","0","0","0","0"
"react-baseline-vs-ccrs-v2","700-baseline","react_baseline_mazeV2","52","52","2026-06-27T13:58:54.929+00:00","2161","react_baseline_mazeV2_20260627_155634.log","311","1","0","0","0","0","0"
"react-baseline-vs-ccrs-v2","700-baseline","react_baseline_mazeV2","53","53","2026-06-27T13:58:56.955+00:00","2026","react_baseline_mazeV2_20260627_155634.log","317","1","0","0","0","0","0"
"react-baseline-vs-ccrs-v2","700-baseline","react_baseline_mazeV2","54","54","2026-06-27T13:58:59.204+00:00","2249","react_baseline_mazeV2_20260627_155634.log","323","1","0","0","0","0","0"
"react-baseline-vs-ccrs-v2","700-baseline","react_baseline_mazeV2","55","55","2026-06-27T13:59:02.608+00:00","3404","react_baseline_mazeV2_20260627_155634.log","329","1","0","0","0","0","0"
"react-baseline-vs-ccrs-v2","700-baseline","react_baseline_mazeV2","56","56","2026-06-27T13:59:04.783+00:00","2175","react_baseline_mazeV2_20260627_155634.log","335","1","0","0","0","0","0"
"react-baseline-vs-ccrs-v2","700-baseline","react_baseline_mazeV2","57","57","2026-06-27T13:59:06.957+00:00","2174","react_baseline_mazeV2_20260627_155634.log","341","1","0","0","0","0","0"
"react-baseline-vs-ccrs-v2","700-baseline","react_baseline_mazeV2","58","58","2026-06-27T13:59:10.227+00:00","3270","react_baseline_mazeV2_20260627_155634.log","347","1","0","0","0","0","0"
"react-baseline-vs-ccrs-v2","700-baseline","react_baseline_mazeV2","59","59","2026-06-27T13:59:12.499+00:00","2272","react_baseline_mazeV2_20260627_155634.log","353","1","0","0","0","0","0"
"react-baseline-vs-ccrs-v2","700-baseline","react_baseline_mazeV2","60","60","2026-06-27T13:59:15.349+00:00","2850","react_baseline_mazeV2_20260627_155634.log","359","1","0","0","0","0","0"
"react-baseline-vs-ccrs-v2","700-baseline","react_baseline_mazeV2","61","61","2026-06-27T13:59:17.389+00:00","2040","react_baseline_mazeV2_20260627_155634.log","365","1","0","0","0","0","0"
"react-baseline-vs-ccrs-v2","700-baseline","react_baseline_mazeV2","62","62","2026-06-27T13:59:19.327+00:00","1938","react_baseline_mazeV2_20260627_155634.log","371","1","0","0","0","0","0"
"react-baseline-vs-ccrs-v2","700-baseline","react_baseline_mazeV2","63","63","2026-06-27T13:59:22.342+00:00","3015","react_baseline_mazeV2_20260627_155634.log","377","1","0","0","0","0","0"
"react-baseline-vs-ccrs-v2","700-baseline","react_baseline_mazeV2","64","64","2026-06-27T13:59:24.274+00:00","1932","react_baseline_mazeV2_20260627_155634.log","383","1","0","0","0","0","0"
"react-baseline-vs-ccrs-v2","700-baseline","react_baseline_mazeV2","65","65","2026-06-27T13:59:26.504+00:00","2230","react_baseline_mazeV2_20260627_155634.log","389","1","0","0","0","0","0"
"react-baseline-vs-ccrs-v2","700-baseline","react_baseline_mazeV2","66","66","2026-06-27T13:59:29.822+00:00","3318","react_baseline_mazeV2_20260627_155634.log","395","1","0","0","0","0","0"
"react-baseline-vs-ccrs-v2","700-baseline","react_baseline_mazeV2","67","67","2026-06-27T13:59:32.083+00:00","2261","react_baseline_mazeV2_20260627_155634.log","401","1","0","0","0","0","0"
"react-baseline-vs-ccrs-v2","700-baseline","react_baseline_mazeV2","68","68","2026-06-27T13:59:34.374+00:00","2291","react_baseline_mazeV2_20260627_155634.log","407","1","0","0","0","0","0"
"react-baseline-vs-ccrs-v2","700-baseline","react_baseline_mazeV2","69","69","2026-06-27T13:59:37.439+00:00","3065","react_baseline_mazeV2_20260627_155634.log","413","1","0","0","0","0","0"
"react-baseline-vs-ccrs-v2","700-baseline","react_baseline_mazeV2","70","70","2026-06-27T13:59:39.800+00:00","2361","react_baseline_mazeV2_20260627_155634.log","419","1","0","0","0","0","0"
"react-baseline-vs-ccrs-v2","700-baseline","react_baseline_mazeV2","71","71","2026-06-27T13:59:42.025+00:00","2225","react_baseline_mazeV2_20260627_155634.log","425","1","0","0","0","0","0"
"react-baseline-vs-ccrs-v2","700-baseline","react_baseline_mazeV2","72","72","2026-06-27T13:59:44.078+00:00","2053","react_baseline_mazeV2_20260627_155634.log","431","1","0","0","0","0","0"
"react-baseline-vs-ccrs-v2","700-baseline","react_baseline_mazeV2","73","73","2026-06-27T13:59:47.078+00:00","3000","react_baseline_mazeV2_20260627_155634.log","437","1","0","0","0","0","0"
"react-baseline-vs-ccrs-v2","700-baseline","react_baseline_mazeV2","74","74","2026-06-27T13:59:49.185+00:00","2107","react_baseline_mazeV2_20260627_155634.log","443","1","0","0","0","0","0"
"react-baseline-vs-ccrs-v2","700-baseline","react_baseline_mazeV2","75","75","2026-06-27T13:59:51.308+00:00","2123","react_baseline_mazeV2_20260627_155634.log","449","1","0","0","0","0","0"
"react-baseline-vs-ccrs-v2","700-baseline","react_baseline_mazeV2","76","76","2026-06-27T13:59:54.590+00:00","3282","react_baseline_mazeV2_20260627_155634.log","455","1","0","0","0","0","0"
"react-baseline-vs-ccrs-v2","700-baseline","react_baseline_mazeV2","77","77","2026-06-27T13:59:57.087+00:00","2497","react_baseline_mazeV2_20260627_155634.log","461","1","0","0","0","0","0"
"react-baseline-vs-ccrs-v2","700-baseline","react_baseline_mazeV2","78","78","2026-06-27T13:59:59.313+00:00","2226","react_baseline_mazeV2_20260627_155634.log","467","1","0","0","0","0","0"
"react-baseline-vs-ccrs-v2","700-baseline","react_baseline_mazeV2","79","79","2026-06-27T14:00:03.060+00:00","3747","react_baseline_mazeV2_20260627_155634.log","473","1","0","0","0","0","0"
"react-baseline-vs-ccrs-v2","700-baseline","react_baseline_mazeV2","80","80","2026-06-27T14:00:05.468+00:00","2408","react_baseline_mazeV2_20260627_155634.log","479","1","0","0","0","0","0"
"react-baseline-vs-ccrs-v2","700-baseline","react_baseline_mazeV2","81","81","2026-06-27T14:00:08.379+00:00","2911","react_baseline_mazeV2_20260627_155634.log","485","1","0","0","0","0","0"
"react-baseline-vs-ccrs-v2","700-baseline","react_baseline_mazeV2","82","82","2026-06-27T14:00:10.499+00:00","2120","react_baseline_mazeV2_20260627_155634.log","491","1","0","0","0","0","0"
"react-baseline-vs-ccrs-v2","700-baseline","react_baseline_mazeV2","83","83","2026-06-27T14:00:12.582+00:00","2083","react_baseline_mazeV2_20260627_155634.log","497","1","0","0","0","0","0"
"react-baseline-vs-ccrs-v2","700-baseline","react_baseline_mazeV2","84","84","2026-06-27T14:00:14.920+00:00","2338","react_baseline_mazeV2_20260627_155634.log","503","1","0","0","0","0","0"
"react-baseline-vs-ccrs-v2","700-baseline","react_baseline_mazeV2","85","85","2026-06-27T14:00:17.476+00:00","2556","react_baseline_mazeV2_20260627_155634.log","509","1","0","0","0","0","0"
"react-baseline-vs-ccrs-v2","700-baseline","react_baseline_mazeV2","86","86","2026-06-27T14:00:19.831+00:00","2355","react_baseline_mazeV2_20260627_155634.log","515","1","0","0","0","0","0"
"react-baseline-vs-ccrs-v2","700-baseline","react_baseline_mazeV2","87","87","2026-06-27T14:00:22.298+00:00","2467","react_baseline_mazeV2_20260627_155634.log","521","1","0","0","0","0","0"
"react-baseline-vs-ccrs-v2","700-baseline","react_baseline_mazeV2","88","88","2026-06-27T14:00:25.201+00:00","2903","react_baseline_mazeV2_20260627_155634.log","527","1","0","0","0","0","0"
"react-baseline-vs-ccrs-v2","700-baseline","react_baseline_mazeV2","89","89","2026-06-27T14:00:27.385+00:00","2184","react_baseline_mazeV2_20260627_155634.log","533","1","0","0","0","0","0"
"react-baseline-vs-ccrs-v2","700-baseline","react_baseline_mazeV2","90","90","2026-06-27T14:00:29.504+00:00","2119","react_baseline_mazeV2_20260627_155634.log","539","1","0","0","0","0","0"
"react-baseline-vs-ccrs-v2","700-baseline","react_baseline_mazeV2","91","91","2026-06-27T14:00:35.818+00:00","6314","react_baseline_mazeV2_20260627_155634.log","545","1","0","0","0","0","0"
"react-baseline-vs-ccrs-v2","700-baseline","react_baseline_mazeV2","92","92","2026-06-27T14:00:38.966+00:00","3148","react_baseline_mazeV2_20260627_155634.log","551","1","0","0","0","0","0"
"react-baseline-vs-ccrs-v2","700-baseline","react_baseline_mazeV2","93","93","2026-06-27T14:00:42.442+00:00","3476","react_baseline_mazeV2_20260627_155634.log","557","1","0","0","0","0","0"
"react-baseline-vs-ccrs-v2","700-baseline","react_baseline_mazeV2","94","94","2026-06-27T14:00:44.915+00:00","2473","react_baseline_mazeV2_20260627_155634.log","563","1","0","0","0","0","0"
"react-baseline-vs-ccrs-v2","700-baseline","react_baseline_mazeV2","95","95","2026-06-27T14:00:47.144+00:00","2229","react_baseline_mazeV2_20260627_155634.log","569","1","0","0","0","0","0"
"react-baseline-vs-ccrs-v2","700-baseline","react_baseline_mazeV2","96","96","2026-06-27T14:00:49.888+00:00","2744","react_baseline_mazeV2_20260627_155634.log","575","1","0","0","0","0","0"
"react-baseline-vs-ccrs-v2","700-baseline","react_baseline_mazeV2","97","97","2026-06-27T14:00:52.399+00:00","2511","react_baseline_mazeV2_20260627_155634.log","581","1","0","0","0","0","0"
"react-baseline-vs-ccrs-v2","700-baseline","react_baseline_mazeV2","98","98","2026-06-27T14:00:55.263+00:00","2864","react_baseline_mazeV2_20260627_155634.log","587","1","0","0","0","0","0"
"react-baseline-vs-ccrs-v2","700-baseline","react_baseline_mazeV2","99","99","2026-06-27T14:00:57.507+00:00","2244","react_baseline_mazeV2_20260627_155634.log","593","1","0","0","0","0","0"
"react-baseline-vs-ccrs-v2","700-baseline","react_baseline_mazeV2","100","100","2026-06-27T14:01:00.535+00:00","3028","react_baseline_mazeV2_20260627_155634.log","599","1","0","0","0","0","0"
"react-baseline-vs-ccrs-v2","700-baseline","react_baseline_mazeV2","101","101","2026-06-27T14:01:02.750+00:00","2215","react_baseline_mazeV2_20260627_155634.log","605","1","0","0","0","0","0"
"react-baseline-vs-ccrs-v2","700-baseline","react_baseline_mazeV2","102","102","2026-06-27T14:01:04.903+00:00","2153","react_baseline_mazeV2_20260627_155634.log","611","1","0","0","0","0","0"
"react-baseline-vs-ccrs-v2","700-baseline","react_baseline_mazeV2","103","103","2026-06-27T14:01:07.051+00:00","2148","react_baseline_mazeV2_20260627_155634.log","617","1","0","0","0","0","0"
"react-baseline-vs-ccrs-v2","700-baseline","react_baseline_mazeV2","104","104","2026-06-27T14:01:09.184+00:00","2133","react_baseline_mazeV2_20260627_155634.log","623","1","0","0","0","0","0"
"react-baseline-vs-ccrs-v2","700-baseline","react_baseline_mazeV2","105","105","2026-06-27T14:01:11.541+00:00","2357","react_baseline_mazeV2_20260627_155634.log","629","1","0","0","0","0","0"
"react-baseline-vs-ccrs-v2","700-baseline","react_baseline_mazeV2","106","106","2026-06-27T14:01:13.803+00:00","2262","react_baseline_mazeV2_20260627_155634.log","635","1","0","0","0","0","0"
"react-baseline-vs-ccrs-v2","700-baseline","react_baseline_mazeV2","107","107","2026-06-27T14:01:16.025+00:00","2222","react_baseline_mazeV2_20260627_155634.log","641","1","0","0","0","0","0"
"react-baseline-vs-ccrs-v2","700-baseline","react_baseline_mazeV2","108","108","2026-06-27T14:01:18.419+00:00","2394","react_baseline_mazeV2_20260627_155634.log","647","1","0","0","0","0","0"
"react-baseline-vs-ccrs-v2","700-baseline","react_baseline_mazeV2","109","109","2026-06-27T14:01:20.793+00:00","2374","react_baseline_mazeV2_20260627_155634.log","653","1","0","0","0","0","0"
"react-baseline-vs-ccrs-v2","700-baseline","react_baseline_mazeV2","110","110","2026-06-27T14:01:23.512+00:00","2719","react_baseline_mazeV2_20260627_155634.log","659","1","0","0","0","0","0"
"react-baseline-vs-ccrs-v2","700-baseline","react_baseline_mazeV2","111","111","2026-06-27T14:01:25.701+00:00","2189","react_baseline_mazeV2_20260627_155634.log","665","1","0","0","0","0","0"
"react-baseline-vs-ccrs-v2","700-baseline","react_baseline_mazeV2","112","112","2026-06-27T14:01:28.024+00:00","2323","react_baseline_mazeV2_20260627_155634.log","671","1","0","0","0","0","0"
"react-baseline-vs-ccrs-v2","700-baseline","react_baseline_mazeV2","113","113","2026-06-27T14:01:31.005+00:00","2981","react_baseline_mazeV2_20260627_155634.log","677","1","0","0","0","0","0"
"react-baseline-vs-ccrs-v2","700-baseline","react_baseline_mazeV2","114","114","2026-06-27T14:01:33.179+00:00","2174","react_baseline_mazeV2_20260627_155634.log","683","1","0","0","0","0","0"
"react-baseline-vs-ccrs-v2","700-baseline","react_baseline_mazeV2","115","115","2026-06-27T14:01:36.205+00:00","3026","react_baseline_mazeV2_20260627_155634.log","689","1","0","0","0","0","0"
"react-baseline-vs-ccrs-v2","700-baseline","react_baseline_mazeV2","116","116","2026-06-27T14:01:38.267+00:00","2062","react_baseline_mazeV2_20260627_155634.log","695","1","0","0","0","0","0"
"react-baseline-vs-ccrs-v2","700-baseline","react_baseline_mazeV2","117","117","2026-06-27T14:01:41.181+00:00","2914","react_baseline_mazeV2_20260627_155634.log","701","1","0","0","0","0","0"
"react-baseline-vs-ccrs-v2","700-baseline","react_baseline_mazeV2","118","118","2026-06-27T14:01:43.093+00:00","1912","react_baseline_mazeV2_20260627_155634.log","707","1","0","0","0","0","0"
"react-baseline-vs-ccrs-v2","700-baseline","react_baseline_mazeV2","119","119","2026-06-27T14:01:45.218+00:00","2125","react_baseline_mazeV2_20260627_155634.log","713","1","0","0","0","0","0"
"react-baseline-vs-ccrs-v2","700-baseline","react_baseline_mazeV2","120","120","2026-06-27T14:01:47.398+00:00","2180","react_baseline_mazeV2_20260627_155634.log","719","1","0","0","0","0","0"
"react-baseline-vs-ccrs-v2","700-baseline","react_baseline_mazeV2","121","121","2026-06-27T14:01:49.461+00:00","2063","react_baseline_mazeV2_20260627_155634.log","725","1","0","0","0","0","0"
"react-baseline-vs-ccrs-v2","700-baseline","react_baseline_mazeV2","122","122","2026-06-27T14:01:51.462+00:00","2001","react_baseline_mazeV2_20260627_155634.log","731","1","0","0","0","0","0"
"react-baseline-vs-ccrs-v2","700-baseline","react_baseline_mazeV2","123","123","2026-06-27T14:01:54.738+00:00","3276","react_baseline_mazeV2_20260627_155634.log","737","1","0","0","0","0","0"
"react-baseline-vs-ccrs-v2","700-baseline","react_baseline_mazeV2","124","124","2026-06-27T14:01:57.019+00:00","2281","react_baseline_mazeV2_20260627_155634.log","743","1","0","0","0","0","0"
"react-baseline-vs-ccrs-v2","700-baseline","react_baseline_mazeV2","125","125","2026-06-27T14:02:00.595+00:00","3576","react_baseline_mazeV2_20260627_155634.log","749","1","0","0","0","0","0"
"react-baseline-vs-ccrs-v2","700-baseline","react_baseline_mazeV2","126","126","2026-06-27T14:02:02.656+00:00","2061","react_baseline_mazeV2_20260627_155634.log","755","1","0","0","0","0","0"
"react-baseline-vs-ccrs-v2","700-baseline","react_baseline_mazeV2","127","127","2026-06-27T14:02:04.840+00:00","2184","react_baseline_mazeV2_20260627_155634.log","761","1","0","0","0","0","0"
"react-baseline-vs-ccrs-v2","700-baseline","react_baseline_mazeV2","128","128","2026-06-27T14:02:08.041+00:00","3201","react_baseline_mazeV2_20260627_155634.log","767","1","0","0","0","0","0"
"react-baseline-vs-ccrs-v2","700-baseline","react_baseline_mazeV2","129","129","2026-06-27T14:02:10.513+00:00","2472","react_baseline_mazeV2_20260627_155634.log","773","1","0","0","0","0","0"
"react-baseline-vs-ccrs-v2","700-baseline","react_baseline_mazeV2","130","130","2026-06-27T14:02:13.626+00:00","3113","react_baseline_mazeV2_20260627_155634.log","779","1","0","0","0","0","0"
"react-baseline-vs-ccrs-v2","700-baseline","react_baseline_mazeV2","131","131","2026-06-27T14:02:15.997+00:00","2371","react_baseline_mazeV2_20260627_155634.log","785","1","0","0","0","0","0"
"react-baseline-vs-ccrs-v2","700-baseline","react_baseline_mazeV2","132","132","2026-06-27T14:02:18.694+00:00","2697","react_baseline_mazeV2_20260627_155634.log","791","1","0","0","0","0","0"
"react-baseline-vs-ccrs-v2","700-baseline","react_baseline_mazeV2","133","133","2026-06-27T14:02:20.923+00:00","2229","react_baseline_mazeV2_20260627_155634.log","797","1","0","0","0","0","0"
"react-baseline-vs-ccrs-v2","700-baseline","react_baseline_mazeV2","134","134","2026-06-27T14:02:23.420+00:00","2497","react_baseline_mazeV2_20260627_155634.log","803","1","0","0","0","0","0"
"react-baseline-vs-ccrs-v2","700-baseline","react_baseline_mazeV2","135","135","2026-06-27T14:02:25.743+00:00","2323","react_baseline_mazeV2_20260627_155634.log","809","1","0","0","0","0","0"
"react-baseline-vs-ccrs-v2","700-baseline","react_baseline_mazeV2","136","136","2026-06-27T14:02:27.830+00:00","2087","react_baseline_mazeV2_20260627_155634.log","815","1","0","0","0","0","0"
"react-baseline-vs-ccrs-v2","700-baseline","react_baseline_mazeV2","137","137","2026-06-27T14:02:30.004+00:00","2174","react_baseline_mazeV2_20260627_155634.log","821","1","0","0","0","0","0"
"react-baseline-vs-ccrs-v2","700-baseline","react_baseline_mazeV2","138","138","2026-06-27T14:02:32.109+00:00","2105","react_baseline_mazeV2_20260627_155634.log","827","1","0","0","0","0","0"
"react-baseline-vs-ccrs-v2","700-baseline","react_baseline_mazeV2","139","139","2026-06-27T14:02:37.162+00:00","5053","react_baseline_mazeV2_20260627_155634.log","833","1","0","0","0","0","0"
"react-baseline-vs-ccrs-v2","700-baseline","react_baseline_mazeV2","140","140","2026-06-27T14:02:39.379+00:00","2217","react_baseline_mazeV2_20260627_155634.log","839","1","0","0","0","0","0"
"react-baseline-vs-ccrs-v2","700-baseline","react_baseline_mazeV2","141","141","2026-06-27T14:02:41.625+00:00","2246","react_baseline_mazeV2_20260627_155634.log","845","1","0","0","0","0","0"
"react-baseline-vs-ccrs-v2","700-baseline","react_baseline_mazeV2","142","142","2026-06-27T14:02:43.916+00:00","2291","react_baseline_mazeV2_20260627_155634.log","851","1","0","0","0","0","0"
"react-baseline-vs-ccrs-v2","700-baseline","react_baseline_mazeV2","143","143","2026-06-27T14:02:46.738+00:00","2822","react_baseline_mazeV2_20260627_155634.log","857","1","0","0","0","0","0"
"react-baseline-vs-ccrs-v2","700-baseline","react_baseline_mazeV2","144","144","2026-06-27T14:02:49.148+00:00","2410","react_baseline_mazeV2_20260627_155634.log","863","1","0","0","0","0","0"
"react-baseline-vs-ccrs-v2","700-baseline","react_baseline_mazeV2","145","145","2026-06-27T14:02:51.308+00:00","2160","react_baseline_mazeV2_20260627_155634.log","869","1","0","0","0","0","0"
"react-baseline-vs-ccrs-v2","700-baseline","react_baseline_mazeV2","146","146","2026-06-27T14:02:53.514+00:00","2206","react_baseline_mazeV2_20260627_155634.log","875","1","0","0","0","0","0"
"react-baseline-vs-ccrs-v2","700-baseline","react_baseline_mazeV2","147","147","2026-06-27T14:02:55.469+00:00","1955","react_baseline_mazeV2_20260627_155634.log","881","1","0","0","0","0","0"
"react-baseline-vs-ccrs-v2","700-baseline","react_baseline_mazeV2","148","148","2026-06-27T14:02:57.805+00:00","2336","react_baseline_mazeV2_20260627_155634.log","887","1","0","0","0","0","0"
"react-baseline-vs-ccrs-v2","700-baseline","react_baseline_mazeV2","149","149","2026-06-27T14:03:00.343+00:00","2538","react_baseline_mazeV2_20260627_155634.log","893","1","0","0","0","0","0"
"react-baseline-vs-ccrs-v2","700-baseline","react_baseline_mazeV2","150","150","2026-06-27T14:03:02.600+00:00","2257","react_baseline_mazeV2_20260627_155634.log","899","1","0","0","0","0","0"
"react-baseline-vs-ccrs-v2","700-baseline","react_baseline_mazeV2","151","151","2026-06-27T14:03:05.164+00:00","2564","react_baseline_mazeV2_20260627_155634.log","905","1","0","0","0","0","0"
"react-baseline-vs-ccrs-v2","700-baseline","react_baseline_mazeV2","152","152","2026-06-27T14:03:07.242+00:00","2078","react_baseline_mazeV2_20260627_155634.log","911","1","0","0","0","0","0"
"react-baseline-vs-ccrs-v2","700-baseline","react_baseline_mazeV2","153","153","2026-06-27T14:03:10.312+00:00","3070","react_baseline_mazeV2_20260627_155634.log","917","1","0","0","0","0","0"
"react-baseline-vs-ccrs-v2","700-baseline","react_baseline_mazeV2","154","154","2026-06-27T14:03:12.699+00:00","2387","react_baseline_mazeV2_20260627_155634.log","923","1","0","0","0","0","0"
"react-baseline-vs-ccrs-v2","700-baseline","react_baseline_mazeV2","155","155","2026-06-27T14:03:14.707+00:00","2008","react_baseline_mazeV2_20260627_155634.log","929","1","0","0","0","0","0"
"react-baseline-vs-ccrs-v2","700-baseline","react_baseline_mazeV2","156","156","2026-06-27T14:03:17.804+00:00","3097","react_baseline_mazeV2_20260627_155634.log","935","1","0","0","0","0","0"
"react-baseline-vs-ccrs-v2","700-baseline","react_baseline_mazeV2","157","157","2026-06-27T14:03:19.942+00:00","2138","react_baseline_mazeV2_20260627_155634.log","941","1","0","0","0","0","0"
"react-baseline-vs-ccrs-v2","700-baseline","react_baseline_mazeV2","158","158","2026-06-27T14:03:21.942+00:00","2000","react_baseline_mazeV2_20260627_155634.log","947","1","0","0","0","0","0"
"react-baseline-vs-ccrs-v2","700-baseline","react_baseline_mazeV2","159","159","2026-06-27T14:03:24.705+00:00","2763","react_baseline_mazeV2_20260627_155634.log","953","1","0","0","0","0","0"
"react-baseline-vs-ccrs-v2","700-baseline","react_baseline_mazeV2","160","160","2026-06-27T14:03:26.711+00:00","2006","react_baseline_mazeV2_20260627_155634.log","959","1","0","0","0","0","0"
"react-baseline-vs-ccrs-v2","700-baseline","react_baseline_mazeV2","161","161","2026-06-27T14:03:29.793+00:00","3082","react_baseline_mazeV2_20260627_155634.log","965","1","0","0","0","0","0"
"react-baseline-vs-ccrs-v2","700-baseline","react_baseline_mazeV2","162","162","2026-06-27T14:03:31.763+00:00","1970","react_baseline_mazeV2_20260627_155634.log","971","1","0","0","0","0","0"
"react-baseline-vs-ccrs-v2","700-baseline","react_baseline_mazeV2","163","163","2026-06-27T14:03:34.486+00:00","2723","react_baseline_mazeV2_20260627_155634.log","977","1","0","0","0","0","0"
"react-baseline-vs-ccrs-v2","700-baseline","react_baseline_mazeV2","164","164","2026-06-27T14:03:36.589+00:00","2103","react_baseline_mazeV2_20260627_155634.log","983","1","0","0","0","0","0"
"react-baseline-vs-ccrs-v2","700-baseline","react_baseline_mazeV2","165","165","2026-06-27T14:03:38.502+00:00","1913","react_baseline_mazeV2_20260627_155634.log","989","1","0","0","0","0","0"
"react-baseline-vs-ccrs-v2","700-baseline","react_baseline_mazeV2","166","166","2026-06-27T14:03:41.471+00:00","2969","react_baseline_mazeV2_20260627_155634.log","995","1","0","0","0","0","0"
"react-baseline-vs-ccrs-v2","700-baseline","react_baseline_mazeV2","167","167","2026-06-27T14:03:43.571+00:00","2100","react_baseline_mazeV2_20260627_155634.log","1001","1","0","0","0","0","0"
"react-baseline-vs-ccrs-v2","700-baseline","react_baseline_mazeV2","168","168","2026-06-27T14:03:45.685+00:00","2114","react_baseline_mazeV2_20260627_155634.log","1007","1","0","0","0","0","0"
"react-baseline-vs-ccrs-v2","700-baseline","react_baseline_mazeV2","169","169","2026-06-27T14:03:48.498+00:00","2813","react_baseline_mazeV2_20260627_155634.log","1013","1","0","0","0","0","0"
"react-baseline-vs-ccrs-v2","700-baseline","react_baseline_mazeV2","170","170","2026-06-27T14:03:50.744+00:00","2246","react_baseline_mazeV2_20260627_155634.log","1019","1","0","0","0","0","0"
"react-baseline-vs-ccrs-v2","700-baseline","react_baseline_mazeV2","171","171","2026-06-27T14:03:53.459+00:00","2715","react_baseline_mazeV2_20260627_155634.log","1025","1","0","0","0","0","0"
"react-baseline-vs-ccrs-v2","700-baseline","react_baseline_mazeV2","172","172","2026-06-27T14:03:55.418+00:00","1959","react_baseline_mazeV2_20260627_155634.log","1031","1","0","0","0","0","0"
"react-baseline-vs-ccrs-v2","700-baseline","react_baseline_mazeV2","173","173","2026-06-27T14:03:58.336+00:00","2918","react_baseline_mazeV2_20260627_155634.log","1037","1","0","0","0","0","0"
"react-baseline-vs-ccrs-v2","700-baseline","react_baseline_mazeV2","174","174","2026-06-27T14:04:00.385+00:00","2049","react_baseline_mazeV2_20260627_155634.log","1043","1","0","0","0","0","0"
"react-baseline-vs-ccrs-v2","700-baseline","react_baseline_mazeV2","175","175","2026-06-27T14:04:03.099+00:00","2714","react_baseline_mazeV2_20260627_155634.log","1049","1","0","0","0","0","0"
"react-baseline-vs-ccrs-v2","700-baseline","react_baseline_mazeV2","176","176","2026-06-27T14:04:06.376+00:00","3277","react_baseline_mazeV2_20260627_155634.log","1054","1","0","0","0","0","0"
"react-baseline-vs-ccrs-v2","700-baseline","react_baseline_mazeV2","177","177","2026-06-27T14:04:08.534+00:00","2158","react_baseline_mazeV2_20260627_155634.log","1060","1","0","0","0","0","0"
"react-baseline-vs-ccrs-v2","700-baseline","react_baseline_mazeV2","178","178","2026-06-27T14:04:10.420+00:00","1886","react_baseline_mazeV2_20260627_155634.log","1066","1","0","0","0","0","0"
"react-baseline-vs-ccrs-v2","700-baseline","react_baseline_mazeV2","179","179","2026-06-27T14:04:13.195+00:00","2775","react_baseline_mazeV2_20260627_155634.log","1072","1","0","0","0","0","0"
"react-baseline-vs-ccrs-v2","700-baseline","react_baseline_mazeV2","180","180","2026-06-27T14:04:16.061+00:00","2866","react_baseline_mazeV2_20260627_155634.log","1078","1","0","0","0","0","0"
"react-baseline-vs-ccrs-v2","700-baseline","react_baseline_mazeV2","181","181","2026-06-27T14:04:18.177+00:00","2116","react_baseline_mazeV2_20260627_155634.log","1084","1","0","0","0","0","0"
"react-baseline-vs-ccrs-v2","700-baseline","react_baseline_mazeV2","182","182","2026-06-27T14:04:20.740+00:00","2563","react_baseline_mazeV2_20260627_155634.log","1090","1","0","0","0","0","0"
"react-baseline-vs-ccrs-v2","700-baseline","react_baseline_mazeV2","183","183","2026-06-27T14:04:23.695+00:00","2955","react_baseline_mazeV2_20260627_155634.log","1096","1","0","0","0","0","0"
"react-baseline-vs-ccrs-v2","700-baseline","react_baseline_mazeV2","184","184","2026-06-27T14:04:26.551+00:00","2856","react_baseline_mazeV2_20260627_155634.log","1102","1","0","0","0","0","0"
"react-baseline-vs-ccrs-v2","700-baseline","react_baseline_mazeV2","185","185","2026-06-27T14:04:28.472+00:00","1921","react_baseline_mazeV2_20260627_155634.log","1108","1","0","0","0","0","0"
"react-baseline-vs-ccrs-v2","700-baseline","react_baseline_mazeV2","186","186","2026-06-27T14:04:33.384+00:00","4912","react_baseline_mazeV2_20260627_155634.log","1114","1","0","0","0","0","0"
"react-baseline-vs-ccrs-v2","700-baseline","react_baseline_mazeV2","187","187","2026-06-27T14:04:35.400+00:00","2016","react_baseline_mazeV2_20260627_155634.log","1120","1","0","0","0","0","0"
"react-baseline-vs-ccrs-v2","700-baseline","react_baseline_mazeV2","188","188","2026-06-27T14:04:38.117+00:00","2717","react_baseline_mazeV2_20260627_155634.log","1126","1","0","0","0","0","0"
"react-baseline-vs-ccrs-v2","700-baseline","react_baseline_mazeV2","189","189","2026-06-27T14:04:40.325+00:00","2208","react_baseline_mazeV2_20260627_155634.log","1132","1","0","0","0","0","0"
"react-baseline-vs-ccrs-v2","700-baseline","react_baseline_mazeV2","190","190","2026-06-27T14:04:43.163+00:00","2838","react_baseline_mazeV2_20260627_155634.log","1138","1","0","0","0","0","0"
"react-baseline-vs-ccrs-v2","700-baseline","react_baseline_mazeV2","191","191","2026-06-27T14:04:45.094+00:00","1931","react_baseline_mazeV2_20260627_155634.log","1144","1","0","0","0","0","0"
"react-baseline-vs-ccrs-v2","700-baseline","react_baseline_mazeV2","192","192","2026-06-27T14:04:47.644+00:00","2550","react_baseline_mazeV2_20260627_155634.log","1150","1","0","0","0","0","0"
"react-baseline-vs-ccrs-v2","700-baseline","react_baseline_mazeV2","193","193","2026-06-27T14:04:49.616+00:00","1972","react_baseline_mazeV2_20260627_155634.log","1156","1","0","0","0","0","0"
"react-baseline-vs-ccrs-v2","700-baseline","react_baseline_mazeV2","194","194","2026-06-27T14:04:52.105+00:00","2489","react_baseline_mazeV2_20260627_155634.log","1162","1","0","0","0","0","0"
"react-baseline-vs-ccrs-v2","700-baseline","react_baseline_mazeV2","195","195","2026-06-27T14:04:54.128+00:00","2023","react_baseline_mazeV2_20260627_155634.log","1168","1","0","0","0","0","0"
"react-baseline-vs-ccrs-v2","700-baseline","react_baseline_mazeV2","196","196","2026-06-27T14:04:56.261+00:00","2133","react_baseline_mazeV2_20260627_155634.log","1174","1","0","0","0","0","0"
"react-baseline-vs-ccrs-v2","700-baseline","react_baseline_mazeV2","197","197","2026-06-27T14:05:02.843+00:00","6582","react_baseline_mazeV2_20260627_155634.log","1180","1","0","0","0","0","0"
"react-baseline-vs-ccrs-v2","700-baseline","react_baseline_mazeV2","198","198","2026-06-27T14:05:05.723+00:00","2880","react_baseline_mazeV2_20260627_155634.log","1186","1","0","0","0","0","0"
"react-baseline-vs-ccrs-v2","700-baseline","react_baseline_mazeV2","199","199","2026-06-27T14:05:07.969+00:00","2246","react_baseline_mazeV2_20260627_155634.log","1192","1","0","0","0","0","0"
"react-baseline-vs-ccrs-v2","700-baseline","react_baseline_mazeV2","200","200","2026-06-27T14:05:09.808+00:00","1839","react_baseline_mazeV2_20260627_155634.log","1198","1","0","0","0","0","0"
"react-baseline-vs-ccrs-v2","700-baseline","react_baseline_mazeV2","201","201","2026-06-27T14:05:11.682+00:00","1874","react_baseline_mazeV2_20260627_155634.log","1204","1","0","0","0","0","0"
"react-baseline-vs-ccrs-v2","700-baseline","react_baseline_mazeV2","202","202","2026-06-27T14:05:13.556+00:00","1874","react_baseline_mazeV2_20260627_155634.log","1210","1","0","0","0","0","0"
"react-baseline-vs-ccrs-v2","700-baseline","react_baseline_mazeV2","203","203","2026-06-27T14:05:16.276+00:00","2720","react_baseline_mazeV2_20260627_155634.log","1216","1","0","0","0","0","0"
"react-baseline-vs-ccrs-v2","700-baseline","react_baseline_mazeV2","204","204","2026-06-27T14:05:18.274+00:00","1998","react_baseline_mazeV2_20260627_155634.log","1222","1","0","0","0","0","0"
"react-baseline-vs-ccrs-v2","700-baseline","react_baseline_mazeV2","205","205","2026-06-27T14:05:20.148+00:00","1874","react_baseline_mazeV2_20260627_155634.log","1228","1","0","0","0","0","0"
"react-baseline-vs-ccrs-v2","700-baseline","react_baseline_mazeV2","206","206","2026-06-27T14:05:22.079+00:00","1931","react_baseline_mazeV2_20260627_155634.log","1234","1","0","0","0","0","0"
"react-baseline-vs-ccrs-v2","700-baseline","react_baseline_mazeV2","207","207","2026-06-27T14:05:24.177+00:00","2098","react_baseline_mazeV2_20260627_155634.log","1240","1","0","0","0","0","0"
"react-baseline-vs-ccrs-v2","700-baseline","react_baseline_mazeV2","208","208","2026-06-27T14:05:26.817+00:00","2640","react_baseline_mazeV2_20260627_155634.log","1246","1","0","0","0","0","0"
"react-baseline-vs-ccrs-v2","700-baseline","react_baseline_mazeV2","209","209","2026-06-27T14:05:29.137+00:00","2320","react_baseline_mazeV2_20260627_155634.log","1252","1","0","0","0","0","0"
"react-baseline-vs-ccrs-v2","700-baseline","react_baseline_mazeV2","210","210","2026-06-27T14:05:31.136+00:00","1999","react_baseline_mazeV2_20260627_155634.log","1258","1","0","0","0","0","0"
"react-baseline-vs-ccrs-v2","700-baseline","react_baseline_mazeV2","211","211","2026-06-27T14:05:33.659+00:00","2523","react_baseline_mazeV2_20260627_155634.log","1264","1","0","0","0","0","0"
"react-baseline-vs-ccrs-v2","700-baseline","react_baseline_mazeV2","212","212","2026-06-27T14:05:36.125+00:00","2466","react_baseline_mazeV2_20260627_155634.log","1270","1","0","0","0","0","0"
"react-baseline-vs-ccrs-v2","700-baseline","react_baseline_mazeV2","213","213","2026-06-27T14:05:38.141+00:00","2016","react_baseline_mazeV2_20260627_155634.log","1276","1","0","0","0","0","0"
"react-baseline-vs-ccrs-v2","700-baseline","react_baseline_mazeV2","214","214","2026-06-27T14:05:40.115+00:00","1974","react_baseline_mazeV2_20260627_155634.log","1282","1","0","0","0","0","0"
"react-baseline-vs-ccrs-v2","700-baseline","react_baseline_mazeV2","215","215","2026-06-27T14:05:43.004+00:00","2889","react_baseline_mazeV2_20260627_155634.log","1288","1","0","0","0","0","0"
"react-baseline-vs-ccrs-v2","700-baseline","react_baseline_mazeV2","216","216","2026-06-27T14:05:45.379+00:00","2375","react_baseline_mazeV2_20260627_155634.log","1294","1","0","0","0","0","0"
"react-baseline-vs-ccrs-v2","700-baseline","react_baseline_mazeV2","217","217","2026-06-27T14:05:47.792+00:00","2413","react_baseline_mazeV2_20260627_155634.log","1300","1","0","0","0","0","0"
"react-baseline-vs-ccrs-v2","700-baseline","react_baseline_mazeV2","218","218","2026-06-27T14:05:49.632+00:00","1840","react_baseline_mazeV2_20260627_155634.log","1306","1","0","0","0","0","0"
"react-baseline-vs-ccrs-v2","700-baseline","react_baseline_mazeV2","219","219","2026-06-27T14:05:51.642+00:00","2010","react_baseline_mazeV2_20260627_155634.log","1312","1","0","0","0","0","0"
"react-baseline-vs-ccrs-v2","700-baseline","react_baseline_mazeV2","220","220","2026-06-27T14:05:53.719+00:00","2077","react_baseline_mazeV2_20260627_155634.log","1318","1","0","0","0","0","0"
"react-baseline-vs-ccrs-v2","700-baseline","react_baseline_mazeV2","221","221","2026-06-27T14:05:55.857+00:00","2138","react_baseline_mazeV2_20260627_155634.log","1324","1","0","0","0","0","0"
"react-baseline-vs-ccrs-v2","700-baseline","react_baseline_mazeV2","222","222","2026-06-27T14:05:57.707+00:00","1850","react_baseline_mazeV2_20260627_155634.log","1330","1","0","0","0","0","0"
"react-baseline-vs-ccrs-v2","700-baseline","react_baseline_mazeV2","223","223","2026-06-27T14:05:59.616+00:00","1909","react_baseline_mazeV2_20260627_155634.log","1336","1","0","0","0","0","0"
"react-baseline-vs-ccrs-v2","700-baseline","react_baseline_mazeV2","224","224","2026-06-27T14:06:01.477+00:00","1861","react_baseline_mazeV2_20260627_155634.log","1342","1","0","0","0","0","0"
"react-baseline-vs-ccrs-v2","700-baseline","react_baseline_mazeV2","225","225","2026-06-27T14:06:03.642+00:00","2165","react_baseline_mazeV2_20260627_155634.log","1348","1","0","0","0","0","0"
"react-baseline-vs-ccrs-v2","700-baseline","react_baseline_mazeV2","226","226","2026-06-27T14:06:05.789+00:00","2147","react_baseline_mazeV2_20260627_155634.log","1354","1","0","0","0","0","0"
"react-baseline-vs-ccrs-v2","700-baseline","react_baseline_mazeV2","227","227","2026-06-27T14:06:07.755+00:00","1966","react_baseline_mazeV2_20260627_155634.log","1360","1","0","0","0","0","0"
"react-baseline-vs-ccrs-v2","700-baseline","react_baseline_mazeV2","228","228","2026-06-27T14:06:09.754+00:00","1999","react_baseline_mazeV2_20260627_155634.log","1366","1","0","0","0","0","0"
"react-baseline-vs-ccrs-v2","700-baseline","react_baseline_mazeV2","229","229","2026-06-27T14:06:11.746+00:00","1992","react_baseline_mazeV2_20260627_155634.log","1372","1","0","0","0","0","0"
"react-baseline-vs-ccrs-v2","700-baseline","react_baseline_mazeV2","230","230","2026-06-27T14:06:13.815+00:00","2069","react_baseline_mazeV2_20260627_155634.log","1378","1","0","0","0","0","0"
"react-baseline-vs-ccrs-v2","700-baseline","react_baseline_mazeV2","231","231","2026-06-27T14:06:15.802+00:00","1987","react_baseline_mazeV2_20260627_155634.log","1384","1","0","0","0","0","0"
"react-baseline-vs-ccrs-v2","700-baseline","react_baseline_mazeV2","232","232","2026-06-27T14:06:17.942+00:00","2140","react_baseline_mazeV2_20260627_155634.log","1390","1","0","0","0","0","0"
"react-baseline-vs-ccrs-v2","700-baseline","react_baseline_mazeV2","233","233","2026-06-27T14:06:20.760+00:00","2818","react_baseline_mazeV2_20260627_155634.log","1396","1","0","0","0","0","0"
"react-baseline-vs-ccrs-v2","700-baseline","react_baseline_mazeV2","234","234","2026-06-27T14:06:22.815+00:00","2055","react_baseline_mazeV2_20260627_155634.log","1402","1","0","0","0","0","0"
"react-baseline-vs-ccrs-v2","700-baseline","react_baseline_mazeV2","235","235","2026-06-27T14:06:24.734+00:00","1919","react_baseline_mazeV2_20260627_155634.log","1408","1","0","0","0","0","0"
"react-baseline-vs-ccrs-v2","700-baseline","react_baseline_mazeV2","236","236","2026-06-27T14:06:27.419+00:00","2685","react_baseline_mazeV2_20260627_155634.log","1414","1","0","0","0","0","0"
"react-baseline-vs-ccrs-v2","700-baseline","react_baseline_mazeV2","237","237","2026-06-27T14:06:29.593+00:00","2174","react_baseline_mazeV2_20260627_155634.log","1420","1","0","0","0","0","0"
"react-baseline-vs-ccrs-v2","700-baseline","react_baseline_mazeV2","238","238","2026-06-27T14:06:32.203+00:00","2610","react_baseline_mazeV2_20260627_155634.log","1426","1","0","0","0","0","0"
"react-baseline-vs-ccrs-v2","700-baseline","react_baseline_mazeV2","239","239","2026-06-27T14:06:34.155+00:00","1952","react_baseline_mazeV2_20260627_155634.log","1432","1","0","0","0","0","0"
"react-baseline-vs-ccrs-v2","700-baseline","react_baseline_mazeV2","240","240","2026-06-27T14:06:36.819+00:00","2664","react_baseline_mazeV2_20260627_155634.log","1438","1","0","0","0","0","0"
"react-baseline-vs-ccrs-v2","700-baseline","react_baseline_mazeV2","241","241","2026-06-27T14:06:38.883+00:00","2064","react_baseline_mazeV2_20260627_155634.log","1444","1","0","0","0","0","0"
"react-baseline-vs-ccrs-v2","700-baseline","react_baseline_mazeV2","242","242","2026-06-27T14:06:40.945+00:00","2062","react_baseline_mazeV2_20260627_155634.log","1450","1","0","0","0","0","0"
"react-baseline-vs-ccrs-v2","700-baseline","react_baseline_mazeV2","243","243","2026-06-27T14:06:43.968+00:00","3023","react_baseline_mazeV2_20260627_155634.log","1456","1","0","0","0","0","0"
"react-baseline-vs-ccrs-v2","700-baseline","react_baseline_mazeV2","244","244","2026-06-27T14:06:45.936+00:00","1968","react_baseline_mazeV2_20260627_155634.log","1462","1","0","0","0","0","0"
"react-baseline-vs-ccrs-v2","700-baseline","react_baseline_mazeV2","245","245","2026-06-27T14:06:48.608+00:00","2672","react_baseline_mazeV2_20260627_155634.log","1468","1","0","0","0","0","0"
"react-baseline-vs-ccrs-v2","700-baseline","react_baseline_mazeV2","246","246","2026-06-27T14:06:51.156+00:00","2548","react_baseline_mazeV2_20260627_155634.log","1473","1","0","0","0","0","0"
"react-baseline-vs-ccrs-v2","700-baseline","react_baseline_mazeV2","247","247","2026-06-27T14:06:53.167+00:00","2011","react_baseline_mazeV2_20260627_155634.log","1479","1","0","0","0","0","0"
"react-baseline-vs-ccrs-v2","700-baseline","react_baseline_mazeV2","248","248","2026-06-27T14:06:56.110+00:00","2943","react_baseline_mazeV2_20260627_155634.log","1485","1","0","0","0","0","0"
"react-baseline-vs-ccrs-v2","700-baseline","react_baseline_mazeV2","249","249","2026-06-27T14:06:58.306+00:00","2196","react_baseline_mazeV2_20260627_155634.log","1491","1","0","0","0","0","0"
"react-baseline-vs-ccrs-v2","700-baseline","react_baseline_mazeV2","250","250","2026-06-27T14:07:00.446+00:00","2140","react_baseline_mazeV2_20260627_155634.log","1497","1","0","0","0","0","0"
"react-baseline-vs-ccrs-v2","700-baseline","react_baseline_mazeV2","251","251","2026-06-27T14:07:03.199+00:00","2753","react_baseline_mazeV2_20260627_155634.log","1503","1","0","0","0","0","0"
"react-baseline-vs-ccrs-v2","700-baseline","react_baseline_mazeV2","252","252","2026-06-27T14:07:05.276+00:00","2077","react_baseline_mazeV2_20260627_155634.log","1509","1","0","0","0","0","0"
"react-baseline-vs-ccrs-v2","700-baseline","react_baseline_mazeV2","253","253","2026-06-27T14:07:07.403+00:00","2127","react_baseline_mazeV2_20260627_155634.log","1515","1","0","0","0","0","0"
"react-baseline-vs-ccrs-v2","700-baseline","react_baseline_mazeV2","254","254","2026-06-27T14:07:09.808+00:00","2405","react_baseline_mazeV2_20260627_155634.log","1521","1","0","0","0","0","0"
"react-baseline-vs-ccrs-v2","700-baseline","react_baseline_mazeV2","255","255","2026-06-27T14:07:12.389+00:00","2581","react_baseline_mazeV2_20260627_155634.log","1527","1","0","0","0","0","0"
"react-baseline-vs-ccrs-v2","700-baseline","react_baseline_mazeV2","256","256","2026-06-27T14:07:14.494+00:00","2105","react_baseline_mazeV2_20260627_155634.log","1533","1","0","0","0","0","0"
"react-baseline-vs-ccrs-v2","700-baseline","react_baseline_mazeV2","257","257","2026-06-27T14:07:16.584+00:00","2090","react_baseline_mazeV2_20260627_155634.log","1539","1","0","0","0","0","0"
"react-baseline-vs-ccrs-v2","700-baseline","react_baseline_mazeV2","258","258","2026-06-27T14:07:18.655+00:00","2071","react_baseline_mazeV2_20260627_155634.log","1545","1","0","0","0","0","0"
"react-baseline-vs-ccrs-v2","700-baseline","react_baseline_mazeV2","259","259","2026-06-27T14:07:20.735+00:00","2080","react_baseline_mazeV2_20260627_155634.log","1551","1","0","0","0","0","0"
"react-baseline-vs-ccrs-v2","700-baseline","react_baseline_mazeV2","260","260","2026-06-27T14:07:24.136+00:00","3401","react_baseline_mazeV2_20260627_155634.log","1557","1","0","0","0","0","0"
"react-baseline-vs-ccrs-v2","700-baseline","react_baseline_mazeV2","261","261","2026-06-27T14:07:26.773+00:00","2637","react_baseline_mazeV2_20260627_155634.log","1563","1","0","0","0","0","0"
"react-baseline-vs-ccrs-v2","700-baseline","react_baseline_mazeV2","262","262","2026-06-27T14:07:28.778+00:00","2005","react_baseline_mazeV2_20260627_155634.log","1569","1","0","0","0","0","0"
"react-baseline-vs-ccrs-v2","700-baseline","react_baseline_mazeV2","263","263","2026-06-27T14:07:30.986+00:00","2208","react_baseline_mazeV2_20260627_155634.log","1575","1","0","0","0","0","0"
"react-baseline-vs-ccrs-v2","700-baseline","react_baseline_mazeV2","264","264","2026-06-27T14:07:32.976+00:00","1990","react_baseline_mazeV2_20260627_155634.log","1581","1","0","0","0","0","0"
"react-baseline-vs-ccrs-v2","700-baseline","react_baseline_mazeV2","265","265","2026-06-27T14:07:35.254+00:00","2278","react_baseline_mazeV2_20260627_155634.log","1587","1","0","0","0","0","0"
"react-baseline-vs-ccrs-v2","700-baseline","react_baseline_mazeV2","266","266","2026-06-27T14:07:38.069+00:00","2815","react_baseline_mazeV2_20260627_155634.log","1593","1","0","0","0","0","0"
"react-baseline-vs-ccrs-v2","700-baseline","react_baseline_mazeV2","267","267","2026-06-27T14:07:39.935+00:00","1866","react_baseline_mazeV2_20260627_155634.log","1599","1","0","0","0","0","0"
"react-baseline-vs-ccrs-v2","700-baseline","react_baseline_mazeV2","268","268","2026-06-27T14:07:42.208+00:00","2273","react_baseline_mazeV2_20260627_155634.log","1605","1","0","0","0","0","0"
"react-baseline-vs-ccrs-v2","700-baseline","react_baseline_mazeV2","269","269","2026-06-27T14:07:44.733+00:00","2525","react_baseline_mazeV2_20260627_155634.log","1611","1","0","0","0","0","0"
"react-baseline-vs-ccrs-v2","700-baseline","react_baseline_mazeV2","270","270","2026-06-27T14:07:46.955+00:00","2222","react_baseline_mazeV2_20260627_155634.log","1617","1","0","0","0","0","0"
"react-baseline-vs-ccrs-v2","700-baseline","react_baseline_mazeV2","271","271","2026-06-27T14:07:49.065+00:00","2110","react_baseline_mazeV2_20260627_155634.log","1623","1","0","0","0","0","0"
"react-baseline-vs-ccrs-v2","700-baseline","react_baseline_mazeV2","272","272","2026-06-27T14:07:51.146+00:00","2081","react_baseline_mazeV2_20260627_155634.log","1629","1","0","0","0","0","0"
"react-baseline-vs-ccrs-v2","700-baseline","react_baseline_mazeV2","273","273","2026-06-27T14:07:53.213+00:00","2067","react_baseline_mazeV2_20260627_155634.log","1635","1","0","0","0","0","0"
"react-baseline-vs-ccrs-v2","700-baseline","react_baseline_mazeV2","274","274","2026-06-27T14:07:55.440+00:00","2227","react_baseline_mazeV2_20260627_155634.log","1641","1","0","0","0","0","0"
"react-baseline-vs-ccrs-v2","700-baseline","react_baseline_mazeV2","275","275","2026-06-27T14:07:57.590+00:00","2150","react_baseline_mazeV2_20260627_155634.log","1647","1","0","0","0","0","0"
"react-baseline-vs-ccrs-v2","700-baseline","react_baseline_mazeV2","276","276","2026-06-27T14:07:59.722+00:00","2132","react_baseline_mazeV2_20260627_155634.log","1653","1","0","0","0","0","0"
"react-baseline-vs-ccrs-v2","700-baseline","react_baseline_mazeV2","277","277","2026-06-27T14:08:01.707+00:00","1985","react_baseline_mazeV2_20260627_155634.log","1659","1","0","0","0","0","0"
"react-baseline-vs-ccrs-v2","700-baseline","react_baseline_mazeV2","278","278","2026-06-27T14:08:04.762+00:00","3055","react_baseline_mazeV2_20260627_155634.log","1665","1","0","0","0","0","0"
"react-baseline-vs-ccrs-v2","700-baseline","react_baseline_mazeV2","279","279","2026-06-27T14:08:06.574+00:00","1812","react_baseline_mazeV2_20260627_155634.log","1671","1","0","0","0","0","0"
"react-baseline-vs-ccrs-v2","700-baseline","react_baseline_mazeV2","280","280","2026-06-27T14:08:08.680+00:00","2106","react_baseline_mazeV2_20260627_155634.log","1677","1","0","0","0","0","0"
"react-baseline-vs-ccrs-v2","700-baseline","react_baseline_mazeV2","281","281","2026-06-27T14:08:10.798+00:00","2118","react_baseline_mazeV2_20260627_155634.log","1683","1","0","0","0","0","0"
"react-baseline-vs-ccrs-v2","700-baseline","react_baseline_mazeV2","282","282","2026-06-27T14:08:13.015+00:00","2217","react_baseline_mazeV2_20260627_155634.log","1689","1","0","0","0","0","0"
"react-baseline-vs-ccrs-v2","700-baseline","react_baseline_mazeV2","283","283","2026-06-27T14:08:15.119+00:00","2104","react_baseline_mazeV2_20260627_155634.log","1695","1","0","0","0","0","0"
"react-baseline-vs-ccrs-v2","700-baseline","react_baseline_mazeV2","284","284","2026-06-27T14:08:17.116+00:00","1997","react_baseline_mazeV2_20260627_155634.log","1701","1","0","0","0","0","0"
"react-baseline-vs-ccrs-v2","700-baseline","react_baseline_mazeV2","285","285","2026-06-27T14:08:19.143+00:00","2027","react_baseline_mazeV2_20260627_155634.log","1707","1","0","0","0","0","0"
"react-baseline-vs-ccrs-v2","700-baseline","react_baseline_mazeV2","286","286","2026-06-27T14:08:21.181+00:00","2038","react_baseline_mazeV2_20260627_155634.log","1713","1","0","0","0","0","0"
"react-baseline-vs-ccrs-v2","700-baseline","react_baseline_mazeV2","287","287","2026-06-27T14:08:23.223+00:00","2042","react_baseline_mazeV2_20260627_155634.log","1719","1","0","0","0","0","0"
"react-baseline-vs-ccrs-v2","700-baseline","react_baseline_mazeV2","288","288","2026-06-27T14:08:25.277+00:00","2054","react_baseline_mazeV2_20260627_155634.log","1725","1","0","0","0","0","0"
"react-baseline-vs-ccrs-v2","700-baseline","react_baseline_mazeV2","289","289","2026-06-27T14:08:27.573+00:00","2296","react_baseline_mazeV2_20260627_155634.log","1731","1","0","0","0","0","0"
"react-baseline-vs-ccrs-v2","700-baseline","react_baseline_mazeV2","290","290","2026-06-27T14:08:29.572+00:00","1999","react_baseline_mazeV2_20260627_155634.log","1737","1","0","0","0","0","0"
"react-baseline-vs-ccrs-v2","700-baseline","react_baseline_mazeV2","291","291","2026-06-27T14:08:31.838+00:00","2266","react_baseline_mazeV2_20260627_155634.log","1743","1","0","0","0","0","0"
"react-baseline-vs-ccrs-v2","700-baseline","react_baseline_mazeV2","292","292","2026-06-27T14:08:33.945+00:00","2107","react_baseline_mazeV2_20260627_155634.log","1749","1","0","0","0","0","0"
"react-baseline-vs-ccrs-v2","700-baseline","react_baseline_mazeV2","293","293","2026-06-27T14:08:36.256+00:00","2311","react_baseline_mazeV2_20260627_155634.log","1755","1","0","0","0","0","0"
"react-baseline-vs-ccrs-v2","700-baseline","react_baseline_mazeV2","294","294","2026-06-27T14:08:39.068+00:00","2812","react_baseline_mazeV2_20260627_155634.log","1761","1","0","0","0","0","0"
"react-baseline-vs-ccrs-v2","700-baseline","react_baseline_mazeV2","295","295","2026-06-27T14:08:41.013+00:00","1945","react_baseline_mazeV2_20260627_155634.log","1767","1","0","0","0","0","0"
"react-baseline-vs-ccrs-v2","700-baseline","react_baseline_mazeV2","296","296","2026-06-27T14:08:43.807+00:00","2794","react_baseline_mazeV2_20260627_155634.log","1773","1","0","0","0","0","0"
"react-baseline-vs-ccrs-v2","700-baseline","react_baseline_mazeV2","297","297","2026-06-27T14:08:47.112+00:00","3305","react_baseline_mazeV2_20260627_155634.log","1779","1","0","0","0","0","0"
"react-baseline-vs-ccrs-v2","700-baseline","react_baseline_mazeV2","298","298","2026-06-27T14:08:49.735+00:00","2623","react_baseline_mazeV2_20260627_155634.log","1785","1","0","0","0","0","0"
"react-baseline-vs-ccrs-v2","700-baseline","react_baseline_mazeV2","299","299","2026-06-27T14:08:51.800+00:00","2065","react_baseline_mazeV2_20260627_155634.log","1791","1","0","0","0","0","0"
"react-baseline-vs-ccrs-v2","700-baseline","react_baseline_mazeV2","300","300","2026-06-27T14:08:54.624+00:00","2824","react_baseline_mazeV2_20260627_155634.log","1797","1","0","0","0","0","0"
"react-baseline-vs-ccrs-v2","700-baseline","react_baseline_mazeV2","301","301","2026-06-27T14:08:56.696+00:00","2072","react_baseline_mazeV2_20260627_155634.log","1803","1","0","0","0","0","0"
"react-baseline-vs-ccrs-v2","700-baseline","react_baseline_mazeV2","302","302","2026-06-27T14:08:59.910+00:00","3214","react_baseline_mazeV2_20260627_155634.log","1809","1","0","0","0","0","0"
"react-baseline-vs-ccrs-v2","700-baseline","react_baseline_mazeV2","303","303","2026-06-27T14:09:01.903+00:00","1993","react_baseline_mazeV2_20260627_155634.log","1815","1","0","0","0","0","0"
"react-baseline-vs-ccrs-v2","700-baseline","react_baseline_mazeV2","304","304","2026-06-27T14:09:04.639+00:00","2736","react_baseline_mazeV2_20260627_155634.log","1821","1","0","0","0","0","0"
"react-baseline-vs-ccrs-v2","700-baseline","react_baseline_mazeV2","305","305","2026-06-27T14:09:06.743+00:00","2104","react_baseline_mazeV2_20260627_155634.log","1827","1","0","0","0","0","0"
"react-baseline-vs-ccrs-v2","700-baseline","react_baseline_mazeV2","306","306","2026-06-27T14:09:09.439+00:00","2696","react_baseline_mazeV2_20260627_155634.log","1833","1","0","0","0","0","0"
"react-baseline-vs-ccrs-v2","700-baseline","react_baseline_mazeV2","307","307","2026-06-27T14:09:12.614+00:00","3175","react_baseline_mazeV2_20260627_155634.log","1839","1","0","0","0","0","0"
"react-baseline-vs-ccrs-v2","700-baseline","react_baseline_mazeV2","308","308","2026-06-27T14:09:16.211+00:00","3597","react_baseline_mazeV2_20260627_155634.log","1845","1","0","0","0","0","0"
"react-baseline-vs-ccrs-v2","700-baseline","react_baseline_mazeV2","309","309","2026-06-27T14:09:19.056+00:00","2845","react_baseline_mazeV2_20260627_155634.log","1851","1","0","0","0","0","0"
"react-baseline-vs-ccrs-v2","700-baseline","react_baseline_mazeV2","310","310","2026-06-27T14:09:21.738+00:00","2682","react_baseline_mazeV2_20260627_155634.log","1857","1","0","0","0","0","0"
"react-baseline-vs-ccrs-v2","700-baseline","react_baseline_mazeV2","311","311","2026-06-27T14:09:23.734+00:00","1996","react_baseline_mazeV2_20260627_155634.log","1863","1","0","0","0","0","0"
"react-baseline-vs-ccrs-v2","700-baseline","react_baseline_mazeV2","312","312","2026-06-27T14:09:27.486+00:00","3752","react_baseline_mazeV2_20260627_155634.log","1869","1","0","0","0","0","0"
"react-baseline-vs-ccrs-v2","700-baseline","react_baseline_mazeV2","313","313","2026-06-27T14:09:29.596+00:00","2110","react_baseline_mazeV2_20260627_155634.log","1875","1","0","0","0","0","0"
"react-baseline-vs-ccrs-v2","700-baseline","react_baseline_mazeV2","314","314","2026-06-27T14:09:31.708+00:00","2112","react_baseline_mazeV2_20260627_155634.log","1881","1","0","0","0","0","0"
"react-baseline-vs-ccrs-v2","700-baseline","react_baseline_mazeV2","315","315","2026-06-27T14:09:34.779+00:00","3071","react_baseline_mazeV2_20260627_155634.log","1887","1","0","0","0","0","0"
"react-baseline-vs-ccrs-v2","700-baseline","react_baseline_mazeV2","316","316","2026-06-27T14:09:36.744+00:00","1965","react_baseline_mazeV2_20260627_155634.log","1893","1","0","0","0","0","0"
"react-baseline-vs-ccrs-v2","700-baseline","react_baseline_mazeV2","317","317","2026-06-27T14:09:38.700+00:00","1956","react_baseline_mazeV2_20260627_155634.log","1899","1","0","0","0","0","0"
"react-baseline-vs-ccrs-v2","700-baseline","react_baseline_mazeV2","318","318","2026-06-27T14:09:40.924+00:00","2224","react_baseline_mazeV2_20260627_155634.log","1905","1","0","0","0","0","0"
"react-baseline-vs-ccrs-v2","700-baseline","react_baseline_mazeV2","319","319","2026-06-27T14:09:42.734+00:00","1810","react_baseline_mazeV2_20260627_155634.log","1911","1","0","0","0","0","0"
"react-baseline-vs-ccrs-v2","700-baseline","react_baseline_mazeV2","320","320","2026-06-27T14:09:44.698+00:00","1964","react_baseline_mazeV2_20260627_155634.log","1917","1","0","0","0","0","0"
"react-baseline-vs-ccrs-v2","700-baseline","react_baseline_mazeV2","321","321","2026-06-27T14:09:47.614+00:00","2916","react_baseline_mazeV2_20260627_155634.log","1923","1","0","0","0","0","0"
"react-baseline-vs-ccrs-v2","700-baseline","react_baseline_mazeV2","322","322","2026-06-27T14:09:49.584+00:00","1970","react_baseline_mazeV2_20260627_155634.log","1929","1","0","0","0","0","0"
"react-baseline-vs-ccrs-v2","700-baseline","react_baseline_mazeV2","323","323","2026-06-27T14:09:52.383+00:00","2799","react_baseline_mazeV2_20260627_155634.log","1935","1","0","0","0","0","0"
"react-baseline-vs-ccrs-v2","700-baseline","react_baseline_mazeV2","324","324","2026-06-27T14:09:54.923+00:00","2540","react_baseline_mazeV2_20260627_155634.log","1941","1","0","0","0","0","0"
"react-baseline-vs-ccrs-v2","700-baseline","react_baseline_mazeV2","325","325","2026-06-27T14:09:57.901+00:00","2978","react_baseline_mazeV2_20260627_155634.log","1947","1","0","0","0","0","0"
"react-baseline-vs-ccrs-v2","700-baseline","react_baseline_mazeV2","326","326","2026-06-27T14:10:00.146+00:00","2245","react_baseline_mazeV2_20260627_155634.log","1953","1","0","0","0","0","0"
"react-baseline-vs-ccrs-v2","700-baseline","react_baseline_mazeV2","327","327","2026-06-27T14:10:02.302+00:00","2156","react_baseline_mazeV2_20260627_155634.log","1959","1","0","0","0","0","0"
"react-baseline-vs-ccrs-v2","700-baseline","react_baseline_mazeV2","328","328","2026-06-27T14:10:05.216+00:00","2914","react_baseline_mazeV2_20260627_155634.log","1965","1","0","0","0","0","0"
"react-baseline-vs-ccrs-v2","700-baseline","react_baseline_mazeV2","329","329","2026-06-27T14:10:07.514+00:00","2298","react_baseline_mazeV2_20260627_155634.log","1971","1","0","0","0","0","0"
"react-baseline-vs-ccrs-v2","700-baseline","react_baseline_mazeV2","330","330","2026-06-27T14:10:10.535+00:00","3021","react_baseline_mazeV2_20260627_155634.log","1977","1","0","0","0","0","0"
"react-baseline-vs-ccrs-v2","700-baseline","react_baseline_mazeV2","331","331","2026-06-27T14:10:12.795+00:00","2260","react_baseline_mazeV2_20260627_155634.log","1983","1","0","0","0","0","0"
"react-baseline-vs-ccrs-v2","700-baseline","react_baseline_mazeV2","332","332","2026-06-27T14:10:15.416+00:00","2621","react_baseline_mazeV2_20260627_155634.log","1989","1","0","0","0","0","0"
"react-baseline-vs-ccrs-v2","700-baseline","react_baseline_mazeV2","333","333","2026-06-27T14:10:17.464+00:00","2048","react_baseline_mazeV2_20260627_155634.log","1995","1","0","0","0","0","0"
"react-baseline-vs-ccrs-v2","700-baseline","react_baseline_mazeV2","334","334","2026-06-27T14:10:20.515+00:00","3051","react_baseline_mazeV2_20260627_155634.log","2001","1","0","0","0","0","0"
"react-baseline-vs-ccrs-v2","700-baseline","react_baseline_mazeV2","335","335","2026-06-27T14:10:22.785+00:00","2270","react_baseline_mazeV2_20260627_155634.log","2007","1","0","0","0","0","0"
"react-baseline-vs-ccrs-v2","700-baseline","react_baseline_mazeV2","336","336","2026-06-27T14:10:24.734+00:00","1949","react_baseline_mazeV2_20260627_155634.log","2013","1","0","0","0","0","0"
"react-baseline-vs-ccrs-v2","700-baseline","react_baseline_mazeV2","337","337","2026-06-27T14:10:27.663+00:00","2929","react_baseline_mazeV2_20260627_155634.log","2019","1","0","0","0","0","0"
"react-baseline-vs-ccrs-v2","700-baseline","react_baseline_mazeV2","338","338","2026-06-27T14:10:29.542+00:00","1879","react_baseline_mazeV2_20260627_155634.log","2025","1","0","0","0","0","0"
"react-baseline-vs-ccrs-v2","700-baseline","react_baseline_mazeV2","339","339","2026-06-27T14:10:33.079+00:00","3537","react_baseline_mazeV2_20260627_155634.log","2031","1","0","0","0","0","0"
"react-baseline-vs-ccrs-v2","700-baseline","react_baseline_mazeV2","340","340","2026-06-27T14:10:35.163+00:00","2084","react_baseline_mazeV2_20260627_155634.log","2037","1","0","0","0","0","0"
"react-baseline-vs-ccrs-v2","700-baseline","react_baseline_mazeV2","341","341","2026-06-27T14:10:37.838+00:00","2675","react_baseline_mazeV2_20260627_155634.log","2043","1","0","0","0","0","0"
"react-baseline-vs-ccrs-v2","700-baseline","react_baseline_mazeV2","342","342","2026-06-27T14:10:40.093+00:00","2255","react_baseline_mazeV2_20260627_155634.log","2049","1","0","0","0","0","0"
"react-baseline-vs-ccrs-v2","700-baseline","react_baseline_mazeV2","343","343","2026-06-27T14:10:42.818+00:00","2725","react_baseline_mazeV2_20260627_155634.log","2055","1","0","0","0","0","0"
"react-baseline-vs-ccrs-v2","700-baseline","react_baseline_mazeV2","344","344","2026-06-27T14:10:45.038+00:00","2220","react_baseline_mazeV2_20260627_155634.log","2061","1","0","0","0","0","0"
"react-baseline-vs-ccrs-v2","700-baseline","react_baseline_mazeV2","345","345","2026-06-27T14:10:47.029+00:00","1991","react_baseline_mazeV2_20260627_155634.log","2067","1","0","0","0","0","0"
"react-baseline-vs-ccrs-v2","700-baseline","react_baseline_mazeV2","346","346","2026-06-27T14:10:49.300+00:00","2271","react_baseline_mazeV2_20260627_155634.log","2073","1","0","0","0","0","0"
"react-baseline-vs-ccrs-v2","700-baseline","react_baseline_mazeV2","347","347","2026-06-27T14:10:51.376+00:00","2076","react_baseline_mazeV2_20260627_155634.log","2079","1","0","0","0","0","0"
"react-baseline-vs-ccrs-v2","700-baseline","react_baseline_mazeV2","348","348","2026-06-27T14:10:53.492+00:00","2116","react_baseline_mazeV2_20260627_155634.log","2085","1","0","0","0","0","0"
"react-baseline-vs-ccrs-v2","700-baseline","react_baseline_mazeV2","349","349","2026-06-27T14:10:55.582+00:00","2090","react_baseline_mazeV2_20260627_155634.log","2091","1","0","0","0","0","0"
"react-baseline-vs-ccrs-v2","700-baseline","react_baseline_mazeV2","350","350","2026-06-27T14:10:57.726+00:00","2144","react_baseline_mazeV2_20260627_155634.log","2097","1","0","0","0","0","0"
"react-baseline-vs-ccrs-v2","700-baseline","react_baseline_mazeV2","351","351","2026-06-27T14:10:59.960+00:00","2234","react_baseline_mazeV2_20260627_155634.log","2103","1","0","0","0","0","0"
"react-baseline-vs-ccrs-v2","700-baseline","react_baseline_mazeV2","352","352","2026-06-27T14:11:01.911+00:00","1951","react_baseline_mazeV2_20260627_155634.log","2109","1","0","0","0","0","0"
"react-baseline-vs-ccrs-v2","700-baseline","react_baseline_mazeV2","353","353","2026-06-27T14:11:04.541+00:00","2630","react_baseline_mazeV2_20260627_155634.log","2115","1","0","0","0","0","0"
"react-baseline-vs-ccrs-v2","700-baseline","react_baseline_mazeV2","354","354","2026-06-27T14:11:06.560+00:00","2019","react_baseline_mazeV2_20260627_155634.log","2121","1","0","0","0","0","0"
"react-baseline-vs-ccrs-v2","700-baseline","react_baseline_mazeV2","355","355","2026-06-27T14:11:09.178+00:00","2618","react_baseline_mazeV2_20260627_155634.log","2127","1","0","0","0","0","0"
"react-baseline-vs-ccrs-v2","700-baseline","react_baseline_mazeV2","356","356","2026-06-27T14:11:11.598+00:00","2420","react_baseline_mazeV2_20260627_155634.log","2133","1","0","0","0","0","0"
"react-baseline-vs-ccrs-v2","700-baseline","react_baseline_mazeV2","357","357","2026-06-27T14:11:14.839+00:00","3241","react_baseline_mazeV2_20260627_155634.log","2139","1","0","0","0","0","0"
"react-baseline-vs-ccrs-v2","700-baseline","react_baseline_mazeV2","358","358","2026-06-27T14:11:16.977+00:00","2138","react_baseline_mazeV2_20260627_155634.log","2145","1","0","0","0","0","0"
"react-baseline-vs-ccrs-v2","700-baseline","react_baseline_mazeV2","359","359","2026-06-27T14:11:19.177+00:00","2200","react_baseline_mazeV2_20260627_155634.log","2151","1","0","0","0","0","0"
"react-baseline-vs-ccrs-v2","700-baseline","react_baseline_mazeV2","360","360","2026-06-27T14:11:21.538+00:00","2361","react_baseline_mazeV2_20260627_155634.log","2157","1","0","0","0","0","0"
"react-baseline-vs-ccrs-v2","700-baseline","react_baseline_mazeV2","361","361","2026-06-27T14:11:23.797+00:00","2259","react_baseline_mazeV2_20260627_155634.log","2163","1","0","0","0","0","0"
"react-baseline-vs-ccrs-v2","700-baseline","react_baseline_mazeV2","362","362","2026-06-27T14:11:26.903+00:00","3106","react_baseline_mazeV2_20260627_155634.log","2169","1","0","0","0","0","0"
"react-baseline-vs-ccrs-v2","700-baseline","react_baseline_mazeV2","363","363","2026-06-27T14:11:32.695+00:00","5792","react_baseline_mazeV2_20260627_155634.log","2175","1","0","0","0","0","0"
"react-baseline-vs-ccrs-v2","700-baseline","react_baseline_mazeV2","364","364","2026-06-27T14:11:35.668+00:00","2973","react_baseline_mazeV2_20260627_155634.log","2181","1","0","0","0","0","0"
"react-baseline-vs-ccrs-v2","700-baseline","react_baseline_mazeV2","365","365","2026-06-27T14:11:38.951+00:00","3283","react_baseline_mazeV2_20260627_155634.log","2187","1","0","0","0","0","0"
"react-baseline-vs-ccrs-v2","700-baseline","react_baseline_mazeV2","366","366","2026-06-27T14:11:41.330+00:00","2379","react_baseline_mazeV2_20260627_155634.log","2193","1","0","0","0","0","0"
"react-baseline-vs-ccrs-v2","700-baseline","react_baseline_mazeV2","367","367","2026-06-27T14:11:43.677+00:00","2347","react_baseline_mazeV2_20260627_155634.log","2199","1","0","0","0","0","0"
"react-baseline-vs-ccrs-v2","700-baseline","react_baseline_mazeV2","368","368","2026-06-27T14:11:45.881+00:00","2204","react_baseline_mazeV2_20260627_155634.log","2205","1","0","0","0","0","0"
"react-baseline-vs-ccrs-v2","700-baseline","react_baseline_mazeV2","369","369","2026-06-27T14:11:48.262+00:00","2381","react_baseline_mazeV2_20260627_155634.log","2211","1","0","0","0","0","0"
"react-baseline-vs-ccrs-v2","700-baseline","react_baseline_mazeV2","370","370","2026-06-27T14:11:50.627+00:00","2365","react_baseline_mazeV2_20260627_155634.log","2217","1","0","0","0","0","0"
"react-baseline-vs-ccrs-v2","700-baseline","react_baseline_mazeV2","371","371","2026-06-27T14:11:53.274+00:00","2647","react_baseline_mazeV2_20260627_155634.log","2223","1","0","0","0","0","0"
"react-baseline-vs-ccrs-v2","700-baseline","react_baseline_mazeV2","372","372","2026-06-27T14:11:55.562+00:00","2288","react_baseline_mazeV2_20260627_155634.log","2229","1","0","0","0","0","0"
"react-baseline-vs-ccrs-v2","700-baseline","react_baseline_mazeV2","373","373","2026-06-27T14:11:57.796+00:00","2234","react_baseline_mazeV2_20260627_155634.log","2235","1","0","0","0","0","0"
"react-baseline-vs-ccrs-v2","700-baseline","react_baseline_mazeV2","374","374","2026-06-27T14:12:00.049+00:00","2253","react_baseline_mazeV2_20260627_155634.log","2241","1","0","0","0","0","0"
"react-baseline-vs-ccrs-v2","700-baseline","react_baseline_mazeV2","375","375","2026-06-27T14:12:02.922+00:00","2873","react_baseline_mazeV2_20260627_155634.log","2247","1","0","0","0","0","0"
"react-baseline-vs-ccrs-v2","700-baseline","react_baseline_mazeV2","376","376","2026-06-27T14:12:05.120+00:00","2198","react_baseline_mazeV2_20260627_155634.log","2253","1","0","0","0","0","0"
"react-baseline-vs-ccrs-v2","700-baseline","react_baseline_mazeV2","377","377","2026-06-27T14:12:07.294+00:00","2174","react_baseline_mazeV2_20260627_155634.log","2259","1","0","0","0","0","0"
"react-baseline-vs-ccrs-v2","700-baseline","react_baseline_mazeV2","378","378","2026-06-27T14:12:09.536+00:00","2242","react_baseline_mazeV2_20260627_155634.log","2265","1","0","0","0","0","0"
"react-baseline-vs-ccrs-v2","700-baseline","react_baseline_mazeV2","379","379","2026-06-27T14:12:12.097+00:00","2561","react_baseline_mazeV2_20260627_155634.log","2271","1","0","0","0","0","0"
"react-baseline-vs-ccrs-v2","700-baseline","react_baseline_mazeV2","380","380","2026-06-27T14:12:14.536+00:00","2439","react_baseline_mazeV2_20260627_155634.log","2277","1","0","0","0","0","0"
"react-baseline-vs-ccrs-v2","700-baseline","react_baseline_mazeV2","381","381","2026-06-27T14:12:18.852+00:00","4316","react_baseline_mazeV2_20260627_155634.log","2283","1","0","0","0","0","0"
"react-baseline-vs-ccrs-v2","700-baseline","react_baseline_mazeV2","382","382","2026-06-27T14:12:20.918+00:00","2066","react_baseline_mazeV2_20260627_155634.log","2289","1","0","0","0","0","0"
"react-baseline-vs-ccrs-v2","700-baseline","react_baseline_mazeV2","383","383","2026-06-27T14:12:23.454+00:00","2536","react_baseline_mazeV2_20260627_155634.log","2295","1","0","0","0","0","0"
"react-baseline-vs-ccrs-v2","700-baseline","react_baseline_mazeV2","384","384","2026-06-27T14:12:25.982+00:00","2528","react_baseline_mazeV2_20260627_155634.log","2301","1","0","0","0","0","0"
"react-baseline-vs-ccrs-v2","700-baseline","react_baseline_mazeV2","385","385","2026-06-27T14:12:28.114+00:00","2132","react_baseline_mazeV2_20260627_155634.log","2307","1","0","0","0","0","0"
"react-baseline-vs-ccrs-v2","700-baseline","react_baseline_mazeV2","386","386","2026-06-27T14:12:30.678+00:00","2564","react_baseline_mazeV2_20260627_155634.log","2313","1","0","0","0","0","0"
"react-baseline-vs-ccrs-v2","700-baseline","react_baseline_mazeV2","387","387","2026-06-27T14:12:34.153+00:00","3475","react_baseline_mazeV2_20260627_155634.log","2319","1","0","0","0","0","0"
"react-baseline-vs-ccrs-v2","700-baseline","react_baseline_mazeV2","388","388","2026-06-27T14:12:36.734+00:00","2581","react_baseline_mazeV2_20260627_155634.log","2325","1","0","0","0","0","0"
"react-baseline-vs-ccrs-v2","700-baseline","react_baseline_mazeV2","389","389","2026-06-27T14:12:38.832+00:00","2098","react_baseline_mazeV2_20260627_155634.log","2331","1","0","0","0","0","0"
"react-baseline-vs-ccrs-v2","700-baseline","react_baseline_mazeV2","390","390","2026-06-27T14:12:41.974+00:00","3142","react_baseline_mazeV2_20260627_155634.log","2337","1","0","0","0","0","0"
"react-baseline-vs-ccrs-v2","700-baseline","react_baseline_mazeV2","391","391","2026-06-27T14:12:44.936+00:00","2962","react_baseline_mazeV2_20260627_155634.log","2343","1","0","0","0","0","0"
"react-baseline-vs-ccrs-v2","700-baseline","react_baseline_mazeV2","392","392","2026-06-27T14:12:46.998+00:00","2062","react_baseline_mazeV2_20260627_155634.log","2349","1","0","0","0","0","0"
"react-baseline-vs-ccrs-v2","700-baseline","react_baseline_mazeV2","393","393","2026-06-27T14:12:49.321+00:00","2323","react_baseline_mazeV2_20260627_155634.log","2355","1","0","0","0","0","0"
"react-baseline-vs-ccrs-v2","700-baseline","react_baseline_mazeV2","394","394","2026-06-27T14:12:51.773+00:00","2452","react_baseline_mazeV2_20260627_155634.log","2361","1","0","0","0","0","0"
"react-baseline-vs-ccrs-v2","700-baseline","react_baseline_mazeV2","395","395","2026-06-27T14:12:54.025+00:00","2252","react_baseline_mazeV2_20260627_155634.log","2367","1","0","0","0","0","0"
"react-baseline-vs-ccrs-v2","700-baseline","react_baseline_mazeV2","396","396","2026-06-27T14:12:56.105+00:00","2080","react_baseline_mazeV2_20260627_155634.log","2373","1","0","0","0","0","0"
"react-baseline-vs-ccrs-v2","700-baseline","react_baseline_mazeV2","397","397","2026-06-27T14:12:58.332+00:00","2227","react_baseline_mazeV2_20260627_155634.log","2379","1","0","0","0","0","0"
"react-baseline-vs-ccrs-v2","700-baseline","react_baseline_mazeV2","398","398","2026-06-27T14:13:00.604+00:00","2272","react_baseline_mazeV2_20260627_155634.log","2385","1","0","0","0","0","0"
"react-baseline-vs-ccrs-v2","700-baseline","react_baseline_mazeV2","399","399","2026-06-27T14:13:02.870+00:00","2266","react_baseline_mazeV2_20260627_155634.log","2391","1","0","0","0","0","0"
"react-baseline-vs-ccrs-v2","700-baseline","react_baseline_mazeV2","400","400","2026-06-27T14:13:05.132+00:00","2262","react_baseline_mazeV2_20260627_155634.log","2397","1","0","0","0","0","0"
"react-baseline-vs-ccrs-v2","700-baseline","react_baseline_mazeV2","401","401","2026-06-27T14:13:07.565+00:00","2433","react_baseline_mazeV2_20260627_155634.log","2403","1","0","0","0","0","0"
"react-baseline-vs-ccrs-v2","700-baseline","react_baseline_mazeV2","402","402","2026-06-27T14:13:10.039+00:00","2474","react_baseline_mazeV2_20260627_155634.log","2409","1","0","0","0","0","0"
"react-baseline-vs-ccrs-v2","700-baseline","react_baseline_mazeV2","403","403","2026-06-27T14:13:12.264+00:00","2225","react_baseline_mazeV2_20260627_155634.log","2415","1","0","0","0","0","0"
"react-baseline-vs-ccrs-v2","700-baseline","react_baseline_mazeV2","404","404","2026-06-27T14:13:14.711+00:00","2447","react_baseline_mazeV2_20260627_155634.log","2421","1","0","0","0","0","0"
"react-baseline-vs-ccrs-v2","700-baseline","react_baseline_mazeV2","405","405","2026-06-27T14:13:17.594+00:00","2883","react_baseline_mazeV2_20260627_155634.log","2427","1","0","0","0","0","0"
"react-baseline-vs-ccrs-v2","700-baseline","react_baseline_mazeV2","406","406","2026-06-27T14:13:21.801+00:00","4207","react_baseline_mazeV2_20260627_155634.log","2433","1","0","0","0","0","0"
"react-baseline-vs-ccrs-v2","700-baseline","react_baseline_mazeV2","407","407","2026-06-27T14:13:24.125+00:00","2324","react_baseline_mazeV2_20260627_155634.log","2439","1","0","0","0","0","0"
"react-baseline-vs-ccrs-v2","700-baseline","react_baseline_mazeV2","408","408","2026-06-27T14:13:26.414+00:00","2289","react_baseline_mazeV2_20260627_155634.log","2445","1","0","0","0","0","0"
"react-baseline-vs-ccrs-v2","700-baseline","react_baseline_mazeV2","409","409","2026-06-27T14:13:28.438+00:00","2024","react_baseline_mazeV2_20260627_155634.log","2451","1","0","0","0","0","0"
"react-baseline-vs-ccrs-v2","700-baseline","react_baseline_mazeV2","410","410","2026-06-27T14:13:30.524+00:00","2086","react_baseline_mazeV2_20260627_155634.log","2457","1","0","0","0","0","0"
"react-baseline-vs-ccrs-v2","700-baseline","react_baseline_mazeV2","411","411","2026-06-27T14:13:33.083+00:00","2559","react_baseline_mazeV2_20260627_155634.log","2463","1","0","0","0","0","0"
"react-baseline-vs-ccrs-v2","700-baseline","react_baseline_mazeV2","412","412","2026-06-27T14:13:35.223+00:00","2140","react_baseline_mazeV2_20260627_155634.log","2469","1","0","0","0","0","0"
"react-baseline-vs-ccrs-v2","700-baseline","react_baseline_mazeV2","413","413","2026-06-27T14:13:37.483+00:00","2260","react_baseline_mazeV2_20260627_155634.log","2475","1","0","0","0","0","0"
"react-baseline-vs-ccrs-v2","700-baseline","react_baseline_mazeV2","414","414","2026-06-27T14:13:39.695+00:00","2212","react_baseline_mazeV2_20260627_155634.log","2481","1","0","0","0","0","0"
"react-baseline-vs-ccrs-v2","700-baseline","react_baseline_mazeV2","415","415","2026-06-27T14:13:41.930+00:00","2235","react_baseline_mazeV2_20260627_155634.log","2487","1","0","0","0","0","0"
"react-baseline-vs-ccrs-v2","700-baseline","react_baseline_mazeV2","416","416","2026-06-27T14:13:45.361+00:00","3431","react_baseline_mazeV2_20260627_155634.log","2493","1","0","0","0","0","0"
"react-baseline-vs-ccrs-v2","700-baseline","react_baseline_mazeV2","417","417","2026-06-27T14:13:47.894+00:00","2533","react_baseline_mazeV2_20260627_155634.log","2499","1","0","0","0","0","0"
"react-baseline-vs-ccrs-v2","700-baseline","react_baseline_mazeV2","418","418","2026-06-27T14:13:51.259+00:00","3365","react_baseline_mazeV2_20260627_155634.log","2505","1","0","0","0","0","0"
"react-baseline-vs-ccrs-v2","700-baseline","react_baseline_mazeV2","419","419","2026-06-27T14:13:53.292+00:00","2033","react_baseline_mazeV2_20260627_155634.log","2511","1","0","0","0","0","0"
"react-baseline-vs-ccrs-v2","700-baseline","react_baseline_mazeV2","420","420","2026-06-27T14:13:55.741+00:00","2449","react_baseline_mazeV2_20260627_155634.log","2517","1","0","0","0","0","0"
"react-baseline-vs-ccrs-v2","700-baseline","react_baseline_mazeV2","421","421","2026-06-27T14:13:57.957+00:00","2216","react_baseline_mazeV2_20260627_155634.log","2523","1","0","0","0","0","0"
"react-baseline-vs-ccrs-v2","700-baseline","react_baseline_mazeV2","422","422","2026-06-27T14:14:00.175+00:00","2218","react_baseline_mazeV2_20260627_155634.log","2529","1","0","0","0","0","0"
"react-baseline-vs-ccrs-v2","700-baseline","react_baseline_mazeV2","423","423","2026-06-27T14:14:02.342+00:00","2167","react_baseline_mazeV2_20260627_155634.log","2535","1","0","0","0","0","0"
"react-baseline-vs-ccrs-v2","700-baseline","react_baseline_mazeV2","424","424","2026-06-27T14:14:04.724+00:00","2382","react_baseline_mazeV2_20260627_155634.log","2541","1","0","0","0","0","0"
"react-baseline-vs-ccrs-v2","700-baseline","react_baseline_mazeV2","425","425","2026-06-27T14:14:07.296+00:00","2572","react_baseline_mazeV2_20260627_155634.log","2547","1","0","0","0","0","0"
"react-baseline-vs-ccrs-v2","700-baseline","react_baseline_mazeV2","426","426","2026-06-27T14:14:09.879+00:00","2583","react_baseline_mazeV2_20260627_155634.log","2553","1","0","0","0","0","0"
"react-baseline-vs-ccrs-v2","700-baseline","react_baseline_mazeV2","427","427","2026-06-27T14:14:12.118+00:00","2239","react_baseline_mazeV2_20260627_155634.log","2559","1","0","0","0","0","0"
"react-baseline-vs-ccrs-v2","700-baseline","react_baseline_mazeV2","428","428","2026-06-27T14:14:14.252+00:00","2134","react_baseline_mazeV2_20260627_155634.log","2565","1","0","0","0","0","0"
"react-baseline-vs-ccrs-v2","700-baseline","react_baseline_mazeV2","429","429","2026-06-27T14:14:16.358+00:00","2106","react_baseline_mazeV2_20260627_155634.log","2571","1","0","0","0","0","0"
"react-baseline-vs-ccrs-v2","700-baseline","react_baseline_mazeV2","430","430","2026-06-27T14:14:18.532+00:00","2174","react_baseline_mazeV2_20260627_155634.log","2577","1","0","0","0","0","0"
"react-baseline-vs-ccrs-v2","700-baseline","react_baseline_mazeV2","431","431","2026-06-27T14:14:20.751+00:00","2219","react_baseline_mazeV2_20260627_155634.log","2583","1","0","0","0","0","0"
"react-baseline-vs-ccrs-v2","700-baseline","react_baseline_mazeV2","432","432","2026-06-27T14:14:22.714+00:00","1963","react_baseline_mazeV2_20260627_155634.log","2589","1","0","0","0","0","0"
"react-baseline-vs-ccrs-v2","700-baseline","react_baseline_mazeV2","433","433","2026-06-27T14:14:25.873+00:00","3159","react_baseline_mazeV2_20260627_155634.log","2595","1","0","0","0","0","0"
"react-baseline-vs-ccrs-v2","700-baseline","react_baseline_mazeV2","434","434","2026-06-27T14:14:28.581+00:00","2708","react_baseline_mazeV2_20260627_155634.log","2601","1","0","0","0","0","0"
"react-baseline-vs-ccrs-v2","700-baseline","react_baseline_mazeV2","435","435","2026-06-27T14:14:31.667+00:00","3086","react_baseline_mazeV2_20260627_155634.log","2607","1","0","0","0","0","0"
"react-baseline-vs-ccrs-v2","700-baseline","react_baseline_mazeV2","436","436","2026-06-27T14:14:33.813+00:00","2146","react_baseline_mazeV2_20260627_155634.log","2613","1","0","0","0","0","0"
"react-baseline-vs-ccrs-v2","700-baseline","react_baseline_mazeV2","437","437","2026-06-27T14:14:35.829+00:00","2016","react_baseline_mazeV2_20260627_155634.log","2619","1","0","0","0","0","0"
"react-baseline-vs-ccrs-v2","700-baseline","react_baseline_mazeV2","438","438","2026-06-27T14:14:39.158+00:00","3329","react_baseline_mazeV2_20260627_155634.log","2625","1","0","0","0","0","0"
"react-baseline-vs-ccrs-v2","700-baseline","react_baseline_mazeV2","439","439","2026-06-27T14:14:41.344+00:00","2186","react_baseline_mazeV2_20260627_155634.log","2631","1","0","0","0","0","0"
"react-baseline-vs-ccrs-v2","700-baseline","react_baseline_mazeV2","440","440","2026-06-27T14:14:44.135+00:00","2791","react_baseline_mazeV2_20260627_155634.log","2637","1","0","0","0","0","0"
"react-baseline-vs-ccrs-v2","700-baseline","react_baseline_mazeV2","441","441","2026-06-27T14:14:46.518+00:00","2383","react_baseline_mazeV2_20260627_155634.log","2643","1","0","0","0","0","0"
"react-baseline-vs-ccrs-v2","700-baseline","react_baseline_mazeV2","442","442","2026-06-27T14:14:48.606+00:00","2088","react_baseline_mazeV2_20260627_155634.log","2649","1","0","0","0","0","0"
"react-baseline-vs-ccrs-v2","700-baseline","react_baseline_mazeV2","443","443","2026-06-27T14:14:51.376+00:00","2770","react_baseline_mazeV2_20260627_155634.log","2655","1","0","0","0","0","0"
"react-baseline-vs-ccrs-v2","700-baseline","react_baseline_mazeV2","444","444","2026-06-27T14:14:53.798+00:00","2422","react_baseline_mazeV2_20260627_155634.log","2661","1","0","0","0","0","0"
"react-baseline-vs-ccrs-v2","700-baseline","react_baseline_mazeV2","445","445","2026-06-27T14:14:57.797+00:00","3999","react_baseline_mazeV2_20260627_155634.log","2667","1","0","0","0","0","0"
"react-baseline-vs-ccrs-v2","700-baseline","react_baseline_mazeV2","446","446","2026-06-27T14:14:59.971+00:00","2174","react_baseline_mazeV2_20260627_155634.log","2673","1","0","0","0","0","0"
"react-baseline-vs-ccrs-v2","700-baseline","react_baseline_mazeV2","447","447","2026-06-27T14:15:02.143+00:00","2172","react_baseline_mazeV2_20260627_155634.log","2679","1","0","0","0","0","0"
"react-baseline-vs-ccrs-v2","700-baseline","react_baseline_mazeV2","448","448","2026-06-27T14:15:06.424+00:00","4281","react_baseline_mazeV2_20260627_155634.log","2685","1","0","0","0","0","0"
"react-baseline-vs-ccrs-v2","700-baseline","react_baseline_mazeV2","449","449","2026-06-27T14:15:08.654+00:00","2230","react_baseline_mazeV2_20260627_155634.log","2691","1","0","0","0","0","0"
"react-baseline-vs-ccrs-v2","700-baseline","react_baseline_mazeV2","450","450","2026-06-27T14:15:10.773+00:00","2119","react_baseline_mazeV2_20260627_155634.log","2696","1","0","0","0","0","0"
"react-baseline-vs-ccrs-v2","700-baseline","react_baseline_mazeV2","451","451","2026-06-27T14:15:13.899+00:00","3126","react_baseline_mazeV2_20260627_155634.log","2702","1","0","0","0","0","0"
"react-baseline-vs-ccrs-v2","700-baseline","react_baseline_mazeV2","452","452","2026-06-27T14:15:15.979+00:00","2080","react_baseline_mazeV2_20260627_155634.log","2708","1","0","0","0","0","0"
"react-baseline-vs-ccrs-v2","700-baseline","react_baseline_mazeV2","453","453","2026-06-27T14:15:18.971+00:00","2992","react_baseline_mazeV2_20260627_155634.log","2714","1","0","0","0","0","0"
"react-baseline-vs-ccrs-v2","700-baseline","react_baseline_mazeV2","454","454","2026-06-27T14:15:21.364+00:00","2393","react_baseline_mazeV2_20260627_155634.log","2720","1","0","0","0","0","0"
"react-baseline-vs-ccrs-v2","700-baseline","react_baseline_mazeV2","455","455","2026-06-27T14:15:24.418+00:00","3054","react_baseline_mazeV2_20260627_155634.log","2726","1","0","0","0","0","0"
"react-baseline-vs-ccrs-v2","700-baseline","react_baseline_mazeV2","456","456","2026-06-27T14:15:26.387+00:00","1969","react_baseline_mazeV2_20260627_155634.log","2732","1","0","0","0","0","0"
"react-baseline-vs-ccrs-v2","700-baseline","react_baseline_mazeV2","457","457","2026-06-27T14:15:29.625+00:00","3238","react_baseline_mazeV2_20260627_155634.log","2738","1","0","0","0","0","0"
"react-baseline-vs-ccrs-v2","700-baseline","react_baseline_mazeV2","458","458","2026-06-27T14:15:31.741+00:00","2116","react_baseline_mazeV2_20260627_155634.log","2743","1","0","0","0","0","0"
"react-baseline-vs-ccrs-v2","700-baseline","react_baseline_mazeV2","459","459","2026-06-27T14:15:34.998+00:00","3257","react_baseline_mazeV2_20260627_155634.log","2749","1","0","0","0","0","0"
"react-baseline-vs-ccrs-v2","700-baseline","react_baseline_mazeV2","460","460","2026-06-27T14:15:37.130+00:00","2132","react_baseline_mazeV2_20260627_155634.log","2754","1","0","0","0","0","0"
"react-baseline-vs-ccrs-v2","700-baseline","react_baseline_mazeV2","461","461","2026-06-27T14:15:39.413+00:00","2283","react_baseline_mazeV2_20260627_155634.log","2760","1","0","0","0","0","0"
"react-baseline-vs-ccrs-v2","700-baseline","react_baseline_mazeV2","462","462","2026-06-27T14:15:41.706+00:00","2293","react_baseline_mazeV2_20260627_155634.log","2766","1","0","0","0","0","0"
"react-baseline-vs-ccrs-v2","700-baseline","react_baseline_mazeV2","463","463","2026-06-27T14:15:43.869+00:00","2163","react_baseline_mazeV2_20260627_155634.log","2772","1","0","0","0","0","0"
"react-baseline-vs-ccrs-v2","700-baseline","react_baseline_mazeV2","464","464","2026-06-27T14:15:48.434+00:00","4565","react_baseline_mazeV2_20260627_155634.log","2778","1","0","0","0","0","0"
"react-baseline-vs-ccrs-v2","700-baseline","react_baseline_mazeV2","465","465","2026-06-27T14:15:50.542+00:00","2108","react_baseline_mazeV2_20260627_155634.log","2784","1","0","0","0","0","0"
"react-baseline-vs-ccrs-v2","700-baseline","react_baseline_mazeV2","466","466","2026-06-27T14:15:52.755+00:00","2213","react_baseline_mazeV2_20260627_155634.log","2790","1","0","0","0","0","0"
"react-baseline-vs-ccrs-v2","700-baseline","react_baseline_mazeV2","467","467","2026-06-27T14:15:55.836+00:00","3081","react_baseline_mazeV2_20260627_155634.log","2796","1","0","0","0","0","0"
"react-baseline-vs-ccrs-v2","700-baseline","react_baseline_mazeV2","468","468","2026-06-27T14:15:57.873+00:00","2037","react_baseline_mazeV2_20260627_155634.log","2802","1","0","0","0","0","0"
"react-baseline-vs-ccrs-v2","700-baseline","react_baseline_mazeV2","469","469","2026-06-27T14:15:59.998+00:00","2125","react_baseline_mazeV2_20260627_155634.log","2808","1","0","0","0","0","0"
"react-baseline-vs-ccrs-v2","700-baseline","react_baseline_mazeV2","470","470","2026-06-27T14:16:03.974+00:00","3976","react_baseline_mazeV2_20260627_155634.log","2814","1","0","0","0","0","0"
"react-baseline-vs-ccrs-v2","700-baseline","react_baseline_mazeV2","471","471","2026-06-27T14:16:06.092+00:00","2118","react_baseline_mazeV2_20260627_155634.log","2820","1","0","0","0","0","0"
"react-baseline-vs-ccrs-v2","700-baseline","react_baseline_mazeV2","472","472","2026-06-27T14:16:09.322+00:00","3230","react_baseline_mazeV2_20260627_155634.log","2826","1","0","0","0","0","0"
"react-baseline-vs-ccrs-v2","700-baseline","react_baseline_mazeV2","473","473","2026-06-27T14:16:12.238+00:00","2916","react_baseline_mazeV2_20260627_155634.log","2832","1","0","0","0","0","0"
"react-baseline-vs-ccrs-v2","700-baseline","react_baseline_mazeV2","474","474","2026-06-27T14:16:15.851+00:00","3613","react_baseline_mazeV2_20260627_155634.log","2838","1","0","0","0","0","0"
"react-baseline-vs-ccrs-v2","700-baseline","react_baseline_mazeV2","475","475","2026-06-27T14:16:18.102+00:00","2251","react_baseline_mazeV2_20260627_155634.log","2844","1","0","0","0","0","0"
"react-baseline-vs-ccrs-v2","700-baseline","react_baseline_mazeV2","476","476","2026-06-27T14:16:20.967+00:00","2865","react_baseline_mazeV2_20260627_155634.log","2850","1","0","0","0","0","0"
"react-baseline-vs-ccrs-v2","700-baseline","react_baseline_mazeV2","477","477","2026-06-27T14:16:23.155+00:00","2188","react_baseline_mazeV2_20260627_155634.log","2856","1","0","0","0","0","0"
"react-baseline-vs-ccrs-v2","700-baseline","react_baseline_mazeV2","478","478","2026-06-27T14:16:26.398+00:00","3243","react_baseline_mazeV2_20260627_155634.log","2862","1","0","0","0","0","0"
"react-baseline-vs-ccrs-v2","700-baseline","react_baseline_mazeV2","479","479","2026-06-27T14:16:28.685+00:00","2287","react_baseline_mazeV2_20260627_155634.log","2868","1","0","0","0","0","0"
"react-baseline-vs-ccrs-v2","700-baseline","react_baseline_mazeV2","480","480","2026-06-27T14:16:31.653+00:00","2968","react_baseline_mazeV2_20260627_155634.log","2874","1","0","0","0","0","0"
"react-baseline-vs-ccrs-v2","700-baseline","react_baseline_mazeV2","481","481","2026-06-27T14:16:33.875+00:00","2222","react_baseline_mazeV2_20260627_155634.log","2880","1","0","0","0","0","0"
"react-baseline-vs-ccrs-v2","700-baseline","react_baseline_mazeV2","482","482","2026-06-27T14:16:36.892+00:00","3017","react_baseline_mazeV2_20260627_155634.log","2886","1","0","0","0","0","0"
"react-baseline-vs-ccrs-v2","700-baseline","react_baseline_mazeV2","483","483","2026-06-27T14:16:40.158+00:00","3266","react_baseline_mazeV2_20260627_155634.log","2891","1","0","0","0","0","0"
"react-baseline-vs-ccrs-v2","700-baseline","react_baseline_mazeV2","484","484","2026-06-27T14:16:42.535+00:00","2377","react_baseline_mazeV2_20260627_155634.log","2897","1","0","0","0","0","0"
"react-baseline-vs-ccrs-v2","700-baseline","react_baseline_mazeV2","485","485","2026-06-27T14:16:46.017+00:00","3482","react_baseline_mazeV2_20260627_155634.log","2903","1","0","0","0","0","0"
"react-baseline-vs-ccrs-v2","700-baseline","react_baseline_mazeV2","486","486","2026-06-27T14:16:48.251+00:00","2234","react_baseline_mazeV2_20260627_155634.log","2909","1","0","0","0","0","0"
"react-baseline-vs-ccrs-v2","700-baseline","react_baseline_mazeV2","487","487","2026-06-27T14:16:51.317+00:00","3066","react_baseline_mazeV2_20260627_155634.log","2915","1","0","0","0","0","0"
"react-baseline-vs-ccrs-v2","700-baseline","react_baseline_mazeV2","488","488","2026-06-27T14:16:53.625+00:00","2308","react_baseline_mazeV2_20260627_155634.log","2921","1","0","0","0","0","0"
"react-baseline-vs-ccrs-v2","700-baseline","react_baseline_mazeV2","489","489","2026-06-27T14:16:56.676+00:00","3051","react_baseline_mazeV2_20260627_155634.log","2927","1","0","0","0","0","0"
"react-baseline-vs-ccrs-v2","700-baseline","react_baseline_mazeV2","490","490","2026-06-27T14:16:58.866+00:00","2190","react_baseline_mazeV2_20260627_155634.log","2933","1","0","0","0","0","0"
"react-baseline-vs-ccrs-v2","700-baseline","react_baseline_mazeV2","491","491","2026-06-27T14:17:01.851+00:00","2985","react_baseline_mazeV2_20260627_155634.log","2939","1","0","0","0","0","0"
"react-baseline-vs-ccrs-v2","700-baseline","react_baseline_mazeV2","492","492","2026-06-27T14:17:04.237+00:00","2386","react_baseline_mazeV2_20260627_155634.log","2945","1","0","0","0","0","0"
"react-baseline-vs-ccrs-v2","700-baseline","react_baseline_mazeV2","493","493","2026-06-27T14:17:07.107+00:00","2870","react_baseline_mazeV2_20260627_155634.log","2951","1","0","0","0","0","0"
"react-baseline-vs-ccrs-v2","700-baseline","react_baseline_mazeV2","494","494","2026-06-27T14:17:09.345+00:00","2238","react_baseline_mazeV2_20260627_155634.log","2957","1","0","0","0","0","0"
"react-baseline-vs-ccrs-v2","700-baseline","react_baseline_mazeV2","495","495","2026-06-27T14:17:12.769+00:00","3424","react_baseline_mazeV2_20260627_155634.log","2963","1","0","0","0","0","0"
"react-baseline-vs-ccrs-v2","700-baseline","react_baseline_mazeV2","496","496","2026-06-27T14:17:15.800+00:00","3031","react_baseline_mazeV2_20260627_155634.log","2969","1","0","0","0","0","0"
"react-baseline-vs-ccrs-v2","700-baseline","react_baseline_mazeV2","497","497","2026-06-27T14:17:18.088+00:00","2288","react_baseline_mazeV2_20260627_155634.log","2975","1","0","0","0","0","0"
"react-baseline-vs-ccrs-v2","700-baseline","react_baseline_mazeV2","498","498","2026-06-27T14:17:21.089+00:00","3001","react_baseline_mazeV2_20260627_155634.log","2981","1","0","0","0","0","0"
"react-baseline-vs-ccrs-v2","700-baseline","react_baseline_mazeV2","499","499","2026-06-27T14:17:24.448+00:00","3359","react_baseline_mazeV2_20260627_155634.log","2987","1","0","0","0","0","0"
"react-baseline-vs-ccrs-v2","700-baseline","react_baseline_mazeV2","500","500","2026-06-27T14:17:26.717+00:00","2269","react_baseline_mazeV2_20260627_155634.log","2993","1","0","0","0","0","0"
"react-baseline-vs-ccrs-v2","700-baseline","react_baseline_mazeV2","501","501","2026-06-27T14:17:29.561+00:00","2844","react_baseline_mazeV2_20260627_155634.log","2999","1","0","0","0","0","0"
"react-baseline-vs-ccrs-v2","700-baseline","react_baseline_mazeV2","502","502","2026-06-27T14:17:31.815+00:00","2254","react_baseline_mazeV2_20260627_155634.log","3005","1","0","0","0","0","0"
"react-baseline-vs-ccrs-v2","700-baseline","react_baseline_mazeV2","503","503","2026-06-27T14:17:35.188+00:00","3373","react_baseline_mazeV2_20260627_155634.log","3011","1","0","0","0","0","0"
"react-baseline-vs-ccrs-v2","700-baseline","react_baseline_mazeV2","504","504","2026-06-27T14:17:37.576+00:00","2388","react_baseline_mazeV2_20260627_155634.log","3017","1","0","0","0","0","0"
"react-baseline-vs-ccrs-v2","700-baseline","react_baseline_mazeV2","505","505","2026-06-27T14:17:39.962+00:00","2386","react_baseline_mazeV2_20260627_155634.log","3023","1","0","0","0","0","0"
"react-baseline-vs-ccrs-v2","700-baseline","react_baseline_mazeV2","506","506","2026-06-27T14:17:42.937+00:00","2975","react_baseline_mazeV2_20260627_155634.log","3029","1","0","0","0","0","0"
"react-baseline-vs-ccrs-v2","700-baseline","react_baseline_mazeV2","507","507","2026-06-27T14:17:45.074+00:00","2137","react_baseline_mazeV2_20260627_155634.log","3035","1","0","0","0","0","0"
"react-baseline-vs-ccrs-v2","700-baseline","react_baseline_mazeV2","508","508","2026-06-27T14:17:48.171+00:00","3097","react_baseline_mazeV2_20260627_155634.log","3041","1","0","0","0","0","0"
"react-baseline-vs-ccrs-v2","700-baseline","react_baseline_mazeV2","509","509","2026-06-27T14:17:51.348+00:00","3177","react_baseline_mazeV2_20260627_155634.log","3047","1","0","0","0","0","0"
"react-baseline-vs-ccrs-v2","700-baseline","react_baseline_mazeV2","510","510","2026-06-27T14:17:53.689+00:00","2341","react_baseline_mazeV2_20260627_155634.log","3053","1","0","0","0","0","0"
"react-baseline-vs-ccrs-v2","700-baseline","react_baseline_mazeV2","511","511","2026-06-27T14:17:56.654+00:00","2965","react_baseline_mazeV2_20260627_155634.log","3059","1","0","0","0","0","0"
"react-baseline-vs-ccrs-v2","700-baseline","react_baseline_mazeV2","512","512","2026-06-27T14:17:59.115+00:00","2461","react_baseline_mazeV2_20260627_155634.log","3065","1","0","0","0","0","0"
"react-baseline-vs-ccrs-v2","700-baseline","react_baseline_mazeV2","513","513","2026-06-27T14:18:02.556+00:00","3441","react_baseline_mazeV2_20260627_155634.log","3071","1","0","0","0","0","0"
"react-baseline-vs-ccrs-v2","700-baseline","react_baseline_mazeV2","514","514","2026-06-27T14:18:04.750+00:00","2194","react_baseline_mazeV2_20260627_155634.log","3077","1","0","0","0","0","0"
"react-baseline-vs-ccrs-v2","700-baseline","react_baseline_mazeV2","515","515","2026-06-27T14:18:07.819+00:00","3069","react_baseline_mazeV2_20260627_155634.log","3083","1","0","0","0","0","0"
"react-baseline-vs-ccrs-v2","700-baseline","react_baseline_mazeV2","516","516","2026-06-27T14:18:10.109+00:00","2290","react_baseline_mazeV2_20260627_155634.log","3089","1","0","0","0","0","0"
"react-baseline-vs-ccrs-v2","700-baseline","react_baseline_mazeV2","517","517","2026-06-27T14:18:12.372+00:00","2263","react_baseline_mazeV2_20260627_155634.log","3095","1","0","0","0","0","0"
"react-baseline-vs-ccrs-v2","700-baseline","react_baseline_mazeV2","518","518","2026-06-27T14:18:14.582+00:00","2210","react_baseline_mazeV2_20260627_155634.log","3101","1","0","0","0","0","0"
"react-baseline-vs-ccrs-v2","700-baseline","react_baseline_mazeV2","519","519","2026-06-27T14:18:17.496+00:00","2914","react_baseline_mazeV2_20260627_155634.log","3107","1","0","0","0","0","0"
"react-baseline-vs-ccrs-v2","700-baseline","react_baseline_mazeV2","520","520","2026-06-27T14:18:19.969+00:00","2473","react_baseline_mazeV2_20260627_155634.log","3113","1","0","0","0","0","0"
"react-baseline-vs-ccrs-v2","700-baseline","react_baseline_mazeV2","521","521","2026-06-27T14:18:22.273+00:00","2304","react_baseline_mazeV2_20260627_155634.log","3119","1","0","0","0","0","0"
"react-baseline-vs-ccrs-v2","700-baseline","react_baseline_mazeV2","522","522","2026-06-27T14:18:24.756+00:00","2483","react_baseline_mazeV2_20260627_155634.log","3125","1","0","0","0","0","0"
"react-baseline-vs-ccrs-v2","700-baseline","react_baseline_mazeV2","523","523","2026-06-27T14:18:27.147+00:00","2391","react_baseline_mazeV2_20260627_155634.log","3131","1","0","0","0","0","0"
"react-baseline-vs-ccrs-v2","700-baseline","react_baseline_mazeV2","524","524","2026-06-27T14:18:29.687+00:00","2540","react_baseline_mazeV2_20260627_155634.log","3137","1","0","0","0","0","0"
"react-baseline-vs-ccrs-v2","700-baseline","react_baseline_mazeV2","525","525","2026-06-27T14:18:32.170+00:00","2483","react_baseline_mazeV2_20260627_155634.log","3143","1","0","0","0","0","0"
"react-baseline-vs-ccrs-v2","700-baseline","react_baseline_mazeV2","526","526","2026-06-27T14:18:34.379+00:00","2209","react_baseline_mazeV2_20260627_155634.log","3149","1","0","0","0","0","0"
"react-baseline-vs-ccrs-v2","700-baseline","react_baseline_mazeV2","527","527","2026-06-27T14:18:36.690+00:00","2311","react_baseline_mazeV2_20260627_155634.log","3155","1","0","0","0","0","0"
"react-baseline-vs-ccrs-v2","700-baseline","react_baseline_mazeV2","528","528","2026-06-27T14:18:38.950+00:00","2260","react_baseline_mazeV2_20260627_155634.log","3161","1","0","0","0","0","0"
"react-baseline-vs-ccrs-v2","700-baseline","react_baseline_mazeV2","529","529","2026-06-27T14:18:41.642+00:00","2692","react_baseline_mazeV2_20260627_155634.log","3167","1","0","0","0","0","0"
"react-baseline-vs-ccrs-v2","700-baseline","react_baseline_mazeV2","530","530","2026-06-27T14:18:44.010+00:00","2368","react_baseline_mazeV2_20260627_155634.log","3173","1","0","0","0","0","0"
"react-baseline-vs-ccrs-v2","700-baseline","react_baseline_mazeV2","531","531","2026-06-27T14:18:46.126+00:00","2116","react_baseline_mazeV2_20260627_155634.log","3179","1","0","0","0","0","0"
"react-baseline-vs-ccrs-v2","700-baseline","react_baseline_mazeV2","532","532","2026-06-27T14:18:48.425+00:00","2299","react_baseline_mazeV2_20260627_155634.log","3185","1","0","0","0","0","0"
"react-baseline-vs-ccrs-v2","700-baseline","react_baseline_mazeV2","533","533","2026-06-27T14:18:50.812+00:00","2387","react_baseline_mazeV2_20260627_155634.log","3191","1","0","0","0","0","0"
"react-baseline-vs-ccrs-v2","700-baseline","react_baseline_mazeV2","534","534","2026-06-27T14:18:53.322+00:00","2510","react_baseline_mazeV2_20260627_155634.log","3197","1","0","0","0","0","0"
"react-baseline-vs-ccrs-v2","700-baseline","react_baseline_mazeV2","535","535","2026-06-27T14:18:56.934+00:00","3612","react_baseline_mazeV2_20260627_155634.log","3203","1","0","0","0","0","0"
"react-baseline-vs-ccrs-v2","700-baseline","react_baseline_mazeV2","536","536","2026-06-27T14:18:59.288+00:00","2354","react_baseline_mazeV2_20260627_155634.log","3209","1","0","0","0","0","0"
"react-baseline-vs-ccrs-v2","700-baseline","react_baseline_mazeV2","537","537","2026-06-27T14:19:01.530+00:00","2242","react_baseline_mazeV2_20260627_155634.log","3215","1","0","0","0","0","0"
"react-baseline-vs-ccrs-v2","700-baseline","react_baseline_mazeV2","538","538","2026-06-27T14:19:03.938+00:00","2408","react_baseline_mazeV2_20260627_155634.log","3221","1","0","0","0","0","0"
"react-baseline-vs-ccrs-v2","700-baseline","react_baseline_mazeV2","539","539","2026-06-27T14:19:06.193+00:00","2255","react_baseline_mazeV2_20260627_155634.log","3227","1","0","0","0","0","0"
"react-baseline-vs-ccrs-v2","700-baseline","react_baseline_mazeV2","540","540","2026-06-27T14:19:08.386+00:00","2193","react_baseline_mazeV2_20260627_155634.log","3233","1","0","0","0","0","0"
"react-baseline-vs-ccrs-v2","700-baseline","react_baseline_mazeV2","541","541","2026-06-27T14:19:18.787+00:00","10401","react_baseline_mazeV2_20260627_155634.log","3239","1","0","0","0","0","0"
"react-baseline-vs-ccrs-v2","700-baseline","react_baseline_mazeV2","542","542","2026-06-27T14:19:21.077+00:00","2290","react_baseline_mazeV2_20260627_155634.log","3245","1","0","0","0","0","0"
"react-baseline-vs-ccrs-v2","700-baseline","react_baseline_mazeV2","543","543","2026-06-27T14:19:23.409+00:00","2332","react_baseline_mazeV2_20260627_155634.log","3251","1","0","0","0","0","0"
"react-baseline-vs-ccrs-v2","700-baseline","react_baseline_mazeV2","544","544","2026-06-27T14:19:25.650+00:00","2241","react_baseline_mazeV2_20260627_155634.log","3257","1","0","0","0","0","0"
"react-baseline-vs-ccrs-v2","700-baseline","react_baseline_mazeV2","545","545","2026-06-27T14:19:27.912+00:00","2262","react_baseline_mazeV2_20260627_155634.log","3263","1","0","0","0","0","0"
"react-baseline-vs-ccrs-v2","700-baseline","react_baseline_mazeV2","546","546","2026-06-27T14:19:30.362+00:00","2450","react_baseline_mazeV2_20260627_155634.log","3269","1","0","0","0","0","0"
"react-baseline-vs-ccrs-v2","700-baseline","react_baseline_mazeV2","547","547","2026-06-27T14:19:35.888+00:00","5526","react_baseline_mazeV2_20260627_155634.log","3275","1","0","0","0","0","0"
"react-baseline-vs-ccrs-v2","700-baseline","react_baseline_mazeV2","548","548","2026-06-27T14:19:39.208+00:00","3320","react_baseline_mazeV2_20260627_155634.log","3281","1","0","0","0","0","0"
"react-baseline-vs-ccrs-v2","700-baseline","react_baseline_mazeV2","549","549","2026-06-27T14:19:41.851+00:00","2643","react_baseline_mazeV2_20260627_155634.log","3287","1","0","0","0","0","0"
"react-baseline-vs-ccrs-v2","700-baseline","react_baseline_mazeV2","550","550","2026-06-27T14:19:44.894+00:00","3043","react_baseline_mazeV2_20260627_155634.log","3293","1","0","0","0","0","0"
"react-baseline-vs-ccrs-v2","700-baseline","react_baseline_mazeV2","551","551","2026-06-27T14:19:47.022+00:00","2128","react_baseline_mazeV2_20260627_155634.log","3299","1","0","0","0","0","0"
"react-baseline-vs-ccrs-v2","700-baseline","react_baseline_mazeV2","552","552","2026-06-27T14:19:49.294+00:00","2272","react_baseline_mazeV2_20260627_155634.log","3305","1","0","0","0","0","0"
"react-baseline-vs-ccrs-v2","700-baseline","react_baseline_mazeV2","553","553","2026-06-27T14:19:51.483+00:00","2189","react_baseline_mazeV2_20260627_155634.log","3311","1","0","0","0","0","0"
"react-baseline-vs-ccrs-v2","700-baseline","react_baseline_mazeV2","554","554","2026-06-27T14:19:53.496+00:00","2013","react_baseline_mazeV2_20260627_155634.log","3317","1","0","0","0","0","0"
"react-baseline-vs-ccrs-v2","700-baseline","react_baseline_mazeV2","555","555","2026-06-27T14:19:55.870+00:00","2374","react_baseline_mazeV2_20260627_155634.log","3323","1","0","0","0","0","0"
"react-baseline-vs-ccrs-v2","700-baseline","react_baseline_mazeV2","556","556","2026-06-27T14:19:58.041+00:00","2171","react_baseline_mazeV2_20260627_155634.log","3329","1","0","0","0","0","0"
"react-baseline-vs-ccrs-v2","700-baseline","react_baseline_mazeV2","557","557","2026-06-27T14:20:00.115+00:00","2074","react_baseline_mazeV2_20260627_155634.log","3335","1","0","0","0","0","0"
"react-baseline-vs-ccrs-v2","700-baseline","react_baseline_mazeV2","558","558","2026-06-27T14:20:04.338+00:00","4223","react_baseline_mazeV2_20260627_155634.log","3341","1","0","0","0","0","0"
"react-baseline-vs-ccrs-v2","700-baseline","react_baseline_mazeV2","559","559","2026-06-27T14:20:06.569+00:00","2231","react_baseline_mazeV2_20260627_155634.log","3347","1","0","0","0","0","0"
"react-baseline-vs-ccrs-v2","700-baseline","react_baseline_mazeV2","560","560","2026-06-27T14:20:09.088+00:00","2519","react_baseline_mazeV2_20260627_155634.log","3353","1","0","0","0","0","0"
"react-baseline-vs-ccrs-v2","700-baseline","react_baseline_mazeV2","561","561","2026-06-27T14:20:11.455+00:00","2367","react_baseline_mazeV2_20260627_155634.log","3359","1","0","0","0","0","0"
"react-baseline-vs-ccrs-v2","700-baseline","react_baseline_mazeV2","562","562","2026-06-27T14:20:13.460+00:00","2005","react_baseline_mazeV2_20260627_155634.log","3365","1","0","0","0","0","0"
"react-baseline-vs-ccrs-v2","700-baseline","react_baseline_mazeV2","563","563","2026-06-27T14:20:15.804+00:00","2344","react_baseline_mazeV2_20260627_155634.log","3371","1","0","0","0","0","0"
"react-baseline-vs-ccrs-v2","700-baseline","react_baseline_mazeV2","564","564","2026-06-27T14:20:18.056+00:00","2252","react_baseline_mazeV2_20260627_155634.log","3377","1","0","0","0","0","0"
"react-baseline-vs-ccrs-v2","700-baseline","react_baseline_mazeV2","565","565","2026-06-27T14:20:20.814+00:00","2758","react_baseline_mazeV2_20260627_155634.log","3383","1","0","0","0","0","0"
"react-baseline-vs-ccrs-v2","700-baseline","react_baseline_mazeV2","566","566","2026-06-27T14:20:23.505+00:00","2691","react_baseline_mazeV2_20260627_155634.log","3389","1","0","0","0","0","0"
"react-baseline-vs-ccrs-v2","700-baseline","react_baseline_mazeV2","567","567","2026-06-27T14:20:25.656+00:00","2151","react_baseline_mazeV2_20260627_155634.log","3395","1","0","0","0","0","0"
"react-baseline-vs-ccrs-v2","700-baseline","react_baseline_mazeV2","568","568","2026-06-27T14:20:27.901+00:00","2245","react_baseline_mazeV2_20260627_155634.log","3401","1","0","0","0","0","0"
"react-baseline-vs-ccrs-v2","700-baseline","react_baseline_mazeV2","569","569","2026-06-27T14:20:30.345+00:00","2444","react_baseline_mazeV2_20260627_155634.log","3407","1","0","0","0","0","0"
"react-baseline-vs-ccrs-v2","700-baseline","react_baseline_mazeV2","570","570","2026-06-27T14:20:32.449+00:00","2104","react_baseline_mazeV2_20260627_155634.log","3413","1","0","0","0","0","0"
"react-baseline-vs-ccrs-v2","700-baseline","react_baseline_mazeV2","571","571","2026-06-27T14:20:34.594+00:00","2145","react_baseline_mazeV2_20260627_155634.log","3419","1","0","0","0","0","0"
"react-baseline-vs-ccrs-v2","700-baseline","react_baseline_mazeV2","572","572","2026-06-27T14:20:36.593+00:00","1999","react_baseline_mazeV2_20260627_155634.log","3425","1","0","0","0","0","0"
"react-baseline-vs-ccrs-v2","700-baseline","react_baseline_mazeV2","573","573","2026-06-27T14:20:38.614+00:00","2021","react_baseline_mazeV2_20260627_155634.log","3431","1","0","0","0","0","0"
"react-baseline-vs-ccrs-v2","700-baseline","react_baseline_mazeV2","574","574","2026-06-27T14:20:40.938+00:00","2324","react_baseline_mazeV2_20260627_155634.log","3437","1","0","0","0","0","0"
"react-baseline-vs-ccrs-v2","700-baseline","react_baseline_mazeV2","575","575","2026-06-27T14:20:44.057+00:00","3119","react_baseline_mazeV2_20260627_155634.log","3443","1","0","0","0","0","0"
"react-baseline-vs-ccrs-v2","700-baseline","react_baseline_mazeV2","576","576","2026-06-27T14:20:46.224+00:00","2167","react_baseline_mazeV2_20260627_155634.log","3449","1","0","0","0","0","0"
"react-baseline-vs-ccrs-v2","700-baseline","react_baseline_mazeV2","577","577","2026-06-27T14:20:49.876+00:00","3652","react_baseline_mazeV2_20260627_155634.log","3455","1","0","0","0","0","0"
"react-baseline-vs-ccrs-v2","700-baseline","react_baseline_mazeV2","578","578","2026-06-27T14:20:52.534+00:00","2658","react_baseline_mazeV2_20260627_155634.log","3461","1","0","0","0","0","0"
"react-baseline-vs-ccrs-v2","700-baseline","react_baseline_mazeV2","579","579","2026-06-27T14:20:55.740+00:00","3206","react_baseline_mazeV2_20260627_155634.log","3467","1","0","0","0","0","0"
"react-baseline-vs-ccrs-v2","700-baseline","react_baseline_mazeV2","580","580","2026-06-27T14:20:57.848+00:00","2108","react_baseline_mazeV2_20260627_155634.log","3473","1","0","0","0","0","0"
"react-baseline-vs-ccrs-v2","700-baseline","react_baseline_mazeV2","581","581","2026-06-27T14:21:00.205+00:00","2357","react_baseline_mazeV2_20260627_155634.log","3479","1","0","0","0","0","0"
"react-baseline-vs-ccrs-v2","700-baseline","react_baseline_mazeV2","582","582","2026-06-27T14:21:03.257+00:00","3052","react_baseline_mazeV2_20260627_155634.log","3485","1","0","0","0","0","0"
"react-baseline-vs-ccrs-v2","700-baseline","react_baseline_mazeV2","583","583","2026-06-27T14:21:05.905+00:00","2648","react_baseline_mazeV2_20260627_155634.log","3491","1","0","0","0","0","0"
"react-baseline-vs-ccrs-v2","700-baseline","react_baseline_mazeV2","584","584","2026-06-27T14:21:09.209+00:00","3304","react_baseline_mazeV2_20260627_155634.log","3497","1","0","0","0","0","0"
"react-baseline-vs-ccrs-v2","700-baseline","react_baseline_mazeV2","585","585","2026-06-27T14:21:11.378+00:00","2169","react_baseline_mazeV2_20260627_155634.log","3502","1","0","0","0","0","0"
"react-baseline-vs-ccrs-v2","700-baseline","react_baseline_mazeV2","586","586","2026-06-27T14:21:14.491+00:00","3113","react_baseline_mazeV2_20260627_155634.log","3508","1","0","0","0","0","0"
"react-baseline-vs-ccrs-v2","700-baseline","react_baseline_mazeV2","587","587","2026-06-27T14:21:16.832+00:00","2341","react_baseline_mazeV2_20260627_155634.log","3514","1","0","0","0","0","0"
"react-baseline-vs-ccrs-v2","700-baseline","react_baseline_mazeV2","588","588","2026-06-27T14:21:18.983+00:00","2151","react_baseline_mazeV2_20260627_155634.log","3520","1","0","0","0","0","0"
"react-baseline-vs-ccrs-v2","700-baseline","react_baseline_mazeV2","589","589","2026-06-27T14:21:21.654+00:00","2671","react_baseline_mazeV2_20260627_155634.log","3526","1","0","0","0","0","0"
"react-baseline-vs-ccrs-v2","700-baseline","react_baseline_mazeV2","590","590","2026-06-27T14:21:23.876+00:00","2222","react_baseline_mazeV2_20260627_155634.log","3532","1","0","0","0","0","0"
"react-baseline-vs-ccrs-v2","700-baseline","react_baseline_mazeV2","591","591","2026-06-27T14:21:26.063+00:00","2187","react_baseline_mazeV2_20260627_155634.log","3538","1","0","0","0","0","0"
"react-baseline-vs-ccrs-v2","700-baseline","react_baseline_mazeV2","592","592","2026-06-27T14:21:28.271+00:00","2208","react_baseline_mazeV2_20260627_155634.log","3544","1","0","0","0","0","0"
"react-baseline-vs-ccrs-v2","700-baseline","react_baseline_mazeV2","593","593","2026-06-27T14:21:31.216+00:00","2945","react_baseline_mazeV2_20260627_155634.log","3550","1","0","0","0","0","0"
"react-baseline-vs-ccrs-v2","700-baseline","react_baseline_mazeV2","594","594","2026-06-27T14:21:33.446+00:00","2230","react_baseline_mazeV2_20260627_155634.log","3556","1","0","0","0","0","0"
"react-baseline-vs-ccrs-v2","700-baseline","react_baseline_mazeV2","595","595","2026-06-27T14:21:35.940+00:00","2494","react_baseline_mazeV2_20260627_155634.log","3561","1","0","0","0","0","0"
"react-baseline-vs-ccrs-v2","700-baseline","react_baseline_mazeV2","596","596","2026-06-27T14:21:39.047+00:00","3107","react_baseline_mazeV2_20260627_155634.log","3567","1","0","0","0","0","0"
"react-baseline-vs-ccrs-v2","700-baseline","react_baseline_mazeV2","597","597","2026-06-27T14:21:41.428+00:00","2381","react_baseline_mazeV2_20260627_155634.log","3573","1","0","0","0","0","0"
"react-baseline-vs-ccrs-v2","700-baseline","react_baseline_mazeV2","598","598","2026-06-27T14:21:44.820+00:00","3392","react_baseline_mazeV2_20260627_155634.log","3579","1","0","0","0","0","0"
"react-baseline-vs-ccrs-v2","700-baseline","react_baseline_mazeV2","599","599","2026-06-27T14:21:46.947+00:00","2127","react_baseline_mazeV2_20260627_155634.log","3585","1","0","0","0","0","0"
"react-baseline-vs-ccrs-v2","700-baseline","react_baseline_mazeV2","600","600","2026-06-27T14:21:49.801+00:00","2854","react_baseline_mazeV2_20260627_155634.log","3591","1","0","0","0","0","0"
"react-baseline-vs-ccrs-v2","700-baseline","react_baseline_mazeV2","601","601","2026-06-27T14:21:51.832+00:00","2031","react_baseline_mazeV2_20260627_155634.log","3597","1","0","0","0","0","0"
"react-baseline-vs-ccrs-v2","700-baseline","react_baseline_mazeV2","602","602","2026-06-27T14:21:55.082+00:00","3250","react_baseline_mazeV2_20260627_155634.log","3603","1","0","0","0","0","0"
"react-baseline-vs-ccrs-v2","700-baseline","react_baseline_mazeV2","603","603","2026-06-27T14:21:59.305+00:00","4223","react_baseline_mazeV2_20260627_155634.log","3608","1","0","0","0","0","0"
"react-baseline-vs-ccrs-v2","700-baseline","react_baseline_mazeV2","604","604","2026-06-27T14:22:03.065+00:00","3760","react_baseline_mazeV2_20260627_155634.log","3614","1","0","0","0","0","0"
"react-baseline-vs-ccrs-v2","700-baseline","react_baseline_mazeV2","605","605","2026-06-27T14:22:05.242+00:00","2177","react_baseline_mazeV2_20260627_155634.log","3619","1","0","0","0","0","0"
"react-baseline-vs-ccrs-v2","700-baseline","react_baseline_mazeV2","606","606","2026-06-27T14:22:08.232+00:00","2990","react_baseline_mazeV2_20260627_155634.log","3625","1","0","0","0","0","0"
"react-baseline-vs-ccrs-v2","700-baseline","react_baseline_mazeV2","607","607","2026-06-27T14:22:10.606+00:00","2374","react_baseline_mazeV2_20260627_155634.log","3630","1","0","0","0","0","0"
"react-baseline-vs-ccrs-v2","700-baseline","react_baseline_mazeV2","608","608","2026-06-27T14:22:13.085+00:00","2479","react_baseline_mazeV2_20260627_155634.log","3636","1","0","0","0","0","0"
"react-baseline-vs-ccrs-v2","700-baseline","react_baseline_mazeV2","609","609","2026-06-27T14:22:16.263+00:00","3178","react_baseline_mazeV2_20260627_155634.log","3641","1","0","0","0","0","0"
"react-baseline-vs-ccrs-v2","700-baseline","react_baseline_mazeV2","610","610","2026-06-27T14:22:18.846+00:00","2583","react_baseline_mazeV2_20260627_155634.log","3646","1","0","0","0","0","0"
"react-baseline-vs-ccrs-v2","700-baseline","react_baseline_mazeV2","611","611","2026-06-27T14:22:20.966+00:00","2120","react_baseline_mazeV2_20260627_155634.log","3652","1","0","0","0","0","0"
"react-baseline-vs-ccrs-v2","700-baseline","react_baseline_mazeV2","612","612","2026-06-27T14:22:23.504+00:00","2538","react_baseline_mazeV2_20260627_155634.log","3658","1","0","0","0","0","0"
"react-baseline-vs-ccrs-v2","700-baseline","react_baseline_mazeV2","613","613","2026-06-27T14:22:26.927+00:00","3423","react_baseline_mazeV2_20260627_155634.log","3664","1","0","0","0","0","0"
"react-baseline-vs-ccrs-v2","700-baseline","react_baseline_mazeV2","614","614","2026-06-27T14:22:29.177+00:00","2250","react_baseline_mazeV2_20260627_155634.log","3670","1","0","0","0","0","0"
"react-baseline-vs-ccrs-v2","700-baseline","react_baseline_mazeV2","615","615","2026-06-27T14:22:32.119+00:00","2942","react_baseline_mazeV2_20260627_155634.log","3676","1","0","0","0","0","0"
"react-baseline-vs-ccrs-v2","700-baseline","react_baseline_mazeV2","616","616","2026-06-27T14:22:34.364+00:00","2245","react_baseline_mazeV2_20260627_155634.log","3682","1","0","0","0","0","0"
"react-baseline-vs-ccrs-v2","700-baseline","react_baseline_mazeV2","617","617","2026-06-27T14:22:36.818+00:00","2454","react_baseline_mazeV2_20260627_155634.log","3688","1","0","0","0","0","0"
"react-baseline-vs-ccrs-v2","700-baseline","react_baseline_mazeV2","618","618","2026-06-27T14:22:39.868+00:00","3050","react_baseline_mazeV2_20260627_155634.log","3694","1","0","0","0","0","0"
"react-baseline-vs-ccrs-v2","700-baseline","react_baseline_mazeV2","619","619","2026-06-27T14:22:44.141+00:00","4273","react_baseline_mazeV2_20260627_155634.log","3699","1","0","0","0","0","0"
"react-baseline-vs-ccrs-v2","700-baseline","react_baseline_mazeV2","620","620","2026-06-27T14:22:46.841+00:00","2700","react_baseline_mazeV2_20260627_155634.log","3705","1","0","0","0","0","0"
"react-baseline-vs-ccrs-v2","700-baseline","react_baseline_mazeV2","621","621","2026-06-27T14:22:49.077+00:00","2236","react_baseline_mazeV2_20260627_155634.log","3711","1","0","0","0","0","0"
"react-baseline-vs-ccrs-v2","700-baseline","react_baseline_mazeV2","622","622","2026-06-27T14:22:51.512+00:00","2435","react_baseline_mazeV2_20260627_155634.log","3717","1","0","0","0","0","0"
"react-baseline-vs-ccrs-v2","700-baseline","react_baseline_mazeV2","623","623","2026-06-27T14:22:54.870+00:00","3358","react_baseline_mazeV2_20260627_155634.log","3723","1","0","0","0","0","0"
"react-baseline-vs-ccrs-v2","700-baseline","react_baseline_mazeV2","624","624","2026-06-27T14:22:57.173+00:00","2303","react_baseline_mazeV2_20260627_155634.log","3729","1","0","0","0","0","0"
"react-baseline-vs-ccrs-v2","700-baseline","react_baseline_mazeV2","625","625","2026-06-27T14:23:00.109+00:00","2936","react_baseline_mazeV2_20260627_155634.log","3735","1","0","0","0","0","0"
"react-baseline-vs-ccrs-v2","700-baseline","react_baseline_mazeV2","626","626","2026-06-27T14:23:03.045+00:00","2936","react_baseline_mazeV2_20260627_155634.log","3741","1","0","0","0","0","0"
"react-baseline-vs-ccrs-v2","700-baseline","react_baseline_mazeV2","627","627","2026-06-27T14:23:05.462+00:00","2417","react_baseline_mazeV2_20260627_155634.log","3747","1","0","0","0","0","0"
"react-baseline-vs-ccrs-v2","700-baseline","react_baseline_mazeV2","628","628","2026-06-27T14:23:07.648+00:00","2186","react_baseline_mazeV2_20260627_155634.log","3753","1","0","0","0","0","0"
"react-baseline-vs-ccrs-v2","700-baseline","react_baseline_mazeV2","629","629","2026-06-27T14:23:10.820+00:00","3172","react_baseline_mazeV2_20260627_155634.log","3759","1","0","0","0","0","0"
"react-baseline-vs-ccrs-v2","700-baseline","react_baseline_mazeV2","630","630","2026-06-27T14:23:13.178+00:00","2358","react_baseline_mazeV2_20260627_155634.log","3765","1","0","0","0","0","0"
"react-baseline-vs-ccrs-v2","700-baseline","react_baseline_mazeV2","631","631","2026-06-27T14:23:16.277+00:00","3099","react_baseline_mazeV2_20260627_155634.log","3771","1","0","0","0","0","0"
"react-baseline-vs-ccrs-v2","700-baseline","react_baseline_mazeV2","632","632","2026-06-27T14:23:18.599+00:00","2322","react_baseline_mazeV2_20260627_155634.log","3777","1","0","0","0","0","0"
"react-baseline-vs-ccrs-v2","700-baseline","react_baseline_mazeV2","633","633","2026-06-27T14:23:21.901+00:00","3302","react_baseline_mazeV2_20260627_155634.log","3783","1","0","0","0","0","0"
"react-baseline-vs-ccrs-v2","700-baseline","react_baseline_mazeV2","634","634","2026-06-27T14:23:25.624+00:00","3723","react_baseline_mazeV2_20260627_155634.log","3789","1","0","0","0","0","0"
"react-baseline-vs-ccrs-v2","700-baseline","react_baseline_mazeV2","635","635","2026-06-27T14:23:29.029+00:00","3405","react_baseline_mazeV2_20260627_155634.log","3795","1","0","0","0","0","0"
"react-baseline-vs-ccrs-v2","700-baseline","react_baseline_mazeV2","636","636","2026-06-27T14:23:31.796+00:00","2767","react_baseline_mazeV2_20260627_155634.log","3801","1","0","0","0","0","0"
"react-baseline-vs-ccrs-v2","700-baseline","react_baseline_mazeV2","637","637","2026-06-27T14:23:35.004+00:00","3208","react_baseline_mazeV2_20260627_155634.log","3807","1","0","0","0","0","0"
"react-baseline-vs-ccrs-v2","700-baseline","react_baseline_mazeV2","638","638","2026-06-27T14:23:37.704+00:00","2700","react_baseline_mazeV2_20260627_155634.log","3813","1","0","0","0","0","0"
"react-baseline-vs-ccrs-v2","700-baseline","react_baseline_mazeV2","639","639","2026-06-27T14:23:42.619+00:00","4915","react_baseline_mazeV2_20260627_155634.log","3819","1","0","0","0","0","0"
"react-baseline-vs-ccrs-v2","700-baseline","react_baseline_mazeV2","640","640","2026-06-27T14:23:45.587+00:00","2968","react_baseline_mazeV2_20260627_155634.log","3825","1","0","0","0","0","0"
"react-baseline-vs-ccrs-v2","700-baseline","react_baseline_mazeV2","641","641","2026-06-27T14:23:49.278+00:00","3691","react_baseline_mazeV2_20260627_155634.log","3831","1","0","0","0","0","0"
"react-baseline-vs-ccrs-v2","700-baseline","react_baseline_mazeV2","642","642","2026-06-27T14:23:51.803+00:00","2525","react_baseline_mazeV2_20260627_155634.log","3837","1","0","0","0","0","0"
"react-baseline-vs-ccrs-v2","700-baseline","react_baseline_mazeV2","643","643","2026-06-27T14:23:54.930+00:00","3127","react_baseline_mazeV2_20260627_155634.log","3843","1","0","0","0","0","0"
"react-baseline-vs-ccrs-v2","700-baseline","react_baseline_mazeV2","644","644","2026-06-27T14:23:57.386+00:00","2456","react_baseline_mazeV2_20260627_155634.log","3849","1","0","0","0","0","0"
"react-baseline-vs-ccrs-v2","700-baseline","react_baseline_mazeV2","645","645","2026-06-27T14:24:00.548+00:00","3162","react_baseline_mazeV2_20260627_155634.log","3855","1","0","0","0","0","0"
"react-baseline-vs-ccrs-v2","700-baseline","react_baseline_mazeV2","646","646","2026-06-27T14:24:02.580+00:00","2032","react_baseline_mazeV2_20260627_155634.log","3861","1","0","0","0","0","0"
"react-baseline-vs-ccrs-v2","700-baseline","react_baseline_mazeV2","647","647","2026-06-27T14:24:04.810+00:00","2230","react_baseline_mazeV2_20260627_155634.log","3867","1","0","0","0","0","0"
"react-baseline-vs-ccrs-v2","700-baseline","react_baseline_mazeV2","648","648","2026-06-27T14:24:08.021+00:00","3211","react_baseline_mazeV2_20260627_155634.log","3873","1","0","0","0","0","0"
"react-baseline-vs-ccrs-v2","700-baseline","react_baseline_mazeV2","649","649","2026-06-27T14:24:10.250+00:00","2229","react_baseline_mazeV2_20260627_155634.log","3879","1","0","0","0","0","0"
"react-baseline-vs-ccrs-v2","700-baseline","react_baseline_mazeV2","650","650","2026-06-27T14:24:12.412+00:00","2162","react_baseline_mazeV2_20260627_155634.log","3885","1","0","0","0","0","0"
"react-baseline-vs-ccrs-v2","700-baseline","react_baseline_mazeV2","651","651","2026-06-27T14:24:15.372+00:00","2960","react_baseline_mazeV2_20260627_155634.log","3891","1","0","0","0","0","0"
"react-baseline-vs-ccrs-v2","700-baseline","react_baseline_mazeV2","652","652","2026-06-27T14:24:17.658+00:00","2286","react_baseline_mazeV2_20260627_155634.log","3897","1","0","0","0","0","0"
"react-baseline-vs-ccrs-v2","700-baseline","react_baseline_mazeV2","653","653","2026-06-27T14:24:19.990+00:00","2332","react_baseline_mazeV2_20260627_155634.log","3903","1","0","0","0","0","0"
"react-baseline-vs-ccrs-v2","700-baseline","react_baseline_mazeV2","654","654","2026-06-27T14:24:23.307+00:00","3317","react_baseline_mazeV2_20260627_155634.log","3909","1","0","0","0","0","0"
"react-baseline-vs-ccrs-v2","700-baseline","react_baseline_mazeV2","655","655","2026-06-27T14:24:25.614+00:00","2307","react_baseline_mazeV2_20260627_155634.log","3915","1","0","0","0","0","0"
"react-baseline-vs-ccrs-v2","700-baseline","react_baseline_mazeV2","656","656","2026-06-27T14:24:27.963+00:00","2349","react_baseline_mazeV2_20260627_155634.log","3921","1","0","0","0","0","0"
"react-baseline-vs-ccrs-v2","700-baseline","react_baseline_mazeV2","657","657","2026-06-27T14:24:30.911+00:00","2948","react_baseline_mazeV2_20260627_155634.log","3927","1","0","0","0","0","0"
"react-baseline-vs-ccrs-v2","700-baseline","react_baseline_mazeV2","658","658","2026-06-27T14:24:33.191+00:00","2280","react_baseline_mazeV2_20260627_155634.log","3933","1","0","0","0","0","0"
"react-baseline-vs-ccrs-v2","700-baseline","react_baseline_mazeV2","659","659","2026-06-27T14:24:36.413+00:00","3222","react_baseline_mazeV2_20260627_155634.log","3939","1","0","0","0","0","0"
"react-baseline-vs-ccrs-v2","700-baseline","react_baseline_mazeV2","660","660","2026-06-27T14:24:38.550+00:00","2137","react_baseline_mazeV2_20260627_155634.log","3945","1","0","0","0","0","0"
"react-baseline-vs-ccrs-v2","700-baseline","react_baseline_mazeV2","661","661","2026-06-27T14:24:40.703+00:00","2153","react_baseline_mazeV2_20260627_155634.log","3951","1","0","0","0","0","0"
"react-baseline-vs-ccrs-v2","700-baseline","react_baseline_mazeV2","662","662","2026-06-27T14:24:43.553+00:00","2850","react_baseline_mazeV2_20260627_155634.log","3957","1","0","0","0","0","0"
"react-baseline-vs-ccrs-v2","700-baseline","react_baseline_mazeV2","663","663","2026-06-27T14:24:45.943+00:00","2390","react_baseline_mazeV2_20260627_155634.log","3963","1","0","0","0","0","0"
"react-baseline-vs-ccrs-v2","700-baseline","react_baseline_mazeV2","664","664","2026-06-27T14:24:48.978+00:00","3035","react_baseline_mazeV2_20260627_155634.log","3969","1","0","0","0","0","0"
"react-baseline-vs-ccrs-v2","700-baseline","react_baseline_mazeV2","665","665","2026-06-27T14:24:51.267+00:00","2289","react_baseline_mazeV2_20260627_155634.log","3975","1","0","0","0","0","0"
"react-baseline-vs-ccrs-v2","700-baseline","react_baseline_mazeV2","666","666","2026-06-27T14:24:54.106+00:00","2839","react_baseline_mazeV2_20260627_155634.log","3981","1","0","0","0","0","0"
"react-baseline-vs-ccrs-v2","700-baseline","react_baseline_mazeV2","667","667","2026-06-27T14:24:57.620+00:00","3514","react_baseline_mazeV2_20260627_155634.log","3986","1","0","0","0","0","0"
"react-baseline-vs-ccrs-v2","700-baseline","react_baseline_mazeV2","668","668","2026-06-27T14:25:00.085+00:00","2465","react_baseline_mazeV2_20260627_155634.log","3991","1","0","0","0","0","0"
"react-baseline-vs-ccrs-v2","700-baseline","react_baseline_mazeV2","669","669","2026-06-27T14:25:02.892+00:00","2807","react_baseline_mazeV2_20260627_155634.log","3997","1","0","0","0","0","0"
"react-baseline-vs-ccrs-v2","700-baseline","react_baseline_mazeV2","670","670","2026-06-27T14:25:05.548+00:00","2656","react_baseline_mazeV2_20260627_155634.log","4002","1","0","0","0","0","0"
"react-baseline-vs-ccrs-v2","700-baseline","react_baseline_mazeV2","671","671","2026-06-27T14:25:08.595+00:00","3047","react_baseline_mazeV2_20260627_155634.log","4008","1","0","0","0","0","0"
"react-baseline-vs-ccrs-v2","700-baseline","react_baseline_mazeV2","672","672","2026-06-27T14:25:11.867+00:00","3272","react_baseline_mazeV2_20260627_155634.log","4013","1","0","0","0","0","0"
"react-baseline-vs-ccrs-v2","700-baseline","react_baseline_mazeV2","673","673","2026-06-27T14:25:14.109+00:00","2242","react_baseline_mazeV2_20260627_155634.log","4019","1","0","0","0","0","0"
"react-baseline-vs-ccrs-v2","700-baseline","react_baseline_mazeV2","674","674","2026-06-27T14:25:16.428+00:00","2319","react_baseline_mazeV2_20260627_155634.log","4025","1","0","0","0","0","0"
"react-baseline-vs-ccrs-v2","700-baseline","react_baseline_mazeV2","675","675","2026-06-27T14:25:18.667+00:00","2239","react_baseline_mazeV2_20260627_155634.log","4030","1","0","0","0","0","0"
"react-baseline-vs-ccrs-v2","700-baseline","react_baseline_mazeV2","676","676","2026-06-27T14:25:21.159+00:00","2492","react_baseline_mazeV2_20260627_155634.log","4036","1","0","0","0","0","0"
"react-baseline-vs-ccrs-v2","700-baseline","react_baseline_mazeV2","677","677","2026-06-27T14:25:23.615+00:00","2456","react_baseline_mazeV2_20260627_155634.log","4042","1","0","0","0","0","0"
"react-baseline-vs-ccrs-v2","700-baseline","react_baseline_mazeV2","678","678","2026-06-27T14:25:25.857+00:00","2242","react_baseline_mazeV2_20260627_155634.log","4048","1","0","0","0","0","0"
"react-baseline-vs-ccrs-v2","700-baseline","react_baseline_mazeV2","679","679","2026-06-27T14:25:28.127+00:00","2270","react_baseline_mazeV2_20260627_155634.log","4054","1","0","0","0","0","0"
"react-baseline-vs-ccrs-v2","700-baseline","react_baseline_mazeV2","680","680","2026-06-27T14:25:30.467+00:00","2340","react_baseline_mazeV2_20260627_155634.log","4060","1","0","0","0","0","0"
"react-baseline-vs-ccrs-v2","700-baseline","react_baseline_mazeV2","681","681","2026-06-27T14:25:32.911+00:00","2444","react_baseline_mazeV2_20260627_155634.log","4066","1","0","0","0","0","0"
"react-baseline-vs-ccrs-v2","700-baseline","react_baseline_mazeV2","682","682","2026-06-27T14:25:35.482+00:00","2571","react_baseline_mazeV2_20260627_155634.log","4072","1","0","0","0","0","0"
"react-baseline-vs-ccrs-v2","700-baseline","react_baseline_mazeV2","683","683","2026-06-27T14:25:37.797+00:00","2315","react_baseline_mazeV2_20260627_155634.log","4078","1","0","0","0","0","0"
"react-baseline-vs-ccrs-v2","700-baseline","react_baseline_mazeV2","684","684","2026-06-27T14:25:40.303+00:00","2506","react_baseline_mazeV2_20260627_155634.log","4084","1","0","0","0","0","0"
"react-baseline-vs-ccrs-v2","700-baseline","react_baseline_mazeV2","685","685","2026-06-27T14:25:42.610+00:00","2307","react_baseline_mazeV2_20260627_155634.log","4090","1","0","0","0","0","0"
"react-baseline-vs-ccrs-v2","700-baseline","react_baseline_mazeV2","686","686","2026-06-27T14:25:44.894+00:00","2284","react_baseline_mazeV2_20260627_155634.log","4095","1","0","0","0","0","0"
"react-baseline-vs-ccrs-v2","700-baseline","react_baseline_mazeV2","687","687","2026-06-27T14:25:48.406+00:00","3512","react_baseline_mazeV2_20260627_155634.log","4101","1","0","0","0","0","0"
"react-baseline-vs-ccrs-v2","700-baseline","react_baseline_mazeV2","688","688","2026-06-27T14:25:50.851+00:00","2445","react_baseline_mazeV2_20260627_155634.log","4107","1","0","0","0","0","0"
"react-baseline-vs-ccrs-v2","700-baseline","react_baseline_mazeV2","689","689","2026-06-27T14:25:54.003+00:00","3152","react_baseline_mazeV2_20260627_155634.log","4113","1","0","0","0","0","0"
"react-baseline-vs-ccrs-v2","700-baseline","react_baseline_mazeV2","690","690","2026-06-27T14:25:56.753+00:00","2750","react_baseline_mazeV2_20260627_155634.log","4119","1","0","0","0","0","0"
"react-baseline-vs-ccrs-v2","700-baseline","react_baseline_mazeV2","691","691","2026-06-27T14:25:59.948+00:00","3195","react_baseline_mazeV2_20260627_155634.log","4125","1","0","0","0","0","0"
"react-baseline-vs-ccrs-v2","700-baseline","react_baseline_mazeV2","692","692","2026-06-27T14:26:02.350+00:00","2402","react_baseline_mazeV2_20260627_155634.log","4131","1","0","0","0","0","0"
"react-baseline-vs-ccrs-v2","700-baseline","react_baseline_mazeV2","693","693","2026-06-27T14:26:04.612+00:00","2262","react_baseline_mazeV2_20260627_155634.log","4137","1","0","0","0","0","0"
"react-baseline-vs-ccrs-v2","700-baseline","react_baseline_mazeV2","694","694","2026-06-27T14:26:07.741+00:00","3129","react_baseline_mazeV2_20260627_155634.log","4143","1","0","0","0","0","0"
"react-baseline-vs-ccrs-v2","700-baseline","react_baseline_mazeV2","695","695","2026-06-27T14:26:10.125+00:00","2384","react_baseline_mazeV2_20260627_155634.log","4149","1","0","0","0","0","0"
"react-baseline-vs-ccrs-v2","700-baseline","react_baseline_mazeV2","696","696","2026-06-27T14:26:12.656+00:00","2531","react_baseline_mazeV2_20260627_155634.log","4155","1","0","0","0","0","0"
"react-baseline-vs-ccrs-v2","700-baseline","react_baseline_mazeV2","697","697","2026-06-27T14:26:15.009+00:00","2353","react_baseline_mazeV2_20260627_155634.log","4161","1","0","0","0","0","0"
"react-baseline-vs-ccrs-v2","700-baseline","react_baseline_mazeV2","698","698","2026-06-27T14:26:17.505+00:00","2496","react_baseline_mazeV2_20260627_155634.log","4167","1","0","0","0","0","0"
"react-baseline-vs-ccrs-v2","700-baseline","react_baseline_mazeV2","699","699","2026-06-27T14:26:20.581+00:00","3076","react_baseline_mazeV2_20260627_155634.log","4173","1","0","0","0","0","0"
"react-baseline-vs-ccrs-v2","700-baseline","react_baseline_mazeV2","700","700","2026-06-27T14:26:22.892+00:00","2311","react_baseline_mazeV2_20260627_155634.log","4179","1","0","0","0","0","0"
"react-baseline-vs-ccrs-v2","700-baseline","react_baseline_mazeV2","701","701","2026-06-27T14:26:25.565+00:00","2673","react_baseline_mazeV2_20260627_155634.log","4185","1","0","0","0","0","0"
"react-baseline-vs-ccrs-v2","700-baseline","react_baseline_mazeV2","702","702","2026-06-27T14:26:28.747+00:00","3182","react_baseline_mazeV2_20260627_155634.log","4191","1","0","0","0","0","0"
"react-baseline-vs-ccrs-v2","700-baseline","react_baseline_mazeV2","703","703","2026-06-27T14:26:31.209+00:00","2462","react_baseline_mazeV2_20260627_155634.log","4197","1","0","0","0","0","0"
"react-baseline-vs-ccrs-v2","700-baseline","react_baseline_mazeV2","704","704","2026-06-27T14:26:34.444+00:00","3235","react_baseline_mazeV2_20260627_155634.log","4203","1","0","0","0","0","0"
"react-baseline-vs-ccrs-v2","700-baseline","react_baseline_mazeV2","705","705","2026-06-27T14:26:36.897+00:00","2453","react_baseline_mazeV2_20260627_155634.log","4209","1","0","0","0","0","0"
"react-baseline-vs-ccrs-v2","700-baseline","react_baseline_mazeV2","706","706","2026-06-27T14:26:39.957+00:00","3060","react_baseline_mazeV2_20260627_155634.log","4215","1","0","0","0","0","0"
"react-baseline-vs-ccrs-v2","700-baseline","react_baseline_mazeV2","707","707","2026-06-27T14:26:42.306+00:00","2349","react_baseline_mazeV2_20260627_155634.log","4221","1","0","0","0","0","0"
"react-baseline-vs-ccrs-v2","700-baseline","react_baseline_mazeV2","708","708","2026-06-27T14:26:45.453+00:00","3147","react_baseline_mazeV2_20260627_155634.log","4227","1","0","0","0","0","0"
"react-baseline-vs-ccrs-v2","700-baseline","react_baseline_mazeV2","709","709","2026-06-27T14:26:47.578+00:00","2125","react_baseline_mazeV2_20260627_155634.log","4233","1","0","0","0","0","0"
"react-baseline-vs-ccrs-v2","700-baseline","react_baseline_mazeV2","710","710","2026-06-27T14:26:50.109+00:00","2531","react_baseline_mazeV2_20260627_155634.log","4239","1","0","0","0","0","0"
"react-baseline-vs-ccrs-v2","700-baseline","react_baseline_mazeV2","711","711","2026-06-27T14:26:53.211+00:00","3102","react_baseline_mazeV2_20260627_155634.log","4245","1","0","0","0","0","0"
"react-baseline-vs-ccrs-v2","700-baseline","react_baseline_mazeV2","712","712","2026-06-27T14:26:55.846+00:00","2635","react_baseline_mazeV2_20260627_155634.log","4251","1","0","0","0","0","0"
"react-baseline-vs-ccrs-v2","700-baseline","react_baseline_mazeV2","713","713","2026-06-27T14:26:58.837+00:00","2991","react_baseline_mazeV2_20260627_155634.log","4257","1","0","0","0","0","0"
"react-baseline-vs-ccrs-v2","700-baseline","react_baseline_mazeV2","714","714","2026-06-27T14:27:01.528+00:00","2691","react_baseline_mazeV2_20260627_155634.log","4263","1","0","0","0","0","0"
"react-baseline-vs-ccrs-v2","700-baseline","react_baseline_mazeV2","715","715","2026-06-27T14:27:04.755+00:00","3227","react_baseline_mazeV2_20260627_155634.log","4269","1","0","0","0","0","0"
"react-baseline-vs-ccrs-v2","700-baseline","react_baseline_mazeV2","716","716","2026-06-27T14:27:07.462+00:00","2707","react_baseline_mazeV2_20260627_155634.log","4275","1","0","0","0","0","0"
"react-baseline-vs-ccrs-v2","700-baseline","react_baseline_mazeV2","717","717","2026-06-27T14:27:09.964+00:00","2502","react_baseline_mazeV2_20260627_155634.log","4281","1","0","0","0","0","0"
"react-baseline-vs-ccrs-v2","700-baseline","react_baseline_mazeV2","718","718","2026-06-27T14:27:13.304+00:00","3340","react_baseline_mazeV2_20260627_155634.log","4287","1","0","0","0","0","0"
"react-baseline-vs-ccrs-v2","700-baseline","react_baseline_mazeV2","719","719","2026-06-27T14:27:15.844+00:00","2540","react_baseline_mazeV2_20260627_155634.log","4293","1","0","0","0","0","0"
"react-baseline-vs-ccrs-v2","700-baseline","react_baseline_mazeV2","720","720","2026-06-27T14:27:19.399+00:00","3555","react_baseline_mazeV2_20260627_155634.log","4299","1","0","0","0","0","0"
"react-baseline-vs-ccrs-v2","700-baseline","react_baseline_mazeV2","721","721","2026-06-27T14:27:22.297+00:00","2898","react_baseline_mazeV2_20260627_155634.log","4305","1","0","0","0","0","0"
"react-baseline-vs-ccrs-v2","700-baseline","react_baseline_mazeV2","722","722","2026-06-27T14:27:27.427+00:00","5130","react_baseline_mazeV2_20260627_155634.log","4311","1","0","0","0","0","0"
"react-baseline-vs-ccrs-v2","700-baseline","react_baseline_mazeV2","723","723","2026-06-27T14:27:29.578+00:00","2151","react_baseline_mazeV2_20260627_155634.log","4317","1","0","0","0","0","0"
"react-baseline-vs-ccrs-v2","700-baseline","react_baseline_mazeV2","724","724","2026-06-27T14:27:31.670+00:00","2092","react_baseline_mazeV2_20260627_155634.log","4323","1","0","0","0","0","0"
"react-baseline-vs-ccrs-v2","700-baseline","react_baseline_mazeV2","725","725","2026-06-27T14:27:36.203+00:00","4533","react_baseline_mazeV2_20260627_155634.log","4329","1","0","0","0","0","0"
"react-baseline-vs-ccrs-v2","700-baseline","react_baseline_mazeV2","726","726","2026-06-27T14:27:38.585+00:00","2382","react_baseline_mazeV2_20260627_155634.log","4335","1","0","0","0","0","0"
"react-baseline-vs-ccrs-v2","700-baseline","react_baseline_mazeV2","727","727","2026-06-27T14:27:41.153+00:00","2568","react_baseline_mazeV2_20260627_155634.log","4341","1","0","0","0","0","0"
"react-baseline-vs-ccrs-v2","700-baseline","react_baseline_mazeV2","728","728","2026-06-27T14:27:43.328+00:00","2175","react_baseline_mazeV2_20260627_155634.log","4347","1","0","0","0","0","0"
"react-baseline-vs-ccrs-v2","700-baseline","react_baseline_mazeV2","729","729","2026-06-27T14:27:46.243+00:00","2915","react_baseline_mazeV2_20260627_155634.log","4353","1","0","0","0","0","0"
"react-baseline-vs-ccrs-v2","700-baseline","react_baseline_mazeV2","730","730","2026-06-27T14:27:48.509+00:00","2266","react_baseline_mazeV2_20260627_155634.log","4359","1","0","0","0","0","0"
"react-baseline-vs-ccrs-v2","700-baseline","react_baseline_mazeV2","731","731","2026-06-27T14:27:50.699+00:00","2190","react_baseline_mazeV2_20260627_155634.log","4365","1","0","0","0","0","0"
"react-baseline-vs-ccrs-v2","700-baseline","react_baseline_mazeV2","732","732","2026-06-27T14:27:53.067+00:00","2368","react_baseline_mazeV2_20260627_155634.log","4371","1","0","0","0","0","0"
"react-baseline-vs-ccrs-v2","700-baseline","react_baseline_mazeV2","733","733","2026-06-27T14:27:55.626+00:00","2559","react_baseline_mazeV2_20260627_155634.log","4377","1","0","0","0","0","0"
"react-baseline-vs-ccrs-v2","700-baseline","react_baseline_mazeV2","734","734","2026-06-27T14:27:58.019+00:00","2393","react_baseline_mazeV2_20260627_155634.log","4383","1","0","0","0","0","0"
"react-baseline-vs-ccrs-v2","700-baseline","react_baseline_mazeV2","735","735","2026-06-27T14:28:00.833+00:00","2814","react_baseline_mazeV2_20260627_155634.log","4389","1","0","0","0","0","0"
"react-baseline-vs-ccrs-v2","700-baseline","react_baseline_mazeV2","736","736","2026-06-27T14:28:03.334+00:00","2501","react_baseline_mazeV2_20260627_155634.log","4395","1","0","0","0","0","0"
"react-baseline-vs-ccrs-v2","700-baseline","react_baseline_mazeV2","737","737","2026-06-27T14:28:05.884+00:00","2550","react_baseline_mazeV2_20260627_155634.log","4401","1","0","0","0","0","0"
"react-baseline-vs-ccrs-v2","700-baseline","react_baseline_mazeV2","738","738","2026-06-27T14:28:08.207+00:00","2323","react_baseline_mazeV2_20260627_155634.log","4407","1","0","0","0","0","0"
"react-baseline-vs-ccrs-v2","700-baseline","react_baseline_mazeV2","739","739","2026-06-27T14:28:10.352+00:00","2145","react_baseline_mazeV2_20260627_155634.log","4413","1","0","0","0","0","0"
"react-baseline-vs-ccrs-v2","700-baseline","react_baseline_mazeV2","740","740","2026-06-27T14:28:12.935+00:00","2583","react_baseline_mazeV2_20260627_155634.log","4419","1","0","0","0","0","0"
"react-baseline-vs-ccrs-v2","700-baseline","react_baseline_mazeV2","741","741","2026-06-27T14:28:17.072+00:00","4137","react_baseline_mazeV2_20260627_155634.log","4425","1","0","0","0","0","0"
"react-baseline-vs-ccrs-v2","700-baseline","react_baseline_mazeV2","742","742","2026-06-27T14:28:19.234+00:00","2162","react_baseline_mazeV2_20260627_155634.log","4431","1","0","0","0","0","0"
"react-baseline-vs-ccrs-v2","700-baseline","react_baseline_mazeV2","743","743","2026-06-27T14:28:22.673+00:00","3439","react_baseline_mazeV2_20260627_155634.log","4437","1","0","0","0","0","0"
"react-baseline-vs-ccrs-v2","700-baseline","react_baseline_mazeV2","744","744","2026-06-27T14:28:25.140+00:00","2467","react_baseline_mazeV2_20260627_155634.log","4442","1","0","0","0","0","0"
"react-baseline-vs-ccrs-v2","700-baseline","react_baseline_mazeV2","745","745","2026-06-27T14:28:28.277+00:00","3137","react_baseline_mazeV2_20260627_155634.log","4448","1","0","0","0","0","0"
"react-baseline-vs-ccrs-v2","700-baseline","react_baseline_mazeV2","746","746","2026-06-27T14:28:30.675+00:00","2398","react_baseline_mazeV2_20260627_155634.log","4454","1","0","0","0","0","0"
"react-baseline-vs-ccrs-v2","700-baseline","react_baseline_mazeV2","747","747","2026-06-27T14:28:32.991+00:00","2316","react_baseline_mazeV2_20260627_155634.log","4460","1","0","0","0","0","0"
"react-baseline-vs-ccrs-v2","700-baseline","react_baseline_mazeV2","748","748","2026-06-27T14:28:36.323+00:00","3332","react_baseline_mazeV2_20260627_155634.log","4466","1","0","0","0","0","0"
"react-baseline-vs-ccrs-v2","700-baseline","react_baseline_mazeV2","749","749","2026-06-27T14:28:39.501+00:00","3178","react_baseline_mazeV2_20260627_155634.log","4471","1","0","0","0","0","0"
"react-baseline-vs-ccrs-v2","700-baseline","react_baseline_mazeV2","750","750","2026-06-27T14:28:41.882+00:00","2381","react_baseline_mazeV2_20260627_155634.log","4477","1","0","0","0","0","0"
"react-baseline-vs-ccrs-v2","700-baseline","react_baseline_mazeV2","751","751","2026-06-27T14:28:45.140+00:00","3258","react_baseline_mazeV2_20260627_155634.log","4483","1","0","0","0","0","0"
"react-baseline-vs-ccrs-v2","700-baseline","react_baseline_mazeV2","752","752","2026-06-27T14:28:47.355+00:00","2215","react_baseline_mazeV2_20260627_155634.log","4489","1","0","0","0","0","0"
"react-baseline-vs-ccrs-v2","700-baseline","react_baseline_mazeV2","753","753","2026-06-27T14:28:50.080+00:00","2725","react_baseline_mazeV2_20260627_155634.log","4495","1","0","0","0","0","0"
"react-baseline-vs-ccrs-v2","700-baseline","react_baseline_mazeV2","754","754","2026-06-27T14:28:53.281+00:00","3201","react_baseline_mazeV2_20260627_155634.log","4501","1","0","0","0","0","0"
"react-baseline-vs-ccrs-v2","700-baseline","react_baseline_mazeV2","755","755","2026-06-27T14:28:55.281+00:00","2000","react_baseline_mazeV2_20260627_155634.log","4507","1","0","0","0","0","0"
"react-baseline-vs-ccrs-v2","700-baseline","react_baseline_mazeV2","756","756","2026-06-27T14:28:57.535+00:00","2254","react_baseline_mazeV2_20260627_155634.log","4513","1","0","0","0","0","0"
"react-baseline-vs-ccrs-v2","700-baseline","react_baseline_mazeV2","757","757","2026-06-27T14:29:00.667+00:00","3132","react_baseline_mazeV2_20260627_155634.log","4519","1","0","0","0","0","0"
"react-baseline-vs-ccrs-v2","700-baseline","react_baseline_mazeV2","758","758","2026-06-27T14:29:02.882+00:00","2215","react_baseline_mazeV2_20260627_155634.log","4525","1","0","0","0","0","0"
"react-baseline-vs-ccrs-v2","700-baseline","react_baseline_mazeV2","759","759","2026-06-27T14:29:05.602+00:00","2720","react_baseline_mazeV2_20260627_155634.log","4531","1","0","0","0","0","0"
"react-baseline-vs-ccrs-v2","700-baseline","react_baseline_mazeV2","760","760","2026-06-27T14:29:07.978+00:00","2376","react_baseline_mazeV2_20260627_155634.log","4537","1","0","0","0","0","0"
"react-baseline-vs-ccrs-v2","700-baseline","react_baseline_mazeV2","761","761","2026-06-27T14:29:10.251+00:00","2273","react_baseline_mazeV2_20260627_155634.log","4543","1","0","0","0","0","0"
"react-baseline-vs-ccrs-v2","700-baseline","react_baseline_mazeV2","762","762","2026-06-27T14:29:12.584+00:00","2333","react_baseline_mazeV2_20260627_155634.log","4549","1","0","0","0","0","0"
"react-baseline-vs-ccrs-v2","700-baseline","react_baseline_mazeV2","763","763","2026-06-27T14:29:14.979+00:00","2395","react_baseline_mazeV2_20260627_155634.log","4555","1","0","0","0","0","0"
"react-baseline-vs-ccrs-v2","700-baseline","react_baseline_mazeV2","764","764","2026-06-27T14:29:17.661+00:00","2682","react_baseline_mazeV2_20260627_155634.log","4561","1","0","0","0","0","0"
"react-baseline-vs-ccrs-v2","700-baseline","react_baseline_mazeV2","765","765","2026-06-27T14:29:20.159+00:00","2498","react_baseline_mazeV2_20260627_155634.log","4567","1","0","0","0","0","0"
"react-baseline-vs-ccrs-v2","700-baseline","react_baseline_mazeV2","766","766","2026-06-27T14:29:22.413+00:00","2254","react_baseline_mazeV2_20260627_155634.log","4572","1","0","0","0","0","0"
"react-baseline-vs-ccrs-v2","700-baseline","react_baseline_mazeV2","767","767","2026-06-27T14:29:24.886+00:00","2473","react_baseline_mazeV2_20260627_155634.log","4578","1","0","0","0","0","0"
"react-baseline-vs-ccrs-v2","700-baseline","react_baseline_mazeV2","768","768","2026-06-27T14:29:28.094+00:00","3208","react_baseline_mazeV2_20260627_155634.log","4584","1","0","0","0","0","0"
"react-baseline-vs-ccrs-v2","700-baseline","react_baseline_mazeV2","769","769","2026-06-27T14:29:30.404+00:00","2310","react_baseline_mazeV2_20260627_155634.log","4590","1","0","0","0","0","0"
"react-baseline-vs-ccrs-v2","700-baseline","react_baseline_mazeV2","770","770","2026-06-27T14:29:32.736+00:00","2332","react_baseline_mazeV2_20260627_155634.log","4596","1","0","0","0","0","0"
"react-baseline-vs-ccrs-v2","700-baseline","react_baseline_mazeV2","771","771","2026-06-27T14:29:35.903+00:00","3167","react_baseline_mazeV2_20260627_155634.log","4602","1","0","0","0","0","0"
"react-baseline-vs-ccrs-v2","700-baseline","react_baseline_mazeV2","772","772","2026-06-27T14:29:38.348+00:00","2445","react_baseline_mazeV2_20260627_155634.log","4608","1","0","0","0","0","0"
"react-baseline-vs-ccrs-v2","700-baseline","react_baseline_mazeV2","773","773","2026-06-27T14:29:40.659+00:00","2311","react_baseline_mazeV2_20260627_155634.log","4614","1","0","0","0","0","0"
"react-baseline-vs-ccrs-v2","700-baseline","react_baseline_mazeV2","774","774","2026-06-27T14:29:44.103+00:00","3444","react_baseline_mazeV2_20260627_155634.log","4620","1","0","0","0","0","0"
"react-baseline-vs-ccrs-v2","700-baseline","react_baseline_mazeV2","775","775","2026-06-27T14:29:50.121+00:00","6018","react_baseline_mazeV2_20260627_155634.log","4626","1","0","0","0","0","0"
"react-baseline-vs-ccrs-v2","700-baseline","react_baseline_mazeV2","776","776","2026-06-27T14:29:52.601+00:00","2480","react_baseline_mazeV2_20260627_155634.log","4632","1","0","0","0","0","0"
"react-baseline-vs-ccrs-v2","700-baseline","react_baseline_mazeV2","777","777","2026-06-27T14:29:54.843+00:00","2242","react_baseline_mazeV2_20260627_155634.log","4638","1","0","0","0","0","0"
"react-baseline-vs-ccrs-v2","700-baseline","react_baseline_mazeV2","778","778","2026-06-27T14:29:57.053+00:00","2210","react_baseline_mazeV2_20260627_155634.log","4644","1","0","0","0","0","0"
"react-baseline-vs-ccrs-v2","700-baseline","react_baseline_mazeV2","779","779","2026-06-27T14:29:59.523+00:00","2470","react_baseline_mazeV2_20260627_155634.log","4650","1","0","0","0","0","0"
"react-baseline-vs-ccrs-v2","700-baseline","react_baseline_mazeV2","780","780","2026-06-27T14:30:02.826+00:00","3303","react_baseline_mazeV2_20260627_155634.log","4656","1","0","0","0","0","0"
"react-baseline-vs-ccrs-v2","700-baseline","react_baseline_mazeV2","781","781","2026-06-27T14:30:05.218+00:00","2392","react_baseline_mazeV2_20260627_155634.log","4662","1","0","0","0","0","0"
"react-baseline-vs-ccrs-v2","700-baseline","react_baseline_mazeV2","782","782","2026-06-27T14:30:08.276+00:00","3058","react_baseline_mazeV2_20260627_155634.log","4668","1","0","0","0","0","0"
"react-baseline-vs-ccrs-v2","700-baseline","react_baseline_mazeV2","783","783","2026-06-27T14:30:10.535+00:00","2259","react_baseline_mazeV2_20260627_155634.log","4674","1","0","0","0","0","0"
"react-baseline-vs-ccrs-v2","700-baseline","react_baseline_mazeV2","784","784","2026-06-27T14:30:13.227+00:00","2692","react_baseline_mazeV2_20260627_155634.log","4680","1","0","0","0","0","0"
"react-baseline-vs-ccrs-v2","700-baseline","react_baseline_mazeV2","785","785","2026-06-27T14:30:17.549+00:00","4322","react_baseline_mazeV2_20260627_155634.log","4686","1","0","0","0","0","0"
"react-baseline-vs-ccrs-v2","700-baseline","react_baseline_mazeV2","786","786","2026-06-27T14:30:20.189+00:00","2640","react_baseline_mazeV2_20260627_155634.log","4692","1","0","0","0","0","0"
"react-baseline-vs-ccrs-v2","700-baseline","react_baseline_mazeV2","787","787","2026-06-27T14:30:23.905+00:00","3716","react_baseline_mazeV2_20260627_155634.log","4698","1","0","0","0","0","0"
"react-baseline-vs-ccrs-v2","700-baseline","react_baseline_mazeV2","788","788","2026-06-27T14:30:28.618+00:00","4713","react_baseline_mazeV2_20260627_155634.log","4704","1","0","0","0","0","0"
"react-baseline-vs-ccrs-v2","700-baseline","react_baseline_mazeV2","789","789","2026-06-27T14:30:31.745+00:00","3127","react_baseline_mazeV2_20260627_155634.log","4710","1","0","0","0","0","0"
"react-baseline-vs-ccrs-v2","700-baseline","react_baseline_mazeV2","790","790","2026-06-27T14:30:34.147+00:00","2402","react_baseline_mazeV2_20260627_155634.log","4716","1","0","0","0","0","0"
"react-baseline-vs-ccrs-v2","700-baseline","react_baseline_mazeV2","791","791","2026-06-27T14:30:37.838+00:00","3691","react_baseline_mazeV2_20260627_155634.log","4722","1","0","0","0","0","0"
"react-baseline-vs-ccrs-v2","700-baseline","react_baseline_mazeV2","792","792","2026-06-27T14:30:40.385+00:00","2547","react_baseline_mazeV2_20260627_155634.log","4728","1","0","0","0","0","0"
"react-baseline-vs-ccrs-v2","700-baseline","react_baseline_mazeV2","793","793","2026-06-27T14:30:42.705+00:00","2320","react_baseline_mazeV2_20260627_155634.log","4734","1","0","0","0","0","0"
"react-baseline-vs-ccrs-v2","700-baseline","react_baseline_mazeV2","794","794","2026-06-27T14:30:45.184+00:00","2479","react_baseline_mazeV2_20260627_155634.log","4740","1","0","0","0","0","0"
"react-baseline-vs-ccrs-v2","700-baseline","react_baseline_mazeV2","795","795","2026-06-27T14:30:48.994+00:00","3810","react_baseline_mazeV2_20260627_155634.log","4745","1","0","0","0","0","0"
"react-baseline-vs-ccrs-v2","700-baseline","react_baseline_mazeV2","796","796","2026-06-27T14:30:51.468+00:00","2474","react_baseline_mazeV2_20260627_155634.log","4751","1","0","0","0","0","0"
"react-baseline-vs-ccrs-v2","700-baseline","react_baseline_mazeV2","797","797","2026-06-27T14:30:54.722+00:00","3254","react_baseline_mazeV2_20260627_155634.log","4757","1","0","0","0","0","0"
"react-baseline-vs-ccrs-v2","700-baseline","react_baseline_mazeV2","798","798","2026-06-27T14:30:57.143+00:00","2421","react_baseline_mazeV2_20260627_155634.log","4763","1","0","0","0","0","0"
"react-baseline-vs-ccrs-v2","700-baseline","react_baseline_mazeV2","799","799","2026-06-27T14:31:00.266+00:00","3123","react_baseline_mazeV2_20260627_155634.log","4769","1","0","0","0","0","0"
"react-baseline-vs-ccrs-v2","700-baseline","react_baseline_mazeV2","800","800","2026-06-27T14:31:03.496+00:00","3230","react_baseline_mazeV2_20260627_155634.log","4774","1","0","0","0","0","0"
"react-baseline-vs-ccrs-v2","700-baseline","react_baseline_mazeV2","801","801","2026-06-27T14:31:05.802+00:00","2306","react_baseline_mazeV2_20260627_155634.log","4780","1","0","0","0","0","0"
"react-baseline-vs-ccrs-v2","700-baseline","react_baseline_mazeV2","802","802","2026-06-27T14:31:08.579+00:00","2777","react_baseline_mazeV2_20260627_155634.log","4786","1","0","0","0","0","0"
"react-baseline-vs-ccrs-v2","700-baseline","react_baseline_mazeV2","803","803","2026-06-27T14:31:11.952+00:00","3373","react_baseline_mazeV2_20260627_155634.log","4792","1","0","0","0","0","0"
"react-baseline-vs-ccrs-v2","700-baseline","react_baseline_mazeV2","804","804","2026-06-27T14:31:14.309+00:00","2357","react_baseline_mazeV2_20260627_155634.log","4798","1","0","0","0","0","0"
"react-baseline-vs-ccrs-v2","700-baseline","react_baseline_mazeV2","805","805","2026-06-27T14:31:16.645+00:00","2336","react_baseline_mazeV2_20260627_155634.log","4804","1","0","0","0","0","0"
"react-baseline-vs-ccrs-v2","700-baseline","react_baseline_mazeV2","806","806","2026-06-27T14:31:19.565+00:00","2920","react_baseline_mazeV2_20260627_155634.log","4810","1","0","0","0","0","0"
"react-baseline-vs-ccrs-v2","700-baseline","react_baseline_mazeV2","807","807","2026-06-27T14:31:22.490+00:00","2925","react_baseline_mazeV2_20260627_155634.log","4816","1","0","0","0","0","0"
"react-baseline-vs-ccrs-v2","700-baseline","react_baseline_mazeV2","808","808","2026-06-27T14:31:24.832+00:00","2342","react_baseline_mazeV2_20260627_155634.log","4822","1","0","0","0","0","0"
"react-baseline-vs-ccrs-v2","700-baseline","react_baseline_mazeV2","809","809","2026-06-27T14:31:28.106+00:00","3274","react_baseline_mazeV2_20260627_155634.log","4828","1","0","0","0","0","0"
"react-baseline-vs-ccrs-v2","700-baseline","react_baseline_mazeV2","810","810","2026-06-27T14:31:30.310+00:00","2204","react_baseline_mazeV2_20260627_155634.log","4834","1","0","0","0","0","0"
"react-baseline-vs-ccrs-v2","700-baseline","react_baseline_mazeV2","811","811","2026-06-27T14:31:32.586+00:00","2276","react_baseline_mazeV2_20260627_155634.log","4840","1","0","0","0","0","0"
"react-baseline-vs-ccrs-v2","700-baseline","react_baseline_mazeV2","812","812","2026-06-27T14:31:36.991+00:00","4405","react_baseline_mazeV2_20260627_155634.log","4846","1","0","0","0","0","0"
"react-baseline-vs-ccrs-v2","700-baseline","react_baseline_mazeV2","813","813","2026-06-27T14:31:42.239+00:00","5248","react_baseline_mazeV2_20260627_155634.log","4852","1","0","0","0","0","0"
"react-baseline-vs-ccrs-v2","700-baseline","react_baseline_mazeV2","814","814","2026-06-27T14:31:45.295+00:00","3056","react_baseline_mazeV2_20260627_155634.log","4858","1","0","0","0","0","0"
"react-baseline-vs-ccrs-v2","700-baseline","react_baseline_mazeV2","815","815","2026-06-27T14:31:48.086+00:00","2791","react_baseline_mazeV2_20260627_155634.log","4864","1","0","0","0","0","0"
"react-baseline-vs-ccrs-v2","700-baseline","react_baseline_mazeV2","816","816","2026-06-27T14:31:51.871+00:00","3785","react_baseline_mazeV2_20260627_155634.log","4870","1","0","0","0","0","0"
"react-baseline-vs-ccrs-v2","700-baseline","react_baseline_mazeV2","817","817","2026-06-27T14:31:54.272+00:00","2401","react_baseline_mazeV2_20260627_155634.log","4876","1","0","0","0","0","0"
"react-baseline-vs-ccrs-v2","700-baseline","react_baseline_mazeV2","818","818","2026-06-27T14:31:57.651+00:00","3379","react_baseline_mazeV2_20260627_155634.log","4882","1","0","0","0","0","0"
"react-baseline-vs-ccrs-v2","700-baseline","react_baseline_mazeV2","819","819","2026-06-27T14:32:00.008+00:00","2357","react_baseline_mazeV2_20260627_155634.log","4888","1","0","0","0","0","0"
"react-baseline-vs-ccrs-v2","700-baseline","react_baseline_mazeV2","820","820","2026-06-27T14:32:02.373+00:00","2365","react_baseline_mazeV2_20260627_155634.log","4894","1","0","0","0","0","0"
"react-baseline-vs-ccrs-v2","700-baseline","react_baseline_mazeV2","821","821","2026-06-27T14:32:05.653+00:00","3280","react_baseline_mazeV2_20260627_155634.log","4900","1","0","0","0","0","0"
"react-baseline-vs-ccrs-v2","700-baseline","react_baseline_mazeV2","822","822","2026-06-27T14:32:08.493+00:00","2840","react_baseline_mazeV2_20260627_155634.log","4906","1","0","0","0","0","0"
"react-baseline-vs-ccrs-v2","700-baseline","react_baseline_mazeV2","823","823","2026-06-27T14:32:10.943+00:00","2450","react_baseline_mazeV2_20260627_155634.log","4912","1","0","0","0","0","0"
"react-baseline-vs-ccrs-v2","700-baseline","react_baseline_mazeV2","824","824","2026-06-27T14:32:13.689+00:00","2746","react_baseline_mazeV2_20260627_155634.log","4918","1","0","0","0","0","0"
"react-baseline-vs-ccrs-v2","700-baseline","react_baseline_mazeV2","825","825","2026-06-27T14:32:15.886+00:00","2197","react_baseline_mazeV2_20260627_155634.log","4924","1","0","0","0","0","0"
"react-baseline-vs-ccrs-v2","700-baseline","react_baseline_mazeV2","826","826","2026-06-27T14:32:18.011+00:00","2125","react_baseline_mazeV2_20260627_155634.log","4930","1","0","0","0","0","0"
"react-baseline-vs-ccrs-v2","700-baseline","react_baseline_mazeV2","827","827","2026-06-27T14:32:20.402+00:00","2391","react_baseline_mazeV2_20260627_155634.log","4936","1","0","0","0","0","0"
"react-baseline-vs-ccrs-v2","700-baseline","react_baseline_mazeV2","828","828","2026-06-27T14:32:23.477+00:00","3075","react_baseline_mazeV2_20260627_155634.log","4942","1","0","0","0","0","0"
"react-baseline-vs-ccrs-v2","700-baseline","react_baseline_mazeV2","829","829","2026-06-27T14:32:25.682+00:00","2205","react_baseline_mazeV2_20260627_155634.log","4948","1","0","0","0","0","0"
"react-baseline-vs-ccrs-v2","700-baseline","react_baseline_mazeV2","830","830","2026-06-27T14:32:28.244+00:00","2562","react_baseline_mazeV2_20260627_155634.log","4954","1","0","0","0","0","0"
"react-baseline-vs-ccrs-v2","700-baseline","react_baseline_mazeV2","831","831","2026-06-27T14:32:30.512+00:00","2268","react_baseline_mazeV2_20260627_155634.log","4960","1","0","0","0","0","0"
"react-baseline-vs-ccrs-v2","700-baseline","react_baseline_mazeV2","832","832","2026-06-27T14:32:33.470+00:00","2958","react_baseline_mazeV2_20260627_155634.log","4966","1","0","0","0","0","0"
"react-baseline-vs-ccrs-v2","700-baseline","react_baseline_mazeV2","833","833","2026-06-27T14:32:35.885+00:00","2415","react_baseline_mazeV2_20260627_155634.log","4972","1","0","0","0","0","0"
"react-baseline-vs-ccrs-v2","700-baseline","react_baseline_mazeV2","834","834","2026-06-27T14:32:38.319+00:00","2434","react_baseline_mazeV2_20260627_155634.log","4978","1","0","0","0","0","0"
"react-baseline-vs-ccrs-v2","700-baseline","react_baseline_mazeV2","835","835","2026-06-27T14:32:40.590+00:00","2271","react_baseline_mazeV2_20260627_155634.log","4984","1","0","0","0","0","0"
"react-baseline-vs-ccrs-v2","700-baseline","react_baseline_mazeV2","836","836","2026-06-27T14:32:42.932+00:00","2342","react_baseline_mazeV2_20260627_155634.log","4990","1","0","0","0","0","0"
"react-baseline-vs-ccrs-v2","700-baseline","react_baseline_mazeV2","837","837","2026-06-27T14:32:45.225+00:00","2293","react_baseline_mazeV2_20260627_155634.log","4996","1","0","0","0","0","0"
"react-baseline-vs-ccrs-v2","700-baseline","react_baseline_mazeV2","838","838","2026-06-27T14:32:47.421+00:00","2196","react_baseline_mazeV2_20260627_155634.log","5002","1","0","0","0","0","0"
"react-baseline-vs-ccrs-v2","700-baseline","react_baseline_mazeV2","839","839","2026-06-27T14:32:49.735+00:00","2314","react_baseline_mazeV2_20260627_155634.log","5008","1","0","0","0","0","0"
"react-baseline-vs-ccrs-v2","700-baseline","react_baseline_mazeV2","840","840","2026-06-27T14:32:52.304+00:00","2569","react_baseline_mazeV2_20260627_155634.log","5014","1","0","0","0","0","0"
"react-baseline-vs-ccrs-v2","700-baseline","react_baseline_mazeV2","841","841","2026-06-27T14:32:54.662+00:00","2358","react_baseline_mazeV2_20260627_155634.log","5020","1","0","0","0","0","0"
"react-baseline-vs-ccrs-v2","700-baseline","react_baseline_mazeV2","842","842","2026-06-27T14:32:57.037+00:00","2375","react_baseline_mazeV2_20260627_155634.log","5026","1","0","0","0","0","0"
"react-baseline-vs-ccrs-v2","700-baseline","react_baseline_mazeV2","843","843","2026-06-27T14:32:59.498+00:00","2461","react_baseline_mazeV2_20260627_155634.log","5032","1","0","0","0","0","0"
"react-baseline-vs-ccrs-v2","700-baseline","react_baseline_mazeV2","844","844","2026-06-27T14:33:01.865+00:00","2367","react_baseline_mazeV2_20260627_155634.log","5038","1","0","0","0","0","0"
"react-baseline-vs-ccrs-v2","700-baseline","react_baseline_mazeV2","845","845","2026-06-27T14:33:04.524+00:00","2659","react_baseline_mazeV2_20260627_155634.log","5044","1","0","0","0","0","0"
"react-baseline-vs-ccrs-v2","700-baseline","react_baseline_mazeV2","846","846","2026-06-27T14:33:06.853+00:00","2329","react_baseline_mazeV2_20260627_155634.log","5050","1","0","0","0","0","0"
"react-baseline-vs-ccrs-v2","700-baseline","react_baseline_mazeV2","847","847","2026-06-27T14:33:09.212+00:00","2359","react_baseline_mazeV2_20260627_155634.log","5056","1","0","0","0","0","0"
"react-baseline-vs-ccrs-v2","700-baseline","react_baseline_mazeV2","848","848","2026-06-27T14:33:11.661+00:00","2449","react_baseline_mazeV2_20260627_155634.log","5062","1","0","0","0","0","0"
"react-baseline-vs-ccrs-v2","700-baseline","react_baseline_mazeV2","849","849","2026-06-27T14:33:13.749+00:00","2088","react_baseline_mazeV2_20260627_155634.log","5068","1","0","0","0","0","0"
"react-baseline-vs-ccrs-v2","700-baseline","react_baseline_mazeV2","850","850","2026-06-27T14:33:16.011+00:00","2262","react_baseline_mazeV2_20260627_155634.log","5074","1","0","0","0","0","0"
"react-baseline-vs-ccrs-v2","700-baseline","react_baseline_mazeV2","851","851","2026-06-27T14:33:18.958+00:00","2947","react_baseline_mazeV2_20260627_155634.log","5080","1","0","0","0","0","0"
"react-baseline-vs-ccrs-v2","700-baseline","react_baseline_mazeV2","852","852","2026-06-27T14:33:21.154+00:00","2196","react_baseline_mazeV2_20260627_155634.log","5086","1","0","0","0","0","0"
"react-baseline-vs-ccrs-v2","700-baseline","react_baseline_mazeV2","853","853","2026-06-27T14:33:23.551+00:00","2397","react_baseline_mazeV2_20260627_155634.log","5092","1","0","0","0","0","0"
"react-baseline-vs-ccrs-v2","700-baseline","react_baseline_mazeV2","854","854","2026-06-27T14:33:26.760+00:00","3209","react_baseline_mazeV2_20260627_155634.log","5097","1","0","0","0","0","0"
"react-baseline-vs-ccrs-v2","700-baseline","react_baseline_mazeV2","855","855","2026-06-27T14:33:29.054+00:00","2294","react_baseline_mazeV2_20260627_155634.log","5103","1","0","0","0","0","0"
"react-baseline-vs-ccrs-v2","700-baseline","react_baseline_mazeV2","856","856","2026-06-27T14:33:32.372+00:00","3318","react_baseline_mazeV2_20260627_155634.log","5109","1","0","0","0","0","0"
"react-baseline-vs-ccrs-v2","700-baseline","react_baseline_mazeV2","857","857","2026-06-27T14:33:34.677+00:00","2305","react_baseline_mazeV2_20260627_155634.log","5114","1","0","0","0","0","0"
"react-baseline-vs-ccrs-v2","700-baseline","react_baseline_mazeV2","858","858","2026-06-27T14:33:38.133+00:00","3456","react_baseline_mazeV2_20260627_155634.log","5120","1","0","0","0","0","0"
"react-baseline-vs-ccrs-v2","700-baseline","react_baseline_mazeV2","859","859","2026-06-27T14:33:40.493+00:00","2360","react_baseline_mazeV2_20260627_155634.log","5126","1","0","0","0","0","0"
"react-baseline-vs-ccrs-v2","700-baseline","react_baseline_mazeV2","860","860","2026-06-27T14:33:45.397+00:00","4904","react_baseline_mazeV2_20260627_155634.log","5132","1","0","0","0","0","0"
"react-baseline-vs-ccrs-v2","700-baseline","react_baseline_mazeV2","861","861","2026-06-27T14:33:48.238+00:00","2841","react_baseline_mazeV2_20260627_155634.log","5138","1","0","0","0","0","0"
"react-baseline-vs-ccrs-v2","700-baseline","react_baseline_mazeV2","862","862","2026-06-27T14:33:50.561+00:00","2323","react_baseline_mazeV2_20260627_155634.log","5144","1","0","0","0","0","0"
"react-baseline-vs-ccrs-v2","700-baseline","react_baseline_mazeV2","863","863","2026-06-27T14:33:53.452+00:00","2891","react_baseline_mazeV2_20260627_155634.log","5150","1","0","0","0","0","0"
"react-baseline-vs-ccrs-v2","700-baseline","react_baseline_mazeV2","864","864","2026-06-27T14:33:55.527+00:00","2075","react_baseline_mazeV2_20260627_155634.log","5156","1","0","0","0","0","0"
"react-baseline-vs-ccrs-v2","700-baseline","react_baseline_mazeV2","865","865","2026-06-27T14:33:57.744+00:00","2217","react_baseline_mazeV2_20260627_155634.log","5162","1","0","0","0","0","0"
"react-baseline-vs-ccrs-v2","700-baseline","react_baseline_mazeV2","866","866","2026-06-27T14:34:00.757+00:00","3013","react_baseline_mazeV2_20260627_155634.log","5168","1","0","0","0","0","0"
"react-baseline-vs-ccrs-v2","700-baseline","react_baseline_mazeV2","867","867","2026-06-27T14:34:03.037+00:00","2280","react_baseline_mazeV2_20260627_155634.log","5174","1","0","0","0","0","0"
"react-baseline-vs-ccrs-v2","700-baseline","react_baseline_mazeV2","868","868","2026-06-27T14:34:06.104+00:00","3067","react_baseline_mazeV2_20260627_155634.log","5180","1","0","0","0","0","0"
"react-baseline-vs-ccrs-v2","700-baseline","react_baseline_mazeV2","869","869","2026-06-27T14:34:08.719+00:00","2615","react_baseline_mazeV2_20260627_155634.log","5186","1","0","0","0","0","0"
"react-baseline-vs-ccrs-v2","700-baseline","react_baseline_mazeV2","870","870","2026-06-27T14:34:11.962+00:00","3243","react_baseline_mazeV2_20260627_155634.log","5192","1","0","0","0","0","0"
"react-baseline-vs-ccrs-v2","700-baseline","react_baseline_mazeV2","871","871","2026-06-27T14:34:14.319+00:00","2357","react_baseline_mazeV2_20260627_155634.log","5198","1","0","0","0","0","0"
"react-baseline-vs-ccrs-v2","700-baseline","react_baseline_mazeV2","872","872","2026-06-27T14:34:16.900+00:00","2581","react_baseline_mazeV2_20260627_155634.log","5204","1","0","0","0","0","0"
"react-baseline-vs-ccrs-v2","700-baseline","react_baseline_mazeV2","873","873","2026-06-27T14:34:19.431+00:00","2531","react_baseline_mazeV2_20260627_155634.log","5210","1","0","0","0","0","0"
"react-baseline-vs-ccrs-v2","700-baseline","react_baseline_mazeV2","874","874","2026-06-27T14:34:21.999+00:00","2568","react_baseline_mazeV2_20260627_155634.log","5216","1","0","0","0","0","0"
"react-baseline-vs-ccrs-v2","700-baseline","react_baseline_mazeV2","875","875","2026-06-27T14:34:24.320+00:00","2321","react_baseline_mazeV2_20260627_155634.log","5222","1","0","0","0","0","0"
"react-baseline-vs-ccrs-v2","700-baseline","react_baseline_mazeV2","876","876","2026-06-27T14:34:26.747+00:00","2427","react_baseline_mazeV2_20260627_155634.log","5228","1","0","0","0","0","0"
"react-baseline-vs-ccrs-v2","700-baseline","react_baseline_mazeV2","877","877","2026-06-27T14:34:28.959+00:00","2212","react_baseline_mazeV2_20260627_155634.log","5233","1","0","0","0","0","0"
"react-baseline-vs-ccrs-v2","700-baseline","react_baseline_mazeV2","878","878","2026-06-27T14:34:32.178+00:00","3219","react_baseline_mazeV2_20260627_155634.log","5239","1","0","0","0","0","0"
"react-baseline-vs-ccrs-v2","700-baseline","react_baseline_mazeV2","879","879","2026-06-27T14:34:34.990+00:00","2812","react_baseline_mazeV2_20260627_155634.log","5245","1","0","0","0","0","0"
"react-baseline-vs-ccrs-v2","700-baseline","react_baseline_mazeV2","880","880","2026-06-27T14:34:38.372+00:00","3382","react_baseline_mazeV2_20260627_155634.log","5251","1","0","0","0","0","0"
"react-baseline-vs-ccrs-v2","700-baseline","react_baseline_mazeV2","881","881","2026-06-27T14:34:40.674+00:00","2302","react_baseline_mazeV2_20260627_155634.log","5257","1","0","0","0","0","0"
"react-baseline-vs-ccrs-v2","700-baseline","react_baseline_mazeV2","882","882","2026-06-27T14:34:43.228+00:00","2554","react_baseline_mazeV2_20260627_155634.log","5263","1","0","0","0","0","0"
"react-baseline-vs-ccrs-v2","700-baseline","react_baseline_mazeV2","883","883","2026-06-27T14:34:45.711+00:00","2483","react_baseline_mazeV2_20260627_155634.log","5269","1","0","0","0","0","0"
"react-baseline-vs-ccrs-v2","700-baseline","react_baseline_mazeV2","884","884","2026-06-27T14:34:48.167+00:00","2456","react_baseline_mazeV2_20260627_155634.log","5275","1","0","0","0","0","0"
"react-baseline-vs-ccrs-v2","700-baseline","react_baseline_mazeV2","885","885","2026-06-27T14:34:50.586+00:00","2419","react_baseline_mazeV2_20260627_155634.log","5281","1","0","0","0","0","0"
"react-baseline-vs-ccrs-v2","700-baseline","react_baseline_mazeV2","886","886","2026-06-27T14:34:53.438+00:00","2852","react_baseline_mazeV2_20260627_155634.log","5287","1","0","0","0","0","0"
"react-baseline-vs-ccrs-v2","700-baseline","react_baseline_mazeV2","887","887","2026-06-27T14:34:55.944+00:00","2506","react_baseline_mazeV2_20260627_155634.log","5293","1","0","0","0","0","0"
"react-baseline-vs-ccrs-v2","700-baseline","react_baseline_mazeV2","888","888","2026-06-27T14:34:58.323+00:00","2379","react_baseline_mazeV2_20260627_155634.log","5299","1","0","0","0","0","0"
"react-baseline-vs-ccrs-v2","700-baseline","react_baseline_mazeV2","889","889","2026-06-27T14:35:00.628+00:00","2305","react_baseline_mazeV2_20260627_155634.log","5305","1","0","0","0","0","0"
"react-baseline-vs-ccrs-v2","700-baseline","react_baseline_mazeV2","890","890","2026-06-27T14:35:02.923+00:00","2295","react_baseline_mazeV2_20260627_155634.log","5311","1","0","0","0","0","0"
"react-baseline-vs-ccrs-v2","700-baseline","react_baseline_mazeV2","891","891","2026-06-27T14:35:05.762+00:00","2839","react_baseline_mazeV2_20260627_155634.log","5317","1","0","0","0","0","0"
"react-baseline-vs-ccrs-v2","700-baseline","react_baseline_mazeV2","892","892","2026-06-27T14:35:08.103+00:00","2341","react_baseline_mazeV2_20260627_155634.log","5323","1","0","0","0","0","0"
"react-baseline-vs-ccrs-v2","700-baseline","react_baseline_mazeV2","893","893","2026-06-27T14:35:10.411+00:00","2308","react_baseline_mazeV2_20260627_155634.log","5329","1","0","0","0","0","0"
"react-baseline-vs-ccrs-v2","700-baseline","react_baseline_mazeV2","894","894","2026-06-27T14:35:12.814+00:00","2403","react_baseline_mazeV2_20260627_155634.log","5335","1","0","0","0","0","0"
"react-baseline-vs-ccrs-v2","700-baseline","react_baseline_mazeV2","895","895","2026-06-27T14:35:15.335+00:00","2521","react_baseline_mazeV2_20260627_155634.log","5341","1","0","0","0","0","0"
"react-baseline-vs-ccrs-v2","700-baseline","react_baseline_mazeV2","896","896","2026-06-27T14:35:17.777+00:00","2442","react_baseline_mazeV2_20260627_155634.log","5347","1","0","0","0","0","0"
"react-baseline-vs-ccrs-v2","700-baseline","react_baseline_mazeV2","897","897","2026-06-27T14:35:19.967+00:00","2190","react_baseline_mazeV2_20260627_155634.log","5353","1","0","0","0","0","0"
"react-baseline-vs-ccrs-v2","700-baseline","react_baseline_mazeV2","898","898","2026-06-27T14:35:24.211+00:00","4244","react_baseline_mazeV2_20260627_155634.log","5359","1","0","0","0","0","0"
"react-baseline-vs-ccrs-v2","700-baseline","react_baseline_mazeV2","899","899","2026-06-27T14:35:26.429+00:00","2218","react_baseline_mazeV2_20260627_155634.log","5365","1","0","0","0","0","0"
"react-baseline-vs-ccrs-v2","700-baseline","react_baseline_mazeV2","900","900","2026-06-27T14:35:29.717+00:00","3288","react_baseline_mazeV2_20260627_155634.log","5371","1","0","0","0","0","0"
"react-baseline-vs-ccrs-v2","700-baseline","react_baseline_mazeV2","901","901","2026-06-27T14:35:32.450+00:00","2733","react_baseline_mazeV2_20260627_155634.log","5377","1","0","0","0","0","0"
"react-baseline-vs-ccrs-v2","700-baseline","react_baseline_mazeV2","902","902","2026-06-27T14:35:34.984+00:00","2534","react_baseline_mazeV2_20260627_155634.log","5383","1","0","0","0","0","0"
"react-baseline-vs-ccrs-v2","700-baseline","react_baseline_mazeV2","903","903","2026-06-27T14:35:38.255+00:00","3271","react_baseline_mazeV2_20260627_155634.log","5389","1","0","0","0","0","0"
"react-baseline-vs-ccrs-v2","700-baseline","react_baseline_mazeV2","904","904","2026-06-27T14:35:40.877+00:00","2622","react_baseline_mazeV2_20260627_155634.log","5395","1","0","0","0","0","0"
"react-baseline-vs-ccrs-v2","700-baseline","react_baseline_mazeV2","905","905","2026-06-27T14:35:42.933+00:00","2056","react_baseline_mazeV2_20260627_155634.log","5401","1","0","0","0","0","0"
"react-baseline-vs-ccrs-v2","700-baseline","react_baseline_mazeV2","906","906","2026-06-27T14:35:45.541+00:00","2608","react_baseline_mazeV2_20260627_155634.log","5407","1","0","0","0","0","0"
"react-baseline-vs-ccrs-v2","700-baseline","react_baseline_mazeV2","907","907","2026-06-27T14:35:48.019+00:00","2478","react_baseline_mazeV2_20260627_155634.log","5413","1","0","0","0","0","0"
"react-baseline-vs-ccrs-v2","700-baseline","react_baseline_mazeV2","908","908","2026-06-27T14:35:50.160+00:00","2141","react_baseline_mazeV2_20260627_155634.log","5419","1","0","0","0","0","0"
"react-baseline-vs-ccrs-v2","700-baseline","react_baseline_mazeV2","909","909","2026-06-27T14:35:52.252+00:00","2092","react_baseline_mazeV2_20260627_155634.log","5425","1","0","0","0","0","0"
"react-baseline-vs-ccrs-v2","700-baseline","react_baseline_mazeV2","910","910","2026-06-27T14:35:54.265+00:00","2013","react_baseline_mazeV2_20260627_155634.log","5431","1","0","0","0","0","0"
"react-baseline-vs-ccrs-v2","700-baseline","react_baseline_mazeV2","911","911","2026-06-27T14:35:56.383+00:00","2118","react_baseline_mazeV2_20260627_155634.log","5437","1","0","0","0","0","0"
"react-baseline-vs-ccrs-v2","700-baseline","react_baseline_mazeV2","912","912","2026-06-27T14:35:58.379+00:00","1996","react_baseline_mazeV2_20260627_155634.log","5443","1","0","0","0","0","0"
"react-baseline-vs-ccrs-v2","700-baseline","react_baseline_mazeV2","913","913","2026-06-27T14:36:00.422+00:00","2043","react_baseline_mazeV2_20260627_155634.log","5449","1","0","0","0","0","0"
"react-baseline-vs-ccrs-v2","700-baseline","react_baseline_mazeV2","914","914","2026-06-27T14:36:02.509+00:00","2087","react_baseline_mazeV2_20260627_155634.log","5455","1","0","0","0","0","0"
"react-baseline-vs-ccrs-v2","700-baseline","react_baseline_mazeV2","915","915","2026-06-27T14:36:05.101+00:00","2592","react_baseline_mazeV2_20260627_155634.log","5461","1","0","0","0","0","0"
"react-baseline-vs-ccrs-v2","700-baseline","react_baseline_mazeV2","916","916","2026-06-27T14:36:07.369+00:00","2268","react_baseline_mazeV2_20260627_155634.log","5467","1","0","0","0","0","0"
"react-baseline-vs-ccrs-v2","700-baseline","react_baseline_mazeV2","917","917","2026-06-27T14:36:09.703+00:00","2334","react_baseline_mazeV2_20260627_155634.log","5473","1","0","0","0","0","0"
"react-baseline-vs-ccrs-v2","700-baseline","react_baseline_mazeV2","918","918","2026-06-27T14:36:11.677+00:00","1974","react_baseline_mazeV2_20260627_155634.log","5479","1","0","0","0","0","0"
"react-baseline-vs-ccrs-v2","700-baseline","react_baseline_mazeV2","919","919","2026-06-27T14:36:13.916+00:00","2239","react_baseline_mazeV2_20260627_155634.log","5485","1","0","0","0","0","0"
"react-baseline-vs-ccrs-v2","700-baseline","react_baseline_mazeV2","920","920","2026-06-27T14:36:15.848+00:00","1932","react_baseline_mazeV2_20260627_155634.log","5491","1","0","0","0","0","0"
"react-baseline-vs-ccrs-v2","700-baseline","react_baseline_mazeV2","921","921","2026-06-27T14:36:18.030+00:00","2182","react_baseline_mazeV2_20260627_155634.log","5497","1","0","0","0","0","0"
"react-baseline-vs-ccrs-v2","700-baseline","react_baseline_mazeV2","922","922","2026-06-27T14:36:20.257+00:00","2227","react_baseline_mazeV2_20260627_155634.log","5503","1","0","0","0","0","0"
"react-baseline-vs-ccrs-v2","700-baseline","react_baseline_mazeV2","923","923","2026-06-27T14:36:22.462+00:00","2205","react_baseline_mazeV2_20260627_155634.log","5509","1","0","0","0","0","0"
"react-baseline-vs-ccrs-v2","700-baseline","react_baseline_mazeV2","924","924","2026-06-27T14:36:24.434+00:00","1972","react_baseline_mazeV2_20260627_155634.log","5514","1","0","0","0","0","0"
"react-baseline-vs-ccrs-v2","700-baseline","react_baseline_mazeV2","925","925","2026-06-27T14:36:26.676+00:00","2242","react_baseline_mazeV2_20260627_155634.log","5520","1","0","0","0","0","0"
"react-baseline-vs-ccrs-v2","700-baseline","react_baseline_mazeV2","926","926","2026-06-27T14:36:28.955+00:00","2279","react_baseline_mazeV2_20260627_155634.log","5526","1","0","0","0","0","0"
"react-baseline-vs-ccrs-v2","700-baseline","react_baseline_mazeV2","927","927","2026-06-27T14:36:32.252+00:00","3297","react_baseline_mazeV2_20260627_155634.log","5532","1","0","0","0","0","0"
"react-baseline-vs-ccrs-v2","700-baseline","react_baseline_mazeV2","928","928","2026-06-27T14:36:34.207+00:00","1955","react_baseline_mazeV2_20260627_155634.log","5538","1","0","0","0","0","0"
"react-baseline-vs-ccrs-v2","700-baseline","react_baseline_mazeV2","929","929","2026-06-27T14:36:37.398+00:00","3191","react_baseline_mazeV2_20260627_155634.log","5544","1","0","0","0","0","0"
"react-baseline-vs-ccrs-v2","700-baseline","react_baseline_mazeV2","930","930","2026-06-27T14:36:40.523+00:00","3125","react_baseline_mazeV2_20260627_155634.log","5550","1","0","0","0","0","0"
"react-baseline-vs-ccrs-v2","700-baseline","react_baseline_mazeV2","931","931","2026-06-27T14:36:43.843+00:00","3320","react_baseline_mazeV2_20260627_155634.log","5556","1","0","0","0","0","0"
"react-baseline-vs-ccrs-v2","700-baseline","react_baseline_mazeV2","932","932","2026-06-27T14:36:46.915+00:00","3072","react_baseline_mazeV2_20260627_155634.log","5561","1","0","0","0","0","0"
"react-baseline-vs-ccrs-v2","700-baseline","react_baseline_mazeV2","933","933","2026-06-27T14:36:49.457+00:00","2542","react_baseline_mazeV2_20260627_155634.log","5567","1","0","0","0","0","0"
"react-baseline-vs-ccrs-v2","700-baseline","react_baseline_mazeV2","934","934","2026-06-27T14:36:52.586+00:00","3129","react_baseline_mazeV2_20260627_155634.log","5573","1","0","0","0","0","0"
"react-baseline-vs-ccrs-v2","700-baseline","react_baseline_mazeV2","935","935","2026-06-27T14:36:54.885+00:00","2299","react_baseline_mazeV2_20260627_155634.log","5579","1","0","0","0","0","0"
"react-baseline-vs-ccrs-v2","700-baseline","react_baseline_mazeV2","936","936","2026-06-27T14:36:58.095+00:00","3210","react_baseline_mazeV2_20260627_155634.log","5585","1","0","0","0","0","0"
"react-baseline-vs-ccrs-v2","700-baseline","react_baseline_mazeV2","937","937","2026-06-27T14:37:00.419+00:00","2324","react_baseline_mazeV2_20260627_155634.log","5591","1","0","0","0","0","0"
"react-baseline-vs-ccrs-v2","700-baseline","react_baseline_mazeV2","938","938","2026-06-27T14:37:03.642+00:00","3223","react_baseline_mazeV2_20260627_155634.log","5597","1","0","0","0","0","0"
"react-baseline-vs-ccrs-v2","700-baseline","react_baseline_mazeV2","939","939","2026-06-27T14:37:06.018+00:00","2376","react_baseline_mazeV2_20260627_155634.log","5603","1","0","0","0","0","0"
"react-baseline-vs-ccrs-v2","700-baseline","react_baseline_mazeV2","940","940","2026-06-27T14:37:08.986+00:00","2968","react_baseline_mazeV2_20260627_155634.log","5609","1","0","0","0","0","0"
"react-baseline-vs-ccrs-v2","700-baseline","react_baseline_mazeV2","941","941","2026-06-27T14:37:11.517+00:00","2531","react_baseline_mazeV2_20260627_155634.log","5615","1","0","0","0","0","0"
"react-baseline-vs-ccrs-v2","700-baseline","react_baseline_mazeV2","942","942","2026-06-27T14:37:14.932+00:00","3415","react_baseline_mazeV2_20260627_155634.log","5621","1","0","0","0","0","0"
"react-baseline-vs-ccrs-v2","700-baseline","react_baseline_mazeV2","943","943","2026-06-27T14:37:17.101+00:00","2169","react_baseline_mazeV2_20260627_155634.log","5627","1","0","0","0","0","0"
"react-baseline-vs-ccrs-v2","700-baseline","react_baseline_mazeV2","944","944","2026-06-27T14:37:20.582+00:00","3481","react_baseline_mazeV2_20260627_155634.log","5633","1","0","0","0","0","0"
"react-baseline-vs-ccrs-v2","700-baseline","react_baseline_mazeV2","945","945","2026-06-27T14:37:23.196+00:00","2614","react_baseline_mazeV2_20260627_155634.log","5639","1","0","0","0","0","0"
"react-baseline-vs-ccrs-v2","700-baseline","react_baseline_mazeV2","946","946","2026-06-27T14:37:26.213+00:00","3017","react_baseline_mazeV2_20260627_155634.log","5645","1","0","0","0","0","0"
"react-baseline-vs-ccrs-v2","700-baseline","react_baseline_mazeV2","947","947","2026-06-27T14:37:28.742+00:00","2529","react_baseline_mazeV2_20260627_155634.log","5651","1","0","0","0","0","0"
"react-baseline-vs-ccrs-v2","700-baseline","react_baseline_mazeV2","948","948","2026-06-27T14:37:31.115+00:00","2373","react_baseline_mazeV2_20260627_155634.log","5657","1","0","0","0","0","0"
"react-baseline-vs-ccrs-v2","700-baseline","react_baseline_mazeV2","949","949","2026-06-27T14:37:33.523+00:00","2408","react_baseline_mazeV2_20260627_155634.log","5663","1","0","0","0","0","0"
"react-baseline-vs-ccrs-v2","700-baseline","react_baseline_mazeV2","950","950","2026-06-27T14:37:35.954+00:00","2431","react_baseline_mazeV2_20260627_155634.log","5669","1","0","0","0","0","0"
"react-baseline-vs-ccrs-v2","700-baseline","react_baseline_mazeV2","951","951","2026-06-27T14:37:38.698+00:00","2744","react_baseline_mazeV2_20260627_155634.log","5675","1","0","0","0","0","0"
"react-baseline-vs-ccrs-v2","700-baseline","react_baseline_mazeV2","952","952","2026-06-27T14:37:41.074+00:00","2376","react_baseline_mazeV2_20260627_155634.log","5681","1","0","0","0","0","0"
"react-baseline-vs-ccrs-v2","700-baseline","react_baseline_mazeV2","953","953","2026-06-27T14:37:43.551+00:00","2477","react_baseline_mazeV2_20260627_155634.log","5687","1","0","0","0","0","0"
"react-baseline-vs-ccrs-v2","700-baseline","react_baseline_mazeV2","954","954","2026-06-27T14:37:46.594+00:00","3043","react_baseline_mazeV2_20260627_155634.log","5693","1","0","0","0","0","0"
"react-baseline-vs-ccrs-v2","700-baseline","react_baseline_mazeV2","955","955","2026-06-27T14:37:48.978+00:00","2384","react_baseline_mazeV2_20260627_155634.log","5699","1","0","0","0","0","0"
"react-baseline-vs-ccrs-v2","700-baseline","react_baseline_mazeV2","956","956","2026-06-27T14:37:51.490+00:00","2512","react_baseline_mazeV2_20260627_155634.log","5705","1","0","0","0","0","0"
"react-baseline-vs-ccrs-v2","700-baseline","react_baseline_mazeV2","957","957","2026-06-27T14:37:53.870+00:00","2380","react_baseline_mazeV2_20260627_155634.log","5711","1","0","0","0","0","0"
"react-baseline-vs-ccrs-v2","700-baseline","react_baseline_mazeV2","958","958","2026-06-27T14:37:56.260+00:00","2390","react_baseline_mazeV2_20260627_155634.log","5717","1","0","0","0","0","0"
"react-baseline-vs-ccrs-v2","700-baseline","react_baseline_mazeV2","959","959","2026-06-27T14:37:59.281+00:00","3021","react_baseline_mazeV2_20260627_155634.log","5723","1","0","0","0","0","0"
"react-baseline-vs-ccrs-v2","700-baseline","react_baseline_mazeV2","960","960","2026-06-27T14:38:01.598+00:00","2317","react_baseline_mazeV2_20260627_155634.log","5729","1","0","0","0","0","0"
"react-baseline-vs-ccrs-v2","700-baseline","react_baseline_mazeV2","961","961","2026-06-27T14:38:03.812+00:00","2214","react_baseline_mazeV2_20260627_155634.log","5735","1","0","0","0","0","0"
"react-baseline-vs-ccrs-v2","700-baseline","react_baseline_mazeV2","962","962","2026-06-27T14:38:06.180+00:00","2368","react_baseline_mazeV2_20260627_155634.log","5741","1","0","0","0","0","0"
"react-baseline-vs-ccrs-v2","700-baseline","react_baseline_mazeV2","963","963","2026-06-27T14:38:08.450+00:00","2270","react_baseline_mazeV2_20260627_155634.log","5747","1","0","0","0","0","0"
"react-baseline-vs-ccrs-v2","700-baseline","react_baseline_mazeV2","964","964","2026-06-27T14:38:10.819+00:00","2369","react_baseline_mazeV2_20260627_155634.log","5753","1","0","0","0","0","0"
"react-baseline-vs-ccrs-v2","700-baseline","react_baseline_mazeV2","965","965","2026-06-27T14:38:13.657+00:00","2838","react_baseline_mazeV2_20260627_155634.log","5759","1","0","0","0","0","0"
"react-baseline-vs-ccrs-v2","700-baseline","react_baseline_mazeV2","966","966","2026-06-27T14:38:16.107+00:00","2450","react_baseline_mazeV2_20260627_155634.log","5764","1","0","0","0","0","0"
"react-baseline-vs-ccrs-v2","700-baseline","react_baseline_mazeV2","967","967","2026-06-27T14:38:18.252+00:00","2145","react_baseline_mazeV2_20260627_155634.log","5770","1","0","0","0","0","0"
"react-baseline-vs-ccrs-v2","700-baseline","react_baseline_mazeV2","968","968","2026-06-27T14:38:21.205+00:00","2953","react_baseline_mazeV2_20260627_155634.log","5776","1","0","0","0","0","0"
"react-baseline-vs-ccrs-v2","700-baseline","react_baseline_mazeV2","969","969","2026-06-27T14:38:23.513+00:00","2308","react_baseline_mazeV2_20260627_155634.log","5782","1","0","0","0","0","0"
"react-baseline-vs-ccrs-v2","700-baseline","react_baseline_mazeV2","970","970","2026-06-27T14:38:26.454+00:00","2941","react_baseline_mazeV2_20260627_155634.log","5788","1","0","0","0","0","0"
"react-baseline-vs-ccrs-v2","700-baseline","react_baseline_mazeV2","971","971","2026-06-27T14:38:28.701+00:00","2247","react_baseline_mazeV2_20260627_155634.log","5794","1","0","0","0","0","0"
"react-baseline-vs-ccrs-v2","700-baseline","react_baseline_mazeV2","972","972","2026-06-27T14:38:32.002+00:00","3301","react_baseline_mazeV2_20260627_155634.log","5800","1","0","0","0","0","0"
"react-baseline-vs-ccrs-v2","700-baseline","react_baseline_mazeV2","973","973","2026-06-27T14:38:34.112+00:00","2110","react_baseline_mazeV2_20260627_155634.log","5806","1","0","0","0","0","0"
"react-baseline-vs-ccrs-v2","700-baseline","react_baseline_mazeV2","974","974","2026-06-27T14:38:36.319+00:00","2207","react_baseline_mazeV2_20260627_155634.log","5812","1","0","0","0","0","0"
"react-baseline-vs-ccrs-v2","700-baseline","react_baseline_mazeV2","975","975","2026-06-27T14:38:38.265+00:00","1946","react_baseline_mazeV2_20260627_155634.log","5818","1","0","0","0","0","0"
"react-baseline-vs-ccrs-v2","700-baseline","react_baseline_mazeV2","976","976","2026-06-27T14:38:40.395+00:00","2130","react_baseline_mazeV2_20260627_155634.log","5824","1","0","0","0","0","0"
"react-baseline-vs-ccrs-v2","700-baseline","react_baseline_mazeV2","977","977","2026-06-27T14:38:42.559+00:00","2164","react_baseline_mazeV2_20260627_155634.log","5830","1","0","0","0","0","0"
"react-baseline-vs-ccrs-v2","700-baseline","react_baseline_mazeV2","978","978","2026-06-27T14:38:44.622+00:00","2063","react_baseline_mazeV2_20260627_155634.log","5836","1","0","0","0","0","0"
"react-baseline-vs-ccrs-v2","700-baseline","react_baseline_mazeV2","979","979","2026-06-27T14:38:46.715+00:00","2093","react_baseline_mazeV2_20260627_155634.log","5842","1","0","0","0","0","0"
"react-baseline-vs-ccrs-v2","700-baseline","react_baseline_mazeV2","980","980","2026-06-27T14:38:48.725+00:00","2010","react_baseline_mazeV2_20260627_155634.log","5848","1","0","0","0","0","0"
"react-baseline-vs-ccrs-v2","700-baseline","react_baseline_mazeV2","981","981","2026-06-27T14:38:50.795+00:00","2070","react_baseline_mazeV2_20260627_155634.log","5854","1","0","0","0","0","0"
"react-baseline-vs-ccrs-v2","700-baseline","react_baseline_mazeV2","982","982","2026-06-27T14:38:53.225+00:00","2430","react_baseline_mazeV2_20260627_155634.log","5860","1","0","0","0","0","0"
"react-baseline-vs-ccrs-v2","700-baseline","react_baseline_mazeV2","983","983","2026-06-27T14:38:55.878+00:00","2653","react_baseline_mazeV2_20260627_155634.log","5866","1","0","0","0","0","0"
"react-baseline-vs-ccrs-v2","700-baseline","react_baseline_mazeV2","984","984","2026-06-27T14:38:58.139+00:00","2261","react_baseline_mazeV2_20260627_155634.log","5872","1","0","0","0","0","0"
"react-baseline-vs-ccrs-v2","700-baseline","react_baseline_mazeV2","985","985","2026-06-27T14:39:01.060+00:00","2921","react_baseline_mazeV2_20260627_155634.log","5878","1","0","0","0","0","0"
"react-baseline-vs-ccrs-v2","700-baseline","react_baseline_mazeV2","986","986","2026-06-27T14:39:03.357+00:00","2297","react_baseline_mazeV2_20260627_155634.log","5884","1","0","0","0","0","0"
"react-baseline-vs-ccrs-v2","700-baseline","react_baseline_mazeV2","987","987","2026-06-27T14:39:06.341+00:00","2984","react_baseline_mazeV2_20260627_155634.log","5890","1","0","0","0","0","0"
"react-baseline-vs-ccrs-v2","700-baseline","react_baseline_mazeV2","988","988","2026-06-27T14:39:09.308+00:00","2967","react_baseline_mazeV2_20260627_155634.log","5895","1","0","0","0","0","0"
"react-baseline-vs-ccrs-v2","700-baseline","react_baseline_mazeV2","989","989","2026-06-27T14:39:11.835+00:00","2527","react_baseline_mazeV2_20260627_155634.log","5901","1","0","0","0","0","0"
"react-baseline-vs-ccrs-v2","700-baseline","react_baseline_mazeV2","990","990","2026-06-27T14:39:15.352+00:00","3517","react_baseline_mazeV2_20260627_155634.log","5907","1","0","0","0","0","0"
"react-baseline-vs-ccrs-v2","700-baseline","react_baseline_mazeV2","991","991","2026-06-27T14:39:17.322+00:00","1970","react_baseline_mazeV2_20260627_155634.log","5913","1","0","0","0","0","0"
"react-baseline-vs-ccrs-v2","700-baseline","react_baseline_mazeV2","992","992","2026-06-27T14:39:19.486+00:00","2164","react_baseline_mazeV2_20260627_155634.log","5919","1","0","0","0","0","0"
"react-baseline-vs-ccrs-v2","700-baseline","react_baseline_mazeV2","993","993","2026-06-27T14:39:21.533+00:00","2047","react_baseline_mazeV2_20260627_155634.log","5925","1","0","0","0","0","0"
"react-baseline-vs-ccrs-v2","700-baseline","react_baseline_mazeV2","994","994","2026-06-27T14:39:24.794+00:00","3261","react_baseline_mazeV2_20260627_155634.log","5931","1","0","0","0","0","0"
"react-baseline-vs-ccrs-v2","700-baseline","react_baseline_mazeV2","995","995","2026-06-27T14:39:26.827+00:00","2033","react_baseline_mazeV2_20260627_155634.log","5937","1","0","0","0","0","0"
"react-baseline-vs-ccrs-v2","700-baseline","react_baseline_mazeV2","996","996","2026-06-27T14:39:29.653+00:00","2826","react_baseline_mazeV2_20260627_155634.log","5943","1","0","0","0","0","0"
"react-baseline-vs-ccrs-v2","700-baseline","react_baseline_mazeV2","997","997","2026-06-27T14:39:31.620+00:00","1967","react_baseline_mazeV2_20260627_155634.log","5949","1","0","0","0","0","0"
"react-baseline-vs-ccrs-v2","700-baseline","react_baseline_mazeV2","998","998","2026-06-27T14:39:33.822+00:00","2202","react_baseline_mazeV2_20260627_155634.log","5955","1","0","0","0","0","0"
"react-baseline-vs-ccrs-v2","700-baseline","react_baseline_mazeV2","999","999","2026-06-27T14:39:36.909+00:00","3087","react_baseline_mazeV2_20260627_155634.log","5961","1","0","0","0","0","0"
"react-baseline-vs-ccrs-v2","700-baseline","react_baseline_mazeV2","1000","1000","2026-06-27T14:39:39.020+00:00","2111","react_baseline_mazeV2_20260627_155634.log","5967","1","0","0","0","0","0"
"react-baseline-vs-ccrs-v2","700-baseline","react_baseline_mazeV2","1001","1001","2026-06-27T14:39:41.449+00:00","2429","react_baseline_mazeV2_20260627_155634.log","5973","1","0","0","0","0","0"
"react-baseline-vs-ccrs-v2","800-baseline","react_ccrs_mazeV2","1","1","2026-06-26T18:16:53.141+00:00",,"react_ccrs_mazeV2_20260626_201650.log","7","1","0","0","0","0","0"
"react-baseline-vs-ccrs-v2","800-baseline","react_ccrs_mazeV2","2","2","2026-06-26T18:16:58.193+00:00","5052","react_ccrs_mazeV2_20260626_201650.log","27","1","0","0","0","0","0"
"react-baseline-vs-ccrs-v2","800-baseline","react_ccrs_mazeV2","3","3","2026-06-26T18:17:00.639+00:00","2446","react_ccrs_mazeV2_20260626_201650.log","39","1","0","0","0","0","0"
"react-baseline-vs-ccrs-v2","800-baseline","react_ccrs_mazeV2","4","4","2026-06-26T18:17:03.621+00:00","2982","react_ccrs_mazeV2_20260626_201650.log","75","1","0","0","0","0","0"
"react-baseline-vs-ccrs-v2","800-baseline","react_ccrs_mazeV2","5","5","2026-06-26T18:17:06.413+00:00","2792","react_ccrs_mazeV2_20260626_201650.log","87","1","0","0","0","0","0"
"react-baseline-vs-ccrs-v2","800-baseline","react_ccrs_mazeV2","6","6","2026-06-26T18:17:09.109+00:00","2696","react_ccrs_mazeV2_20260626_201650.log","123","1","0","0","0","0","0"
"react-baseline-vs-ccrs-v2","800-baseline","react_ccrs_mazeV2","7","7","2026-06-26T18:17:11.132+00:00","2023","react_ccrs_mazeV2_20260626_201650.log","135","1","0","0","0","0","0"
"react-baseline-vs-ccrs-v2","800-baseline","react_ccrs_mazeV2","8","8","2026-06-26T18:17:13.797+00:00","2665","react_ccrs_mazeV2_20260626_201650.log","171","1","0","0","0","0","0"
"react-baseline-vs-ccrs-v2","800-baseline","react_ccrs_mazeV2","9","9","2026-06-26T18:17:16.478+00:00","2681","react_ccrs_mazeV2_20260626_201650.log","183","1","0","0","0","0","0"
"react-baseline-vs-ccrs-v2","800-baseline","react_ccrs_mazeV2","10","10","2026-06-26T18:17:20.274+00:00","3796","react_ccrs_mazeV2_20260626_201650.log","219","1","0","0","0","0","0"
"react-baseline-vs-ccrs-v2","800-baseline","react_ccrs_mazeV2","11","11","2026-06-26T18:17:24.136+00:00","3862","react_ccrs_mazeV2_20260626_201650.log","231","1","0","0","0","0","0"
"react-baseline-vs-ccrs-v2","800-baseline","react_ccrs_mazeV2","12","12","2026-06-26T18:17:27.656+00:00","3520","react_ccrs_mazeV2_20260626_201650.log","267","1","0","0","0","0","0"
"react-baseline-vs-ccrs-v2","800-baseline","react_ccrs_mazeV2","13","13","2026-06-26T18:17:30.236+00:00","2580","react_ccrs_mazeV2_20260626_201650.log","279","1","0","0","0","0","0"
"react-baseline-vs-ccrs-v2","800-baseline","react_ccrs_mazeV2","14","14","2026-06-26T18:17:33.191+00:00","2955","react_ccrs_mazeV2_20260626_201650.log","315","1","0","0","0","0","0"
"react-baseline-vs-ccrs-v2","800-baseline","react_ccrs_mazeV2","15","15","2026-06-26T18:17:35.669+00:00","2478","react_ccrs_mazeV2_20260626_201650.log","327","1","0","0","0","0","0"
"react-baseline-vs-ccrs-v2","800-baseline","react_ccrs_mazeV2","16","16","2026-06-26T18:17:38.493+00:00","2824","react_ccrs_mazeV2_20260626_201650.log","363","1","0","0","0","0","0"
"react-baseline-vs-ccrs-v2","800-baseline","react_ccrs_mazeV2","17","17","2026-06-26T18:17:40.960+00:00","2467","react_ccrs_mazeV2_20260626_201650.log","375","1","0","0","0","0","0"
"react-baseline-vs-ccrs-v2","800-baseline","react_ccrs_mazeV2","18","18","2026-06-26T18:17:43.905+00:00","2945","react_ccrs_mazeV2_20260626_201650.log","411","1","0","0","0","0","0"
"react-baseline-vs-ccrs-v2","800-baseline","react_ccrs_mazeV2","19","19","2026-06-26T18:17:46.162+00:00","2257","react_ccrs_mazeV2_20260626_201650.log","423","1","0","0","0","0","0"
"react-baseline-vs-ccrs-v2","800-baseline","react_ccrs_mazeV2","20","20","2026-06-26T18:17:49.266+00:00","3104","react_ccrs_mazeV2_20260626_201650.log","459","1","0","0","0","0","0"
"react-baseline-vs-ccrs-v2","800-baseline","react_ccrs_mazeV2","21","21","2026-06-26T18:17:51.739+00:00","2473","react_ccrs_mazeV2_20260626_201650.log","471","1","0","0","0","0","0"
"react-baseline-vs-ccrs-v2","800-baseline","react_ccrs_mazeV2","22","22","2026-06-26T18:17:54.877+00:00","3138","react_ccrs_mazeV2_20260626_201650.log","507","1","0","0","0","0","0"
"react-baseline-vs-ccrs-v2","800-baseline","react_ccrs_mazeV2","23","23","2026-06-26T18:17:57.231+00:00","2354","react_ccrs_mazeV2_20260626_201650.log","519","1","0","0","0","0","0"
"react-baseline-vs-ccrs-v2","800-baseline","react_ccrs_mazeV2","24","24","2026-06-26T18:18:03.311+00:00","6080","react_ccrs_mazeV2_20260626_201650.log","555","1","0","0","0","0","0"
"react-baseline-vs-ccrs-v2","800-baseline","react_ccrs_mazeV2","25","25","2026-06-26T18:18:05.794+00:00","2483","react_ccrs_mazeV2_20260626_201650.log","567","1","0","0","0","0","0"
"react-baseline-vs-ccrs-v2","800-baseline","react_ccrs_mazeV2","26","26","2026-06-26T18:18:08.779+00:00","2985","react_ccrs_mazeV2_20260626_201650.log","603","1","0","0","0","0","0"
"react-baseline-vs-ccrs-v2","800-baseline","react_ccrs_mazeV2","27","27","2026-06-26T18:18:11.318+00:00","2539","react_ccrs_mazeV2_20260626_201650.log","615","1","0","0","0","0","0"
"react-baseline-vs-ccrs-v2","800-baseline","react_ccrs_mazeV2","28","28","2026-06-26T18:18:14.352+00:00","3034","react_ccrs_mazeV2_20260626_201650.log","651","1","0","0","0","0","0"
"react-baseline-vs-ccrs-v2","800-baseline","react_ccrs_mazeV2","29","29","2026-06-26T18:18:16.663+00:00","2311","react_ccrs_mazeV2_20260626_201650.log","663","1","0","0","0","0","0"
"react-baseline-vs-ccrs-v2","800-baseline","react_ccrs_mazeV2","30","30","2026-06-26T18:18:20.613+00:00","3950","react_ccrs_mazeV2_20260626_201650.log","699","1","0","0","0","0","0"
"react-baseline-vs-ccrs-v2","800-baseline","react_ccrs_mazeV2","31","31","2026-06-26T18:18:22.947+00:00","2334","react_ccrs_mazeV2_20260626_201650.log","711","1","0","0","0","0","0"
"react-baseline-vs-ccrs-v2","800-baseline","react_ccrs_mazeV2","32","32","2026-06-26T18:18:26.114+00:00","3167","react_ccrs_mazeV2_20260626_201650.log","747","1","0","0","0","0","0"
"react-baseline-vs-ccrs-v2","800-baseline","react_ccrs_mazeV2","33","33","2026-06-26T18:18:28.667+00:00","2553","react_ccrs_mazeV2_20260626_201650.log","759","1","0","0","0","0","0"
"react-baseline-vs-ccrs-v2","800-baseline","react_ccrs_mazeV2","34","34","2026-06-26T18:18:33.148+00:00","4481","react_ccrs_mazeV2_20260626_201650.log","795","1","0","0","0","0","0"
"react-baseline-vs-ccrs-v2","800-baseline","react_ccrs_mazeV2","35","35","2026-06-26T18:18:36.775+00:00","3627","react_ccrs_mazeV2_20260626_201650.log","807","1","0","0","0","0","0"
"react-baseline-vs-ccrs-v2","800-baseline","react_ccrs_mazeV2","36","36","2026-06-26T18:18:40.542+00:00","3767","react_ccrs_mazeV2_20260626_201650.log","843","1","0","0","0","0","0"
"react-baseline-vs-ccrs-v2","800-baseline","react_ccrs_mazeV2","37","37","2026-06-26T18:18:43.040+00:00","2498","react_ccrs_mazeV2_20260626_201650.log","855","1","0","0","0","0","0"
"react-baseline-vs-ccrs-v2","800-baseline","react_ccrs_mazeV2","38","38","2026-06-26T18:18:46.645+00:00","3605","react_ccrs_mazeV2_20260626_201650.log","891","1","0","0","0","0","0"
"react-baseline-vs-ccrs-v2","800-baseline","react_ccrs_mazeV2","39","39","2026-06-26T18:18:50.214+00:00","3569","react_ccrs_mazeV2_20260626_201650.log","903","1","0","0","0","0","0"
"react-baseline-vs-ccrs-v2","800-baseline","react_ccrs_mazeV2","40","40","2026-06-26T18:18:53.770+00:00","3556","react_ccrs_mazeV2_20260626_201650.log","921","1","0","0","0","0","0"
"react-baseline-vs-ccrs-v2","800-baseline","react_ccrs_mazeV2","41","41","2026-06-26T18:18:56.629+00:00","2859","react_ccrs_mazeV2_20260626_201650.log","932","1","0","0","0","0","0"
"react-baseline-vs-ccrs-v2","800-baseline","react_ccrs_mazeV2","42","42","2026-06-26T18:19:00.511+00:00","3882","react_ccrs_mazeV2_20260626_201650.log","950","1","0","0","0","0","0"
"react-baseline-vs-ccrs-v2","800-baseline","react_ccrs_mazeV2","43","43","2026-06-26T18:19:02.890+00:00","2379","react_ccrs_mazeV2_20260626_201650.log","962","1","0","0","0","0","0"
"react-baseline-vs-ccrs-v2","800-baseline","react_ccrs_mazeV2","44","44","2026-06-26T18:19:06.327+00:00","3437","react_ccrs_mazeV2_20260626_201650.log","980","1","0","0","0","0","0"
"react-baseline-vs-ccrs-v2","800-baseline","react_ccrs_mazeV2","45","45","2026-06-26T18:19:08.774+00:00","2447","react_ccrs_mazeV2_20260626_201650.log","992","1","0","0","0","0","0"
"react-baseline-vs-ccrs-v2","800-baseline","react_ccrs_mazeV2","46","46","2026-06-26T18:19:12.079+00:00","3305","react_ccrs_mazeV2_20260626_201650.log","1010","1","0","0","0","0","0"
"react-baseline-vs-ccrs-v2","800-baseline","react_ccrs_mazeV2","47","47","2026-06-26T18:19:14.507+00:00","2428","react_ccrs_mazeV2_20260626_201650.log","1022","1","0","0","0","0","0"
"react-baseline-vs-ccrs-v2","800-baseline","react_ccrs_mazeV2","48","48","2026-06-26T18:19:18.343+00:00","3836","react_ccrs_mazeV2_20260626_201650.log","1040","1","0","0","0","0","0"
"react-baseline-vs-ccrs-v2","800-baseline","react_ccrs_mazeV2","49","49","2026-06-26T18:19:20.983+00:00","2640","react_ccrs_mazeV2_20260626_201650.log","1052","1","0","0","0","0","0"
"react-baseline-vs-ccrs-v2","800-baseline","react_ccrs_mazeV2","50","50","2026-06-26T18:19:24.454+00:00","3471","react_ccrs_mazeV2_20260626_201650.log","1070","1","0","0","0","0","0"
"react-baseline-vs-ccrs-v2","800-baseline","react_ccrs_mazeV2","51","51","2026-06-26T18:19:26.892+00:00","2438","react_ccrs_mazeV2_20260626_201650.log","1082","1","0","0","0","0","0"
"react-baseline-vs-ccrs-v2","800-baseline","react_ccrs_mazeV2","52","52","2026-06-26T18:19:30.037+00:00","3145","react_ccrs_mazeV2_20260626_201650.log","1100","1","0","0","0","0","0"
"react-baseline-vs-ccrs-v2","800-baseline","react_ccrs_mazeV2","53","53","2026-06-26T18:19:32.602+00:00","2565","react_ccrs_mazeV2_20260626_201650.log","1112","1","0","0","0","0","0"
"react-baseline-vs-ccrs-v2","800-baseline","react_ccrs_mazeV2","54","54","2026-06-26T18:19:37.439+00:00","4837","react_ccrs_mazeV2_20260626_201650.log","1130","1","0","0","0","0","0"
"react-baseline-vs-ccrs-v2","800-baseline","react_ccrs_mazeV2","55","55","2026-06-26T18:19:39.741+00:00","2302","react_ccrs_mazeV2_20260626_201650.log","1142","1","0","0","0","0","0"
"react-baseline-vs-ccrs-v2","800-baseline","react_ccrs_mazeV2","56","56","2026-06-26T18:19:42.866+00:00","3125","react_ccrs_mazeV2_20260626_201650.log","1160","1","0","0","0","0","0"
"react-baseline-vs-ccrs-v2","800-baseline","react_ccrs_mazeV2","57","57","2026-06-26T18:19:49.051+00:00","6185","react_ccrs_mazeV2_20260626_201650.log","1172","1","0","0","0","0","0"
"react-baseline-vs-ccrs-v2","800-baseline","react_ccrs_mazeV2","58","58","2026-06-26T18:19:52.347+00:00","3296","react_ccrs_mazeV2_20260626_201650.log","1190","1","0","0","0","0","0"
"react-baseline-vs-ccrs-v2","800-baseline","react_ccrs_mazeV2","59","59","2026-06-26T18:19:55.988+00:00","3641","react_ccrs_mazeV2_20260626_201650.log","1202","1","0","0","0","0","0"
"react-baseline-vs-ccrs-v2","800-baseline","react_ccrs_mazeV2","60","60","2026-06-26T18:19:59.274+00:00","3286","react_ccrs_mazeV2_20260626_201650.log","1220","1","0","0","0","0","0"
"react-baseline-vs-ccrs-v2","800-baseline","react_ccrs_mazeV2","61","61","2026-06-26T18:20:01.655+00:00","2381","react_ccrs_mazeV2_20260626_201650.log","1232","1","0","0","0","0","0"
"react-baseline-vs-ccrs-v2","800-baseline","react_ccrs_mazeV2","62","62","2026-06-26T18:20:04.644+00:00","2989","react_ccrs_mazeV2_20260626_201650.log","1268","1","0","0","0","0","0"
"react-baseline-vs-ccrs-v2","800-baseline","react_ccrs_mazeV2","63","63","2026-06-26T18:20:07.252+00:00","2608","react_ccrs_mazeV2_20260626_201650.log","1280","1","0","0","0","0","0"
"react-baseline-vs-ccrs-v2","800-baseline","react_ccrs_mazeV2","64","64","2026-06-26T18:20:11.187+00:00","3935","react_ccrs_mazeV2_20260626_201650.log","1316","1","0","0","0","0","0"
"react-baseline-vs-ccrs-v2","800-baseline","react_ccrs_mazeV2","65","65","2026-06-26T18:20:13.731+00:00","2544","react_ccrs_mazeV2_20260626_201650.log","1328","1","0","0","0","0","0"
"react-baseline-vs-ccrs-v2","800-baseline","react_ccrs_mazeV2","66","66","2026-06-26T18:20:17.454+00:00","3723","react_ccrs_mazeV2_20260626_201650.log","1364","1","0","0","0","0","0"
"react-baseline-vs-ccrs-v2","800-baseline","react_ccrs_mazeV2","67","67","2026-06-26T18:20:20.132+00:00","2678","react_ccrs_mazeV2_20260626_201650.log","1376","1","0","0","0","0","0"
"react-baseline-vs-ccrs-v2","800-baseline","react_ccrs_mazeV2","68","68","2026-06-26T18:20:23.627+00:00","3495","react_ccrs_mazeV2_20260626_201650.log","1412","1","0","0","0","0","0"
"react-baseline-vs-ccrs-v2","800-baseline","react_ccrs_mazeV2","69","69","2026-06-26T18:20:26.137+00:00","2510","react_ccrs_mazeV2_20260626_201650.log","1424","1","0","0","0","0","0"
"react-baseline-vs-ccrs-v2","800-baseline","react_ccrs_mazeV2","70","70","2026-06-26T18:20:29.411+00:00","3274","react_ccrs_mazeV2_20260626_201650.log","1460","1","0","0","0","0","0"
"react-baseline-vs-ccrs-v2","800-baseline","react_ccrs_mazeV2","71","71","2026-06-26T18:20:31.573+00:00","2162","react_ccrs_mazeV2_20260626_201650.log","1472","1","0","0","0","0","0"
"react-baseline-vs-ccrs-v2","800-baseline","react_ccrs_mazeV2","72","72","2026-06-26T18:20:34.855+00:00","3282","react_ccrs_mazeV2_20260626_201650.log","1508","1","0","0","0","0","0"
"react-baseline-vs-ccrs-v2","800-baseline","react_ccrs_mazeV2","73","73","2026-06-26T18:20:38.235+00:00","3380","react_ccrs_mazeV2_20260626_201650.log","1520","1","0","0","0","0","0"
"react-baseline-vs-ccrs-v2","800-baseline","react_ccrs_mazeV2","74","74","2026-06-26T18:20:41.453+00:00","3218","react_ccrs_mazeV2_20260626_201650.log","1556","1","0","0","0","0","0"
"react-baseline-vs-ccrs-v2","800-baseline","react_ccrs_mazeV2","75","75","2026-06-26T18:20:44.017+00:00","2564","react_ccrs_mazeV2_20260626_201650.log","1568","1","0","0","0","0","0"
"react-baseline-vs-ccrs-v2","800-baseline","react_ccrs_mazeV2","76","76","2026-06-26T18:20:47.905+00:00","3888","react_ccrs_mazeV2_20260626_201650.log","1604","1","0","0","0","0","0"
"react-baseline-vs-ccrs-v2","800-baseline","react_ccrs_mazeV2","77","77","2026-06-26T18:20:50.299+00:00","2394","react_ccrs_mazeV2_20260626_201650.log","1616","1","0","0","0","0","0"
"react-baseline-vs-ccrs-v2","800-baseline","react_ccrs_mazeV2","78","78","2026-06-26T18:20:54.146+00:00","3847","react_ccrs_mazeV2_20260626_201650.log","1652","1","0","0","0","0","0"
"react-baseline-vs-ccrs-v2","800-baseline","react_ccrs_mazeV2","79","79","2026-06-26T18:20:56.671+00:00","2525","react_ccrs_mazeV2_20260626_201650.log","1664","1","0","0","0","0","0"
"react-baseline-vs-ccrs-v2","800-baseline","react_ccrs_mazeV2","80","80","2026-06-26T18:20:59.822+00:00","3151","react_ccrs_mazeV2_20260626_201650.log","1700","1","0","0","0","0","0"
"react-baseline-vs-ccrs-v2","800-baseline","react_ccrs_mazeV2","81","81","2026-06-26T18:21:02.445+00:00","2623","react_ccrs_mazeV2_20260626_201650.log","1712","1","0","0","0","0","0"
"react-baseline-vs-ccrs-v2","800-baseline","react_ccrs_mazeV2","82","82","2026-06-26T18:21:05.481+00:00","3036","react_ccrs_mazeV2_20260626_201650.log","1730","1","0","0","0","0","0"
"react-baseline-vs-ccrs-v2","800-baseline","react_ccrs_mazeV2","83","83","2026-06-26T18:21:07.851+00:00","2370","react_ccrs_mazeV2_20260626_201650.log","1741","1","0","0","0","0","0"
"react-baseline-vs-ccrs-v2","800-baseline","react_ccrs_mazeV2","84","84","2026-06-26T18:21:11.413+00:00","3562","react_ccrs_mazeV2_20260626_201650.log","1759","1","0","0","0","0","0"
"react-baseline-vs-ccrs-v2","800-baseline","react_ccrs_mazeV2","85","85","2026-06-26T18:21:25.551+00:00","14138","react_ccrs_mazeV2_20260626_201650.log","1817","1","0","0","0","0","0"
"react-baseline-vs-ccrs-v2","800-baseline","react_ccrs_mazeV2","86","86","2026-06-26T18:21:30.536+00:00","4985","react_ccrs_mazeV2_20260626_201650.log","1828","1","0","0","0","0","0"
"react-baseline-vs-ccrs-v2","800-baseline","react_ccrs_mazeV2","87","87","2026-06-26T18:21:33.726+00:00","3190","react_ccrs_mazeV2_20260626_201650.log","1864","1","0","0","0","0","0"
"react-baseline-vs-ccrs-v2","800-baseline","react_ccrs_mazeV2","88","88","2026-06-26T18:21:36.287+00:00","2561","react_ccrs_mazeV2_20260626_201650.log","1876","1","0","0","0","0","0"
"react-baseline-vs-ccrs-v2","800-baseline","react_ccrs_mazeV2","89","89","2026-06-26T18:21:39.582+00:00","3295","react_ccrs_mazeV2_20260626_201650.log","1912","1","0","0","0","0","0"
"react-baseline-vs-ccrs-v2","800-baseline","react_ccrs_mazeV2","90","90","2026-06-26T18:21:42.906+00:00","3324","react_ccrs_mazeV2_20260626_201650.log","1924","1","0","0","0","0","0"
"react-baseline-vs-ccrs-v2","800-baseline","react_ccrs_mazeV2","91","91","2026-06-26T18:21:46.535+00:00","3629","react_ccrs_mazeV2_20260626_201650.log","1960","1","0","0","0","0","0"
"react-baseline-vs-ccrs-v2","800-baseline","react_ccrs_mazeV2","92","92","2026-06-26T18:21:48.925+00:00","2390","react_ccrs_mazeV2_20260626_201650.log","1972","1","0","0","0","0","0"
"react-baseline-vs-ccrs-v2","800-baseline","react_ccrs_mazeV2","93","93","2026-06-26T18:21:52.613+00:00","3688","react_ccrs_mazeV2_20260626_201650.log","2010","1","0","0","0","0","0"
"react-baseline-vs-ccrs-v2","800-baseline","react_ccrs_mazeV2","94","94","2026-06-26T18:21:54.938+00:00","2325","react_ccrs_mazeV2_20260626_201650.log","2022","1","0","0","0","0","0"
"react-baseline-vs-ccrs-v2","800-baseline","react_ccrs_mazeV2","95","95","2026-06-26T18:21:58.623+00:00","3685","react_ccrs_mazeV2_20260626_201650.log","2058","1","0","0","0","0","0"
"react-baseline-vs-ccrs-v2","800-baseline","react_ccrs_mazeV2","96","96","2026-06-26T18:22:00.985+00:00","2362","react_ccrs_mazeV2_20260626_201650.log","2070","1","0","0","0","0","0"
"react-baseline-vs-ccrs-v2","800-baseline","react_ccrs_mazeV2","97","97","2026-06-26T18:22:04.123+00:00","3138","react_ccrs_mazeV2_20260626_201650.log","2106","1","0","0","0","0","0"
"react-baseline-vs-ccrs-v2","800-baseline","react_ccrs_mazeV2","98","98","2026-06-26T18:22:08.022+00:00","3899","react_ccrs_mazeV2_20260626_201650.log","2118","1","0","0","0","0","0"
"react-baseline-vs-ccrs-v2","800-baseline","react_ccrs_mazeV2","99","99","2026-06-26T18:22:11.079+00:00","3057","react_ccrs_mazeV2_20260626_201650.log","2154","1","0","0","0","0","0"
"react-baseline-vs-ccrs-v2","800-baseline","react_ccrs_mazeV2","100","100","2026-06-26T18:22:13.721+00:00","2642","react_ccrs_mazeV2_20260626_201650.log","2166","1","0","0","0","0","0"
"react-baseline-vs-ccrs-v2","800-baseline","react_ccrs_mazeV2","101","101","2026-06-26T18:22:16.749+00:00","3028","react_ccrs_mazeV2_20260626_201650.log","2202","1","0","0","0","0","0"
"react-baseline-vs-ccrs-v2","800-baseline","react_ccrs_mazeV2","102","102","2026-06-26T18:22:19.355+00:00","2606","react_ccrs_mazeV2_20260626_201650.log","2214","1","0","0","0","0","0"
"react-baseline-vs-ccrs-v2","800-baseline","react_ccrs_mazeV2","103","103","2026-06-26T18:22:23.007+00:00","3652","react_ccrs_mazeV2_20260626_201650.log","2252","1","0","0","0","0","0"
"react-baseline-vs-ccrs-v2","800-baseline","react_ccrs_mazeV2","104","104","2026-06-26T18:22:25.648+00:00","2641","react_ccrs_mazeV2_20260626_201650.log","2264","1","0","0","0","0","0"
"react-baseline-vs-ccrs-v2","800-baseline","react_ccrs_mazeV2","105","105","2026-06-26T18:22:28.971+00:00","3323","react_ccrs_mazeV2_20260626_201650.log","2300","1","0","0","0","0","0"
"react-baseline-vs-ccrs-v2","800-baseline","react_ccrs_mazeV2","106","106","2026-06-26T18:22:32.902+00:00","3931","react_ccrs_mazeV2_20260626_201650.log","2312","1","0","0","0","0","0"
"react-baseline-vs-ccrs-v2","800-baseline","react_ccrs_mazeV2","107","107","2026-06-26T18:22:36.031+00:00","3129","react_ccrs_mazeV2_20260626_201650.log","2348","1","0","0","0","0","0"
"react-baseline-vs-ccrs-v2","800-baseline","react_ccrs_mazeV2","108","108","2026-06-26T18:22:38.491+00:00","2460","react_ccrs_mazeV2_20260626_201650.log","2360","1","0","0","0","0","0"
"react-baseline-vs-ccrs-v2","800-baseline","react_ccrs_mazeV2","109","109","2026-06-26T18:22:43.942+00:00","5451","react_ccrs_mazeV2_20260626_201650.log","2396","1","0","0","0","0","0"
"react-baseline-vs-ccrs-v2","800-baseline","react_ccrs_mazeV2","110","110","2026-06-26T18:22:46.500+00:00","2558","react_ccrs_mazeV2_20260626_201650.log","2408","1","0","0","0","0","0"
"react-baseline-vs-ccrs-v2","800-baseline","react_ccrs_mazeV2","111","111","2026-06-26T18:22:51.795+00:00","5295","react_ccrs_mazeV2_20260626_201650.log","2444","1","0","0","0","0","0"
"react-baseline-vs-ccrs-v2","800-baseline","react_ccrs_mazeV2","112","112","2026-06-26T18:22:54.710+00:00","2915","react_ccrs_mazeV2_20260626_201650.log","2456","1","0","0","0","0","0"
"react-baseline-vs-ccrs-v2","800-baseline","react_ccrs_mazeV2","113","113","2026-06-26T18:22:58.233+00:00","3523","react_ccrs_mazeV2_20260626_201650.log","2494","1","0","0","0","0","0"
"react-baseline-vs-ccrs-v2","800-baseline","react_ccrs_mazeV2","114","114","2026-06-26T18:23:01.400+00:00","3167","react_ccrs_mazeV2_20260626_201650.log","2506","1","0","0","0","0","0"
"react-baseline-vs-ccrs-v2","800-baseline","react_ccrs_mazeV2","115","115","2026-06-26T18:23:07.628+00:00","6228","react_ccrs_mazeV2_20260626_201650.log","2542","1","0","0","0","0","0"
"react-baseline-vs-ccrs-v2","800-baseline","react_ccrs_mazeV2","116","116","2026-06-26T18:23:10.417+00:00","2789","react_ccrs_mazeV2_20260626_201650.log","2554","1","0","0","0","0","0"
"react-baseline-vs-ccrs-v2","800-baseline","react_ccrs_mazeV2","117","117","2026-06-26T18:23:14.140+00:00","3723","react_ccrs_mazeV2_20260626_201650.log","2592","1","0","0","0","0","0"
"react-baseline-vs-ccrs-v2","800-baseline","react_ccrs_mazeV2","118","118","2026-06-26T18:23:16.991+00:00","2851","react_ccrs_mazeV2_20260626_201650.log","2604","1","0","0","0","0","0"
"react-baseline-vs-ccrs-v2","800-baseline","react_ccrs_mazeV2","119","119","2026-06-26T18:23:20.520+00:00","3529","react_ccrs_mazeV2_20260626_201650.log","2640","1","0","0","0","0","0"
"react-baseline-vs-ccrs-v2","800-baseline","react_ccrs_mazeV2","120","120","2026-06-26T18:23:22.871+00:00","2351","react_ccrs_mazeV2_20260626_201650.log","2652","1","0","0","0","0","0"
"react-baseline-vs-ccrs-v2","800-baseline","react_ccrs_mazeV2","121","121","2026-06-26T18:23:26.963+00:00","4092","react_ccrs_mazeV2_20260626_201650.log","2688","1","0","0","0","0","0"
"react-baseline-vs-ccrs-v2","800-baseline","react_ccrs_mazeV2","122","122","2026-06-26T18:23:29.774+00:00","2811","react_ccrs_mazeV2_20260626_201650.log","2700","1","0","0","0","0","0"
"react-baseline-vs-ccrs-v2","800-baseline","react_ccrs_mazeV2","123","123","2026-06-26T18:23:33.586+00:00","3812","react_ccrs_mazeV2_20260626_201650.log","2736","1","0","0","0","0","0"
"react-baseline-vs-ccrs-v2","800-baseline","react_ccrs_mazeV2","124","124","2026-06-26T18:23:36.224+00:00","2638","react_ccrs_mazeV2_20260626_201650.log","2748","1","0","0","0","0","0"
"react-baseline-vs-ccrs-v2","800-baseline","react_ccrs_mazeV2","125","125","2026-06-26T18:23:39.838+00:00","3614","react_ccrs_mazeV2_20260626_201650.log","2786","1","0","0","0","0","0"
"react-baseline-vs-ccrs-v2","800-baseline","react_ccrs_mazeV2","126","126","2026-06-26T18:23:42.986+00:00","3148","react_ccrs_mazeV2_20260626_201650.log","2798","1","0","0","0","0","0"
"react-baseline-vs-ccrs-v2","800-baseline","react_ccrs_mazeV2","127","127","2026-06-26T18:23:46.257+00:00","3271","react_ccrs_mazeV2_20260626_201650.log","2834","1","0","0","0","0","0"
"react-baseline-vs-ccrs-v2","800-baseline","react_ccrs_mazeV2","128","128","2026-06-26T18:23:49.075+00:00","2818","react_ccrs_mazeV2_20260626_201650.log","2846","1","0","0","0","0","0"
"react-baseline-vs-ccrs-v2","800-baseline","react_ccrs_mazeV2","129","129","2026-06-26T18:23:52.652+00:00","3577","react_ccrs_mazeV2_20260626_201650.log","2882","1","0","0","0","0","0"
"react-baseline-vs-ccrs-v2","800-baseline","react_ccrs_mazeV2","130","130","2026-06-26T18:23:55.192+00:00","2540","react_ccrs_mazeV2_20260626_201650.log","2894","1","0","0","0","0","0"
"react-baseline-vs-ccrs-v2","800-baseline","react_ccrs_mazeV2","131","131","2026-06-26T18:23:59.075+00:00","3883","react_ccrs_mazeV2_20260626_201650.log","2932","1","0","0","0","0","0"
"react-baseline-vs-ccrs-v2","800-baseline","react_ccrs_mazeV2","132","132","2026-06-26T18:24:01.616+00:00","2541","react_ccrs_mazeV2_20260626_201650.log","2944","1","0","0","0","0","0"
"react-baseline-vs-ccrs-v2","800-baseline","react_ccrs_mazeV2","133","133","2026-06-26T18:24:04.912+00:00","3296","react_ccrs_mazeV2_20260626_201650.log","2980","1","0","0","0","0","0"
"react-baseline-vs-ccrs-v2","800-baseline","react_ccrs_mazeV2","134","134","2026-06-26T18:24:07.501+00:00","2589","react_ccrs_mazeV2_20260626_201650.log","2992","1","0","0","0","0","0"
"react-baseline-vs-ccrs-v2","800-baseline","react_ccrs_mazeV2","135","135","2026-06-26T18:24:10.699+00:00","3198","react_ccrs_mazeV2_20260626_201650.log","3028","1","0","0","0","0","0"
"react-baseline-vs-ccrs-v2","800-baseline","react_ccrs_mazeV2","136","136","2026-06-26T18:24:13.150+00:00","2451","react_ccrs_mazeV2_20260626_201650.log","3040","1","0","0","0","0","0"
"react-baseline-vs-ccrs-v2","800-baseline","react_ccrs_mazeV2","137","137","2026-06-26T18:24:16.350+00:00","3200","react_ccrs_mazeV2_20260626_201650.log","3078","1","0","0","0","0","0"
"react-baseline-vs-ccrs-v2","800-baseline","react_ccrs_mazeV2","138","138","2026-06-26T18:24:18.635+00:00","2285","react_ccrs_mazeV2_20260626_201650.log","3090","1","0","0","0","0","0"
"react-baseline-vs-ccrs-v2","800-baseline","react_ccrs_mazeV2","139","139","2026-06-26T18:24:22.131+00:00","3496","react_ccrs_mazeV2_20260626_201650.log","3128","1","0","0","0","0","0"
"react-baseline-vs-ccrs-v2","800-baseline","react_ccrs_mazeV2","140","140","2026-06-26T18:24:25.433+00:00","3302","react_ccrs_mazeV2_20260626_201650.log","3140","1","0","0","0","0","0"
"react-baseline-vs-ccrs-v2","800-baseline","react_ccrs_mazeV2","141","141","2026-06-26T18:24:28.816+00:00","3383","react_ccrs_mazeV2_20260626_201650.log","3178","1","0","0","0","0","0"
"react-baseline-vs-ccrs-v2","800-baseline","react_ccrs_mazeV2","142","142","2026-06-26T18:24:30.980+00:00","2164","react_ccrs_mazeV2_20260626_201650.log","3190","1","0","0","0","0","0"
"react-baseline-vs-ccrs-v2","800-baseline","react_ccrs_mazeV2","143","143","2026-06-26T18:24:36.355+00:00","5375","react_ccrs_mazeV2_20260626_201650.log","3228","1","0","0","0","0","0"
"react-baseline-vs-ccrs-v2","800-baseline","react_ccrs_mazeV2","144","144","2026-06-26T18:24:38.813+00:00","2458","react_ccrs_mazeV2_20260626_201650.log","3240","1","0","0","0","0","0"
"react-baseline-vs-ccrs-v2","800-baseline","react_ccrs_mazeV2","145","145","2026-06-26T18:24:42.034+00:00","3221","react_ccrs_mazeV2_20260626_201650.log","3278","1","0","0","0","0","0"
"react-baseline-vs-ccrs-v2","800-baseline","react_ccrs_mazeV2","146","146","2026-06-26T18:24:44.892+00:00","2858","react_ccrs_mazeV2_20260626_201650.log","3290","1","0","0","0","0","0"
"react-baseline-vs-ccrs-v2","800-baseline","react_ccrs_mazeV2","147","147","2026-06-26T18:24:48.042+00:00","3150","react_ccrs_mazeV2_20260626_201650.log","3330","1","0","0","0","0","0"
"react-baseline-vs-ccrs-v2","800-baseline","react_ccrs_mazeV2","148","148","2026-06-26T18:24:51.717+00:00","3675","react_ccrs_mazeV2_20260626_201650.log","3342","1","0","0","0","0","0"
"react-baseline-vs-ccrs-v2","800-baseline","react_ccrs_mazeV2","149","149","2026-06-26T18:24:54.996+00:00","3279","react_ccrs_mazeV2_20260626_201650.log","3380","1","0","0","0","0","0"
"react-baseline-vs-ccrs-v2","800-baseline","react_ccrs_mazeV2","150","150","2026-06-26T18:24:57.432+00:00","2436","react_ccrs_mazeV2_20260626_201650.log","3392","1","0","0","0","0","0"
"react-baseline-vs-ccrs-v2","800-baseline","react_ccrs_mazeV2","151","151","2026-06-26T18:25:00.760+00:00","3328","react_ccrs_mazeV2_20260626_201650.log","3430","1","0","0","0","0","0"
"react-baseline-vs-ccrs-v2","800-baseline","react_ccrs_mazeV2","152","152","2026-06-26T18:25:03.139+00:00","2379","react_ccrs_mazeV2_20260626_201650.log","3442","1","0","0","0","0","0"
"react-baseline-vs-ccrs-v2","800-baseline","react_ccrs_mazeV2","153","153","2026-06-26T18:25:06.563+00:00","3424","react_ccrs_mazeV2_20260626_201650.log","3480","1","0","0","0","0","0"
"react-baseline-vs-ccrs-v2","800-baseline","react_ccrs_mazeV2","154","154","2026-06-26T18:25:08.857+00:00","2294","react_ccrs_mazeV2_20260626_201650.log","3492","1","0","0","0","0","0"
"react-baseline-vs-ccrs-v2","800-baseline","react_ccrs_mazeV2","155","155","2026-06-26T18:25:13.083+00:00","4226","react_ccrs_mazeV2_20260626_201650.log","3530","1","0","0","0","0","0"
"react-baseline-vs-ccrs-v2","800-baseline","react_ccrs_mazeV2","156","156","2026-06-26T18:25:16.114+00:00","3031","react_ccrs_mazeV2_20260626_201650.log","3542","1","0","0","0","0","0"
"react-baseline-vs-ccrs-v2","800-baseline","react_ccrs_mazeV2","157","157","2026-06-26T18:25:19.784+00:00","3670","react_ccrs_mazeV2_20260626_201650.log","3580","1","0","0","0","0","0"
"react-baseline-vs-ccrs-v2","800-baseline","react_ccrs_mazeV2","158","158","2026-06-26T18:25:22.141+00:00","2357","react_ccrs_mazeV2_20260626_201650.log","3592","1","0","0","0","0","0"
"react-baseline-vs-ccrs-v2","800-baseline","react_ccrs_mazeV2","159","159","2026-06-26T18:25:25.673+00:00","3532","react_ccrs_mazeV2_20260626_201650.log","3632","1","0","0","0","0","0"
"react-baseline-vs-ccrs-v2","800-baseline","react_ccrs_mazeV2","160","160","2026-06-26T18:25:28.114+00:00","2441","react_ccrs_mazeV2_20260626_201650.log","3644","1","0","0","0","0","0"
"react-baseline-vs-ccrs-v2","800-baseline","react_ccrs_mazeV2","161","161","2026-06-26T18:25:31.184+00:00","3070","react_ccrs_mazeV2_20260626_201650.log","3682","1","0","0","0","0","0"
"react-baseline-vs-ccrs-v2","800-baseline","react_ccrs_mazeV2","162","162","2026-06-26T18:25:34.433+00:00","3249","react_ccrs_mazeV2_20260626_201650.log","3694","1","0","0","0","0","0"
"react-baseline-vs-ccrs-v2","800-baseline","react_ccrs_mazeV2","163","163","2026-06-26T18:25:37.701+00:00","3268","react_ccrs_mazeV2_20260626_201650.log","3732","1","0","0","0","0","0"
"react-baseline-vs-ccrs-v2","800-baseline","react_ccrs_mazeV2","164","164","2026-06-26T18:25:40.283+00:00","2582","react_ccrs_mazeV2_20260626_201650.log","3744","1","0","0","0","0","0"
"react-baseline-vs-ccrs-v2","800-baseline","react_ccrs_mazeV2","165","165","2026-06-26T18:25:43.747+00:00","3464","react_ccrs_mazeV2_20260626_201650.log","3782","1","0","0","0","0","0"
"react-baseline-vs-ccrs-v2","800-baseline","react_ccrs_mazeV2","166","166","2026-06-26T18:25:46.099+00:00","2352","react_ccrs_mazeV2_20260626_201650.log","3794","1","0","0","0","0","0"
"react-baseline-vs-ccrs-v2","800-baseline","react_ccrs_mazeV2","167","167","2026-06-26T18:25:49.595+00:00","3496","react_ccrs_mazeV2_20260626_201650.log","3831","1","0","0","0","0","0"
"react-baseline-vs-ccrs-v2","800-baseline","react_ccrs_mazeV2","168","168","2026-06-26T18:25:51.967+00:00","2372","react_ccrs_mazeV2_20260626_201650.log","3843","1","0","0","0","0","0"
"react-baseline-vs-ccrs-v2","800-baseline","react_ccrs_mazeV2","169","169","2026-06-26T18:25:55.399+00:00","3432","react_ccrs_mazeV2_20260626_201650.log","3881","1","0","0","0","0","0"
"react-baseline-vs-ccrs-v2","800-baseline","react_ccrs_mazeV2","170","170","2026-06-26T18:25:57.988+00:00","2589","react_ccrs_mazeV2_20260626_201650.log","3893","1","0","0","0","0","0"
"react-baseline-vs-ccrs-v2","800-baseline","react_ccrs_mazeV2","171","171","2026-06-26T18:26:04.605+00:00","6617","react_ccrs_mazeV2_20260626_201650.log","3931","1","0","0","0","0","0"
"react-baseline-vs-ccrs-v2","800-baseline","react_ccrs_mazeV2","172","172","2026-06-26T18:26:07.034+00:00","2429","react_ccrs_mazeV2_20260626_201650.log","3943","1","0","0","0","0","0"
"react-baseline-vs-ccrs-v2","800-baseline","react_ccrs_mazeV2","173","173","2026-06-26T18:26:10.304+00:00","3270","react_ccrs_mazeV2_20260626_201650.log","3981","1","0","0","0","0","0"
"react-baseline-vs-ccrs-v2","800-baseline","react_ccrs_mazeV2","174","174","2026-06-26T18:26:13.135+00:00","2831","react_ccrs_mazeV2_20260626_201650.log","3993","1","0","0","0","0","0"
"react-baseline-vs-ccrs-v2","800-baseline","react_ccrs_mazeV2","175","175","2026-06-26T18:26:16.331+00:00","3196","react_ccrs_mazeV2_20260626_201650.log","4031","1","0","0","0","0","0"
"react-baseline-vs-ccrs-v2","800-baseline","react_ccrs_mazeV2","176","176","2026-06-26T18:26:18.589+00:00","2258","react_ccrs_mazeV2_20260626_201650.log","4043","1","0","0","0","0","0"
"react-baseline-vs-ccrs-v2","800-baseline","react_ccrs_mazeV2","177","177","2026-06-26T18:26:21.852+00:00","3263","react_ccrs_mazeV2_20260626_201650.log","4078","1","0","0","0","0","0"
"react-baseline-vs-ccrs-v2","800-baseline","react_ccrs_mazeV2","178","178","2026-06-26T18:26:24.114+00:00","2262","react_ccrs_mazeV2_20260626_201650.log","4090","1","0","0","0","0","0"
"react-baseline-vs-ccrs-v2","800-baseline","react_ccrs_mazeV2","179","179","2026-06-26T18:26:27.851+00:00","3737","react_ccrs_mazeV2_20260626_201650.log","4128","1","0","0","0","0","0"
"react-baseline-vs-ccrs-v2","800-baseline","react_ccrs_mazeV2","180","180","2026-06-26T18:26:30.117+00:00","2266","react_ccrs_mazeV2_20260626_201650.log","4140","1","0","0","0","0","0"
"react-baseline-vs-ccrs-v2","800-baseline","react_ccrs_mazeV2","181","181","2026-06-26T18:26:33.296+00:00","3179","react_ccrs_mazeV2_20260626_201650.log","4175","1","0","0","0","0","0"
"react-baseline-vs-ccrs-v2","800-baseline","react_ccrs_mazeV2","182","182","2026-06-26T18:26:36.775+00:00","3479","react_ccrs_mazeV2_20260626_201650.log","4187","1","0","0","0","0","0"
"react-baseline-vs-ccrs-v2","800-baseline","react_ccrs_mazeV2","183","183","2026-06-26T18:26:40.154+00:00","3379","react_ccrs_mazeV2_20260626_201650.log","4225","1","0","0","0","0","0"
"react-baseline-vs-ccrs-v2","800-baseline","react_ccrs_mazeV2","184","184","2026-06-26T18:26:42.371+00:00","2217","react_ccrs_mazeV2_20260626_201650.log","4237","1","0","0","0","0","0"
"react-baseline-vs-ccrs-v2","800-baseline","react_ccrs_mazeV2","185","185","2026-06-26T18:26:45.768+00:00","3397","react_ccrs_mazeV2_20260626_201650.log","4272","1","0","0","0","0","0"
"react-baseline-vs-ccrs-v2","800-baseline","react_ccrs_mazeV2","186","186","2026-06-26T18:26:48.174+00:00","2406","react_ccrs_mazeV2_20260626_201650.log","4284","1","0","0","0","0","0"
"react-baseline-vs-ccrs-v2","800-baseline","react_ccrs_mazeV2","187","187","2026-06-26T18:26:51.369+00:00","3195","react_ccrs_mazeV2_20260626_201650.log","4322","1","0","0","0","0","0"
"react-baseline-vs-ccrs-v2","800-baseline","react_ccrs_mazeV2","188","188","2026-06-26T18:26:53.769+00:00","2400","react_ccrs_mazeV2_20260626_201650.log","4334","1","0","0","0","0","0"
"react-baseline-vs-ccrs-v2","800-baseline","react_ccrs_mazeV2","189","189","2026-06-26T18:26:57.211+00:00","3442","react_ccrs_mazeV2_20260626_201650.log","4374","1","0","0","0","0","0"
"react-baseline-vs-ccrs-v2","800-baseline","react_ccrs_mazeV2","190","190","2026-06-26T18:27:01.100+00:00","3889","react_ccrs_mazeV2_20260626_201650.log","4386","1","0","0","0","0","0"
"react-baseline-vs-ccrs-v2","800-baseline","react_ccrs_mazeV2","191","191","2026-06-26T18:27:04.706+00:00","3606","react_ccrs_mazeV2_20260626_201650.log","4424","1","0","0","0","0","0"
"react-baseline-vs-ccrs-v2","800-baseline","react_ccrs_mazeV2","192","192","2026-06-26T18:27:07.017+00:00","2311","react_ccrs_mazeV2_20260626_201650.log","4436","1","0","0","0","0","0"
"react-baseline-vs-ccrs-v2","800-baseline","react_ccrs_mazeV2","193","193","2026-06-26T18:27:11.348+00:00","4331","react_ccrs_mazeV2_20260626_201650.log","4474","1","0","0","0","0","0"
"react-baseline-vs-ccrs-v2","800-baseline","react_ccrs_mazeV2","194","194","2026-06-26T18:27:13.715+00:00","2367","react_ccrs_mazeV2_20260626_201650.log","4486","1","0","0","0","0","0"
"react-baseline-vs-ccrs-v2","800-baseline","react_ccrs_mazeV2","195","195","2026-06-26T18:27:16.729+00:00","3014","react_ccrs_mazeV2_20260626_201650.log","4524","1","0","0","0","0","0"
"react-baseline-vs-ccrs-v2","800-baseline","react_ccrs_mazeV2","196","196","2026-06-26T18:27:19.465+00:00","2736","react_ccrs_mazeV2_20260626_201650.log","4536","1","0","0","0","0","0"
"react-baseline-vs-ccrs-v2","800-baseline","react_ccrs_mazeV2","197","197","2026-06-26T18:27:22.506+00:00","3041","react_ccrs_mazeV2_20260626_201650.log","4574","1","0","0","0","0","0"
"react-baseline-vs-ccrs-v2","800-baseline","react_ccrs_mazeV2","198","198","2026-06-26T18:27:25.369+00:00","2863","react_ccrs_mazeV2_20260626_201650.log","4586","1","0","0","0","0","0"
"react-baseline-vs-ccrs-v2","800-baseline","react_ccrs_mazeV2","199","199","2026-06-26T18:27:29.354+00:00","3985","react_ccrs_mazeV2_20260626_201650.log","4624","1","0","0","0","0","0"
"react-baseline-vs-ccrs-v2","800-baseline","react_ccrs_mazeV2","200","200","2026-06-26T18:27:32.674+00:00","3320","react_ccrs_mazeV2_20260626_201650.log","4636","1","0","0","0","0","0"
"react-baseline-vs-ccrs-v2","800-baseline","react_ccrs_mazeV2","201","201","2026-06-26T18:27:35.647+00:00","2973","react_ccrs_mazeV2_20260626_201650.log","4674","1","0","0","0","0","0"
"react-baseline-vs-ccrs-v2","800-baseline","react_ccrs_mazeV2","202","202","2026-06-26T18:27:39.333+00:00","3686","react_ccrs_mazeV2_20260626_201650.log","4712","1","0","0","0","0","0"
"react-baseline-vs-ccrs-v2","800-baseline","react_ccrs_mazeV2","203","203","2026-06-26T18:27:41.926+00:00","2593","react_ccrs_mazeV2_20260626_201650.log","4724","1","0","0","0","0","0"
"react-baseline-vs-ccrs-v2","800-baseline","react_ccrs_mazeV2","204","204","2026-06-26T18:27:44.744+00:00","2818","react_ccrs_mazeV2_20260626_201650.log","4762","1","0","0","0","0","0"
"react-baseline-vs-ccrs-v2","800-baseline","react_ccrs_mazeV2","205","205","2026-06-26T18:27:49.049+00:00","4305","react_ccrs_mazeV2_20260626_201650.log","4800","1","0","0","0","0","0"
"react-baseline-vs-ccrs-v2","800-baseline","react_ccrs_mazeV2","206","206","2026-06-26T18:27:51.925+00:00","2876","react_ccrs_mazeV2_20260626_201650.log","4812","1","0","0","0","0","0"
"react-baseline-vs-ccrs-v2","800-baseline","react_ccrs_mazeV2","207","207","2026-06-26T18:27:55.738+00:00","3813","react_ccrs_mazeV2_20260626_201650.log","4852","1","0","0","0","0","0"
"react-baseline-vs-ccrs-v2","800-baseline","react_ccrs_mazeV2","208","208","2026-06-26T18:27:58.464+00:00","2726","react_ccrs_mazeV2_20260626_201650.log","4864","1","0","0","0","0","0"
"react-baseline-vs-ccrs-v2","800-baseline","react_ccrs_mazeV2","209","209","2026-06-26T18:28:01.619+00:00","3155","react_ccrs_mazeV2_20260626_201650.log","4902","1","0","0","0","0","0"
"react-baseline-vs-ccrs-v2","800-baseline","react_ccrs_mazeV2","210","210","2026-06-26T18:28:04.771+00:00","3152","react_ccrs_mazeV2_20260626_201650.log","4914","1","0","0","0","0","0"
"react-baseline-vs-ccrs-v2","800-baseline","react_ccrs_mazeV2","211","211","2026-06-26T18:28:08.479+00:00","3708","react_ccrs_mazeV2_20260626_201650.log","4952","1","0","0","0","0","0"
"react-baseline-vs-ccrs-v2","800-baseline","react_ccrs_mazeV2","212","212","2026-06-26T18:28:11.317+00:00","2838","react_ccrs_mazeV2_20260626_201650.log","4964","1","0","0","0","0","0"
"react-baseline-vs-ccrs-v2","800-baseline","react_ccrs_mazeV2","213","213","2026-06-26T18:28:14.925+00:00","3608","react_ccrs_mazeV2_20260626_201650.log","5002","1","0","0","0","0","0"
"react-baseline-vs-ccrs-v2","800-baseline","react_ccrs_mazeV2","214","214","2026-06-26T18:28:36.183+00:00","21258","react_ccrs_mazeV2_20260626_201650.log","5061","1","0","0","0","0","0"
"react-baseline-vs-ccrs-v2","800-baseline","react_ccrs_mazeV2","215","215","2026-06-26T18:28:39.109+00:00","2926","react_ccrs_mazeV2_20260626_201650.log","5073","1","0","0","0","0","0"
"react-baseline-vs-ccrs-v2","800-baseline","react_ccrs_mazeV2","216","216","2026-06-26T18:28:42.203+00:00","3094","react_ccrs_mazeV2_20260626_201650.log","5111","1","0","0","0","0","0"
"react-baseline-vs-ccrs-v2","800-baseline","react_ccrs_mazeV2","217","217","2026-06-26T18:28:44.797+00:00","2594","react_ccrs_mazeV2_20260626_201650.log","5149","1","0","0","0","0","0"
"react-baseline-vs-ccrs-v2","800-baseline","react_ccrs_mazeV2","218","218","2026-06-26T18:28:47.489+00:00","2692","react_ccrs_mazeV2_20260626_201650.log","5166","1","0","0","0","0","0"
"react-baseline-vs-ccrs-v2","800-baseline","react_ccrs_mazeV2","219","219","2026-06-26T18:28:51.394+00:00","3905","react_ccrs_mazeV2_20260626_201650.log","5183","1","0","0","0","0","0"
"react-baseline-vs-ccrs-v2","800-baseline","react_ccrs_mazeV2","220","220","2026-06-26T18:28:54.438+00:00","3044","react_ccrs_mazeV2_20260626_201650.log","5221","1","0","0","0","0","0"
"react-baseline-vs-ccrs-v2","800-baseline","react_ccrs_mazeV2","221","221","2026-06-26T18:28:58.602+00:00","4164","react_ccrs_mazeV2_20260626_201650.log","5238","1","0","0","0","0","0"
"react-baseline-vs-ccrs-v2","800-baseline","react_ccrs_mazeV2","222","222","2026-06-26T18:29:02.405+00:00","3803","react_ccrs_mazeV2_20260626_201650.log","5250","1","0","0","0","0","0"
"react-baseline-vs-ccrs-v2","800-baseline","react_ccrs_mazeV2","223","223","2026-06-26T18:29:06.381+00:00","3976","react_ccrs_mazeV2_20260626_201650.log","5288","1","0","0","0","0","0"
"react-baseline-vs-ccrs-v2","800-baseline","react_ccrs_mazeV2","224","224","2026-06-26T18:29:09.940+00:00","3559","react_ccrs_mazeV2_20260626_201650.log","5300","1","0","0","0","0","0"
"react-baseline-vs-ccrs-v2","800-baseline","react_ccrs_mazeV2","225","225","2026-06-26T18:29:12.984+00:00","3044","react_ccrs_mazeV2_20260626_201650.log","5338","1","0","0","0","0","0"
"react-baseline-vs-ccrs-v2","800-baseline","react_ccrs_mazeV2","226","226","2026-06-26T18:29:16.165+00:00","3181","react_ccrs_mazeV2_20260626_201650.log","5376","1","0","0","0","0","0"
"react-baseline-vs-ccrs-v2","800-baseline","react_ccrs_mazeV2","227","227","2026-06-26T18:29:19.102+00:00","2937","react_ccrs_mazeV2_20260626_201650.log","5393","1","0","0","0","0","0"
"react-baseline-vs-ccrs-v2","800-baseline","react_ccrs_mazeV2","228","228","2026-06-26T18:29:21.527+00:00","2425","react_ccrs_mazeV2_20260626_201650.log","5410","1","0","0","0","0","0"
"react-baseline-vs-ccrs-v2","800-baseline","react_ccrs_mazeV2","229","229","2026-06-26T18:29:24.328+00:00","2801","react_ccrs_mazeV2_20260626_201650.log","5427","1","0","0","0","0","0"
"react-baseline-vs-ccrs-v2","800-baseline","react_ccrs_mazeV2","230","230","2026-06-26T18:29:27.593+00:00","3265","react_ccrs_mazeV2_20260626_201650.log","5465","1","0","0","0","0","0"
"react-baseline-vs-ccrs-v2","800-baseline","react_ccrs_mazeV2","231","231","2026-06-26T18:29:30.994+00:00","3401","react_ccrs_mazeV2_20260626_201650.log","5503","1","0","0","0","0","0"
"react-baseline-vs-ccrs-v2","800-baseline","react_ccrs_mazeV2","232","232","2026-06-26T18:29:37.861+00:00","6867","react_ccrs_mazeV2_20260626_201650.log","5520","1","0","0","0","0","0"
"react-baseline-vs-ccrs-v2","800-baseline","react_ccrs_mazeV2","233","233","2026-06-26T18:29:40.981+00:00","3120","react_ccrs_mazeV2_20260626_201650.log","5537","1","0","0","0","0","0"
"react-baseline-vs-ccrs-v2","800-baseline","react_ccrs_mazeV2","234","234","2026-06-26T18:29:43.838+00:00","2857","react_ccrs_mazeV2_20260626_201650.log","5554","1","0","0","0","0","0"
"react-baseline-vs-ccrs-v2","800-baseline","react_ccrs_mazeV2","235","235","2026-06-26T18:29:46.580+00:00","2742","react_ccrs_mazeV2_20260626_201650.log","5592","1","0","0","0","0","0"
"react-baseline-vs-ccrs-v2","800-baseline","react_ccrs_mazeV2","236","236","2026-06-26T18:29:49.836+00:00","3256","react_ccrs_mazeV2_20260626_201650.log","5630","1","0","0","0","0","0"
"react-baseline-vs-ccrs-v2","800-baseline","react_ccrs_mazeV2","237","237","2026-06-26T18:29:52.824+00:00","2988","react_ccrs_mazeV2_20260626_201650.log","5647","1","0","0","0","0","0"
"react-baseline-vs-ccrs-v2","800-baseline","react_ccrs_mazeV2","238","238","2026-06-26T18:29:55.837+00:00","3013","react_ccrs_mazeV2_20260626_201650.log","5685","1","0","0","0","0","0"
"react-baseline-vs-ccrs-v2","800-baseline","react_ccrs_mazeV2","239","239","2026-06-26T18:29:59.043+00:00","3206","react_ccrs_mazeV2_20260626_201650.log","5723","1","0","0","0","0","0"
"react-baseline-vs-ccrs-v2","800-baseline","react_ccrs_mazeV2","240","240","2026-06-26T18:30:02.443+00:00","3400","react_ccrs_mazeV2_20260626_201650.log","5761","1","0","0","0","0","0"
"react-baseline-vs-ccrs-v2","800-baseline","react_ccrs_mazeV2","241","241","2026-06-26T18:30:05.833+00:00","3390","react_ccrs_mazeV2_20260626_201650.log","5778","1","0","0","0","0","0"
"react-baseline-vs-ccrs-v2","800-baseline","react_ccrs_mazeV2","242","242","2026-06-26T18:30:09.196+00:00","3363","react_ccrs_mazeV2_20260626_201650.log","5816","1","0","0","0","0","0"
"react-baseline-vs-ccrs-v2","800-baseline","react_ccrs_mazeV2","243","243","2026-06-26T18:30:12.311+00:00","3115","react_ccrs_mazeV2_20260626_201650.log","5854","1","0","0","0","0","0"
"react-baseline-vs-ccrs-v2","800-baseline","react_ccrs_mazeV2","244","244","2026-06-26T18:30:16.229+00:00","3918","react_ccrs_mazeV2_20260626_201650.log","5892","1","0","0","0","0","0"
"react-baseline-vs-ccrs-v2","800-baseline","react_ccrs_mazeV2","245","245","2026-06-26T18:30:19.504+00:00","3275","react_ccrs_mazeV2_20260626_201650.log","5904","1","0","0","0","0","0"
"react-baseline-vs-ccrs-v2","800-baseline","react_ccrs_mazeV2","246","246","2026-06-26T18:30:22.289+00:00","2785","react_ccrs_mazeV2_20260626_201650.log","5942","1","0","0","0","0","0"
"react-baseline-vs-ccrs-v2","800-baseline","react_ccrs_mazeV2","247","247","2026-06-26T18:30:27.028+00:00","4739","react_ccrs_mazeV2_20260626_201650.log","5959","1","0","0","0","0","0"
"react-baseline-vs-ccrs-v2","800-baseline","react_ccrs_mazeV2","248","248","2026-06-26T18:30:31.031+00:00","4003","react_ccrs_mazeV2_20260626_201650.log","5997","1","0","0","0","0","0"
"react-baseline-vs-ccrs-v2","800-baseline","react_ccrs_mazeV2","249","249","2026-06-26T18:30:34.112+00:00","3081","react_ccrs_mazeV2_20260626_201650.log","6009","1","0","0","0","0","0"
"react-baseline-vs-ccrs-v2","800-baseline","react_ccrs_mazeV2","250","250","2026-06-26T18:30:38.111+00:00","3999","react_ccrs_mazeV2_20260626_201650.log","6047","1","0","0","0","0","0"
"react-baseline-vs-ccrs-v2","800-baseline","react_ccrs_mazeV2","251","251","2026-06-26T18:30:41.246+00:00","3135","react_ccrs_mazeV2_20260626_201650.log","6059","1","0","0","0","0","0"
"react-baseline-vs-ccrs-v2","800-baseline","react_ccrs_mazeV2","252","252","2026-06-26T18:30:45.950+00:00","4704","react_ccrs_mazeV2_20260626_201650.log","6097","1","0","0","0","0","0"
"react-baseline-vs-ccrs-v2","800-baseline","react_ccrs_mazeV2","253","253","2026-06-26T18:30:49.545+00:00","3595","react_ccrs_mazeV2_20260626_201650.log","6109","1","0","0","0","0","0"
"react-baseline-vs-ccrs-v2","800-baseline","react_ccrs_mazeV2","254","254","2026-06-26T18:30:53.044+00:00","3499","react_ccrs_mazeV2_20260626_201650.log","6147","1","0","0","0","0","0"
"react-baseline-vs-ccrs-v2","800-baseline","react_ccrs_mazeV2","255","255","2026-06-26T18:30:57.234+00:00","4190","react_ccrs_mazeV2_20260626_201650.log","6185","1","0","0","0","0","0"
"react-baseline-vs-ccrs-v2","800-baseline","react_ccrs_mazeV2","256","256","2026-06-26T18:31:00.129+00:00","2895","react_ccrs_mazeV2_20260626_201650.log","6197","1","0","0","0","0","0"
"react-baseline-vs-ccrs-v2","800-baseline","react_ccrs_mazeV2","257","257","2026-06-26T18:31:02.785+00:00","2656","react_ccrs_mazeV2_20260626_201650.log","6235","1","0","0","0","0","0"
"react-baseline-vs-ccrs-v2","800-baseline","react_ccrs_mazeV2","258","258","2026-06-26T18:31:05.890+00:00","3105","react_ccrs_mazeV2_20260626_201650.log","6273","1","0","0","0","0","0"
"react-baseline-vs-ccrs-v2","800-baseline","react_ccrs_mazeV2","259","259","2026-06-26T18:31:10.168+00:00","4278","react_ccrs_mazeV2_20260626_201650.log","6290","1","0","0","0","0","0"
"react-baseline-vs-ccrs-v2","800-baseline","react_ccrs_mazeV2","260","260","2026-06-26T18:31:12.986+00:00","2818","react_ccrs_mazeV2_20260626_201650.log","6302","1","0","0","0","0","0"
"react-baseline-vs-ccrs-v2","800-baseline","react_ccrs_mazeV2","261","261","2026-06-26T18:31:17.728+00:00","4742","react_ccrs_mazeV2_20260626_201650.log","6342","1","0","0","0","0","0"
"react-baseline-vs-ccrs-v2","800-baseline","react_ccrs_mazeV2","262","262","2026-06-26T18:31:20.569+00:00","2841","react_ccrs_mazeV2_20260626_201650.log","6354","1","0","0","0","0","0"
"react-baseline-vs-ccrs-v2","800-baseline","react_ccrs_mazeV2","263","263","2026-06-26T18:31:23.356+00:00","2787","react_ccrs_mazeV2_20260626_201650.log","6387","1","0","0","0","0","0"
"react-baseline-vs-ccrs-v2","800-baseline","react_ccrs_mazeV2","264","264","2026-06-26T18:31:27.124+00:00","3768","react_ccrs_mazeV2_20260626_201650.log","6420","1","0","0","0","0","0"
"react-baseline-vs-ccrs-v2","800-baseline","react_ccrs_mazeV2","265","265","2026-06-26T18:31:33.283+00:00","6159","react_ccrs_mazeV2_20260626_201650.log","6432","1","0","0","0","0","0"
"react-baseline-vs-ccrs-v2","800-baseline","react_ccrs_mazeV2","266","266","2026-06-26T18:31:36.477+00:00","3194","react_ccrs_mazeV2_20260626_201650.log","6465","1","0","0","0","0","0"
"react-baseline-vs-ccrs-v2","800-baseline","react_ccrs_mazeV2","267","267","2026-06-26T18:31:39.888+00:00","3411","react_ccrs_mazeV2_20260626_201650.log","6498","1","0","0","0","0","0"
"react-baseline-vs-ccrs-v2","800-baseline","react_ccrs_mazeV2","268","268","2026-06-26T18:31:43.035+00:00","3147","react_ccrs_mazeV2_20260626_201650.log","6531","1","0","0","0","0","0"
"react-baseline-vs-ccrs-v2","800-baseline","react_ccrs_mazeV2","269","269","2026-06-26T18:31:47.378+00:00","4343","react_ccrs_mazeV2_20260626_201650.log","6564","1","0","0","0","0","0"
"react-baseline-vs-ccrs-v2","800-baseline","react_ccrs_mazeV2","270","270","2026-06-26T18:31:50.368+00:00","2990","react_ccrs_mazeV2_20260626_201650.log","6597","1","0","0","0","0","0"
"react-baseline-vs-ccrs-v2","800-baseline","react_ccrs_mazeV2","271","271","2026-06-26T18:31:54.003+00:00","3635","react_ccrs_mazeV2_20260626_201650.log","6630","1","0","0","0","0","0"
"react-baseline-vs-ccrs-v2","800-baseline","react_ccrs_mazeV2","272","272","2026-06-26T18:31:57.096+00:00","3093","react_ccrs_mazeV2_20260626_201650.log","6642","1","0","0","0","0","0"
"react-baseline-vs-ccrs-v2","800-baseline","react_ccrs_mazeV2","273","273","2026-06-26T18:32:00.290+00:00","3194","react_ccrs_mazeV2_20260626_201650.log","6675","1","0","0","0","0","0"
"react-baseline-vs-ccrs-v2","800-baseline","react_ccrs_mazeV2","274","274","2026-06-26T18:32:03.610+00:00","3320","react_ccrs_mazeV2_20260626_201650.log","6708","1","0","0","0","0","0"
"react-baseline-vs-ccrs-v2","800-baseline","react_ccrs_mazeV2","275","275","2026-06-26T18:32:06.478+00:00","2868","react_ccrs_mazeV2_20260626_201650.log","6741","1","0","0","0","0","0"
"react-baseline-vs-ccrs-v2","800-baseline","react_ccrs_mazeV2","276","276","2026-06-26T18:32:09.962+00:00","3484","react_ccrs_mazeV2_20260626_201650.log","6774","1","0","0","0","0","0"
"react-baseline-vs-ccrs-v2","800-baseline","react_ccrs_mazeV2","277","277","2026-06-26T18:32:13.264+00:00","3302","react_ccrs_mazeV2_20260626_201650.log","6807","1","0","0","0","0","0"
"react-baseline-vs-ccrs-v2","800-baseline","react_ccrs_mazeV2","278","278","2026-06-26T18:32:16.414+00:00","3150","react_ccrs_mazeV2_20260626_201650.log","6840","1","0","0","0","0","0"
"react-baseline-vs-ccrs-v2","800-baseline","react_ccrs_mazeV2","279","279","2026-06-26T18:32:19.784+00:00","3370","react_ccrs_mazeV2_20260626_201650.log","6873","1","0","0","0","0","0"
"react-baseline-vs-ccrs-v2","800-baseline","react_ccrs_mazeV2","280","280","2026-06-26T18:32:23.642+00:00","3858","react_ccrs_mazeV2_20260626_201650.log","6906","1","0","0","0","0","0"
"react-baseline-vs-ccrs-v2","800-baseline","react_ccrs_mazeV2","281","281","2026-06-26T18:32:26.506+00:00","2864","react_ccrs_mazeV2_20260626_201650.log","6939","1","0","0","0","0","0"
"react-baseline-vs-ccrs-v2","800-baseline","react_ccrs_mazeV2","282","282","2026-06-26T18:32:30.106+00:00","3600","react_ccrs_mazeV2_20260626_201650.log","6972","1","0","0","0","0","0"
"react-baseline-vs-ccrs-v2","800-baseline","react_ccrs_mazeV2","283","283","2026-06-26T18:32:33.242+00:00","3136","react_ccrs_mazeV2_20260626_201650.log","7005","1","0","0","0","0","0"
"react-baseline-vs-ccrs-v2","800-baseline","react_ccrs_mazeV2","284","284","2026-06-26T18:32:37.059+00:00","3817","react_ccrs_mazeV2_20260626_201650.log","7038","1","0","0","0","0","0"
"react-baseline-vs-ccrs-v2","800-baseline","react_ccrs_mazeV2","285","285","2026-06-26T18:32:41.177+00:00","4118","react_ccrs_mazeV2_20260626_201650.log","7071","1","0","0","0","0","0"
"react-baseline-vs-ccrs-v2","800-baseline","react_ccrs_mazeV2","286","286","2026-06-26T18:32:44.276+00:00","3099","react_ccrs_mazeV2_20260626_201650.log","7083","1","0","0","0","0","0"
"react-baseline-vs-ccrs-v2","800-baseline","react_ccrs_mazeV2","287","287","2026-06-26T18:32:47.262+00:00","2986","react_ccrs_mazeV2_20260626_201650.log","7116","1","0","0","0","0","0"
"react-baseline-vs-ccrs-v2","800-baseline","react_ccrs_mazeV2","288","288","2026-06-26T18:32:50.420+00:00","3158","react_ccrs_mazeV2_20260626_201650.log","7149","1","0","0","0","0","0"
"react-baseline-vs-ccrs-v2","800-baseline","react_ccrs_mazeV2","289","289","2026-06-26T18:32:53.536+00:00","3116","react_ccrs_mazeV2_20260626_201650.log","7182","1","0","0","0","0","0"
"react-baseline-vs-ccrs-v2","800-baseline","react_ccrs_mazeV2","290","290","2026-06-26T18:32:57.447+00:00","3911","react_ccrs_mazeV2_20260626_201650.log","7215","1","0","0","0","0","0"
"react-baseline-vs-ccrs-v2","800-baseline","react_ccrs_mazeV2","291","291","2026-06-26T18:33:00.566+00:00","3119","react_ccrs_mazeV2_20260626_201650.log","7227","1","0","0","0","0","0"
"react-baseline-vs-ccrs-v2","800-baseline","react_ccrs_mazeV2","292","292","2026-06-26T18:33:04.769+00:00","4203","react_ccrs_mazeV2_20260626_201650.log","7260","1","0","0","0","0","0"
"react-baseline-vs-ccrs-v2","800-baseline","react_ccrs_mazeV2","293","293","2026-06-26T18:33:10.883+00:00","6114","react_ccrs_mazeV2_20260626_201650.log","7293","1","0","0","0","0","0"
"react-baseline-vs-ccrs-v2","800-baseline","react_ccrs_mazeV2","294","294","2026-06-26T18:33:14.911+00:00","4028","react_ccrs_mazeV2_20260626_201650.log","7326","1","0","0","0","0","0"
"react-baseline-vs-ccrs-v2","800-baseline","react_ccrs_mazeV2","295","295","2026-06-26T18:33:18.389+00:00","3478","react_ccrs_mazeV2_20260626_201650.log","7338","1","0","0","0","0","0"
"react-baseline-vs-ccrs-v2","800-baseline","react_ccrs_mazeV2","296","296","2026-06-26T18:33:21.623+00:00","3234","react_ccrs_mazeV2_20260626_201650.log","7371","1","0","0","0","0","0"
"react-baseline-vs-ccrs-v2","800-baseline","react_ccrs_mazeV2","297","297","2026-06-26T18:33:25.300+00:00","3677","react_ccrs_mazeV2_20260626_201650.log","7404","1","0","0","0","0","0"
"react-baseline-vs-ccrs-v2","800-baseline","react_ccrs_mazeV2","298","298","2026-06-26T18:33:28.809+00:00","3509","react_ccrs_mazeV2_20260626_201650.log","7416","1","0","0","0","0","0"
"react-baseline-vs-ccrs-v2","800-baseline","react_ccrs_mazeV2","299","299","2026-06-26T18:33:35.039+00:00","6230","react_ccrs_mazeV2_20260626_201650.log","7452","1","0","0","0","0","0"
"react-baseline-vs-ccrs-v2","800-baseline","react_ccrs_mazeV2","300","300","2026-06-26T18:33:38.138+00:00","3099","react_ccrs_mazeV2_20260626_201650.log","7488","1","0","0","0","0","0"
"react-baseline-vs-ccrs-v2","800-baseline","react_ccrs_mazeV2","301","301","2026-06-26T18:33:42.148+00:00","4010","react_ccrs_mazeV2_20260626_201650.log","7524","1","0","0","0","0","0"
"react-baseline-vs-ccrs-v2","800-baseline","react_ccrs_mazeV2","302","302","2026-06-26T18:33:45.797+00:00","3649","react_ccrs_mazeV2_20260626_201650.log","7560","1","0","0","0","0","0"
"react-baseline-vs-ccrs-v2","800-baseline","react_ccrs_mazeV2","303","303","2026-06-26T18:33:49.480+00:00","3683","react_ccrs_mazeV2_20260626_201650.log","7596","1","0","0","0","0","0"
"react-baseline-vs-ccrs-v2","800-baseline","react_ccrs_mazeV2","304","304","2026-06-26T18:33:54.026+00:00","4546","react_ccrs_mazeV2_20260626_201650.log","7632","1","0","0","0","0","0"
"react-baseline-vs-ccrs-v2","800-baseline","react_ccrs_mazeV2","305","305","2026-06-26T18:34:10.024+00:00","15998","react_ccrs_mazeV2_20260626_201650.log","7691","1","0","0","0","0","0"
"react-baseline-vs-ccrs-v2","800-baseline","react_ccrs_mazeV2","306","306","2026-06-26T18:34:13.394+00:00","3370","react_ccrs_mazeV2_20260626_201650.log","7703","1","0","0","0","0","0"
"react-baseline-vs-ccrs-v2","800-baseline","react_ccrs_mazeV2","307","307","2026-06-26T18:34:16.819+00:00","3425","react_ccrs_mazeV2_20260626_201650.log","7741","1","0","0","0","0","0"
"react-baseline-vs-ccrs-v2","800-baseline","react_ccrs_mazeV2","308","308","2026-06-26T18:34:20.321+00:00","3502","react_ccrs_mazeV2_20260626_201650.log","7758","1","0","0","0","0","0"
"react-baseline-vs-ccrs-v2","800-baseline","react_ccrs_mazeV2","309","309","2026-06-26T18:34:23.553+00:00","3232","react_ccrs_mazeV2_20260626_201650.log","7775","1","0","0","0","0","0"
"react-baseline-vs-ccrs-v2","800-baseline","react_ccrs_mazeV2","310","310","2026-06-26T18:34:27.328+00:00","3775","react_ccrs_mazeV2_20260626_201650.log","7813","1","0","0","0","0","0"
"react-baseline-vs-ccrs-v2","800-baseline","react_ccrs_mazeV2","311","311","2026-06-26T18:34:30.756+00:00","3428","react_ccrs_mazeV2_20260626_201650.log","7830","1","0","0","0","0","0"
"react-baseline-vs-ccrs-v2","800-baseline","react_ccrs_mazeV2","312","312","2026-06-26T18:34:33.491+00:00","2735","react_ccrs_mazeV2_20260626_201650.log","7847","1","0","0","0","0","0"
"react-baseline-vs-ccrs-v2","800-baseline","react_ccrs_mazeV2","313","313","2026-06-26T18:34:36.979+00:00","3488","react_ccrs_mazeV2_20260626_201650.log","7885","1","0","0","0","0","0"
"react-baseline-vs-ccrs-v2","800-baseline","react_ccrs_mazeV2","314","314","2026-06-26T18:34:40.573+00:00","3594","react_ccrs_mazeV2_20260626_201650.log","7923","1","0","0","0","0","0"
"react-baseline-vs-ccrs-v2","800-baseline","react_ccrs_mazeV2","315","315","2026-06-26T18:34:43.809+00:00","3236","react_ccrs_mazeV2_20260626_201650.log","7940","1","0","0","0","0","0"
"react-baseline-vs-ccrs-v2","800-baseline","react_ccrs_mazeV2","316","316","2026-06-26T18:34:46.985+00:00","3176","react_ccrs_mazeV2_20260626_201650.log","7978","1","0","0","0","0","0"
"react-baseline-vs-ccrs-v2","800-baseline","react_ccrs_mazeV2","317","317","2026-06-26T18:34:49.831+00:00","2846","react_ccrs_mazeV2_20260626_201650.log","7995","1","0","0","0","0","0"
"react-baseline-vs-ccrs-v2","800-baseline","react_ccrs_mazeV2","318","318","2026-06-26T18:34:53.411+00:00","3580","react_ccrs_mazeV2_20260626_201650.log","8033","1","0","0","0","0","0"
"react-baseline-vs-ccrs-v2","800-baseline","react_ccrs_mazeV2","319","319","2026-06-26T18:34:57.904+00:00","4493","react_ccrs_mazeV2_20260626_201650.log","8050","1","0","0","0","0","0"
"react-baseline-vs-ccrs-v2","800-baseline","react_ccrs_mazeV2","320","320","2026-06-26T18:35:03.754+00:00","5850","react_ccrs_mazeV2_20260626_201650.log","8088","1","0","0","0","0","0"
"react-baseline-vs-ccrs-v2","800-baseline","react_ccrs_mazeV2","321","321","2026-06-26T18:35:06.638+00:00","2884","react_ccrs_mazeV2_20260626_201650.log","8105","1","0","0","0","0","0"
"react-baseline-vs-ccrs-v2","800-baseline","react_ccrs_mazeV2","322","322","2026-06-26T18:35:10.230+00:00","3592","react_ccrs_mazeV2_20260626_201650.log","8143","1","0","0","0","0","0"
"react-baseline-vs-ccrs-v2","800-baseline","react_ccrs_mazeV2","323","323","2026-06-26T18:35:13.311+00:00","3081","react_ccrs_mazeV2_20260626_201650.log","8155","1","0","0","0","0","0"
"react-baseline-vs-ccrs-v2","800-baseline","react_ccrs_mazeV2","324","324","2026-06-26T18:35:16.303+00:00","2992","react_ccrs_mazeV2_20260626_201650.log","8193","1","0","0","0","0","0"
"react-baseline-vs-ccrs-v2","800-baseline","react_ccrs_mazeV2","325","325","2026-06-26T18:35:20.085+00:00","3782","react_ccrs_mazeV2_20260626_201650.log","8231","1","0","0","0","0","0"
"react-baseline-vs-ccrs-v2","800-baseline","react_ccrs_mazeV2","326","326","2026-06-26T18:35:23.920+00:00","3835","react_ccrs_mazeV2_20260626_201650.log","8269","1","0","0","0","0","0"
"react-baseline-vs-ccrs-v2","800-baseline","react_ccrs_mazeV2","327","327","2026-06-26T18:35:26.931+00:00","3011","react_ccrs_mazeV2_20260626_201650.log","8281","1","0","0","0","0","0"
"react-baseline-vs-ccrs-v2","800-baseline","react_ccrs_mazeV2","328","328","2026-06-26T18:35:29.683+00:00","2752","react_ccrs_mazeV2_20260626_201650.log","8319","1","0","0","0","0","0"
"react-baseline-vs-ccrs-v2","800-baseline","react_ccrs_mazeV2","329","329","2026-06-26T18:35:32.822+00:00","3139","react_ccrs_mazeV2_20260626_201650.log","8357","1","0","0","0","0","0"
"react-baseline-vs-ccrs-v2","800-baseline","react_ccrs_mazeV2","330","330","2026-06-26T18:35:37.406+00:00","4584","react_ccrs_mazeV2_20260626_201650.log","8395","1","0","0","0","0","0"
"react-baseline-vs-ccrs-v2","800-baseline","react_ccrs_mazeV2","331","331","2026-06-26T18:35:40.026+00:00","2620","react_ccrs_mazeV2_20260626_201650.log","8407","1","0","0","0","0","0"
"react-baseline-vs-ccrs-v2","800-baseline","react_ccrs_mazeV2","332","332","2026-06-26T18:35:43.414+00:00","3388","react_ccrs_mazeV2_20260626_201650.log","8445","1","0","0","0","0","0"
"react-baseline-vs-ccrs-v2","800-baseline","react_ccrs_mazeV2","333","333","2026-06-26T18:35:46.550+00:00","3136","react_ccrs_mazeV2_20260626_201650.log","8483","1","0","0","0","0","0"
"react-baseline-vs-ccrs-v2","800-baseline","react_ccrs_mazeV2","334","334","2026-06-26T18:35:50.401+00:00","3851","react_ccrs_mazeV2_20260626_201650.log","8521","1","0","0","0","0","0"
"react-baseline-vs-ccrs-v2","800-baseline","react_ccrs_mazeV2","335","335","2026-06-26T18:35:53.580+00:00","3179","react_ccrs_mazeV2_20260626_201650.log","8533","1","0","0","0","0","0"
"react-baseline-vs-ccrs-v2","800-baseline","react_ccrs_mazeV2","336","336","2026-06-26T18:35:57.126+00:00","3546","react_ccrs_mazeV2_20260626_201650.log","8571","1","0","0","0","0","0"
"react-baseline-vs-ccrs-v2","800-baseline","react_ccrs_mazeV2","337","337","2026-06-26T18:36:00.273+00:00","3147","react_ccrs_mazeV2_20260626_201650.log","8588","1","0","0","0","0","0"
"react-baseline-vs-ccrs-v2","800-baseline","react_ccrs_mazeV2","338","338","2026-06-26T18:36:04.432+00:00","4159","react_ccrs_mazeV2_20260626_201650.log","8626","1","0","0","0","0","0"
"react-baseline-vs-ccrs-v2","800-baseline","react_ccrs_mazeV2","339","339","2026-06-26T18:36:07.979+00:00","3547","react_ccrs_mazeV2_20260626_201650.log","8638","1","0","0","0","0","0"
"react-baseline-vs-ccrs-v2","800-baseline","react_ccrs_mazeV2","340","340","2026-06-26T18:36:10.830+00:00","2851","react_ccrs_mazeV2_20260626_201650.log","8676","1","0","0","0","0","0"
"react-baseline-vs-ccrs-v2","800-baseline","react_ccrs_mazeV2","341","341","2026-06-26T18:36:14.921+00:00","4091","react_ccrs_mazeV2_20260626_201650.log","8693","1","0","0","0","0","0"
"react-baseline-vs-ccrs-v2","800-baseline","react_ccrs_mazeV2","342","342","2026-06-26T18:36:20.077+00:00","5156","react_ccrs_mazeV2_20260626_201650.log","8731","1","0","0","0","0","0"
"react-baseline-vs-ccrs-v2","800-baseline","react_ccrs_mazeV2","343","343","2026-06-26T18:36:23.092+00:00","3015","react_ccrs_mazeV2_20260626_201650.log","8743","1","0","0","0","0","0"
"react-baseline-vs-ccrs-v2","800-baseline","react_ccrs_mazeV2","344","344","2026-06-26T18:36:28.166+00:00","5074","react_ccrs_mazeV2_20260626_201650.log","8783","1","0","0","0","0","0"
"react-baseline-vs-ccrs-v2","800-baseline","react_ccrs_mazeV2","345","345","2026-06-26T18:36:31.375+00:00","3209","react_ccrs_mazeV2_20260626_201650.log","8795","1","0","0","0","0","0"
"react-baseline-vs-ccrs-v2","800-baseline","react_ccrs_mazeV2","346","346","2026-06-26T18:36:35.512+00:00","4137","react_ccrs_mazeV2_20260626_201650.log","8833","1","0","0","0","0","0"
"react-baseline-vs-ccrs-v2","800-baseline","react_ccrs_mazeV2","347","347","2026-06-26T18:36:40.268+00:00","4756","react_ccrs_mazeV2_20260626_201650.log","8845","1","0","0","0","0","0"
"react-baseline-vs-ccrs-v2","800-baseline","react_ccrs_mazeV2","348","348","2026-06-26T18:36:42.929+00:00","2661","react_ccrs_mazeV2_20260626_201650.log","8883","1","0","0","0","0","0"
"react-baseline-vs-ccrs-v2","800-baseline","react_ccrs_mazeV2","349","349","2026-06-26T18:36:48.346+00:00","5417","react_ccrs_mazeV2_20260626_201650.log","8921","1","0","0","0","0","0"
"react-baseline-vs-ccrs-v2","800-baseline","react_ccrs_mazeV2","350","350","2026-06-26T18:36:51.657+00:00","3311","react_ccrs_mazeV2_20260626_201650.log","8933","1","0","0","0","0","0"
"react-baseline-vs-ccrs-v2","800-baseline","react_ccrs_mazeV2","351","351","2026-06-26T18:36:55.379+00:00","3722","react_ccrs_mazeV2_20260626_201650.log","8973","1","0","0","0","0","0"
"react-baseline-vs-ccrs-v2","800-baseline","react_ccrs_mazeV2","352","352","2026-06-26T18:36:58.646+00:00","3267","react_ccrs_mazeV2_20260626_201650.log","8985","1","0","0","0","0","0"
"react-baseline-vs-ccrs-v2","800-baseline","react_ccrs_mazeV2","353","353","2026-06-26T18:37:01.435+00:00","2789","react_ccrs_mazeV2_20260626_201650.log","9023","1","0","0","0","0","0"
"react-baseline-vs-ccrs-v2","800-baseline","react_ccrs_mazeV2","354","354","2026-06-26T18:37:05.730+00:00","4295","react_ccrs_mazeV2_20260626_201650.log","9061","1","0","0","0","0","0"
"react-baseline-vs-ccrs-v2","800-baseline","react_ccrs_mazeV2","355","355","2026-06-26T18:37:11.905+00:00","6175","react_ccrs_mazeV2_20260626_201650.log","9073","1","0","0","0","0","0"
"react-baseline-vs-ccrs-v2","800-baseline","react_ccrs_mazeV2","356","356","2026-06-26T18:37:16.373+00:00","4468","react_ccrs_mazeV2_20260626_201650.log","9111","1","0","0","0","0","0"
"react-baseline-vs-ccrs-v2","800-baseline","react_ccrs_mazeV2","357","357","2026-06-26T18:37:19.506+00:00","3133","react_ccrs_mazeV2_20260626_201650.log","9123","1","0","0","0","0","0"
"react-baseline-vs-ccrs-v2","800-baseline","react_ccrs_mazeV2","358","358","2026-06-26T18:37:23.263+00:00","3757","react_ccrs_mazeV2_20260626_201650.log","9163","1","0","0","0","0","0"
"react-baseline-vs-ccrs-v2","800-baseline","react_ccrs_mazeV2","359","359","2026-06-26T18:37:27.434+00:00","4171","react_ccrs_mazeV2_20260626_201650.log","9203","1","0","0","0","0","0"
"react-baseline-vs-ccrs-v2","800-baseline","react_ccrs_mazeV2","360","360","2026-06-26T18:37:31.621+00:00","4187","react_ccrs_mazeV2_20260626_201650.log","9215","1","0","0","0","0","0"
"react-baseline-vs-ccrs-v2","800-baseline","react_ccrs_mazeV2","361","361","2026-06-26T18:37:36.236+00:00","4615","react_ccrs_mazeV2_20260626_201650.log","9253","1","0","0","0","0","0"
"react-baseline-vs-ccrs-v2","800-baseline","react_ccrs_mazeV2","362","362","2026-06-26T18:37:39.506+00:00","3270","react_ccrs_mazeV2_20260626_201650.log","9265","1","0","0","0","0","0"
"react-baseline-vs-ccrs-v2","800-baseline","react_ccrs_mazeV2","363","363","2026-06-26T18:37:42.580+00:00","3074","react_ccrs_mazeV2_20260626_201650.log","9303","1","0","0","0","0","0"
"react-baseline-vs-ccrs-v2","800-baseline","react_ccrs_mazeV2","364","364","2026-06-26T18:37:46.468+00:00","3888","react_ccrs_mazeV2_20260626_201650.log","9341","1","0","0","0","0","0"
"react-baseline-vs-ccrs-v2","800-baseline","react_ccrs_mazeV2","365","365","2026-06-26T18:37:49.309+00:00","2841","react_ccrs_mazeV2_20260626_201650.log","9353","1","0","0","0","0","0"
"react-baseline-vs-ccrs-v2","800-baseline","react_ccrs_mazeV2","366","366","2026-06-26T18:37:54.731+00:00","5422","react_ccrs_mazeV2_20260626_201650.log","9395","1","0","0","0","0","0"
"react-baseline-vs-ccrs-v2","800-baseline","react_ccrs_mazeV2","367","367","2026-06-26T18:37:57.664+00:00","2933","react_ccrs_mazeV2_20260626_201650.log","9407","1","0","0","0","0","0"
"react-baseline-vs-ccrs-v2","800-baseline","react_ccrs_mazeV2","368","368","2026-06-26T18:38:02.048+00:00","4384","react_ccrs_mazeV2_20260626_201650.log","9440","1","0","0","0","0","0"
"react-baseline-vs-ccrs-v2","800-baseline","react_ccrs_mazeV2","369","369","2026-06-26T18:38:06.455+00:00","4407","react_ccrs_mazeV2_20260626_201650.log","9473","1","0","0","0","0","0"
"react-baseline-vs-ccrs-v2","800-baseline","react_ccrs_mazeV2","370","370","2026-06-26T18:38:10.059+00:00","3604","react_ccrs_mazeV2_20260626_201650.log","9506","1","0","0","0","0","0"
"react-baseline-vs-ccrs-v2","800-baseline","react_ccrs_mazeV2","371","371","2026-06-26T18:38:13.927+00:00","3868","react_ccrs_mazeV2_20260626_201650.log","9539","1","0","0","0","0","0"
"react-baseline-vs-ccrs-v2","800-baseline","react_ccrs_mazeV2","372","372","2026-06-26T18:38:17.494+00:00","3567","react_ccrs_mazeV2_20260626_201650.log","9572","1","0","0","0","0","0"
"react-baseline-vs-ccrs-v2","800-baseline","react_ccrs_mazeV2","373","373","2026-06-26T18:38:22.235+00:00","4741","react_ccrs_mazeV2_20260626_201650.log","9605","1","0","0","0","0","0"
"react-baseline-vs-ccrs-v2","800-baseline","react_ccrs_mazeV2","374","374","2026-06-26T18:38:26.152+00:00","3917","react_ccrs_mazeV2_20260626_201650.log","9617","1","0","0","0","0","0"
"react-baseline-vs-ccrs-v2","800-baseline","react_ccrs_mazeV2","375","375","2026-06-26T18:38:29.248+00:00","3096","react_ccrs_mazeV2_20260626_201650.log","9652","1","0","0","0","0","0"
"react-baseline-vs-ccrs-v2","800-baseline","react_ccrs_mazeV2","376","376","2026-06-26T18:38:33.781+00:00","4533","react_ccrs_mazeV2_20260626_201650.log","9687","1","0","0","0","0","0"
"react-baseline-vs-ccrs-v2","800-baseline","react_ccrs_mazeV2","377","377","2026-06-26T18:38:37.506+00:00","3725","react_ccrs_mazeV2_20260626_201650.log","9699","1","0","0","0","0","0"
"react-baseline-vs-ccrs-v2","800-baseline","react_ccrs_mazeV2","378","378","2026-06-26T18:38:41.497+00:00","3991","react_ccrs_mazeV2_20260626_201650.log","9735","1","0","0","0","0","0"
"react-baseline-vs-ccrs-v2","800-baseline","react_ccrs_mazeV2","379","379","2026-06-26T18:38:45.557+00:00","4060","react_ccrs_mazeV2_20260626_201650.log","9771","1","0","0","0","0","0"
"react-baseline-vs-ccrs-v2","800-baseline","react_ccrs_mazeV2","380","380","2026-06-26T18:38:49.143+00:00","3586","react_ccrs_mazeV2_20260626_201650.log","9807","1","0","0","0","0","0"
"react-baseline-vs-ccrs-v2","800-baseline","react_ccrs_mazeV2","381","381","2026-06-26T18:38:58.049+00:00","8906","react_ccrs_mazeV2_20260626_201650.log","9843","1","0","0","0","0","0"
"react-baseline-vs-ccrs-v2","800-baseline","react_ccrs_mazeV2","382","382","2026-06-26T18:39:02.308+00:00","4259","react_ccrs_mazeV2_20260626_201650.log","9855","1","0","0","0","0","0"
"react-baseline-vs-ccrs-v2","800-baseline","react_ccrs_mazeV2","383","383","2026-06-26T18:39:07.222+00:00","4914","react_ccrs_mazeV2_20260626_201650.log","9895","1","0","0","0","0","0"
"react-baseline-vs-ccrs-v2","800-baseline","react_ccrs_mazeV2","384","384","2026-06-26T18:39:10.910+00:00","3688","react_ccrs_mazeV2_20260626_201650.log","9912","1","0","0","0","0","0"
"react-baseline-vs-ccrs-v2","800-baseline","react_ccrs_mazeV2","385","385","2026-06-26T18:39:14.260+00:00","3350","react_ccrs_mazeV2_20260626_201650.log","9952","1","0","0","0","0","0"
"react-baseline-vs-ccrs-v2","800-baseline","react_ccrs_mazeV2","386","386","2026-06-26T18:39:18.353+00:00","4093","react_ccrs_mazeV2_20260626_201650.log","9992","1","0","0","0","0","0"
"react-baseline-vs-ccrs-v2","800-baseline","react_ccrs_mazeV2","387","387","2026-06-26T18:39:21.516+00:00","3163","react_ccrs_mazeV2_20260626_201650.log","10004","1","0","0","0","0","0"
"react-baseline-vs-ccrs-v2","800-baseline","react_ccrs_mazeV2","388","388","2026-06-26T18:39:25.369+00:00","3853","react_ccrs_mazeV2_20260626_201650.log","10040","1","0","0","0","0","0"
"react-baseline-vs-ccrs-v2","800-baseline","react_ccrs_mazeV2","389","389","2026-06-26T18:39:28.422+00:00","3053","react_ccrs_mazeV2_20260626_201650.log","10076","1","0","0","0","0","0"
"react-baseline-vs-ccrs-v2","800-baseline","react_ccrs_mazeV2","390","390","2026-06-26T18:39:32.269+00:00","3847","react_ccrs_mazeV2_20260626_201650.log","10112","1","0","0","0","0","0"
"react-baseline-vs-ccrs-v2","800-baseline","react_ccrs_mazeV2","391","391","2026-06-26T18:39:35.906+00:00","3637","react_ccrs_mazeV2_20260626_201650.log","10148","1","0","0","0","0","0"
"react-baseline-vs-ccrs-v2","800-baseline","react_ccrs_mazeV2","392","392","2026-06-26T18:39:39.586+00:00","3680","react_ccrs_mazeV2_20260626_201650.log","10184","1","0","0","0","0","0"
"react-baseline-vs-ccrs-v2","800-baseline","react_ccrs_mazeV2","393","393","2026-06-26T18:39:42.935+00:00","3349","react_ccrs_mazeV2_20260626_201650.log","10220","1","0","0","0","0","0"
"react-baseline-vs-ccrs-v2","800-baseline","react_ccrs_mazeV2","394","394","2026-06-26T18:39:47.097+00:00","4162","react_ccrs_mazeV2_20260626_201650.log","10256","1","0","0","0","0","0"
"react-baseline-vs-ccrs-v2","800-baseline","react_ccrs_mazeV2","395","395","2026-06-26T18:39:50.859+00:00","3762","react_ccrs_mazeV2_20260626_201650.log","10292","1","0","0","0","0","0"
"react-baseline-vs-ccrs-v2","800-baseline","react_ccrs_mazeV2","396","396","2026-06-26T18:39:55.963+00:00","5104","react_ccrs_mazeV2_20260626_201650.log","10328","1","0","0","0","0","0"
"react-baseline-vs-ccrs-v2","800-baseline","react_ccrs_mazeV2","397","397","2026-06-26T18:39:59.418+00:00","3455","react_ccrs_mazeV2_20260626_201650.log","10340","1","0","0","0","0","0"
"react-baseline-vs-ccrs-v2","800-baseline","react_ccrs_mazeV2","398","398","2026-06-26T18:40:04.054+00:00","4636","react_ccrs_mazeV2_20260626_201650.log","10375","1","0","0","0","0","0"
"react-baseline-vs-ccrs-v2","800-baseline","react_ccrs_mazeV2","399","399","2026-06-26T18:40:07.655+00:00","3601","react_ccrs_mazeV2_20260626_201650.log","10392","1","0","0","0","0","0"
"react-baseline-vs-ccrs-v2","800-baseline","react_ccrs_mazeV2","400","400","2026-06-26T18:40:11.895+00:00","4240","react_ccrs_mazeV2_20260626_201650.log","10409","1","0","0","0","0","0"
"react-baseline-vs-ccrs-v2","800-baseline","react_ccrs_mazeV2","401","401","2026-06-26T18:40:16.075+00:00","4180","react_ccrs_mazeV2_20260626_201650.log","10426","1","0","0","0","0","0"
"react-baseline-vs-ccrs-v2","800-baseline","react_ccrs_mazeV2","402","402","2026-06-26T18:40:19.310+00:00","3235","react_ccrs_mazeV2_20260626_201650.log","10443","1","0","0","0","0","0"
"react-baseline-vs-ccrs-v2","800-baseline","react_ccrs_mazeV2","403","403","2026-06-26T18:40:22.286+00:00","2976","react_ccrs_mazeV2_20260626_201650.log","10460","1","0","0","0","0","0"
"react-baseline-vs-ccrs-v2","800-baseline","react_ccrs_mazeV2","404","404","2026-06-26T18:40:37.505+00:00","15219","react_ccrs_mazeV2_20260626_201650.log","10519","1","0","0","0","0","0"
"react-baseline-vs-ccrs-v2","800-baseline","react_ccrs_mazeV2","405","405","2026-06-26T18:40:40.229+00:00","2724","react_ccrs_mazeV2_20260626_201650.log","10531","1","0","0","0","0","0"
"react-baseline-vs-ccrs-v2","800-baseline","react_ccrs_mazeV2","406","406","2026-06-26T18:40:43.461+00:00","3232","react_ccrs_mazeV2_20260626_201650.log","10569","1","0","0","0","0","0"
"react-baseline-vs-ccrs-v2","800-baseline","react_ccrs_mazeV2","407","407","2026-06-26T18:40:47.036+00:00","3575","react_ccrs_mazeV2_20260626_201650.log","10607","1","0","0","0","0","0"
"react-baseline-vs-ccrs-v2","800-baseline","react_ccrs_mazeV2","408","408","2026-06-26T18:40:49.669+00:00","2633","react_ccrs_mazeV2_20260626_201650.log","10645","1","0","0","0","0","0"
"react-baseline-vs-ccrs-v2","800-baseline","react_ccrs_mazeV2","409","409","2026-06-26T18:40:53.289+00:00","3620","react_ccrs_mazeV2_20260626_201650.log","10683","1","0","0","0","0","0"
"react-baseline-vs-ccrs-v2","800-baseline","react_ccrs_mazeV2","410","410","2026-06-26T18:40:56.348+00:00","3059","react_ccrs_mazeV2_20260626_201650.log","10721","1","0","0","0","0","0"
"react-baseline-vs-ccrs-v2","800-baseline","react_ccrs_mazeV2","411","411","2026-06-26T18:40:59.553+00:00","3205","react_ccrs_mazeV2_20260626_201650.log","10759","1","0","0","0","0","0"
"react-baseline-vs-ccrs-v2","800-baseline","react_ccrs_mazeV2","412","412","2026-06-26T18:41:02.835+00:00","3282","react_ccrs_mazeV2_20260626_201650.log","10797","1","0","0","0","0","0"
"react-baseline-vs-ccrs-v2","800-baseline","react_ccrs_mazeV2","413","413","2026-06-26T18:41:07.490+00:00","4655","react_ccrs_mazeV2_20260626_201650.log","10835","1","0","0","0","0","0"
"react-baseline-vs-ccrs-v2","800-baseline","react_ccrs_mazeV2","414","414","2026-06-26T18:41:13.523+00:00","6033","react_ccrs_mazeV2_20260626_201650.log","10847","1","0","0","0","0","0"
"react-baseline-vs-ccrs-v2","800-baseline","react_ccrs_mazeV2","415","415","2026-06-26T18:41:17.157+00:00","3634","react_ccrs_mazeV2_20260626_201650.log","10889","1","0","0","0","0","0"
"react-baseline-vs-ccrs-v2","800-baseline","react_ccrs_mazeV2","416","416","2026-06-26T18:41:20.326+00:00","3169","react_ccrs_mazeV2_20260626_201650.log","10901","1","0","0","0","0","0"
"react-baseline-vs-ccrs-v2","800-baseline","react_ccrs_mazeV2","417","417","2026-06-26T18:41:24.362+00:00","4036","react_ccrs_mazeV2_20260626_201650.log","10939","1","0","0","0","0","0"
"react-baseline-vs-ccrs-v2","800-baseline","react_ccrs_mazeV2","418","418","2026-06-26T18:41:27.673+00:00","3311","react_ccrs_mazeV2_20260626_201650.log","10951","1","0","0","0","0","0"
"react-baseline-vs-ccrs-v2","800-baseline","react_ccrs_mazeV2","419","419","2026-06-26T18:41:32.682+00:00","5009","react_ccrs_mazeV2_20260626_201650.log","10991","1","0","0","0","0","0"
"react-baseline-vs-ccrs-v2","800-baseline","react_ccrs_mazeV2","420","420","2026-06-26T18:41:35.887+00:00","3205","react_ccrs_mazeV2_20260626_201650.log","11003","1","0","0","0","0","0"
"react-baseline-vs-ccrs-v2","800-baseline","react_ccrs_mazeV2","421","421","2026-06-26T18:41:39.487+00:00","3600","react_ccrs_mazeV2_20260626_201650.log","11041","1","0","0","0","0","0"
"react-baseline-vs-ccrs-v2","800-baseline","react_ccrs_mazeV2","422","422","2026-06-26T18:41:51.780+00:00","12293","react_ccrs_mazeV2_20260626_201650.log","11100","1","0","0","0","0","0"
"react-baseline-vs-ccrs-v2","800-baseline","react_ccrs_mazeV2","423","423","2026-06-26T18:41:54.550+00:00","2770","react_ccrs_mazeV2_20260626_201650.log","11111","1","0","0","0","0","0"
"react-baseline-vs-ccrs-v2","800-baseline","react_ccrs_mazeV2","424","424","2026-06-26T18:41:58.553+00:00","4003","react_ccrs_mazeV2_20260626_201650.log","11151","1","0","0","0","0","0"
"react-baseline-vs-ccrs-v2","800-baseline","react_ccrs_mazeV2","425","425","2026-06-26T18:42:01.864+00:00","3311","react_ccrs_mazeV2_20260626_201650.log","11163","1","0","0","0","0","0"
"react-baseline-vs-ccrs-v2","800-baseline","react_ccrs_mazeV2","426","426","2026-06-26T18:42:05.103+00:00","3239","react_ccrs_mazeV2_20260626_201650.log","11181","1","0","0","0","0","0"
"react-baseline-vs-ccrs-v2","800-baseline","react_ccrs_mazeV2","427","427","2026-06-26T18:42:09.341+00:00","4238","react_ccrs_mazeV2_20260626_201650.log","11199","1","0","0","0","0","0"
"react-baseline-vs-ccrs-v2","800-baseline","react_ccrs_mazeV2","428","428","2026-06-26T18:42:12.709+00:00","3368","react_ccrs_mazeV2_20260626_201650.log","11211","1","0","0","0","0","0"
"react-baseline-vs-ccrs-v2","800-baseline","react_ccrs_mazeV2","429","429","2026-06-26T18:42:16.267+00:00","3558","react_ccrs_mazeV2_20260626_201650.log","11229","1","0","0","0","0","0"
"react-baseline-vs-ccrs-v2","800-baseline","react_ccrs_mazeV2","430","430","2026-06-26T18:42:19.966+00:00","3699","react_ccrs_mazeV2_20260626_201650.log","11247","1","0","0","0","0","0"
"react-baseline-vs-ccrs-v2","800-baseline","react_ccrs_mazeV2","431","431","2026-06-26T18:42:23.522+00:00","3556","react_ccrs_mazeV2_20260626_201650.log","11259","1","0","0","0","0","0"
"react-baseline-vs-ccrs-v2","800-baseline","react_ccrs_mazeV2","432","432","2026-06-26T18:42:28.175+00:00","4653","react_ccrs_mazeV2_20260626_201650.log","11277","1","0","0","0","0","0"
"react-baseline-vs-ccrs-v2","800-baseline","react_ccrs_mazeV2","433","433","2026-06-26T18:42:31.507+00:00","3332","react_ccrs_mazeV2_20260626_201650.log","11289","1","0","0","0","0","0"
"react-baseline-vs-ccrs-v2","800-baseline","react_ccrs_mazeV2","434","434","2026-06-26T18:42:34.360+00:00","2853","react_ccrs_mazeV2_20260626_201650.log","11307","1","0","0","0","0","0"
"react-baseline-vs-ccrs-v2","800-baseline","react_ccrs_mazeV2","435","435","2026-06-26T18:42:37.526+00:00","3166","react_ccrs_mazeV2_20260626_201650.log","11325","1","0","0","0","0","0"
"react-baseline-vs-ccrs-v2","800-baseline","react_ccrs_mazeV2","436","436","2026-06-26T18:42:41.092+00:00","3566","react_ccrs_mazeV2_20260626_201650.log","11343","1","0","0","0","0","0"
"react-baseline-vs-ccrs-v2","800-baseline","react_ccrs_mazeV2","437","437","2026-06-26T18:42:44.211+00:00","3119","react_ccrs_mazeV2_20260626_201650.log","11361","1","0","0","0","0","0"
"react-baseline-vs-ccrs-v2","800-baseline","react_ccrs_mazeV2","438","438","2026-06-26T18:42:46.965+00:00","2754","react_ccrs_mazeV2_20260626_201650.log","11379","1","0","0","0","0","0"
"react-baseline-vs-ccrs-v2","800-baseline","react_ccrs_mazeV2","439","439","2026-06-26T18:42:49.836+00:00","2871","react_ccrs_mazeV2_20260626_201650.log","11397","1","0","0","0","0","0"
"react-baseline-vs-ccrs-v2","800-baseline","react_ccrs_mazeV2","440","440","2026-06-26T18:42:52.943+00:00","3107","react_ccrs_mazeV2_20260626_201650.log","11415","1","0","0","0","0","0"
"react-baseline-vs-ccrs-v2","800-baseline","react_ccrs_mazeV2","441","441","2026-06-26T18:42:56.073+00:00","3130","react_ccrs_mazeV2_20260626_201650.log","11432","1","0","0","0","0","0"
"react-baseline-vs-ccrs-v2","800-baseline","react_ccrs_mazeV2","442","442","2026-06-26T18:42:58.963+00:00","2890","react_ccrs_mazeV2_20260626_201650.log","11450","1","0","0","0","0","0"
"react-baseline-vs-ccrs-v2","800-baseline","react_ccrs_mazeV2","443","443","2026-06-26T18:43:01.817+00:00","2854","react_ccrs_mazeV2_20260626_201650.log","11468","1","0","0","0","0","0"
"react-baseline-vs-ccrs-v2","800-baseline","react_ccrs_mazeV2","444","444","2026-06-26T18:43:05.207+00:00","3390","react_ccrs_mazeV2_20260626_201650.log","11486","1","0","0","0","0","0"
"react-baseline-vs-ccrs-v2","800-baseline","react_ccrs_mazeV2","445","445","2026-06-26T18:43:07.888+00:00","2681","react_ccrs_mazeV2_20260626_201650.log","11504","1","0","0","0","0","0"
"react-baseline-vs-ccrs-v2","800-baseline","react_ccrs_mazeV2","446","446","2026-06-26T18:43:11.015+00:00","3127","react_ccrs_mazeV2_20260626_201650.log","11522","1","0","0","0","0","0"
"react-baseline-vs-ccrs-v2","800-baseline","react_ccrs_mazeV2","447","447","2026-06-26T18:43:14.756+00:00","3741","react_ccrs_mazeV2_20260626_201650.log","11540","1","0","0","0","0","0"
"react-baseline-vs-ccrs-v2","800-baseline","react_ccrs_mazeV2","448","448","2026-06-26T18:43:17.358+00:00","2602","react_ccrs_mazeV2_20260626_201650.log","11558","1","0","0","0","0","0"
"react-baseline-vs-ccrs-v2","800-baseline","react_ccrs_mazeV2","449","449","2026-06-26T18:43:21.034+00:00","3676","react_ccrs_mazeV2_20260626_201650.log","11576","1","0","0","0","0","0"
"react-baseline-vs-ccrs-v2","800-baseline","react_ccrs_mazeV2","450","450","2026-06-26T18:43:23.747+00:00","2713","react_ccrs_mazeV2_20260626_201650.log","11593","1","0","0","0","0","0"
"react-baseline-vs-ccrs-v2","800-baseline","react_ccrs_mazeV2","451","451","2026-06-26T18:43:27.407+00:00","3660","react_ccrs_mazeV2_20260626_201650.log","11610","1","0","0","0","0","0"
"react-baseline-vs-ccrs-v2","800-baseline","react_ccrs_mazeV2","452","452","2026-06-26T18:43:30.332+00:00","2925","react_ccrs_mazeV2_20260626_201650.log","11622","1","0","0","0","0","0"
"react-baseline-vs-ccrs-v2","800-baseline","react_ccrs_mazeV2","453","453","2026-06-26T18:43:33.735+00:00","3403","react_ccrs_mazeV2_20260626_201650.log","11640","1","0","0","0","0","0"
"react-baseline-vs-ccrs-v2","800-baseline","react_ccrs_mazeV2","454","454","2026-06-26T18:43:36.518+00:00","2783","react_ccrs_mazeV2_20260626_201650.log","11652","1","0","0","0","0","0"
"react-baseline-vs-ccrs-v2","800-baseline","react_ccrs_mazeV2","455","455","2026-06-26T18:43:39.545+00:00","3027","react_ccrs_mazeV2_20260626_201650.log","11688","1","0","0","0","0","0"
"react-baseline-vs-ccrs-v2","800-baseline","react_ccrs_mazeV2","456","456","2026-06-26T18:43:43.568+00:00","4023","react_ccrs_mazeV2_20260626_201650.log","11724","1","0","0","0","0","0"
"react-baseline-vs-ccrs-v2","800-baseline","react_ccrs_mazeV2","457","457","2026-06-26T18:43:46.179+00:00","2611","react_ccrs_mazeV2_20260626_201650.log","11736","1","0","0","0","0","0"
"react-baseline-vs-ccrs-v2","800-baseline","react_ccrs_mazeV2","458","458","2026-06-26T18:43:50.935+00:00","4756","react_ccrs_mazeV2_20260626_201650.log","11754","1","0","0","0","0","0"
"react-baseline-vs-ccrs-v2","800-baseline","react_ccrs_mazeV2","459","459","2026-06-26T18:43:55.942+00:00","5007","react_ccrs_mazeV2_20260626_201650.log","11766","1","0","0","0","0","0"
"react-baseline-vs-ccrs-v2","800-baseline","react_ccrs_mazeV2","460","460","2026-06-26T18:43:59.886+00:00","3944","react_ccrs_mazeV2_20260626_201650.log","11784","1","0","0","0","0","0"
"react-baseline-vs-ccrs-v2","800-baseline","react_ccrs_mazeV2","461","461","2026-06-26T18:44:03.098+00:00","3212","react_ccrs_mazeV2_20260626_201650.log","11796","1","0","0","0","0","0"
"react-baseline-vs-ccrs-v2","800-baseline","react_ccrs_mazeV2","462","462","2026-06-26T18:44:06.689+00:00","3591","react_ccrs_mazeV2_20260626_201650.log","11814","1","0","0","0","0","0"
"react-baseline-vs-ccrs-v2","800-baseline","react_ccrs_mazeV2","463","463","2026-06-26T18:44:09.338+00:00","2649","react_ccrs_mazeV2_20260626_201650.log","11826","1","0","0","0","0","0"
"react-baseline-vs-ccrs-v2","800-baseline","react_ccrs_mazeV2","464","464","2026-06-26T18:44:12.845+00:00","3507","react_ccrs_mazeV2_20260626_201650.log","11844","1","0","0","0","0","0"
"react-baseline-vs-ccrs-v2","800-baseline","react_ccrs_mazeV2","465","465","2026-06-26T18:44:15.782+00:00","2937","react_ccrs_mazeV2_20260626_201650.log","11856","1","0","0","0","0","0"
"react-baseline-vs-ccrs-v2","800-baseline","react_ccrs_mazeV2","466","466","2026-06-26T18:44:19.705+00:00","3923","react_ccrs_mazeV2_20260626_201650.log","11874","1","0","0","0","0","0"
"react-baseline-vs-ccrs-v2","800-baseline","react_ccrs_mazeV2","467","467","2026-06-26T18:44:22.648+00:00","2943","react_ccrs_mazeV2_20260626_201650.log","11886","1","0","0","0","0","0"
"react-baseline-vs-ccrs-v2","800-baseline","react_ccrs_mazeV2","468","468","2026-06-26T18:44:26.302+00:00","3654","react_ccrs_mazeV2_20260626_201650.log","11922","1","0","0","0","0","0"
"react-baseline-vs-ccrs-v2","800-baseline","react_ccrs_mazeV2","469","469","2026-06-26T18:44:29.501+00:00","3199","react_ccrs_mazeV2_20260626_201650.log","11934","1","0","0","0","0","0"
"react-baseline-vs-ccrs-v2","800-baseline","react_ccrs_mazeV2","470","470","2026-06-26T18:44:32.938+00:00","3437","react_ccrs_mazeV2_20260626_201650.log","11952","1","0","0","0","0","0"
"react-baseline-vs-ccrs-v2","800-baseline","react_ccrs_mazeV2","471","471","2026-06-26T18:44:36.203+00:00","3265","react_ccrs_mazeV2_20260626_201650.log","11964","1","0","0","0","0","0"
"react-baseline-vs-ccrs-v2","800-baseline","react_ccrs_mazeV2","472","472","2026-06-26T18:44:39.055+00:00","2852","react_ccrs_mazeV2_20260626_201650.log","11982","1","0","0","0","0","0"
"react-baseline-vs-ccrs-v2","800-baseline","react_ccrs_mazeV2","473","473","2026-06-26T18:44:42.876+00:00","3821","react_ccrs_mazeV2_20260626_201650.log","12000","1","0","0","0","0","0"
"react-baseline-vs-ccrs-v2","800-baseline","react_ccrs_mazeV2","474","474","2026-06-26T18:44:45.227+00:00","2351","react_ccrs_mazeV2_20260626_201650.log","12012","1","0","0","0","0","0"
"react-baseline-vs-ccrs-v2","800-baseline","react_ccrs_mazeV2","475","475","2026-06-26T18:44:48.479+00:00","3252","react_ccrs_mazeV2_20260626_201650.log","12030","1","0","0","0","0","0"
"react-baseline-vs-ccrs-v2","800-baseline","react_ccrs_mazeV2","476","476","2026-06-26T18:44:53.386+00:00","4907","react_ccrs_mazeV2_20260626_201650.log","12042","1","0","0","0","0","0"
"react-baseline-vs-ccrs-v2","800-baseline","react_ccrs_mazeV2","477","477","2026-06-26T18:44:56.889+00:00","3503","react_ccrs_mazeV2_20260626_201650.log","12078","1","0","0","0","0","0"
"react-baseline-vs-ccrs-v2","800-baseline","react_ccrs_mazeV2","478","478","2026-06-26T18:44:59.721+00:00","2832","react_ccrs_mazeV2_20260626_201650.log","12090","1","0","0","0","0","0"
"react-baseline-vs-ccrs-v2","800-baseline","react_ccrs_mazeV2","479","479","2026-06-26T18:45:09.133+00:00","9412","react_ccrs_mazeV2_20260626_201650.log","12108","1","0","0","0","0","0"
"react-baseline-vs-ccrs-v2","800-baseline","react_ccrs_mazeV2","480","480","2026-06-26T18:45:13.536+00:00","4403","react_ccrs_mazeV2_20260626_201650.log","12126","1","0","0","0","0","0"
"react-baseline-vs-ccrs-v2","800-baseline","react_ccrs_mazeV2","481","481","2026-06-26T18:45:16.383+00:00","2847","react_ccrs_mazeV2_20260626_201650.log","12138","1","0","0","0","0","0"
"react-baseline-vs-ccrs-v2","800-baseline","react_ccrs_mazeV2","482","482","2026-06-26T18:45:20.793+00:00","4410","react_ccrs_mazeV2_20260626_201650.log","12174","1","0","0","0","0","0"
"react-baseline-vs-ccrs-v2","800-baseline","react_ccrs_mazeV2","483","483","2026-06-26T18:45:23.458+00:00","2665","react_ccrs_mazeV2_20260626_201650.log","12186","1","0","0","0","0","0"
"react-baseline-vs-ccrs-v2","800-baseline","react_ccrs_mazeV2","484","484","2026-06-26T18:45:27.754+00:00","4296","react_ccrs_mazeV2_20260626_201650.log","12204","1","0","0","0","0","0"
"react-baseline-vs-ccrs-v2","800-baseline","react_ccrs_mazeV2","485","485","2026-06-26T18:45:30.680+00:00","2926","react_ccrs_mazeV2_20260626_201650.log","12216","1","0","0","0","0","0"
"react-baseline-vs-ccrs-v2","800-baseline","react_ccrs_mazeV2","486","486","2026-06-26T18:45:34.574+00:00","3894","react_ccrs_mazeV2_20260626_201650.log","12234","1","0","0","0","0","0"
"react-baseline-vs-ccrs-v2","800-baseline","react_ccrs_mazeV2","487","487","2026-06-26T18:45:37.280+00:00","2706","react_ccrs_mazeV2_20260626_201650.log","12246","1","0","0","0","0","0"
"react-baseline-vs-ccrs-v2","800-baseline","react_ccrs_mazeV2","488","488","2026-06-26T18:45:40.747+00:00","3467","react_ccrs_mazeV2_20260626_201650.log","12264","1","0","0","0","0","0"
"react-baseline-vs-ccrs-v2","800-baseline","react_ccrs_mazeV2","489","489","2026-06-26T18:45:44.164+00:00","3417","react_ccrs_mazeV2_20260626_201650.log","12276","1","0","0","0","0","0"
"react-baseline-vs-ccrs-v2","800-baseline","react_ccrs_mazeV2","490","490","2026-06-26T18:45:47.870+00:00","3706","react_ccrs_mazeV2_20260626_201650.log","12294","1","0","0","0","0","0"
"react-baseline-vs-ccrs-v2","800-baseline","react_ccrs_mazeV2","491","491","2026-06-26T18:45:50.722+00:00","2852","react_ccrs_mazeV2_20260626_201650.log","12306","1","0","0","0","0","0"
"react-baseline-vs-ccrs-v2","800-baseline","react_ccrs_mazeV2","492","492","2026-06-26T18:45:53.596+00:00","2874","react_ccrs_mazeV2_20260626_201650.log","12324","1","0","0","0","0","0"
"react-baseline-vs-ccrs-v2","800-baseline","react_ccrs_mazeV2","493","493","2026-06-26T18:45:57.026+00:00","3430","react_ccrs_mazeV2_20260626_201650.log","12342","1","0","0","0","0","0"
"react-baseline-vs-ccrs-v2","800-baseline","react_ccrs_mazeV2","494","494","2026-06-26T18:45:59.609+00:00","2583","react_ccrs_mazeV2_20260626_201650.log","12354","1","0","0","0","0","0"
"react-baseline-vs-ccrs-v2","800-baseline","react_ccrs_mazeV2","495","495","2026-06-26T18:46:05.394+00:00","5785","react_ccrs_mazeV2_20260626_201650.log","12372","1","0","0","0","0","0"
"react-baseline-vs-ccrs-v2","800-baseline","react_ccrs_mazeV2","496","496","2026-06-26T18:46:08.393+00:00","2999","react_ccrs_mazeV2_20260626_201650.log","12384","1","0","0","0","0","0"
"react-baseline-vs-ccrs-v2","800-baseline","react_ccrs_mazeV2","497","497","2026-06-26T18:46:12.812+00:00","4419","react_ccrs_mazeV2_20260626_201650.log","12402","1","0","0","0","0","0"
"react-baseline-vs-ccrs-v2","800-baseline","react_ccrs_mazeV2","498","498","2026-06-26T18:46:15.516+00:00","2704","react_ccrs_mazeV2_20260626_201650.log","12414","1","0","0","0","0","0"
"react-baseline-vs-ccrs-v2","800-baseline","react_ccrs_mazeV2","499","499","2026-06-26T18:46:19.246+00:00","3730","react_ccrs_mazeV2_20260626_201650.log","12432","1","0","0","0","0","0"
"react-baseline-vs-ccrs-v2","800-baseline","react_ccrs_mazeV2","500","500","2026-06-26T18:46:21.765+00:00","2519","react_ccrs_mazeV2_20260626_201650.log","12444","1","0","0","0","0","0"
"react-baseline-vs-ccrs-v2","800-baseline","react_ccrs_mazeV2","501","501","2026-06-26T18:46:25.077+00:00","3312","react_ccrs_mazeV2_20260626_201650.log","12462","1","0","0","0","0","0"
"react-baseline-vs-ccrs-v2","800-baseline","react_ccrs_mazeV2","502","502","2026-06-26T18:46:29.572+00:00","4495","react_ccrs_mazeV2_20260626_201650.log","12474","1","0","0","0","0","0"
"react-baseline-vs-ccrs-v2","800-baseline","react_ccrs_mazeV2","503","503","2026-06-26T18:46:32.690+00:00","3118","react_ccrs_mazeV2_20260626_201650.log","12492","1","0","0","0","0","0"
"react-baseline-vs-ccrs-v2","800-baseline","react_ccrs_mazeV2","504","504","2026-06-26T18:46:37.338+00:00","4648","react_ccrs_mazeV2_20260626_201650.log","12504","1","0","0","0","0","0"
"react-baseline-vs-ccrs-v2","800-baseline","react_ccrs_mazeV2","505","505","2026-06-26T18:46:41.277+00:00","3939","react_ccrs_mazeV2_20260626_201650.log","12522","1","0","0","0","0","0"
"react-baseline-vs-ccrs-v2","800-baseline","react_ccrs_mazeV2","506","506","2026-06-26T18:46:59.555+00:00","18278","react_ccrs_mazeV2_20260626_201650.log","12594","1","0","0","0","0","0"
"react-baseline-vs-ccrs-v2","800-baseline","react_ccrs_mazeV2","507","507","2026-06-26T18:47:02.039+00:00","2484","react_ccrs_mazeV2_20260626_201650.log","12605","1","0","0","0","0","0"
"react-baseline-vs-ccrs-v2","800-baseline","react_ccrs_mazeV2","508","508","2026-06-26T18:47:05.385+00:00","3346","react_ccrs_mazeV2_20260626_201650.log","12641","1","0","0","0","0","0"
"react-baseline-vs-ccrs-v2","800-baseline","react_ccrs_mazeV2","509","509","2026-06-26T18:47:07.853+00:00","2468","react_ccrs_mazeV2_20260626_201650.log","12653","1","0","0","0","0","0"
"react-baseline-vs-ccrs-v2","800-baseline","react_ccrs_mazeV2","510","510","2026-06-26T18:47:10.523+00:00","2670","react_ccrs_mazeV2_20260626_201650.log","12671","1","0","0","0","0","0"
"react-baseline-vs-ccrs-v2","800-baseline","react_ccrs_mazeV2","511","511","2026-06-26T18:47:13.292+00:00","2769","react_ccrs_mazeV2_20260626_201650.log","12689","1","0","0","0","0","0"
"react-baseline-vs-ccrs-v2","800-baseline","react_ccrs_mazeV2","512","512","2026-06-26T18:47:15.827+00:00","2535","react_ccrs_mazeV2_20260626_201650.log","12707","1","0","0","0","0","0"
"react-baseline-vs-ccrs-v2","800-baseline","react_ccrs_mazeV2","513","513","2026-06-26T18:47:18.617+00:00","2790","react_ccrs_mazeV2_20260626_201650.log","12725","1","0","0","0","0","0"
"react-baseline-vs-ccrs-v2","800-baseline","react_ccrs_mazeV2","514","514","2026-06-26T18:47:21.647+00:00","3030","react_ccrs_mazeV2_20260626_201650.log","12742","1","0","0","0","0","0"
"react-baseline-vs-ccrs-v2","800-baseline","react_ccrs_mazeV2","515","515","2026-06-26T18:47:24.523+00:00","2876","react_ccrs_mazeV2_20260626_201650.log","12760","1","0","0","0","0","0"
"react-baseline-vs-ccrs-v2","800-baseline","react_ccrs_mazeV2","516","516","2026-06-26T18:47:27.462+00:00","2939","react_ccrs_mazeV2_20260626_201650.log","12778","1","0","0","0","0","0"
"react-baseline-vs-ccrs-v2","800-baseline","react_ccrs_mazeV2","517","517","2026-06-26T18:47:30.305+00:00","2843","react_ccrs_mazeV2_20260626_201650.log","12796","1","0","0","0","0","0"
"react-baseline-vs-ccrs-v2","800-baseline","react_ccrs_mazeV2","518","518","2026-06-26T18:47:32.985+00:00","2680","react_ccrs_mazeV2_20260626_201650.log","12814","1","0","0","0","0","0"
"react-baseline-vs-ccrs-v2","800-baseline","react_ccrs_mazeV2","519","519","2026-06-26T18:47:35.740+00:00","2755","react_ccrs_mazeV2_20260626_201650.log","12832","1","0","0","0","0","0"
"react-baseline-vs-ccrs-v2","800-baseline","react_ccrs_mazeV2","520","520","2026-06-26T18:47:38.676+00:00","2936","react_ccrs_mazeV2_20260626_201650.log","12850","1","0","0","0","0","0"
"react-baseline-vs-ccrs-v2","800-baseline","react_ccrs_mazeV2","521","521","2026-06-26T18:47:41.690+00:00","3014","react_ccrs_mazeV2_20260626_201650.log","12868","1","0","0","0","0","0"
"react-baseline-vs-ccrs-v2","800-baseline","react_ccrs_mazeV2","522","522","2026-06-26T18:47:44.370+00:00","2680","react_ccrs_mazeV2_20260626_201650.log","12886","1","0","0","0","0","0"
"react-baseline-vs-ccrs-v2","800-baseline","react_ccrs_mazeV2","523","523","2026-06-26T18:47:47.172+00:00","2802","react_ccrs_mazeV2_20260626_201650.log","12904","1","0","0","0","0","0"
"react-baseline-vs-ccrs-v2","800-baseline","react_ccrs_mazeV2","524","524","2026-06-26T18:47:49.861+00:00","2689","react_ccrs_mazeV2_20260626_201650.log","12922","1","0","0","0","0","0"
"react-baseline-vs-ccrs-v2","800-baseline","react_ccrs_mazeV2","525","525","2026-06-26T18:47:52.081+00:00","2220","react_ccrs_mazeV2_20260626_201650.log","12940","1","0","0","0","0","0"
"react-baseline-vs-ccrs-v2","800-baseline","react_ccrs_mazeV2","526","526","2026-06-26T18:47:54.659+00:00","2578","react_ccrs_mazeV2_20260626_201650.log","12958","1","0","0","0","0","0"
"react-baseline-vs-ccrs-v2","800-baseline","react_ccrs_mazeV2","527","527","2026-06-26T18:47:57.295+00:00","2636","react_ccrs_mazeV2_20260626_201650.log","12976","1","0","0","0","0","0"
"react-baseline-vs-ccrs-v2","800-baseline","react_ccrs_mazeV2","528","528","2026-06-26T18:47:59.931+00:00","2636","react_ccrs_mazeV2_20260626_201650.log","12994","1","0","0","0","0","0"
"react-baseline-vs-ccrs-v2","800-baseline","react_ccrs_mazeV2","529","529","2026-06-26T18:48:02.829+00:00","2898","react_ccrs_mazeV2_20260626_201650.log","13012","1","0","0","0","0","0"
"react-baseline-vs-ccrs-v2","800-baseline","react_ccrs_mazeV2","530","530","2026-06-26T18:48:05.492+00:00","2663","react_ccrs_mazeV2_20260626_201650.log","13030","1","0","0","0","0","0"
"react-baseline-vs-ccrs-v2","800-baseline","react_ccrs_mazeV2","531","531","2026-06-26T18:48:08.027+00:00","2535","react_ccrs_mazeV2_20260626_201650.log","13048","1","0","0","0","0","0"
"react-baseline-vs-ccrs-v2","800-baseline","react_ccrs_mazeV2","532","532","2026-06-26T18:48:10.787+00:00","2760","react_ccrs_mazeV2_20260626_201650.log","13066","1","0","0","0","0","0"
"react-baseline-vs-ccrs-v2","800-baseline","react_ccrs_mazeV2","533","533","2026-06-26T18:48:13.619+00:00","2832","react_ccrs_mazeV2_20260626_201650.log","13084","1","0","0","0","0","0"
"react-baseline-vs-ccrs-v2","800-baseline","react_ccrs_mazeV2","534","534","2026-06-26T18:48:16.122+00:00","2503","react_ccrs_mazeV2_20260626_201650.log","13102","1","0","0","0","0","0"
"react-baseline-vs-ccrs-v2","800-baseline","react_ccrs_mazeV2","535","535","2026-06-26T18:48:18.644+00:00","2522","react_ccrs_mazeV2_20260626_201650.log","13119","1","0","0","0","0","0"
"react-baseline-vs-ccrs-v2","800-baseline","react_ccrs_mazeV2","536","536","2026-06-26T18:48:22.162+00:00","3518","react_ccrs_mazeV2_20260626_201650.log","13137","1","0","0","0","0","0"
"react-baseline-vs-ccrs-v2","800-baseline","react_ccrs_mazeV2","537","537","2026-06-26T18:48:26.526+00:00","4364","react_ccrs_mazeV2_20260626_201650.log","13154","1","0","0","0","0","0"
"react-baseline-vs-ccrs-v2","800-baseline","react_ccrs_mazeV2","538","538","2026-06-26T18:48:30.251+00:00","3725","react_ccrs_mazeV2_20260626_201650.log","13171","1","0","0","0","0","0"
"react-baseline-vs-ccrs-v2","800-baseline","react_ccrs_mazeV2","539","539","2026-06-26T18:48:32.881+00:00","2630","react_ccrs_mazeV2_20260626_201650.log","13183","1","0","0","0","0","0"
"react-baseline-vs-ccrs-v2","800-baseline","react_ccrs_mazeV2","540","540","2026-06-26T18:48:36.711+00:00","3830","react_ccrs_mazeV2_20260626_201650.log","13201","1","0","0","0","0","0"
"react-baseline-vs-ccrs-v2","800-baseline","react_ccrs_mazeV2","541","541","2026-06-26T18:48:41.363+00:00","4652","react_ccrs_mazeV2_20260626_201650.log","13218","1","0","0","0","0","0"
"react-baseline-vs-ccrs-v2","800-baseline","react_ccrs_mazeV2","542","542","2026-06-26T18:49:19.024+00:00","37661","react_ccrs_mazeV2_20260626_201650.log","13277","1","0","0","0","0","0"
"react-baseline-vs-ccrs-v2","800-baseline","react_ccrs_mazeV2","543","543","2026-06-26T18:49:21.980+00:00","2956","react_ccrs_mazeV2_20260626_201650.log","13288","1","0","0","0","0","0"
"react-baseline-vs-ccrs-v2","800-baseline","react_ccrs_mazeV2","544","544","2026-06-26T18:49:25.575+00:00","3595","react_ccrs_mazeV2_20260626_201650.log","13324","1","0","0","0","0","0"
"react-baseline-vs-ccrs-v2","800-baseline","react_ccrs_mazeV2","545","545","2026-06-26T18:49:28.656+00:00","3081","react_ccrs_mazeV2_20260626_201650.log","13341","1","0","0","0","0","0"
"react-baseline-vs-ccrs-v2","800-baseline","react_ccrs_mazeV2","546","546","2026-06-26T18:49:31.834+00:00","3178","react_ccrs_mazeV2_20260626_201650.log","13358","1","0","0","0","0","0"
"react-baseline-vs-ccrs-v2","800-baseline","react_ccrs_mazeV2","547","547","2026-06-26T18:49:34.136+00:00","2302","react_ccrs_mazeV2_20260626_201650.log","13370","1","0","0","0","0","0"
"react-baseline-vs-ccrs-v2","800-baseline","react_ccrs_mazeV2","548","548","2026-06-26T18:49:37.253+00:00","3117","react_ccrs_mazeV2_20260626_201650.log","13388","1","0","0","0","0","0"
"react-baseline-vs-ccrs-v2","800-baseline","react_ccrs_mazeV2","549","549","2026-06-26T18:49:40.001+00:00","2748","react_ccrs_mazeV2_20260626_201650.log","13400","1","0","0","0","0","0"
"react-baseline-vs-ccrs-v2","800-baseline","react_ccrs_mazeV2","550","550","2026-06-26T18:49:42.413+00:00","2412","react_ccrs_mazeV2_20260626_201650.log","13418","1","0","0","0","0","0"
"react-baseline-vs-ccrs-v2","800-baseline","react_ccrs_mazeV2","551","551","2026-06-26T18:49:44.842+00:00","2429","react_ccrs_mazeV2_20260626_201650.log","13436","1","0","0","0","0","0"
"react-baseline-vs-ccrs-v2","800-baseline","react_ccrs_mazeV2","552","552","2026-06-26T18:49:48.205+00:00","3363","react_ccrs_mazeV2_20260626_201650.log","13454","1","0","0","0","0","0"
"react-baseline-vs-ccrs-v2","800-baseline","react_ccrs_mazeV2","553","553","2026-06-26T18:49:51.644+00:00","3439","react_ccrs_mazeV2_20260626_201650.log","13472","1","0","0","0","0","0"
"react-baseline-vs-ccrs-v2","800-baseline","react_ccrs_mazeV2","554","554","2026-06-26T18:49:54.212+00:00","2568","react_ccrs_mazeV2_20260626_201650.log","13484","1","0","0","0","0","0"
"react-baseline-vs-ccrs-v2","800-baseline","react_ccrs_mazeV2","555","555","2026-06-26T18:49:57.169+00:00","2957","react_ccrs_mazeV2_20260626_201650.log","13502","1","0","0","0","0","0"
"react-baseline-vs-ccrs-v2","800-baseline","react_ccrs_mazeV2","556","556","2026-06-26T18:49:59.719+00:00","2550","react_ccrs_mazeV2_20260626_201650.log","13520","1","0","0","0","0","0"
"react-baseline-vs-ccrs-v2","800-baseline","react_ccrs_mazeV2","557","557","2026-06-26T18:50:02.316+00:00","2597","react_ccrs_mazeV2_20260626_201650.log","13538","1","0","0","0","0","0"
"react-baseline-vs-ccrs-v2","800-baseline","react_ccrs_mazeV2","558","558","2026-06-26T18:50:04.723+00:00","2407","react_ccrs_mazeV2_20260626_201650.log","13556","1","0","0","0","0","0"
"react-baseline-vs-ccrs-v2","800-baseline","react_ccrs_mazeV2","559","559","2026-06-26T18:50:07.101+00:00","2378","react_ccrs_mazeV2_20260626_201650.log","13574","1","0","0","0","0","0"
"react-baseline-vs-ccrs-v2","800-baseline","react_ccrs_mazeV2","560","560","2026-06-26T18:50:09.765+00:00","2664","react_ccrs_mazeV2_20260626_201650.log","13592","1","0","0","0","0","0"
"react-baseline-vs-ccrs-v2","800-baseline","react_ccrs_mazeV2","561","561","2026-06-26T18:50:14.097+00:00","4332","react_ccrs_mazeV2_20260626_201650.log","13610","1","0","0","0","0","0"
"react-baseline-vs-ccrs-v2","800-baseline","react_ccrs_mazeV2","562","562","2026-06-26T18:50:16.836+00:00","2739","react_ccrs_mazeV2_20260626_201650.log","13628","1","0","0","0","0","0"
"react-baseline-vs-ccrs-v2","800-baseline","react_ccrs_mazeV2","563","563","2026-06-26T18:50:19.165+00:00","2329","react_ccrs_mazeV2_20260626_201650.log","13646","1","0","0","0","0","0"
"react-baseline-vs-ccrs-v2","800-baseline","react_ccrs_mazeV2","564","564","2026-06-26T18:50:22.334+00:00","3169","react_ccrs_mazeV2_20260626_201650.log","13664","1","0","0","0","0","0"
"react-baseline-vs-ccrs-v2","800-baseline","react_ccrs_mazeV2","565","565","2026-06-26T18:50:25.077+00:00","2743","react_ccrs_mazeV2_20260626_201650.log","13682","1","0","0","0","0","0"
"react-baseline-vs-ccrs-v2","800-baseline","react_ccrs_mazeV2","566","566","2026-06-26T18:50:29.514+00:00","4437","react_ccrs_mazeV2_20260626_201650.log","13700","1","0","0","0","0","0"
"react-baseline-vs-ccrs-v2","800-baseline","react_ccrs_mazeV2","567","567","2026-06-26T18:50:32.445+00:00","2931","react_ccrs_mazeV2_20260626_201650.log","13718","1","0","0","0","0","0"
"react-baseline-vs-ccrs-v2","800-baseline","react_ccrs_mazeV2","568","568","2026-06-26T18:50:35.299+00:00","2854","react_ccrs_mazeV2_20260626_201650.log","13736","1","0","0","0","0","0"
"react-baseline-vs-ccrs-v2","800-baseline","react_ccrs_mazeV2","569","569","2026-06-26T18:50:37.899+00:00","2600","react_ccrs_mazeV2_20260626_201650.log","13754","1","0","0","0","0","0"
"react-baseline-vs-ccrs-v2","800-baseline","react_ccrs_mazeV2","570","570","2026-06-26T18:50:40.871+00:00","2972","react_ccrs_mazeV2_20260626_201650.log","13772","1","0","0","0","0","0"
"react-baseline-vs-ccrs-v2","800-baseline","react_ccrs_mazeV2","571","571","2026-06-26T18:50:44.123+00:00","3252","react_ccrs_mazeV2_20260626_201650.log","13789","1","0","0","0","0","0"
"react-baseline-vs-ccrs-v2","800-baseline","react_ccrs_mazeV2","572","572","2026-06-26T18:50:46.795+00:00","2672","react_ccrs_mazeV2_20260626_201650.log","13801","1","0","0","0","0","0"
"react-baseline-vs-ccrs-v2","800-baseline","react_ccrs_mazeV2","573","573","2026-06-26T18:50:50.371+00:00","3576","react_ccrs_mazeV2_20260626_201650.log","13819","1","0","0","0","0","0"
"react-baseline-vs-ccrs-v2","800-baseline","react_ccrs_mazeV2","574","574","2026-06-26T18:50:53.282+00:00","2911","react_ccrs_mazeV2_20260626_201650.log","13831","1","0","0","0","0","0"
"react-baseline-vs-ccrs-v2","800-baseline","react_ccrs_mazeV2","575","575","2026-06-26T18:50:56.416+00:00","3134","react_ccrs_mazeV2_20260626_201650.log","13849","1","0","0","0","0","0"
"react-baseline-vs-ccrs-v2","800-baseline","react_ccrs_mazeV2","576","576","2026-06-26T18:50:59.038+00:00","2622","react_ccrs_mazeV2_20260626_201650.log","13867","1","0","0","0","0","0"
"react-baseline-vs-ccrs-v2","800-baseline","react_ccrs_mazeV2","577","577","2026-06-26T18:51:02.401+00:00","3363","react_ccrs_mazeV2_20260626_201650.log","13885","1","0","0","0","0","0"
"react-baseline-vs-ccrs-v2","800-baseline","react_ccrs_mazeV2","578","578","2026-06-26T18:51:04.985+00:00","2584","react_ccrs_mazeV2_20260626_201650.log","13897","1","0","0","0","0","0"
"react-baseline-vs-ccrs-v2","800-baseline","react_ccrs_mazeV2","579","579","2026-06-26T18:51:07.978+00:00","2993","react_ccrs_mazeV2_20260626_201650.log","13915","1","0","0","0","0","0"
"react-baseline-vs-ccrs-v2","800-baseline","react_ccrs_mazeV2","580","580","2026-06-26T18:51:12.932+00:00","4954","react_ccrs_mazeV2_20260626_201650.log","13933","1","0","0","0","0","0"
"react-baseline-vs-ccrs-v2","800-baseline","react_ccrs_mazeV2","581","581","2026-06-26T18:51:15.500+00:00","2568","react_ccrs_mazeV2_20260626_201650.log","13945","1","0","0","0","0","0"
"react-baseline-vs-ccrs-v2","800-baseline","react_ccrs_mazeV2","582","582","2026-06-26T18:51:18.798+00:00","3298","react_ccrs_mazeV2_20260626_201650.log","13963","1","0","0","0","0","0"
"react-baseline-vs-ccrs-v2","800-baseline","react_ccrs_mazeV2","583","583","2026-06-26T18:51:21.785+00:00","2987","react_ccrs_mazeV2_20260626_201650.log","13975","1","0","0","0","0","0"
"react-baseline-vs-ccrs-v2","800-baseline","react_ccrs_mazeV2","584","584","2026-06-26T18:51:26.148+00:00","4363","react_ccrs_mazeV2_20260626_201650.log","13993","1","0","0","0","0","0"
"react-baseline-vs-ccrs-v2","800-baseline","react_ccrs_mazeV2","585","585","2026-06-26T18:51:29.307+00:00","3159","react_ccrs_mazeV2_20260626_201650.log","14005","1","0","0","0","0","0"
"react-baseline-vs-ccrs-v2","800-baseline","react_ccrs_mazeV2","586","586","2026-06-26T18:51:33.724+00:00","4417","react_ccrs_mazeV2_20260626_201650.log","14023","1","0","0","0","0","0"
"react-baseline-vs-ccrs-v2","800-baseline","react_ccrs_mazeV2","587","587","2026-06-26T18:51:37.565+00:00","3841","react_ccrs_mazeV2_20260626_201650.log","14035","1","0","0","0","0","0"
"react-baseline-vs-ccrs-v2","800-baseline","react_ccrs_mazeV2","588","588","2026-06-26T18:51:40.944+00:00","3379","react_ccrs_mazeV2_20260626_201650.log","14053","1","0","0","0","0","0"
"react-baseline-vs-ccrs-v2","800-baseline","react_ccrs_mazeV2","589","589","2026-06-26T18:51:44.998+00:00","4054","react_ccrs_mazeV2_20260626_201650.log","14071","1","0","0","0","0","0"
"react-baseline-vs-ccrs-v2","800-baseline","react_ccrs_mazeV2","590","590","2026-06-26T18:51:47.801+00:00","2803","react_ccrs_mazeV2_20260626_201650.log","14083","1","0","0","0","0","0"
"react-baseline-vs-ccrs-v2","800-baseline","react_ccrs_mazeV2","591","591","2026-06-26T18:51:51.553+00:00","3752","react_ccrs_mazeV2_20260626_201650.log","14101","1","0","0","0","0","0"
"react-baseline-vs-ccrs-v2","800-baseline","react_ccrs_mazeV2","592","592","2026-06-26T18:51:55.167+00:00","3614","react_ccrs_mazeV2_20260626_201650.log","14113","1","0","0","0","0","0"
"react-baseline-vs-ccrs-v2","800-baseline","react_ccrs_mazeV2","593","593","2026-06-26T18:52:00.094+00:00","4927","react_ccrs_mazeV2_20260626_201650.log","14131","1","0","0","0","0","0"
"react-baseline-vs-ccrs-v2","800-baseline","react_ccrs_mazeV2","594","594","2026-06-26T18:52:03.007+00:00","2913","react_ccrs_mazeV2_20260626_201650.log","14143","1","0","0","0","0","0"
"react-baseline-vs-ccrs-v2","800-baseline","react_ccrs_mazeV2","595","595","2026-06-26T18:52:06.923+00:00","3916","react_ccrs_mazeV2_20260626_201650.log","14161","1","0","0","0","0","0"
"react-baseline-vs-ccrs-v2","800-baseline","react_ccrs_mazeV2","596","596","2026-06-26T18:52:09.442+00:00","2519","react_ccrs_mazeV2_20260626_201650.log","14173","1","0","0","0","0","0"
"react-baseline-vs-ccrs-v2","800-baseline","react_ccrs_mazeV2","597","597","2026-06-26T18:52:12.822+00:00","3380","react_ccrs_mazeV2_20260626_201650.log","14191","1","0","0","0","0","0"
"react-baseline-vs-ccrs-v2","800-baseline","react_ccrs_mazeV2","598","598","2026-06-26T18:52:15.655+00:00","2833","react_ccrs_mazeV2_20260626_201650.log","14203","1","0","0","0","0","0"
"react-baseline-vs-ccrs-v2","800-baseline","react_ccrs_mazeV2","599","599","2026-06-26T18:52:18.506+00:00","2851","react_ccrs_mazeV2_20260626_201650.log","14221","1","0","0","0","0","0"
"react-baseline-vs-ccrs-v2","800-baseline","react_ccrs_mazeV2","600","600","2026-06-26T18:52:21.119+00:00","2613","react_ccrs_mazeV2_20260626_201650.log","14239","1","0","0","0","0","0"
"react-baseline-vs-ccrs-v2","800-baseline","react_ccrs_mazeV2","601","601","2026-06-26T18:52:24.008+00:00","2889","react_ccrs_mazeV2_20260626_201650.log","14257","1","0","0","0","0","0"
"react-baseline-vs-ccrs-v2","800-baseline","react_ccrs_mazeV2","602","602","2026-06-26T18:52:26.374+00:00","2366","react_ccrs_mazeV2_20260626_201650.log","14275","1","0","0","0","0","0"
"react-baseline-vs-ccrs-v2","800-baseline","react_ccrs_mazeV2","603","603","2026-06-26T18:52:28.922+00:00","2548","react_ccrs_mazeV2_20260626_201650.log","14293","1","0","0","0","0","0"
"react-baseline-vs-ccrs-v2","800-baseline","react_ccrs_mazeV2","604","604","2026-06-26T18:52:32.198+00:00","3276","react_ccrs_mazeV2_20260626_201650.log","14311","1","0","0","0","0","0"
"react-baseline-vs-ccrs-v2","800-baseline","react_ccrs_mazeV2","605","605","2026-06-26T18:52:35.095+00:00","2897","react_ccrs_mazeV2_20260626_201650.log","14323","1","0","0","0","0","0"
"react-baseline-vs-ccrs-v2","800-baseline","react_ccrs_mazeV2","606","606","2026-06-26T18:52:39.372+00:00","4277","react_ccrs_mazeV2_20260626_201650.log","14341","1","0","0","0","0","0"
"react-baseline-vs-ccrs-v2","800-baseline","react_ccrs_mazeV2","607","607","2026-06-26T18:52:41.922+00:00","2550","react_ccrs_mazeV2_20260626_201650.log","14353","1","0","0","0","0","0"
"react-baseline-vs-ccrs-v2","800-baseline","react_ccrs_mazeV2","608","608","2026-06-26T18:52:45.248+00:00","3326","react_ccrs_mazeV2_20260626_201650.log","14371","1","0","0","0","0","0"
"react-baseline-vs-ccrs-v2","800-baseline","react_ccrs_mazeV2","609","609","2026-06-26T18:52:47.879+00:00","2631","react_ccrs_mazeV2_20260626_201650.log","14383","1","0","0","0","0","0"
"react-baseline-vs-ccrs-v2","800-baseline","react_ccrs_mazeV2","610","610","2026-06-26T18:52:51.611+00:00","3732","react_ccrs_mazeV2_20260626_201650.log","14401","1","0","0","0","0","0"
