"batch_id","run_id","agent_name","file","line","react_event","invocation","cycle","cycle_timestamp","strategy_id","trace_id","top_action","stop","reason","target","situation_type","trigger","current_resource","target_resource","failed_action","evaluations","suggestions","no_help","opportunistic_guidance","result_type","action_type","action_target","confidence","evaluation_time_ms","has_opportunistic_guidance","no_help_reason","rationale","matched_entries","active_entries"
"react-baseline-vs-ccrs-v1-t2","002-ccrs","react_ccrs_mazeV1_t2","react_ccrs_mazeV1_t2_20260625_141909.log","8","react.ccrs.contingency.escalation.considered","","1",,,,,,,,,,,,,,,,,"","","","","","","","",,
"react-baseline-vs-ccrs-v1-t2","002-ccrs","react_ccrs_mazeV1_t2","react_ccrs_mazeV1_t2_20260625_141909.log","9","react.ccrs.contingency.escalation.skipped","","1",,,,,,"no_escalation_condition_met",,,,,,,,,,,"","","","","","","","",,
"react-baseline-vs-ccrs-v1-t2","002-ccrs","react_ccrs_mazeV1_t2","react_ccrs_mazeV1_t2_20260625_141909.log","28","react.ccrs.contingency.escalation.considered","","2",,,,,,,,,,,,,,,,,"","","","","","","","",,
"react-baseline-vs-ccrs-v1-t2","002-ccrs","react_ccrs_mazeV1_t2","react_ccrs_mazeV1_t2_20260625_141909.log","29","react.ccrs.contingency.escalation.skipped","","2",,,,,,"no_escalation_condition_met",,,,,,,,,,,"","","","","","","","",,
"react-baseline-vs-ccrs-v1-t2","002-ccrs","react_ccrs_mazeV1_t2","react_ccrs_mazeV1_t2_20260625_141909.log","40","react.ccrs.contingency.escalation.considered","","3",,,,,,,,,,,,,,,,,"","","","","","","","",,
"react-baseline-vs-ccrs-v1-t2","002-ccrs","react_ccrs_mazeV1_t2","react_ccrs_mazeV1_t2_20260625_141909.log","41","react.ccrs.contingency.escalation.skipped","","3",,,,,,"no_escalation_condition_met",,,,,,,,,,,"","","","","","","","",,
"react-baseline-vs-ccrs-v1-t2","002-ccrs","react_ccrs_mazeV1_t2","react_ccrs_mazeV1_t2_20260625_141909.log","106","react.ccrs.contingency.escalation.considered","","4",,,,,,,,,,,,,,,,,"","","","","","","","",,
"react-baseline-vs-ccrs-v1-t2","002-ccrs","react_ccrs_mazeV1_t2","react_ccrs_mazeV1_t2_20260625_141909.log","107","react.ccrs.contingency.escalation.skipped","","4",,,,,,"no_escalation_condition_met",,,,,,,,,,,"","","","","","","","",,
"react-baseline-vs-ccrs-v1-t2","002-ccrs","react_ccrs_mazeV1_t2","react_ccrs_mazeV1_t2_20260625_141909.log","118","react.ccrs.contingency.escalation.considered","","5",,,,,,,,,,,,,,,,,"","","","","","","","",,
"react-baseline-vs-ccrs-v1-t2","002-ccrs","react_ccrs_mazeV1_t2","react_ccrs_mazeV1_t2_20260625_141909.log","119","react.ccrs.contingency.escalation.skipped","","5",,,,,,"no_escalation_condition_met",,,,,,,,,,,"","","","","","","","",,
"react-baseline-vs-ccrs-v1-t2","002-ccrs","react_ccrs_mazeV1_t2","react_ccrs_mazeV1_t2_20260625_141909.log","184","react.ccrs.contingency.escalation.considered","","6",,,,,,,,,,,,,,,,,"","","","","","","","",,
"react-baseline-vs-ccrs-v1-t2","002-ccrs","react_ccrs_mazeV1_t2","react_ccrs_mazeV1_t2_20260625_141909.log","185","react.ccrs.contingency.escalation.skipped","","6",,,,,,"no_escalation_condition_met",,,,,,,,,,,"","","","","","","","",,
"react-baseline-vs-ccrs-v1-t2","002-ccrs","react_ccrs_mazeV1_t2","react_ccrs_mazeV1_t2_20260625_141909.log","196","react.ccrs.contingency.escalation.considered","","7",,,,,,,,,,,,,,,,,"","","","","","","","",,
"react-baseline-vs-ccrs-v1-t2","002-ccrs","react_ccrs_mazeV1_t2","react_ccrs_mazeV1_t2_20260625_141909.log","197","react.ccrs.contingency.escalation.skipped","","7",,,,,,"no_escalation_condition_met",,,,,,,,,,,"","","","","","","","",,
"react-baseline-vs-ccrs-v1-t2","002-ccrs","react_ccrs_mazeV1_t2","react_ccrs_mazeV1_t2_20260625_141909.log","262","react.ccrs.contingency.escalation.considered","","8",,,,,,,,,,,,,,,,,"","","","","","","","",,
"react-baseline-vs-ccrs-v1-t2","002-ccrs","react_ccrs_mazeV1_t2","react_ccrs_mazeV1_t2_20260625_141909.log","263","react.ccrs.contingency.escalation.skipped","","8",,,,,,"no_escalation_condition_met",,,,,,,,,,,"","","","","","","","",,
"react-baseline-vs-ccrs-v1-t2","002-ccrs","react_ccrs_mazeV1_t2","react_ccrs_mazeV1_t2_20260625_141909.log","274","react.ccrs.contingency.escalation.considered","","9",,,,,,,,,,,,,,,,,"","","","","","","","",,
"react-baseline-vs-ccrs-v1-t2","002-ccrs","react_ccrs_mazeV1_t2","react_ccrs_mazeV1_t2_20260625_141909.log","275","react.ccrs.contingency.escalation.skipped","","9",,,,,,"no_escalation_condition_met",,,,,,,,,,,"","","","","","","","",,
"react-baseline-vs-ccrs-v1-t2","002-ccrs","react_ccrs_mazeV1_t2","react_ccrs_mazeV1_t2_20260625_141909.log","340","react.ccrs.contingency.escalation.considered","","10",,,,,,,,,,,,,,,,,"","","","","","","","",,
"react-baseline-vs-ccrs-v1-t2","002-ccrs","react_ccrs_mazeV1_t2","react_ccrs_mazeV1_t2_20260625_141909.log","341","react.ccrs.contingency.escalation.skipped","","10",,,,,,"no_escalation_condition_met",,,,,,,,,,,"","","","","","","","",,
"react-baseline-vs-ccrs-v1-t2","002-ccrs","react_ccrs_mazeV1_t2","react_ccrs_mazeV1_t2_20260625_141909.log","352","react.ccrs.contingency.escalation.considered","","11",,,,,,,,,,,,,,,,,"","","","","","","","",,
"react-baseline-vs-ccrs-v1-t2","002-ccrs","react_ccrs_mazeV1_t2","react_ccrs_mazeV1_t2_20260625_141909.log","353","react.ccrs.contingency.escalation.skipped","","11",,,,,,"no_escalation_condition_met",,,,,,,,,,,"","","","","","","","",,
"react-baseline-vs-ccrs-v1-t2","002-ccrs","react_ccrs_mazeV1_t2","react_ccrs_mazeV1_t2_20260625_141909.log","418","react.ccrs.contingency.escalation.considered","","12",,,,,,,,,,,,,,,,,"","","","","","","","",,
"react-baseline-vs-ccrs-v1-t2","002-ccrs","react_ccrs_mazeV1_t2","react_ccrs_mazeV1_t2_20260625_141909.log","419","react.ccrs.contingency.escalation.skipped","","12",,,,,,"no_escalation_condition_met",,,,,,,,,,,"","","","","","","","",,
"react-baseline-vs-ccrs-v1-t2","002-ccrs","react_ccrs_mazeV1_t2","react_ccrs_mazeV1_t2_20260625_141909.log","430","react.ccrs.contingency.escalation.considered","","13",,,,,,,,,,,,,,,,,"","","","","","","","",,
"react-baseline-vs-ccrs-v1-t2","002-ccrs","react_ccrs_mazeV1_t2","react_ccrs_mazeV1_t2_20260625_141909.log","431","react.ccrs.contingency.escalation.skipped","","13",,,,,,"no_escalation_condition_met",,,,,,,,,,,"","","","","","","","",,
"react-baseline-vs-ccrs-v1-t2","002-ccrs","react_ccrs_mazeV1_t2","react_ccrs_mazeV1_t2_20260625_141909.log","496","react.ccrs.contingency.escalation.considered","","14",,,,,,,,,,,,,,,,,"","","","","","","","",,
"react-baseline-vs-ccrs-v1-t2","002-ccrs","react_ccrs_mazeV1_t2","react_ccrs_mazeV1_t2_20260625_141909.log","497","react.ccrs.contingency.escalation.skipped","","14",,,,,,"no_escalation_condition_met",,,,,,,,,,,"","","","","","","","",,
"react-baseline-vs-ccrs-v1-t2","002-ccrs","react_ccrs_mazeV1_t2","react_ccrs_mazeV1_t2_20260625_141909.log","508","react.ccrs.contingency.escalation.considered","","15",,,,,,,,,,,,,,,,,"","","","","","","","",,
"react-baseline-vs-ccrs-v1-t2","002-ccrs","react_ccrs_mazeV1_t2","react_ccrs_mazeV1_t2_20260625_141909.log","509","react.ccrs.contingency.escalation.skipped","","15",,,,,,"no_escalation_condition_met",,,,,,,,,,,"","","","","","","","",,
"react-baseline-vs-ccrs-v1-t2","002-ccrs","react_ccrs_mazeV1_t2","react_ccrs_mazeV1_t2_20260625_141909.log","574","react.ccrs.contingency.escalation.considered","","16",,,,,,,,,,,,,,,,,"","","","","","","","",,
"react-baseline-vs-ccrs-v1-t2","002-ccrs","react_ccrs_mazeV1_t2","react_ccrs_mazeV1_t2_20260625_141909.log","575","react.ccrs.contingency.escalation.skipped","","16",,,,,,"no_escalation_condition_met",,,,,,,,,,,"","","","","","","","",,
"react-baseline-vs-ccrs-v1-t2","002-ccrs","react_ccrs_mazeV1_t2","react_ccrs_mazeV1_t2_20260625_141909.log","586","react.ccrs.contingency.escalation.considered","","17",,,,,,,,,,,,,,,,,"","","","","","","","",,
"react-baseline-vs-ccrs-v1-t2","002-ccrs","react_ccrs_mazeV1_t2","react_ccrs_mazeV1_t2_20260625_141909.log","587","react.ccrs.contingency.escalation.skipped","","17",,,,,,"no_escalation_condition_met",,,,,,,,,,,"","","","","","","","",,
"react-baseline-vs-ccrs-v1-t2","002-ccrs","react_ccrs_mazeV1_t2","react_ccrs_mazeV1_t2_20260625_141909.log","652","react.ccrs.contingency.escalation.considered","","18",,,,,,,,,,,,,,,,,"","","","","","","","",,
"react-baseline-vs-ccrs-v1-t2","002-ccrs","react_ccrs_mazeV1_t2","react_ccrs_mazeV1_t2_20260625_141909.log","653","react.ccrs.contingency.escalation.skipped","","18",,,,,,"no_escalation_condition_met",,,,,,,,,,,"","","","","","","","",,
"react-baseline-vs-ccrs-v1-t2","002-ccrs","react_ccrs_mazeV1_t2","react_ccrs_mazeV1_t2_20260625_141909.log","664","react.ccrs.contingency.escalation.considered","","19",,,,,,,,,,,,,,,,,"","","","","","","","",,
"react-baseline-vs-ccrs-v1-t2","002-ccrs","react_ccrs_mazeV1_t2","react_ccrs_mazeV1_t2_20260625_141909.log","665","react.ccrs.contingency.escalation.skipped","","19",,,,,,"no_escalation_condition_met",,,,,,,,,,,"","","","","","","","",,
"react-baseline-vs-ccrs-v1-t2","002-ccrs","react_ccrs_mazeV1_t2","react_ccrs_mazeV1_t2_20260625_141909.log","730","react.ccrs.contingency.escalation.considered","","20",,,,,,,,,,,,,,,,,"","","","","","","","",,
"react-baseline-vs-ccrs-v1-t2","002-ccrs","react_ccrs_mazeV1_t2","react_ccrs_mazeV1_t2_20260625_141909.log","731","react.ccrs.contingency.escalation.skipped","","20",,,,,,"no_escalation_condition_met",,,,,,,,,,,"","","","","","","","",,
"react-baseline-vs-ccrs-v1-t2","002-ccrs","react_ccrs_mazeV1_t2","react_ccrs_mazeV1_t2_20260625_141909.log","796","react.ccrs.contingency.escalation.considered","","21",,,,,,,,,,,,,,,,,"","","","","","","","",,
"react-baseline-vs-ccrs-v1-t2","002-ccrs","react_ccrs_mazeV1_t2","react_ccrs_mazeV1_t2_20260625_141909.log","797","react.ccrs.contingency.escalation.skipped","","21",,,,,,"no_escalation_condition_met",,,,,,,,,,,"","","","","","","","",,
"react-baseline-vs-ccrs-v1-t2","002-ccrs","react_ccrs_mazeV1_t2","react_ccrs_mazeV1_t2_20260625_141909.log","808","react.ccrs.contingency.escalation.considered","","22",,,,,,,,,,,,,,,,,"","","","","","","","",,
"react-baseline-vs-ccrs-v1-t2","002-ccrs","react_ccrs_mazeV1_t2","react_ccrs_mazeV1_t2_20260625_141909.log","809","react.ccrs.contingency.escalation.skipped","","22",,,,,,"no_escalation_condition_met",,,,,,,,,,,"","","","","","","","",,
"react-baseline-vs-ccrs-v1-t2","002-ccrs","react_ccrs_mazeV1_t2","react_ccrs_mazeV1_t2_20260625_141909.log","874","react.ccrs.contingency.escalation.considered","","23",,,,,,,,,,,,,,,,,"","","","","","","","",,
"react-baseline-vs-ccrs-v1-t2","002-ccrs","react_ccrs_mazeV1_t2","react_ccrs_mazeV1_t2_20260625_141909.log","875","react.ccrs.contingency.escalation.skipped","","23",,,,,,"no_escalation_condition_met",,,,,,,,,,,"","","","","","","","",,
"react-baseline-vs-ccrs-v1-t2","002-ccrs","react_ccrs_mazeV1_t2","react_ccrs_mazeV1_t2_20260625_141909.log","886","react.ccrs.contingency.escalation.considered","","24",,,,,,,,,,,,,,,,,"","","","","","","","",,
"react-baseline-vs-ccrs-v1-t2","002-ccrs","react_ccrs_mazeV1_t2","react_ccrs_mazeV1_t2_20260625_141909.log","887","react.ccrs.contingency.escalation.skipped","","24",,,,,,"no_escalation_condition_met",,,,,,,,,,,"","","","","","","","",,
"react-baseline-vs-ccrs-v1-t2","002-ccrs","react_ccrs_mazeV1_t2","react_ccrs_mazeV1_t2_20260625_141909.log","952","react.ccrs.contingency.escalation.considered","","25",,,,,,,,,,,,,,,,,"","","","","","","","",,
"react-baseline-vs-ccrs-v1-t2","002-ccrs","react_ccrs_mazeV1_t2","react_ccrs_mazeV1_t2_20260625_141909.log","953","react.ccrs.contingency.escalation.skipped","","25",,,,,,"no_escalation_condition_met",,,,,,,,,,,"","","","","","","","",,
"react-baseline-vs-ccrs-v1-t2","002-ccrs","react_ccrs_mazeV1_t2","react_ccrs_mazeV1_t2_20260625_141909.log","1018","react.ccrs.contingency.escalation.considered","","26",,,,,,,,,,,,,,,,,"","","","","","","","",,
"react-baseline-vs-ccrs-v1-t2","002-ccrs","react_ccrs_mazeV1_t2","react_ccrs_mazeV1_t2_20260625_141909.log","1019","react.ccrs.contingency.escalation.skipped","","26",,,,,,"no_escalation_condition_met",,,,,,,,,,,"","","","","","","","",,
"react-baseline-vs-ccrs-v1-t2","002-ccrs","react_ccrs_mazeV1_t2","react_ccrs_mazeV1_t2_20260625_141909.log","1030","react.ccrs.contingency.escalation.considered","","27",,,,,,,,,,,,,,,,,"","","","","","","","",,
"react-baseline-vs-ccrs-v1-t2","002-ccrs","react_ccrs_mazeV1_t2","react_ccrs_mazeV1_t2_20260625_141909.log","1031","react.ccrs.contingency.escalation.skipped","","27",,,,,,"no_escalation_condition_met",,,,,,,,,,,"","","","","","","","",,
"react-baseline-vs-ccrs-v1-t2","002-ccrs","react_ccrs_mazeV1_t2","react_ccrs_mazeV1_t2_20260625_141909.log","1096","react.ccrs.contingency.escalation.considered","","28",,,,,,,,,,,,,,,,,"","","","","","","","",,
"react-baseline-vs-ccrs-v1-t2","002-ccrs","react_ccrs_mazeV1_t2","react_ccrs_mazeV1_t2_20260625_141909.log","1097","react.ccrs.contingency.escalation.skipped","","28",,,,,,"no_escalation_condition_met",,,,,,,,,,,"","","","","","","","",,
"react-baseline-vs-ccrs-v1-t2","002-ccrs","react_ccrs_mazeV1_t2","react_ccrs_mazeV1_t2_20260625_141909.log","1108","react.ccrs.contingency.escalation.considered","","29",,,,,,,,,,,,,,,,,"","","","","","","","",,
"react-baseline-vs-ccrs-v1-t2","002-ccrs","react_ccrs_mazeV1_t2","react_ccrs_mazeV1_t2_20260625_141909.log","1109","react.ccrs.contingency.escalation.skipped","","29",,,,,,"no_escalation_condition_met",,,,,,,,,,,"","","","","","","","",,
"react-baseline-vs-ccrs-v1-t2","002-ccrs","react_ccrs_mazeV1_t2","react_ccrs_mazeV1_t2_20260625_141909.log","1174","react.ccrs.contingency.escalation.considered","","30",,,,,,,,,,,,,,,,,"","","","","","","","",,
"react-baseline-vs-ccrs-v1-t2","002-ccrs","react_ccrs_mazeV1_t2","react_ccrs_mazeV1_t2_20260625_141909.log","1175","react.ccrs.contingency.escalation.skipped","","30",,,,,,"no_escalation_condition_met",,,,,,,,,,,"","","","","","","","",,
"react-baseline-vs-ccrs-v1-t2","002-ccrs","react_ccrs_mazeV1_t2","react_ccrs_mazeV1_t2_20260625_141909.log","1186","react.ccrs.contingency.escalation.considered","","31",,,,,,,,,,,,,,,,,"","","","","","","","",,
"react-baseline-vs-ccrs-v1-t2","002-ccrs","react_ccrs_mazeV1_t2","react_ccrs_mazeV1_t2_20260625_141909.log","1187","react.ccrs.contingency.escalation.skipped","","31",,,,,,"no_escalation_condition_met",,,,,,,,,,,"","","","","","","","",,
"react-baseline-vs-ccrs-v1-t2","002-ccrs","react_ccrs_mazeV1_t2","react_ccrs_mazeV1_t2_20260625_141909.log","1252","react.ccrs.contingency.escalation.considered","","32",,,,,,,,,,,,,,,,,"","","","","","","","",,
"react-baseline-vs-ccrs-v1-t2","002-ccrs","react_ccrs_mazeV1_t2","react_ccrs_mazeV1_t2_20260625_141909.log","1253","react.ccrs.contingency.escalation.skipped","","32",,,,,,"no_escalation_condition_met",,,,,,,,,,,"","","","","","","","",,
"react-baseline-vs-ccrs-v1-t2","002-ccrs","react_ccrs_mazeV1_t2","react_ccrs_mazeV1_t2_20260625_141909.log","1318","react.ccrs.contingency.escalation.considered","","33",,,,,,,,,,,,,,,,,"","","","","","","","",,
"react-baseline-vs-ccrs-v1-t2","002-ccrs","react_ccrs_mazeV1_t2","react_ccrs_mazeV1_t2_20260625_141909.log","1319","react.ccrs.contingency.escalation.skipped","","33",,,,,,"no_escalation_condition_met",,,,,,,,,,,"","","","","","","","",,
"react-baseline-vs-ccrs-v1-t2","002-ccrs","react_ccrs_mazeV1_t2","react_ccrs_mazeV1_t2_20260625_141909.log","1330","react.ccrs.contingency.escalation.considered","","34",,,,,,,,,,,,,,,,,"","","","","","","","",,
"react-baseline-vs-ccrs-v1-t2","002-ccrs","react_ccrs_mazeV1_t2","react_ccrs_mazeV1_t2_20260625_141909.log","1331","react.ccrs.contingency.escalation.skipped","","34",,,,,,"no_escalation_condition_met",,,,,,,,,,,"","","","","","","","",,
"react-baseline-vs-ccrs-v1-t2","002-ccrs","react_ccrs_mazeV1_t2","react_ccrs_mazeV1_t2_20260625_141909.log","1396","react.ccrs.contingency.escalation.considered","","35",,,,,,,,,,,,,,,,,"","","","","","","","",,
"react-baseline-vs-ccrs-v1-t2","002-ccrs","react_ccrs_mazeV1_t2","react_ccrs_mazeV1_t2_20260625_141909.log","1397","react.ccrs.contingency.escalation.skipped","","35",,,,,,"no_escalation_condition_met",,,,,,,,,,,"","","","","","","","",,
"react-baseline-vs-ccrs-v1-t2","002-ccrs","react_ccrs_mazeV1_t2","react_ccrs_mazeV1_t2_20260625_141909.log","1462","react.ccrs.contingency.escalation.considered","","36",,,,,,,,,,,,,,,,,"","","","","","","","",,
"react-baseline-vs-ccrs-v1-t2","002-ccrs","react_ccrs_mazeV1_t2","react_ccrs_mazeV1_t2_20260625_141909.log","1463","react.ccrs.contingency.escalation.skipped","","36",,,,,,"no_escalation_condition_met",,,,,,,,,,,"","","","","","","","",,
"react-baseline-vs-ccrs-v1-t2","002-ccrs","react_ccrs_mazeV1_t2","react_ccrs_mazeV1_t2_20260625_141909.log","1528","react.ccrs.contingency.escalation.considered","","37",,,,,,,,,,,,,,,,,"","","","","","","","",,
"react-baseline-vs-ccrs-v1-t2","002-ccrs","react_ccrs_mazeV1_t2","react_ccrs_mazeV1_t2_20260625_141909.log","1529","react.ccrs.contingency.escalation.skipped","","37",,,,,,"no_escalation_condition_met",,,,,,,,,,,"","","","","","","","",,
"react-baseline-vs-ccrs-v1-t2","002-ccrs","react_ccrs_mazeV1_t2","react_ccrs_mazeV1_t2_20260625_141909.log","1540","react.ccrs.contingency.escalation.considered","","38",,,,,,,,,,,,,,,,,"","","","","","","","",,
"react-baseline-vs-ccrs-v1-t2","002-ccrs","react_ccrs_mazeV1_t2","react_ccrs_mazeV1_t2_20260625_141909.log","1541","react.ccrs.contingency.escalation.skipped","","38",,,,,,"no_escalation_condition_met",,,,,,,,,,,"","","","","","","","",,
"react-baseline-vs-ccrs-v1-t2","002-ccrs","react_ccrs_mazeV1_t2","react_ccrs_mazeV1_t2_20260625_141909.log","1606","react.ccrs.contingency.escalation.considered","","39",,,,,,,,,,,,,,,,,"","","","","","","","",,
"react-baseline-vs-ccrs-v1-t2","002-ccrs","react_ccrs_mazeV1_t2","react_ccrs_mazeV1_t2_20260625_141909.log","1607","react.ccrs.contingency.escalation.skipped","","39",,,,,,"no_escalation_condition_met",,,,,,,,,,,"","","","","","","","",,
"react-baseline-vs-ccrs-v1-t2","002-ccrs","react_ccrs_mazeV1_t2","react_ccrs_mazeV1_t2_20260625_141909.log","1618","react.ccrs.contingency.escalation.considered","","40",,,,,,,,,,,,,,,,,"","","","","","","","",,
"react-baseline-vs-ccrs-v1-t2","002-ccrs","react_ccrs_mazeV1_t2","react_ccrs_mazeV1_t2_20260625_141909.log","1619","react.ccrs.contingency.escalation.skipped","","40",,,,,,"no_escalation_condition_met",,,,,,,,,,,"","","","","","","","",,
"react-baseline-vs-ccrs-v1-t2","002-ccrs","react_ccrs_mazeV1_t2","react_ccrs_mazeV1_t2_20260625_141909.log","1684","react.ccrs.contingency.escalation.considered","","41",,,,,,,,,,,,,,,,,"","","","","","","","",,
"react-baseline-vs-ccrs-v1-t2","002-ccrs","react_ccrs_mazeV1_t2","react_ccrs_mazeV1_t2_20260625_141909.log","1685","react.ccrs.contingency.escalation.skipped","","41",,,,,,"no_escalation_condition_met",,,,,,,,,,,"","","","","","","","",,
"react-baseline-vs-ccrs-v1-t2","002-ccrs","react_ccrs_mazeV1_t2","react_ccrs_mazeV1_t2_20260625_141909.log","1750","react.ccrs.contingency.escalation.considered","","42",,,,,,,,,,,,,,,,,"","","","","","","","",,
"react-baseline-vs-ccrs-v1-t2","002-ccrs","react_ccrs_mazeV1_t2","react_ccrs_mazeV1_t2_20260625_141909.log","1751","react.ccrs.contingency.escalation.skipped","","42",,,,,,"no_escalation_condition_met",,,,,,,,,,,"","","","","","","","",,
"react-baseline-vs-ccrs-v1-t2","002-ccrs","react_ccrs_mazeV1_t2","react_ccrs_mazeV1_t2_20260625_141909.log","1816","react.ccrs.contingency.escalation.considered","","43",,,,,,,,,,,,,,,,,"","","","","","","","",,
"react-baseline-vs-ccrs-v1-t2","002-ccrs","react_ccrs_mazeV1_t2","react_ccrs_mazeV1_t2_20260625_141909.log","1817","react.ccrs.contingency.escalation.skipped","","43",,,,,,"no_escalation_condition_met",,,,,,,,,,,"","","","","","","","",,
"react-baseline-vs-ccrs-v1-t2","002-ccrs","react_ccrs_mazeV1_t2","react_ccrs_mazeV1_t2_20260625_141909.log","1882","react.ccrs.contingency.escalation.considered","","44",,,,,,,,,,,,,,,,,"","","","","","","","",,
"react-baseline-vs-ccrs-v1-t2","002-ccrs","react_ccrs_mazeV1_t2","react_ccrs_mazeV1_t2_20260625_141909.log","1883","react.ccrs.contingency.escalation.skipped","","44",,,,,,"no_escalation_condition_met",,,,,,,,,,,"","","","","","","","",,
"react-baseline-vs-ccrs-v1-t2","002-ccrs","react_ccrs_mazeV1_t2","react_ccrs_mazeV1_t2_20260625_141909.log","1948","react.ccrs.contingency.escalation.considered","","45",,,,,,,,,,,,,,,,,"","","","","","","","",,
"react-baseline-vs-ccrs-v1-t2","002-ccrs","react_ccrs_mazeV1_t2","react_ccrs_mazeV1_t2_20260625_141909.log","1949","react.ccrs.contingency.escalation.skipped","","45",,,,,,"no_escalation_condition_met",,,,,,,,,,,"","","","","","","","",,
"react-baseline-vs-ccrs-v1-t2","002-ccrs","react_ccrs_mazeV1_t2","react_ccrs_mazeV1_t2_20260625_141909.log","2014","react.ccrs.contingency.escalation.considered","","46",,,,,,,,,,,,,,,,,"","","","","","","","",,
"react-baseline-vs-ccrs-v1-t2","002-ccrs","react_ccrs_mazeV1_t2","react_ccrs_mazeV1_t2_20260625_141909.log","2015","react.ccrs.contingency.escalation.skipped","","46",,,,,,"no_escalation_condition_met",,,,,,,,,,,"","","","","","","","",,
"react-baseline-vs-ccrs-v1-t2","002-ccrs","react_ccrs_mazeV1_t2","react_ccrs_mazeV1_t2_20260625_141909.log","2080","react.ccrs.contingency.escalation.considered","","47",,,,,,,,,,,,,,,,,"","","","","","","","",,
"react-baseline-vs-ccrs-v1-t2","002-ccrs","react_ccrs_mazeV1_t2","react_ccrs_mazeV1_t2_20260625_141909.log","2081","react.ccrs.contingency.escalation.skipped","","47",,,,,,"no_escalation_condition_met",,,,,,,,,,,"","","","","","","","",,
"react-baseline-vs-ccrs-v1-t2","002-ccrs","react_ccrs_mazeV1_t2","react_ccrs_mazeV1_t2_20260625_141909.log","2092","react.ccrs.contingency.escalation.considered","","48",,,,,,,,,,,,,,,,,"","","","","","","","",,
"react-baseline-vs-ccrs-v1-t2","002-ccrs","react_ccrs_mazeV1_t2","react_ccrs_mazeV1_t2_20260625_141909.log","2093","react.ccrs.contingency.escalation.skipped","","48",,,,,,"no_escalation_condition_met",,,,,,,,,,,"","","","","","","","",,
"react-baseline-vs-ccrs-v1-t2","002-ccrs","react_ccrs_mazeV1_t2","react_ccrs_mazeV1_t2_20260625_141909.log","2158","react.ccrs.contingency.escalation.considered","","49",,,,,,,,,,,,,,,,,"","","","","","","","",,
"react-baseline-vs-ccrs-v1-t2","002-ccrs","react_ccrs_mazeV1_t2","react_ccrs_mazeV1_t2_20260625_141909.log","2159","react.ccrs.contingency.escalation.skipped","","49",,,,,,"no_escalation_condition_met",,,,,,,,,,,"","","","","","","","",,
"react-baseline-vs-ccrs-v1-t2","002-ccrs","react_ccrs_mazeV1_t2","react_ccrs_mazeV1_t2_20260625_141909.log","2175","react.ccrs.contingency.escalation.considered","","50",,,,,,,,,,,,,,,,,"","","","","","","","",,
"react-baseline-vs-ccrs-v1-t2","002-ccrs","react_ccrs_mazeV1_t2","react_ccrs_mazeV1_t2_20260625_141909.log","2176","react.ccrs.contingency.escalation.skipped","","50",,,,,,"no_escalation_condition_met",,,,,,,,,,,"","","","","","","","",,
"react-baseline-vs-ccrs-v1-t2","002-ccrs","react_ccrs_mazeV1_t2","react_ccrs_mazeV1_t2_20260625_141909.log","2241","react.ccrs.contingency.escalation.considered","","51",,,,,,,,,,,,,,,,,"","","","","","","","",,
"react-baseline-vs-ccrs-v1-t2","002-ccrs","react_ccrs_mazeV1_t2","react_ccrs_mazeV1_t2_20260625_141909.log","2242","react.ccrs.contingency.escalation.skipped","","51",,,,,,"no_escalation_condition_met",,,,,,,,,,,"","","","","","","","",,
"react-baseline-vs-ccrs-v1-t2","002-ccrs","react_ccrs_mazeV1_t2","react_ccrs_mazeV1_t2_20260625_141909.log","2307","react.ccrs.contingency.escalation.considered","","52",,,,,,,,,,,,,,,,,"","","","","","","","",,
"react-baseline-vs-ccrs-v1-t2","002-ccrs","react_ccrs_mazeV1_t2","react_ccrs_mazeV1_t2_20260625_141909.log","2308","react.ccrs.contingency.escalation.skipped","","52",,,,,,"no_escalation_condition_met",,,,,,,,,,,"","","","","","","","",,
"react-baseline-vs-ccrs-v1-t2","002-ccrs","react_ccrs_mazeV1_t2","react_ccrs_mazeV1_t2_20260625_141909.log","2373","react.ccrs.contingency.escalation.considered","","53",,,,,,,,,,,,,,,,,"","","","","","","","",,
"react-baseline-vs-ccrs-v1-t2","002-ccrs","react_ccrs_mazeV1_t2","react_ccrs_mazeV1_t2_20260625_141909.log","2374","react.ccrs.contingency.escalation.skipped","","53",,,,,,"no_escalation_condition_met",,,,,,,,,,,"","","","","","","","",,
"react-baseline-vs-ccrs-v1-t2","002-ccrs","react_ccrs_mazeV1_t2","react_ccrs_mazeV1_t2_20260625_141909.log","2439","react.ccrs.contingency.escalation.considered","","54",,,,,,,,,,,,,,,,,"","","","","","","","",,
"react-baseline-vs-ccrs-v1-t2","002-ccrs","react_ccrs_mazeV1_t2","react_ccrs_mazeV1_t2_20260625_141909.log","2440","react.ccrs.contingency.escalation.skipped","","54",,,,,,"no_escalation_condition_met",,,,,,,,,,,"","","","","","","","",,
"react-baseline-vs-ccrs-v1-t2","002-ccrs","react_ccrs_mazeV1_t2","react_ccrs_mazeV1_t2_20260625_141909.log","2505","react.ccrs.contingency.escalation.considered","","55",,,,,,,,,,,,,,,,,"","","","","","","","",,
"react-baseline-vs-ccrs-v1-t2","002-ccrs","react_ccrs_mazeV1_t2","react_ccrs_mazeV1_t2_20260625_141909.log","2506","react.ccrs.contingency.escalation.skipped","","55",,,,,,"no_escalation_condition_met",,,,,,,,,,,"","","","","","","","",,
"react-baseline-vs-ccrs-v1-t2","002-ccrs","react_ccrs_mazeV1_t2","react_ccrs_mazeV1_t2_20260625_141909.log","2571","react.ccrs.contingency.escalation.considered","","56",,,,,,,,,,,,,,,,,"","","","","","","","",,
"react-baseline-vs-ccrs-v1-t2","002-ccrs","react_ccrs_mazeV1_t2","react_ccrs_mazeV1_t2_20260625_141909.log","2572","react.ccrs.contingency.escalation.skipped","","56",,,,,,"no_escalation_condition_met",,,,,,,,,,,"","","","","","","","",,
"react-baseline-vs-ccrs-v1-t2","002-ccrs","react_ccrs_mazeV1_t2","react_ccrs_mazeV1_t2_20260625_141909.log","2637","react.ccrs.contingency.escalation.considered","","57",,,,,,,,,,,,,,,,,"","","","","","","","",,
"react-baseline-vs-ccrs-v1-t2","002-ccrs","react_ccrs_mazeV1_t2","react_ccrs_mazeV1_t2_20260625_141909.log","2638","react.ccrs.contingency.escalation.skipped","","57",,,,,,"no_escalation_condition_met",,,,,,,,,,,"","","","","","","","",,
"react-baseline-vs-ccrs-v1-t2","002-ccrs","react_ccrs_mazeV1_t2","react_ccrs_mazeV1_t2_20260625_141909.log","2703","react.ccrs.contingency.escalation.considered","","58",,,,,,,,,,,,,,,,,"","","","","","","","",,
"react-baseline-vs-ccrs-v1-t2","002-ccrs","react_ccrs_mazeV1_t2","react_ccrs_mazeV1_t2_20260625_141909.log","2704","react.ccrs.contingency.escalation.skipped","","58",,,,,,"no_escalation_condition_met",,,,,,,,,,,"","","","","","","","",,
"react-baseline-vs-ccrs-v1-t2","002-ccrs","react_ccrs_mazeV1_t2","react_ccrs_mazeV1_t2_20260625_141909.log","2769","react.ccrs.contingency.escalation.considered","","59",,,,,,,,,,,,,,,,,"","","","","","","","",,
"react-baseline-vs-ccrs-v1-t2","002-ccrs","react_ccrs_mazeV1_t2","react_ccrs_mazeV1_t2_20260625_141909.log","2770","react.ccrs.contingency.escalation.skipped","","59",,,,,,"no_escalation_condition_met",,,,,,,,,,,"","","","","","","","",,
"react-baseline-vs-ccrs-v1-t2","002-ccrs","react_ccrs_mazeV1_t2","react_ccrs_mazeV1_t2_20260625_141909.log","2835","react.ccrs.contingency.escalation.considered","","60",,,,,,,,,,,,,,,,,"","","","","","","","",,
"react-baseline-vs-ccrs-v1-t2","002-ccrs","react_ccrs_mazeV1_t2","react_ccrs_mazeV1_t2_20260625_141909.log","2836","react.ccrs.contingency.escalation.skipped","","60",,,,,,"no_escalation_condition_met",,,,,,,,,,,"","","","","","","","",,
"react-baseline-vs-ccrs-v1-t2","002-ccrs","react_ccrs_mazeV1_t2","react_ccrs_mazeV1_t2_20260625_141909.log","2901","react.ccrs.contingency.escalation.considered","","61",,,,,,,,,,,,,,,,,"","","","","","","","",,
"react-baseline-vs-ccrs-v1-t2","002-ccrs","react_ccrs_mazeV1_t2","react_ccrs_mazeV1_t2_20260625_141909.log","2902","react.ccrs.contingency.escalation.skipped","","61",,,,,,"no_escalation_condition_met",,,,,,,,,,,"","","","","","","","",,
"react-baseline-vs-ccrs-v1-t2","002-ccrs","react_ccrs_mazeV1_t2","react_ccrs_mazeV1_t2_20260625_141909.log","2967","react.ccrs.contingency.escalation.considered","","62",,,,,,,,,,,,,,,,,"","","","","","","","",,
"react-baseline-vs-ccrs-v1-t2","002-ccrs","react_ccrs_mazeV1_t2","react_ccrs_mazeV1_t2_20260625_141909.log","2968","react.ccrs.contingency.escalation.skipped","","62",,,,,,"no_escalation_condition_met",,,,,,,,,,,"","","","","","","","",,
"react-baseline-vs-ccrs-v1-t2","002-ccrs","react_ccrs_mazeV1_t2","react_ccrs_mazeV1_t2_20260625_141909.log","3033","react.ccrs.contingency.escalation.considered","","63",,,,,,,,,,,,,,,,,"","","","","","","","",,
"react-baseline-vs-ccrs-v1-t2","002-ccrs","react_ccrs_mazeV1_t2","react_ccrs_mazeV1_t2_20260625_141909.log","3034","react.ccrs.contingency.escalation.skipped","","63",,,,,,"no_escalation_condition_met",,,,,,,,,,,"","","","","","","","",,
"react-baseline-vs-ccrs-v1-t2","002-ccrs","react_ccrs_mazeV1_t2","react_ccrs_mazeV1_t2_20260625_141909.log","3099","react.ccrs.contingency.escalation.considered","","64",,,,,,,,,,,,,,,,,"","","","","","","","",,
"react-baseline-vs-ccrs-v1-t2","002-ccrs","react_ccrs_mazeV1_t2","react_ccrs_mazeV1_t2_20260625_141909.log","3100","react.ccrs.contingency.escalation.skipped","","64",,,,,,"no_escalation_condition_met",,,,,,,,,,,"","","","","","","","",,
"react-baseline-vs-ccrs-v1-t2","002-ccrs","react_ccrs_mazeV1_t2","react_ccrs_mazeV1_t2_20260625_141909.log","3165","react.ccrs.contingency.escalation.considered","","65",,,,,,,,,,,,,,,,,"","","","","","","","",,
"react-baseline-vs-ccrs-v1-t2","002-ccrs","react_ccrs_mazeV1_t2","react_ccrs_mazeV1_t2_20260625_141909.log","3166","react.ccrs.contingency.escalation.skipped","","65",,,,,,"no_escalation_condition_met",,,,,,,,,,,"","","","","","","","",,
"react-baseline-vs-ccrs-v1-t2","002-ccrs","react_ccrs_mazeV1_t2","react_ccrs_mazeV1_t2_20260625_141909.log","3231","react.ccrs.contingency.escalation.considered","","66",,,,,,,,,,,,,,,,,"","","","","","","","",,
"react-baseline-vs-ccrs-v1-t2","002-ccrs","react_ccrs_mazeV1_t2","react_ccrs_mazeV1_t2_20260625_141909.log","3232","react.ccrs.contingency.escalation.skipped","","66",,,,,,"no_escalation_condition_met",,,,,,,,,,,"","","","","","","","",,
"react-baseline-vs-ccrs-v1-t2","002-ccrs","react_ccrs_mazeV1_t2","react_ccrs_mazeV1_t2_20260625_141909.log","3297","react.ccrs.contingency.escalation.considered","","67",,,,,,,,,,,,,,,,,"","","","","","","","",,
"react-baseline-vs-ccrs-v1-t2","002-ccrs","react_ccrs_mazeV1_t2","react_ccrs_mazeV1_t2_20260625_141909.log","3298","react.ccrs.contingency.escalation.skipped","","67",,,,,,"no_escalation_condition_met",,,,,,,,,,,"","","","","","","","",,
"react-baseline-vs-ccrs-v1-t2","002-ccrs","react_ccrs_mazeV1_t2","react_ccrs_mazeV1_t2_20260625_141909.log","3363","react.ccrs.contingency.escalation.considered","","68",,,,,,,,,,,,,,,,,"","","","","","","","",,
"react-baseline-vs-ccrs-v1-t2","002-ccrs","react_ccrs_mazeV1_t2","react_ccrs_mazeV1_t2_20260625_141909.log","3364","react.ccrs.contingency.escalation.skipped","","68",,,,,,"no_escalation_condition_met",,,,,,,,,,,"","","","","","","","",,
"react-baseline-vs-ccrs-v1-t2","002-ccrs","react_ccrs_mazeV1_t2","react_ccrs_mazeV1_t2_20260625_141909.log","3429","react.ccrs.contingency.escalation.considered","","69",,,,,,,,,,,,,,,,,"","","","","","","","",,
"react-baseline-vs-ccrs-v1-t2","002-ccrs","react_ccrs_mazeV1_t2","react_ccrs_mazeV1_t2_20260625_141909.log","3430","react.ccrs.contingency.escalation.skipped","","69",,,,,,"no_escalation_condition_met",,,,,,,,,,,"","","","","","","","",,
"react-baseline-vs-ccrs-v1-t2","002-ccrs","react_ccrs_mazeV1_t2","react_ccrs_mazeV1_t2_20260625_141909.log","3495","react.ccrs.contingency.escalation.considered","","70",,,,,,,,,,,,,,,,,"","","","","","","","",,
"react-baseline-vs-ccrs-v1-t2","002-ccrs","react_ccrs_mazeV1_t2","react_ccrs_mazeV1_t2_20260625_141909.log","3496","react.ccrs.contingency.escalation.skipped","","70",,,,,,"no_escalation_condition_met",,,,,,,,,,,"","","","","","","","",,
"react-baseline-vs-ccrs-v1-t2","002-ccrs","react_ccrs_mazeV1_t2","react_ccrs_mazeV1_t2_20260625_141909.log","3507","react.ccrs.contingency.escalation.considered","","71",,,,,,,,,,,,,,,,,"","","","","","","","",,
"react-baseline-vs-ccrs-v1-t2","002-ccrs","react_ccrs_mazeV1_t2","react_ccrs_mazeV1_t2_20260625_141909.log","3508","react.ccrs.contingency.escalation.skipped","","71",,,,,,"no_escalation_condition_met",,,,,,,,,,,"","","","","","","","",,
"react-baseline-vs-ccrs-v1-t2","002-ccrs","react_ccrs_mazeV1_t2","react_ccrs_mazeV1_t2_20260625_141909.log","3524","react.ccrs.contingency.escalation.considered","","72",,,,,,,,,,,,,,,,,"","","","","","","","",,
"react-baseline-vs-ccrs-v1-t2","002-ccrs","react_ccrs_mazeV1_t2","react_ccrs_mazeV1_t2_20260625_141909.log","3525","react.ccrs.contingency.escalation.skipped","","72",,,,,,"no_escalation_condition_met",,,,,,,,,,,"","","","","","","","",,
"react-baseline-vs-ccrs-v1-t2","002-ccrs","react_ccrs_mazeV1_t2","react_ccrs_mazeV1_t2_20260625_141909.log","3536","react.ccrs.contingency.escalation.considered","","73",,,,,,,,,,,,,,,,,"","","","","","","","",,
"react-baseline-vs-ccrs-v1-t2","002-ccrs","react_ccrs_mazeV1_t2","react_ccrs_mazeV1_t2_20260625_141909.log","3537","react.ccrs.contingency.escalation.skipped","","73",,,,,,"no_escalation_condition_met",,,,,,,,,,,"","","","","","","","",,
"react-baseline-vs-ccrs-v1-t2","002-ccrs","react_ccrs_mazeV1_t2","react_ccrs_mazeV1_t2_20260625_141909.log","3553","react.ccrs.contingency.escalation.considered","","74",,,,,,,,,,,,,,,,,"","","","","","","","",,
"react-baseline-vs-ccrs-v1-t2","002-ccrs","react_ccrs_mazeV1_t2","react_ccrs_mazeV1_t2_20260625_141909.log","3554","react.ccrs.contingency.escalation.skipped","","74",,,,,,"no_escalation_condition_met",,,,,,,,,,,"","","","","","","","",,
"react-baseline-vs-ccrs-v1-t2","002-ccrs","react_ccrs_mazeV1_t2","react_ccrs_mazeV1_t2_20260625_141909.log","3570","react.ccrs.contingency.escalation.considered","","75",,,,,,,,,,,,,,,,,"","","","","","","","",,
"react-baseline-vs-ccrs-v1-t2","002-ccrs","react_ccrs_mazeV1_t2","react_ccrs_mazeV1_t2_20260625_141909.log","3571","react.ccrs.contingency.escalation.skipped","","75",,,,,,"no_escalation_condition_met",,,,,,,,,,,"","","","","","","","",,
"react-baseline-vs-ccrs-v1-t2","002-ccrs","react_ccrs_mazeV1_t2","react_ccrs_mazeV1_t2_20260625_141909.log","3587","react.ccrs.contingency.escalation.considered","","76",,,,,,,,,,,,,,,,,"","","","","","","","",,
"react-baseline-vs-ccrs-v1-t2","002-ccrs","react_ccrs_mazeV1_t2","react_ccrs_mazeV1_t2_20260625_141909.log","3588","react.ccrs.contingency.escalation.skipped","","76",,,,,,"no_escalation_condition_met",,,,,,,,,,,"","","","","","","","",,
"react-baseline-vs-ccrs-v1-t2","002-ccrs","react_ccrs_mazeV1_t2","react_ccrs_mazeV1_t2_20260625_141909.log","3604","react.ccrs.contingency.escalation.considered","","77",,,,,,,,,,,,,,,,,"","","","","","","","",,
"react-baseline-vs-ccrs-v1-t2","002-ccrs","react_ccrs_mazeV1_t2","react_ccrs_mazeV1_t2_20260625_141909.log","3605","react.ccrs.contingency.escalation.skipped","","77",,,,,,"no_escalation_condition_met",,,,,,,,,,,"","","","","","","","",,
"react-baseline-vs-ccrs-v1-t2","002-ccrs","react_ccrs_mazeV1_t2","react_ccrs_mazeV1_t2_20260625_141909.log","3621","react.ccrs.contingency.escalation.considered","","78",,,,,,,,,,,,,,,,,"","","","","","","","",,
"react-baseline-vs-ccrs-v1-t2","002-ccrs","react_ccrs_mazeV1_t2","react_ccrs_mazeV1_t2_20260625_141909.log","3622","react.ccrs.contingency.escalation.skipped","","78",,,,,,"no_escalation_condition_met",,,,,,,,,,,"","","","","","","","",,
"react-baseline-vs-ccrs-v1-t2","002-ccrs","react_ccrs_mazeV1_t2","react_ccrs_mazeV1_t2_20260625_141909.log","3638","react.ccrs.contingency.escalation.considered","","79",,,,,,,,,,,,,,,,,"","","","","","","","",,
"react-baseline-vs-ccrs-v1-t2","002-ccrs","react_ccrs_mazeV1_t2","react_ccrs_mazeV1_t2_20260625_141909.log","3639","react.ccrs.contingency.escalation.skipped","","79",,,,,,"no_escalation_condition_met",,,,,,,,,,,"","","","","","","","",,
"react-baseline-vs-ccrs-v1-t2","002-ccrs","react_ccrs_mazeV1_t2","react_ccrs_mazeV1_t2_20260625_141909.log","3655","react.ccrs.contingency.escalation.considered","","80",,,,,,,,,,,,,,,,,"","","","","","","","",,
"react-baseline-vs-ccrs-v1-t2","002-ccrs","react_ccrs_mazeV1_t2","react_ccrs_mazeV1_t2_20260625_141909.log","3656","react.ccrs.contingency.escalation.skipped","","80",,,,,,"no_escalation_condition_met",,,,,,,,,,,"","","","","","","","",,
"react-baseline-vs-ccrs-v1-t2","002-ccrs","react_ccrs_mazeV1_t2","react_ccrs_mazeV1_t2_20260625_141909.log","3672","react.ccrs.contingency.escalation.considered","","81",,,,,,,,,,,,,,,,,"","","","","","","","",,
"react-baseline-vs-ccrs-v1-t2","002-ccrs","react_ccrs_mazeV1_t2","react_ccrs_mazeV1_t2_20260625_141909.log","3673","react.ccrs.contingency.escalation.skipped","","81",,,,,,"no_escalation_condition_met",,,,,,,,,,,"","","","","","","","",,
"react-baseline-vs-ccrs-v1-t2","002-ccrs","react_ccrs_mazeV1_t2","react_ccrs_mazeV1_t2_20260625_141909.log","3689","react.ccrs.contingency.escalation.considered","","82",,,,,,,,,,,,,,,,,"","","","","","","","",,
"react-baseline-vs-ccrs-v1-t2","002-ccrs","react_ccrs_mazeV1_t2","react_ccrs_mazeV1_t2_20260625_141909.log","3690","react.ccrs.contingency.escalation.skipped","","82",,,,,,"no_escalation_condition_met",,,,,,,,,,,"","","","","","","","",,
"react-baseline-vs-ccrs-v1-t2","002-ccrs","react_ccrs_mazeV1_t2","react_ccrs_mazeV1_t2_20260625_141909.log","3706","react.ccrs.contingency.escalation.considered","","83",,,,,,,,,,,,,,,,,"","","","","","","","",,
"react-baseline-vs-ccrs-v1-t2","002-ccrs","react_ccrs_mazeV1_t2","react_ccrs_mazeV1_t2_20260625_141909.log","3707","react.ccrs.contingency.escalation.skipped","","83",,,,,,"no_escalation_condition_met",,,,,,,,,,,"","","","","","","","",,
"react-baseline-vs-ccrs-v1-t2","002-ccrs","react_ccrs_mazeV1_t2","react_ccrs_mazeV1_t2_20260625_141909.log","3723","react.ccrs.contingency.escalation.considered","","84",,,,,,,,,,,,,,,,,"","","","","","","","",,
"react-baseline-vs-ccrs-v1-t2","002-ccrs","react_ccrs_mazeV1_t2","react_ccrs_mazeV1_t2_20260625_141909.log","3724","react.ccrs.contingency.escalation.skipped","","84",,,,,,"no_escalation_condition_met",,,,,,,,,,,"","","","","","","","",,
"react-baseline-vs-ccrs-v1-t2","002-ccrs","react_ccrs_mazeV1_t2","react_ccrs_mazeV1_t2_20260625_141909.log","3740","react.ccrs.contingency.escalation.considered","","85",,,,,,,,,,,,,,,,,"","","","","","","","",,
"react-baseline-vs-ccrs-v1-t2","002-ccrs","react_ccrs_mazeV1_t2","react_ccrs_mazeV1_t2_20260625_141909.log","3741","react.ccrs.contingency.escalation.skipped","","85",,,,,,"no_escalation_condition_met",,,,,,,,,,,"","","","","","","","",,
"react-baseline-vs-ccrs-v1-t2","002-ccrs","react_ccrs_mazeV1_t2","react_ccrs_mazeV1_t2_20260625_141909.log","3757","react.ccrs.contingency.escalation.considered","","86",,,,,,,,,,,,,,,,,"","","","","","","","",,
"react-baseline-vs-ccrs-v1-t2","002-ccrs","react_ccrs_mazeV1_t2","react_ccrs_mazeV1_t2_20260625_141909.log","3758","react.ccrs.contingency.escalation.skipped","","86",,,,,,"no_escalation_condition_met",,,,,,,,,,,"","","","","","","","",,
"react-baseline-vs-ccrs-v1-t2","002-ccrs","react_ccrs_mazeV1_t2","react_ccrs_mazeV1_t2_20260625_141909.log","3774","react.ccrs.contingency.escalation.considered","","87",,,,,,,,,,,,,,,,,"","","","","","","","",,
"react-baseline-vs-ccrs-v1-t2","002-ccrs","react_ccrs_mazeV1_t2","react_ccrs_mazeV1_t2_20260625_141909.log","3775","react.ccrs.contingency.escalation.skipped","","87",,,,,,"no_escalation_condition_met",,,,,,,,,,,"","","","","","","","",,
"react-baseline-vs-ccrs-v1-t2","002-ccrs","react_ccrs_mazeV1_t2","react_ccrs_mazeV1_t2_20260625_141909.log","3791","react.ccrs.contingency.escalation.considered","","88",,,,,,,,,,,,,,,,,"","","","","","","","",,
"react-baseline-vs-ccrs-v1-t2","002-ccrs","react_ccrs_mazeV1_t2","react_ccrs_mazeV1_t2_20260625_141909.log","3792","react.ccrs.contingency.escalation.skipped","","88",,,,,,"no_escalation_condition_met",,,,,,,,,,,"","","","","","","","",,
"react-baseline-vs-ccrs-v1-t2","002-ccrs","react_ccrs_mazeV1_t2","react_ccrs_mazeV1_t2_20260625_141909.log","3808","react.ccrs.contingency.escalation.considered","","89",,,,,,,,,,,,,,,,,"","","","","","","","",,
"react-baseline-vs-ccrs-v1-t2","002-ccrs","react_ccrs_mazeV1_t2","react_ccrs_mazeV1_t2_20260625_141909.log","3809","react.ccrs.contingency.escalation.skipped","","89",,,,,,"no_escalation_condition_met",,,,,,,,,,,"","","","","","","","",,
"react-baseline-vs-ccrs-v1-t2","002-ccrs","react_ccrs_mazeV1_t2","react_ccrs_mazeV1_t2_20260625_141909.log","3825","react.ccrs.contingency.escalation.considered","","90",,,,,,,,,,,,,,,,,"","","","","","","","",,
"react-baseline-vs-ccrs-v1-t2","002-ccrs","react_ccrs_mazeV1_t2","react_ccrs_mazeV1_t2_20260625_141909.log","3826","react.ccrs.contingency.escalation.skipped","","90",,,,,,"no_escalation_condition_met",,,,,,,,,,,"","","","","","","","",,
"react-baseline-vs-ccrs-v1-t2","002-ccrs","react_ccrs_mazeV1_t2","react_ccrs_mazeV1_t2_20260625_141909.log","3842","react.ccrs.contingency.escalation.considered","","91",,,,,,,,,,,,,,,,,"","","","","","","","",,
"react-baseline-vs-ccrs-v1-t2","002-ccrs","react_ccrs_mazeV1_t2","react_ccrs_mazeV1_t2_20260625_141909.log","3843","react.ccrs.contingency.escalation.skipped","","91",,,,,,"no_escalation_condition_met",,,,,,,,,,,"","","","","","","","",,
"react-baseline-vs-ccrs-v1-t2","002-ccrs","react_ccrs_mazeV1_t2","react_ccrs_mazeV1_t2_20260625_141909.log","3859","react.ccrs.contingency.escalation.considered","","92",,,,,,,,,,,,,,,,,"","","","","","","","",,
"react-baseline-vs-ccrs-v1-t2","002-ccrs","react_ccrs_mazeV1_t2","react_ccrs_mazeV1_t2_20260625_141909.log","3860","react.ccrs.contingency.escalation.skipped","","92",,,,,,"no_escalation_condition_met",,,,,,,,,,,"","","","","","","","",,
"react-baseline-vs-ccrs-v1-t2","002-ccrs","react_ccrs_mazeV1_t2","react_ccrs_mazeV1_t2_20260625_141909.log","3876","react.ccrs.contingency.escalation.considered","","93",,,,,,,,,,,,,,,,,"","","","","","","","",,
"react-baseline-vs-ccrs-v1-t2","002-ccrs","react_ccrs_mazeV1_t2","react_ccrs_mazeV1_t2_20260625_141909.log","3877","react.ccrs.contingency.escalation.skipped","","93",,,,,,"no_escalation_condition_met",,,,,,,,,,,"","","","","","","","",,
"react-baseline-vs-ccrs-v1-t2","002-ccrs","react_ccrs_mazeV1_t2","react_ccrs_mazeV1_t2_20260625_141909.log","3893","react.ccrs.contingency.escalation.considered","","94",,,,,,,,,,,,,,,,,"","","","","","","","",,
"react-baseline-vs-ccrs-v1-t2","002-ccrs","react_ccrs_mazeV1_t2","react_ccrs_mazeV1_t2_20260625_141909.log","3894","react.ccrs.contingency.escalation.skipped","","94",,,,,,"no_escalation_condition_met",,,,,,,,,,,"","","","","","","","",,
"react-baseline-vs-ccrs-v1-t2","002-ccrs","react_ccrs_mazeV1_t2","react_ccrs_mazeV1_t2_20260625_141909.log","3910","react.ccrs.contingency.escalation.considered","","95",,,,,,,,,,,,,,,,,"","","","","","","","",,
"react-baseline-vs-ccrs-v1-t2","002-ccrs","react_ccrs_mazeV1_t2","react_ccrs_mazeV1_t2_20260625_141909.log","3911","react.ccrs.contingency.escalation.skipped","","95",,,,,,"no_escalation_condition_met",,,,,,,,,,,"","","","","","","","",,
"react-baseline-vs-ccrs-v1-t2","002-ccrs","react_ccrs_mazeV1_t2","react_ccrs_mazeV1_t2_20260625_141909.log","3927","react.ccrs.contingency.escalation.considered","","96",,,,,,,,,,,,,,,,,"","","","","","","","",,
"react-baseline-vs-ccrs-v1-t2","002-ccrs","react_ccrs_mazeV1_t2","react_ccrs_mazeV1_t2_20260625_141909.log","3928","react.ccrs.contingency.escalation.skipped","","96",,,,,,"no_escalation_condition_met",,,,,,,,,,,"","","","","","","","",,
"react-baseline-vs-ccrs-v1-t2","002-ccrs","react_ccrs_mazeV1_t2","react_ccrs_mazeV1_t2_20260625_141909.log","3944","react.ccrs.contingency.escalation.considered","","97",,,,,,,,,,,,,,,,,"","","","","","","","",,
"react-baseline-vs-ccrs-v1-t2","002-ccrs","react_ccrs_mazeV1_t2","react_ccrs_mazeV1_t2_20260625_141909.log","3945","react.ccrs.contingency.escalation.skipped","","97",,,,,,"no_escalation_condition_met",,,,,,,,,,,"","","","","","","","",,
"react-baseline-vs-ccrs-v1-t2","002-ccrs","react_ccrs_mazeV1_t2","react_ccrs_mazeV1_t2_20260625_141909.log","3961","react.ccrs.contingency.escalation.considered","","98",,,,,,,,,,,,,,,,,"","","","","","","","",,
"react-baseline-vs-ccrs-v1-t2","002-ccrs","react_ccrs_mazeV1_t2","react_ccrs_mazeV1_t2_20260625_141909.log","3962","react.ccrs.contingency.escalation.skipped","","98",,,,,,"no_escalation_condition_met",,,,,,,,,,,"","","","","","","","",,
"react-baseline-vs-ccrs-v1-t2","002-ccrs","react_ccrs_mazeV1_t2","react_ccrs_mazeV1_t2_20260625_141909.log","3978","react.ccrs.contingency.escalation.considered","","99",,,,,,,,,,,,,,,,,"","","","","","","","",,
"react-baseline-vs-ccrs-v1-t2","002-ccrs","react_ccrs_mazeV1_t2","react_ccrs_mazeV1_t2_20260625_141909.log","3979","react.ccrs.contingency.escalation.skipped","","99",,,,,,"no_escalation_condition_met",,,,,,,,,,,"","","","","","","","",,
"react-baseline-vs-ccrs-v1-t2","002-ccrs","react_ccrs_mazeV1_t2","react_ccrs_mazeV1_t2_20260625_141909.log","3995","react.ccrs.contingency.escalation.considered","","100",,,,,,,,,,,,,,,,,"","","","","","","","",,
"react-baseline-vs-ccrs-v1-t2","002-ccrs","react_ccrs_mazeV1_t2","react_ccrs_mazeV1_t2_20260625_141909.log","3996","react.ccrs.contingency.escalation.skipped","","100",,,,,,"no_escalation_condition_met",,,,,,,,,,,"","","","","","","","",,
"react-baseline-vs-ccrs-v1-t2","002-ccrs","react_ccrs_mazeV1_t2","react_ccrs_mazeV1_t2_20260625_141909.log","4012","react.ccrs.contingency.escalation.considered","","101",,,,,,,,,,,,,,,,,"","","","","","","","",,
"react-baseline-vs-ccrs-v1-t2","002-ccrs","react_ccrs_mazeV1_t2","react_ccrs_mazeV1_t2_20260625_141909.log","4013","react.ccrs.contingency.escalation.skipped","","101",,,,,,"no_escalation_condition_met",,,,,,,,,,,"","","","","","","","",,
"react-baseline-vs-ccrs-v1-t2","002-ccrs","react_ccrs_mazeV1_t2","react_ccrs_mazeV1_t2_20260625_141909.log","4024","react.ccrs.contingency.escalation.considered","","102",,,,,,,,,,,,,,,,,"","","","","","","","",,
"react-baseline-vs-ccrs-v1-t2","002-ccrs","react_ccrs_mazeV1_t2","react_ccrs_mazeV1_t2_20260625_141909.log","4025","react.ccrs.contingency.escalation.skipped","","102",,,,,,"no_escalation_condition_met",,,,,,,,,,,"","","","","","","","",,
"react-baseline-vs-ccrs-v1-t2","002-ccrs","react_ccrs_mazeV1_t2","react_ccrs_mazeV1_t2_20260625_141909.log","4041","react.ccrs.contingency.escalation.considered","","103",,,,,,,,,,,,,,,,,"","","","","","","","",,
"react-baseline-vs-ccrs-v1-t2","002-ccrs","react_ccrs_mazeV1_t2","react_ccrs_mazeV1_t2_20260625_141909.log","4042","react.ccrs.contingency.escalation.skipped","","103",,,,,,"no_escalation_condition_met",,,,,,,,,,,"","","","","","","","",,
"react-baseline-vs-ccrs-v1-t2","002-ccrs","react_ccrs_mazeV1_t2","react_ccrs_mazeV1_t2_20260625_141909.log","4058","react.ccrs.contingency.escalation.considered","","104",,,,,,,,,,,,,,,,,"","","","","","","","",,
"react-baseline-vs-ccrs-v1-t2","002-ccrs","react_ccrs_mazeV1_t2","react_ccrs_mazeV1_t2_20260625_141909.log","4059","react.ccrs.contingency.escalation.skipped","","104",,,,,,"no_escalation_condition_met",,,,,,,,,,,"","","","","","","","",,
"react-baseline-vs-ccrs-v1-t2","002-ccrs","react_ccrs_mazeV1_t2","react_ccrs_mazeV1_t2_20260625_141909.log","4070","react.ccrs.contingency.escalation.considered","","105",,,,,,,,,,,,,,,,,"","","","","","","","",,
"react-baseline-vs-ccrs-v1-t2","002-ccrs","react_ccrs_mazeV1_t2","react_ccrs_mazeV1_t2_20260625_141909.log","4071","react.ccrs.contingency.escalation.skipped","","105",,,,,,"no_escalation_condition_met",,,,,,,,,,,"","","","","","","","",,
"react-baseline-vs-ccrs-v1-t2","002-ccrs","react_ccrs_mazeV1_t2","react_ccrs_mazeV1_t2_20260625_141909.log","4087","react.ccrs.contingency.escalation.considered","","106",,,,,,,,,,,,,,,,,"","","","","","","","",,
"react-baseline-vs-ccrs-v1-t2","002-ccrs","react_ccrs_mazeV1_t2","react_ccrs_mazeV1_t2_20260625_141909.log","4088","react.ccrs.contingency.escalation.skipped","","106",,,,,,"no_escalation_condition_met",,,,,,,,,,,"","","","","","","","",,
"react-baseline-vs-ccrs-v1-t2","002-ccrs","react_ccrs_mazeV1_t2","react_ccrs_mazeV1_t2_20260625_141909.log","4104","react.ccrs.contingency.escalation.considered","","107",,,,,,,,,,,,,,,,,"","","","","","","","",,
"react-baseline-vs-ccrs-v1-t2","002-ccrs","react_ccrs_mazeV1_t2","react_ccrs_mazeV1_t2_20260625_141909.log","4105","react.ccrs.contingency.escalation.skipped","","107",,,,,,"no_escalation_condition_met",,,,,,,,,,,"","","","","","","","",,
"react-baseline-vs-ccrs-v1-t2","002-ccrs","react_ccrs_mazeV1_t2","react_ccrs_mazeV1_t2_20260625_141909.log","4121","react.ccrs.contingency.escalation.considered","","108",,,,,,,,,,,,,,,,,"","","","","","","","",,
"react-baseline-vs-ccrs-v1-t2","002-ccrs","react_ccrs_mazeV1_t2","react_ccrs_mazeV1_t2_20260625_141909.log","4122","react.ccrs.contingency.escalation.skipped","","108",,,,,,"no_escalation_condition_met",,,,,,,,,,,"","","","","","","","",,
"react-baseline-vs-ccrs-v1-t2","002-ccrs","react_ccrs_mazeV1_t2","react_ccrs_mazeV1_t2_20260625_141909.log","4138","react.ccrs.contingency.escalation.considered","","109",,,,,,,,,,,,,,,,,"","","","","","","","",,
"react-baseline-vs-ccrs-v1-t2","002-ccrs","react_ccrs_mazeV1_t2","react_ccrs_mazeV1_t2_20260625_141909.log","4139","react.ccrs.contingency.escalation.skipped","","109",,,,,,"no_escalation_condition_met",,,,,,,,,,,"","","","","","","","",,
"react-baseline-vs-ccrs-v1-t2","002-ccrs","react_ccrs_mazeV1_t2","react_ccrs_mazeV1_t2_20260625_141909.log","4150","react.ccrs.contingency.escalation.considered","","110",,,,,,,,,,,,,,,,,"","","","","","","","",,
"react-baseline-vs-ccrs-v1-t2","002-ccrs","react_ccrs_mazeV1_t2","react_ccrs_mazeV1_t2_20260625_141909.log","4151","react.ccrs.contingency.escalation.skipped","","110",,,,,,"no_escalation_condition_met",,,,,,,,,,,"","","","","","","","",,
"react-baseline-vs-ccrs-v1-t2","002-ccrs","react_ccrs_mazeV1_t2","react_ccrs_mazeV1_t2_20260625_141909.log","4167","react.ccrs.contingency.escalation.considered","","111",,,,,,,,,,,,,,,,,"","","","","","","","",,
"react-baseline-vs-ccrs-v1-t2","002-ccrs","react_ccrs_mazeV1_t2","react_ccrs_mazeV1_t2_20260625_141909.log","4168","react.ccrs.contingency.escalation.skipped","","111",,,,,,"no_escalation_condition_met",,,,,,,,,,,"","","","","","","","",,
"react-baseline-vs-ccrs-v1-t2","002-ccrs","react_ccrs_mazeV1_t2","react_ccrs_mazeV1_t2_20260625_141909.log","4184","react.ccrs.contingency.escalation.considered","","112",,,,,,,,,,,,,,,,,"","","","","","","","",,
"react-baseline-vs-ccrs-v1-t2","002-ccrs","react_ccrs_mazeV1_t2","react_ccrs_mazeV1_t2_20260625_141909.log","4185","react.ccrs.contingency.escalation.skipped","","112",,,,,,"no_escalation_condition_met",,,,,,,,,,,"","","","","","","","",,
"react-baseline-vs-ccrs-v1-t2","002-ccrs","react_ccrs_mazeV1_t2","react_ccrs_mazeV1_t2_20260625_141909.log","4201","react.ccrs.contingency.escalation.considered","","113",,,,,,,,,,,,,,,,,"","","","","","","","",,
"react-baseline-vs-ccrs-v1-t2","002-ccrs","react_ccrs_mazeV1_t2","react_ccrs_mazeV1_t2_20260625_141909.log","4202","react.ccrs.contingency.escalation.skipped","","113",,,,,,"no_escalation_condition_met",,,,,,,,,,,"","","","","","","","",,
"react-baseline-vs-ccrs-v1-t2","002-ccrs","react_ccrs_mazeV1_t2","react_ccrs_mazeV1_t2_20260625_141909.log","4218","react.ccrs.contingency.escalation.considered","","114",,,,,,,,,,,,,,,,,"","","","","","","","",,
"react-baseline-vs-ccrs-v1-t2","002-ccrs","react_ccrs_mazeV1_t2","react_ccrs_mazeV1_t2_20260625_141909.log","4219","react.ccrs.contingency.escalation.skipped","","114",,,,,,"no_escalation_condition_met",,,,,,,,,,,"","","","","","","","",,
"react-baseline-vs-ccrs-v1-t2","002-ccrs","react_ccrs_mazeV1_t2","react_ccrs_mazeV1_t2_20260625_141909.log","4235","react.ccrs.contingency.escalation.considered","","115",,,,,,,,,,,,,,,,,"","","","","","","","",,
"react-baseline-vs-ccrs-v1-t2","002-ccrs","react_ccrs_mazeV1_t2","react_ccrs_mazeV1_t2_20260625_141909.log","4236","react.ccrs.contingency.escalation.skipped","","115",,,,,,"no_escalation_condition_met",,,,,,,,,,,"","","","","","","","",,
"react-baseline-vs-ccrs-v1-t2","002-ccrs","react_ccrs_mazeV1_t2","react_ccrs_mazeV1_t2_20260625_141909.log","4252","react.ccrs.contingency.escalation.considered","","116",,,,,,,,,,,,,,,,,"","","","","","","","",,
"react-baseline-vs-ccrs-v1-t2","002-ccrs","react_ccrs_mazeV1_t2","react_ccrs_mazeV1_t2_20260625_141909.log","4253","react.ccrs.contingency.escalation.skipped","","116",,,,,,"no_escalation_condition_met",,,,,,,,,,,"","","","","","","","",,
"react-baseline-vs-ccrs-v1-t2","002-ccrs","react_ccrs_mazeV1_t2","react_ccrs_mazeV1_t2_20260625_141909.log","4269","react.ccrs.contingency.escalation.considered","","117",,,,,,,,,,,,,,,,,"","","","","","","","",,
"react-baseline-vs-ccrs-v1-t2","002-ccrs","react_ccrs_mazeV1_t2","react_ccrs_mazeV1_t2_20260625_141909.log","4270","react.ccrs.contingency.escalation.skipped","","117",,,,,,"no_escalation_condition_met",,,,,,,,,,,"","","","","","","","",,
"react-baseline-vs-ccrs-v1-t2","002-ccrs","react_ccrs_mazeV1_t2","react_ccrs_mazeV1_t2_20260625_141909.log","4286","react.ccrs.contingency.escalation.considered","","118",,,,,,,,,,,,,,,,,"","","","","","","","",,
"react-baseline-vs-ccrs-v1-t2","002-ccrs","react_ccrs_mazeV1_t2","react_ccrs_mazeV1_t2_20260625_141909.log","4287","react.ccrs.contingency.escalation.skipped","","118",,,,,,"no_escalation_condition_met",,,,,,,,,,,"","","","","","","","",,
"react-baseline-vs-ccrs-v1-t2","002-ccrs","react_ccrs_mazeV1_t2","react_ccrs_mazeV1_t2_20260625_141909.log","4303","react.ccrs.contingency.escalation.considered","","119",,,,,,,,,,,,,,,,,"","","","","","","","",,
"react-baseline-vs-ccrs-v1-t2","002-ccrs","react_ccrs_mazeV1_t2","react_ccrs_mazeV1_t2_20260625_141909.log","4304","react.ccrs.contingency.escalation.skipped","","119",,,,,,"no_escalation_condition_met",,,,,,,,,,,"","","","","","","","",,
"react-baseline-vs-ccrs-v1-t2","002-ccrs","react_ccrs_mazeV1_t2","react_ccrs_mazeV1_t2_20260625_141909.log","4320","react.ccrs.contingency.escalation.considered","","120",,,,,,,,,,,,,,,,,"","","","","","","","",,
"react-baseline-vs-ccrs-v1-t2","002-ccrs","react_ccrs_mazeV1_t2","react_ccrs_mazeV1_t2_20260625_141909.log","4321","react.ccrs.contingency.escalation.skipped","","120",,,,,,"no_escalation_condition_met",,,,,,,,,,,"","","","","","","","",,
"react-baseline-vs-ccrs-v1-t2","002-ccrs","react_ccrs_mazeV1_t2","react_ccrs_mazeV1_t2_20260625_141909.log","4337","react.ccrs.contingency.escalation.considered","","121",,,,,,,,,,,,,,,,,"","","","","","","","",,
"react-baseline-vs-ccrs-v1-t2","002-ccrs","react_ccrs_mazeV1_t2","react_ccrs_mazeV1_t2_20260625_141909.log","4338","react.ccrs.contingency.escalation.skipped","","121",,,,,,"no_escalation_condition_met",,,,,,,,,,,"","","","","","","","",,
"react-baseline-vs-ccrs-v1-t2","002-ccrs","react_ccrs_mazeV1_t2","react_ccrs_mazeV1_t2_20260625_141909.log","4354","react.ccrs.contingency.escalation.considered","","122",,,,,,,,,,,,,,,,,"","","","","","","","",,
"react-baseline-vs-ccrs-v1-t2","002-ccrs","react_ccrs_mazeV1_t2","react_ccrs_mazeV1_t2_20260625_141909.log","4355","react.ccrs.contingency.escalation.skipped","","122",,,,,,"no_escalation_condition_met",,,,,,,,,,,"","","","","","","","",,
"react-baseline-vs-ccrs-v1-t2","002-ccrs","react_ccrs_mazeV1_t2","react_ccrs_mazeV1_t2_20260625_141909.log","4366","react.ccrs.contingency.escalation.considered","","123",,,,,,,,,,,,,,,,,"","","","","","","","",,
"react-baseline-vs-ccrs-v1-t2","002-ccrs","react_ccrs_mazeV1_t2","react_ccrs_mazeV1_t2_20260625_141909.log","4367","react.ccrs.contingency.escalation.skipped","","123",,,,,,"no_escalation_condition_met",,,,,,,,,,,"","","","","","","","",,
"react-baseline-vs-ccrs-v1-t2","002-ccrs","react_ccrs_mazeV1_t2","react_ccrs_mazeV1_t2_20260625_141909.log","4383","react.ccrs.contingency.escalation.considered","","124",,,,,,,,,,,,,,,,,"","","","","","","","",,
"react-baseline-vs-ccrs-v1-t2","002-ccrs","react_ccrs_mazeV1_t2","react_ccrs_mazeV1_t2_20260625_141909.log","4384","react.ccrs.contingency.escalation.skipped","","124",,,,,,"no_escalation_condition_met",,,,,,,,,,,"","","","","","","","",,
"react-baseline-vs-ccrs-v1-t2","002-ccrs","react_ccrs_mazeV1_t2","react_ccrs_mazeV1_t2_20260625_141909.log","4400","react.ccrs.contingency.escalation.considered","","125",,,,,,,,,,,,,,,,,"","","","","","","","",,
"react-baseline-vs-ccrs-v1-t2","002-ccrs","react_ccrs_mazeV1_t2","react_ccrs_mazeV1_t2_20260625_141909.log","4401","react.ccrs.contingency.escalation.skipped","","125",,,,,,"no_escalation_condition_met",,,,,,,,,,,"","","","","","","","",,
"react-baseline-vs-ccrs-v1-t2","002-ccrs","react_ccrs_mazeV1_t2","react_ccrs_mazeV1_t2_20260625_141909.log","4417","react.ccrs.contingency.escalation.considered","","126",,,,,,,,,,,,,,,,,"","","","","","","","",,
"react-baseline-vs-ccrs-v1-t2","002-ccrs","react_ccrs_mazeV1_t2","react_ccrs_mazeV1_t2_20260625_141909.log","4418","react.ccrs.contingency.escalation.skipped","","126",,,,,,"no_escalation_condition_met",,,,,,,,,,,"","","","","","","","",,
"react-baseline-vs-ccrs-v1-t2","002-ccrs","react_ccrs_mazeV1_t2","react_ccrs_mazeV1_t2_20260625_141909.log","4434","react.ccrs.contingency.escalation.considered","","127",,,,,,,,,,,,,,,,,"","","","","","","","",,
"react-baseline-vs-ccrs-v1-t2","002-ccrs","react_ccrs_mazeV1_t2","react_ccrs_mazeV1_t2_20260625_141909.log","4435","react.ccrs.contingency.escalation.skipped","","127",,,,,,"no_escalation_condition_met",,,,,,,,,,,"","","","","","","","",,
"react-baseline-vs-ccrs-v1-t2","002-ccrs","react_ccrs_mazeV1_t2","react_ccrs_mazeV1_t2_20260625_141909.log","4451","react.ccrs.contingency.escalation.considered","","128",,,,,,,,,,,,,,,,,"","","","","","","","",,
"react-baseline-vs-ccrs-v1-t2","002-ccrs","react_ccrs_mazeV1_t2","react_ccrs_mazeV1_t2_20260625_141909.log","4452","react.ccrs.contingency.escalation.skipped","","128",,,,,,"no_escalation_condition_met",,,,,,,,,,,"","","","","","","","",,
"react-baseline-vs-ccrs-v1-t2","002-ccrs","react_ccrs_mazeV1_t2","react_ccrs_mazeV1_t2_20260625_141909.log","4463","react.ccrs.contingency.escalation.considered","","129",,,,,,,,,,,,,,,,,"","","","","","","","",,
"react-baseline-vs-ccrs-v1-t2","002-ccrs","react_ccrs_mazeV1_t2","react_ccrs_mazeV1_t2_20260625_141909.log","4464","react.ccrs.contingency.escalation.skipped","","129",,,,,,"no_escalation_condition_met",,,,,,,,,,,"","","","","","","","",,
"react-baseline-vs-ccrs-v1-t2","002-ccrs","react_ccrs_mazeV1_t2","react_ccrs_mazeV1_t2_20260625_141909.log","4480","react.ccrs.contingency.escalation.considered","","130",,,,,,,,,,,,,,,,,"","","","","","","","",,
"react-baseline-vs-ccrs-v1-t2","002-ccrs","react_ccrs_mazeV1_t2","react_ccrs_mazeV1_t2_20260625_141909.log","4481","react.ccrs.contingency.escalation.skipped","","130",,,,,,"no_escalation_condition_met",,,,,,,,,,,"","","","","","","","",,
"react-baseline-vs-ccrs-v1-t2","002-ccrs","react_ccrs_mazeV1_t2","react_ccrs_mazeV1_t2_20260625_141909.log","4492","react.ccrs.contingency.escalation.considered","","131",,,,,,,,,,,,,,,,,"","","","","","","","",,
"react-baseline-vs-ccrs-v1-t2","002-ccrs","react_ccrs_mazeV1_t2","react_ccrs_mazeV1_t2_20260625_141909.log","4493","react.ccrs.contingency.escalation.skipped","","131",,,,,,"no_escalation_condition_met",,,,,,,,,,,"","","","","","","","",,
"react-baseline-vs-ccrs-v1-t2","002-ccrs","react_ccrs_mazeV1_t2","react_ccrs_mazeV1_t2_20260625_141909.log","4509","react.ccrs.contingency.escalation.considered","","132",,,,,,,,,,,,,,,,,"","","","","","","","",,
"react-baseline-vs-ccrs-v1-t2","002-ccrs","react_ccrs_mazeV1_t2","react_ccrs_mazeV1_t2_20260625_141909.log","4510","react.ccrs.contingency.escalation.skipped","","132",,,,,,"no_escalation_condition_met",,,,,,,,,,,"","","","","","","","",,
"react-baseline-vs-ccrs-v1-t2","002-ccrs","react_ccrs_mazeV1_t2","react_ccrs_mazeV1_t2_20260625_141909.log","4526","react.ccrs.contingency.escalation.considered","","133",,,,,,,,,,,,,,,,,"","","","","","","","",,
"react-baseline-vs-ccrs-v1-t2","002-ccrs","react_ccrs_mazeV1_t2","react_ccrs_mazeV1_t2_20260625_141909.log","4527","react.ccrs.contingency.escalation.skipped","","133",,,,,,"no_escalation_condition_met",,,,,,,,,,,"","","","","","","","",,
"react-baseline-vs-ccrs-v1-t2","002-ccrs","react_ccrs_mazeV1_t2","react_ccrs_mazeV1_t2_20260625_141909.log","4543","react.ccrs.contingency.escalation.considered","","134",,,,,,,,,,,,,,,,,"","","","","","","","",,
"react-baseline-vs-ccrs-v1-t2","002-ccrs","react_ccrs_mazeV1_t2","react_ccrs_mazeV1_t2_20260625_141909.log","4544","react.ccrs.contingency.escalation.skipped","","134",,,,,,"no_escalation_condition_met",,,,,,,,,,,"","","","","","","","",,
"react-baseline-vs-ccrs-v1-t2","002-ccrs","react_ccrs_mazeV1_t2","react_ccrs_mazeV1_t2_20260625_141909.log","4560","react.ccrs.contingency.escalation.considered","","135",,,,,,,,,,,,,,,,,"","","","","","","","",,
"react-baseline-vs-ccrs-v1-t2","002-ccrs","react_ccrs_mazeV1_t2","react_ccrs_mazeV1_t2_20260625_141909.log","4561","react.ccrs.contingency.escalation.skipped","","135",,,,,,"no_escalation_condition_met",,,,,,,,,,,"","","","","","","","",,
"react-baseline-vs-ccrs-v1-t2","002-ccrs","react_ccrs_mazeV1_t2","react_ccrs_mazeV1_t2_20260625_141909.log","4577","react.ccrs.contingency.escalation.considered","","136",,,,,,,,,,,,,,,,,"","","","","","","","",,
"react-baseline-vs-ccrs-v1-t2","002-ccrs","react_ccrs_mazeV1_t2","react_ccrs_mazeV1_t2_20260625_141909.log","4578","react.ccrs.contingency.escalation.skipped","","136",,,,,,"no_escalation_condition_met",,,,,,,,,,,"","","","","","","","",,
"react-baseline-vs-ccrs-v1-t2","002-ccrs","react_ccrs_mazeV1_t2","react_ccrs_mazeV1_t2_20260625_141909.log","4594","react.ccrs.contingency.escalation.considered","","137",,,,,,,,,,,,,,,,,"","","","","","","","",,
"react-baseline-vs-ccrs-v1-t2","002-ccrs","react_ccrs_mazeV1_t2","react_ccrs_mazeV1_t2_20260625_141909.log","4595","react.ccrs.contingency.escalation.skipped","","137",,,,,,"no_escalation_condition_met",,,,,,,,,,,"","","","","","","","",,
"react-baseline-vs-ccrs-v1-t2","002-ccrs","react_ccrs_mazeV1_t2","react_ccrs_mazeV1_t2_20260625_141909.log","4611","react.ccrs.contingency.escalation.considered","","138",,,,,,,,,,,,,,,,,"","","","","","","","",,
"react-baseline-vs-ccrs-v1-t2","002-ccrs","react_ccrs_mazeV1_t2","react_ccrs_mazeV1_t2_20260625_141909.log","4612","react.ccrs.contingency.escalation.skipped","","138",,,,,,"no_escalation_condition_met",,,,,,,,,,,"","","","","","","","",,
"react-baseline-vs-ccrs-v1-t2","002-ccrs","react_ccrs_mazeV1_t2","react_ccrs_mazeV1_t2_20260625_141909.log","4628","react.ccrs.contingency.escalation.considered","","139",,,,,,,,,,,,,,,,,"","","","","","","","",,
"react-baseline-vs-ccrs-v1-t2","002-ccrs","react_ccrs_mazeV1_t2","react_ccrs_mazeV1_t2_20260625_141909.log","4629","react.ccrs.contingency.escalation.skipped","","139",,,,,,"no_escalation_condition_met",,,,,,,,,,,"","","","","","","","",,
"react-baseline-vs-ccrs-v1-t2","002-ccrs","react_ccrs_mazeV1_t2","react_ccrs_mazeV1_t2_20260625_141909.log","4645","react.ccrs.contingency.escalation.considered","","140",,,,,,,,,,,,,,,,,"","","","","","","","",,
"react-baseline-vs-ccrs-v1-t2","002-ccrs","react_ccrs_mazeV1_t2","react_ccrs_mazeV1_t2_20260625_141909.log","4646","react.ccrs.contingency.escalation.skipped","","140",,,,,,"no_escalation_condition_met",,,,,,,,,,,"","","","","","","","",,
"react-baseline-vs-ccrs-v1-t2","002-ccrs","react_ccrs_mazeV1_t2","react_ccrs_mazeV1_t2_20260625_141909.log","4662","react.ccrs.contingency.escalation.considered","","141",,,,,,,,,,,,,,,,,"","","","","","","","",,
"react-baseline-vs-ccrs-v1-t2","002-ccrs","react_ccrs_mazeV1_t2","react_ccrs_mazeV1_t2_20260625_141909.log","4663","react.ccrs.contingency.escalation.skipped","","141",,,,,,"no_escalation_condition_met",,,,,,,,,,,"","","","","","","","",,
"react-baseline-vs-ccrs-v1-t2","002-ccrs","react_ccrs_mazeV1_t2","react_ccrs_mazeV1_t2_20260625_141909.log","4679","react.ccrs.contingency.escalation.considered","","142",,,,,,,,,,,,,,,,,"","","","","","","","",,
"react-baseline-vs-ccrs-v1-t2","002-ccrs","react_ccrs_mazeV1_t2","react_ccrs_mazeV1_t2_20260625_141909.log","4680","react.ccrs.contingency.escalation.skipped","","142",,,,,,"no_escalation_condition_met",,,,,,,,,,,"","","","","","","","",,
"react-baseline-vs-ccrs-v1-t2","002-ccrs","react_ccrs_mazeV1_t2","react_ccrs_mazeV1_t2_20260625_141909.log","4696","react.ccrs.contingency.escalation.considered","","143",,,,,,,,,,,,,,,,,"","","","","","","","",,
"react-baseline-vs-ccrs-v1-t2","002-ccrs","react_ccrs_mazeV1_t2","react_ccrs_mazeV1_t2_20260625_141909.log","4697","react.ccrs.contingency.escalation.skipped","","143",,,,,,"no_escalation_condition_met",,,,,,,,,,,"","","","","","","","",,
"react-baseline-vs-ccrs-v1-t2","002-ccrs","react_ccrs_mazeV1_t2","react_ccrs_mazeV1_t2_20260625_141909.log","4713","react.ccrs.contingency.escalation.considered","","144",,,,,,,,,,,,,,,,,"","","","","","","","",,
"react-baseline-vs-ccrs-v1-t2","002-ccrs","react_ccrs_mazeV1_t2","react_ccrs_mazeV1_t2_20260625_141909.log","4714","react.ccrs.contingency.escalation.skipped","","144",,,,,,"no_escalation_condition_met",,,,,,,,,,,"","","","","","","","",,
"react-baseline-vs-ccrs-v1-t2","002-ccrs","react_ccrs_mazeV1_t2","react_ccrs_mazeV1_t2_20260625_141909.log","4730","react.ccrs.contingency.escalation.considered","","145",,,,,,,,,,,,,,,,,"","","","","","","","",,
"react-baseline-vs-ccrs-v1-t2","002-ccrs","react_ccrs_mazeV1_t2","react_ccrs_mazeV1_t2_20260625_141909.log","4731","react.ccrs.contingency.escalation.skipped","","145",,,,,,"no_escalation_condition_met",,,,,,,,,,,"","","","","","","","",,
"react-baseline-vs-ccrs-v1-t2","002-ccrs","react_ccrs_mazeV1_t2","react_ccrs_mazeV1_t2_20260625_141909.log","4747","react.ccrs.contingency.escalation.considered","","146",,,,,,,,,,,,,,,,,"","","","","","","","",,
"react-baseline-vs-ccrs-v1-t2","002-ccrs","react_ccrs_mazeV1_t2","react_ccrs_mazeV1_t2_20260625_141909.log","4748","react.ccrs.contingency.escalation.skipped","","146",,,,,,"no_escalation_condition_met",,,,,,,,,,,"","","","","","","","",,
"react-baseline-vs-ccrs-v1-t2","002-ccrs","react_ccrs_mazeV1_t2","react_ccrs_mazeV1_t2_20260625_141909.log","4764","react.ccrs.contingency.escalation.considered","","147",,,,,,,,,,,,,,,,,"","","","","","","","",,
"react-baseline-vs-ccrs-v1-t2","002-ccrs","react_ccrs_mazeV1_t2","react_ccrs_mazeV1_t2_20260625_141909.log","4765","react.ccrs.contingency.escalation.skipped","","147",,,,,,"no_escalation_condition_met",,,,,,,,,,,"","","","","","","","",,
"react-baseline-vs-ccrs-v1-t2","002-ccrs","react_ccrs_mazeV1_t2","react_ccrs_mazeV1_t2_20260625_141909.log","4781","react.ccrs.contingency.escalation.considered","","148",,,,,,,,,,,,,,,,,"","","","","","","","",,
"react-baseline-vs-ccrs-v1-t2","002-ccrs","react_ccrs_mazeV1_t2","react_ccrs_mazeV1_t2_20260625_141909.log","4782","react.ccrs.contingency.escalation.skipped","","148",,,,,,"no_escalation_condition_met",,,,,,,,,,,"","","","","","","","",,
"react-baseline-vs-ccrs-v1-t2","002-ccrs","react_ccrs_mazeV1_t2","react_ccrs_mazeV1_t2_20260625_141909.log","4798","react.ccrs.contingency.escalation.considered","","149",,,,,,,,,,,,,,,,,"","","","","","","","",,
"react-baseline-vs-ccrs-v1-t2","002-ccrs","react_ccrs_mazeV1_t2","react_ccrs_mazeV1_t2_20260625_141909.log","4799","react.ccrs.contingency.escalation.skipped","","149",,,,,,"no_escalation_condition_met",,,,,,,,,,,"","","","","","","","",,
"react-baseline-vs-ccrs-v1-t2","002-ccrs","react_ccrs_mazeV1_t2","react_ccrs_mazeV1_t2_20260625_141909.log","4815","react.ccrs.contingency.escalation.considered","","150",,,,,,,,,,,,,,,,,"","","","","","","","",,
"react-baseline-vs-ccrs-v1-t2","002-ccrs","react_ccrs_mazeV1_t2","react_ccrs_mazeV1_t2_20260625_141909.log","4816","react.ccrs.contingency.escalation.skipped","","150",,,,,,"no_escalation_condition_met",,,,,,,,,,,"","","","","","","","",,
"react-baseline-vs-ccrs-v1-t2","002-ccrs","react_ccrs_mazeV1_t2","react_ccrs_mazeV1_t2_20260625_141909.log","4832","react.ccrs.contingency.escalation.considered","","151",,,,,,,,,,,,,,,,,"","","","","","","","",,
"react-baseline-vs-ccrs-v1-t2","002-ccrs","react_ccrs_mazeV1_t2","react_ccrs_mazeV1_t2_20260625_141909.log","4833","react.ccrs.contingency.escalation.skipped","","151",,,,,,"no_escalation_condition_met",,,,,,,,,,,"","","","","","","","",,
"react-baseline-vs-ccrs-v1-t2","002-ccrs","react_ccrs_mazeV1_t2","react_ccrs_mazeV1_t2_20260625_141909.log","4849","react.ccrs.contingency.escalation.considered","","152",,,,,,,,,,,,,,,,,"","","","","","","","",,
"react-baseline-vs-ccrs-v1-t2","002-ccrs","react_ccrs_mazeV1_t2","react_ccrs_mazeV1_t2_20260625_141909.log","4850","react.ccrs.contingency.escalation.skipped","","152",,,,,,"no_escalation_condition_met",,,,,,,,,,,"","","","","","","","",,
"react-baseline-vs-ccrs-v1-t2","002-ccrs","react_ccrs_mazeV1_t2","react_ccrs_mazeV1_t2_20260625_141909.log","4866","react.ccrs.contingency.escalation.considered","","153",,,,,,,,,,,,,,,,,"","","","","","","","",,
"react-baseline-vs-ccrs-v1-t2","002-ccrs","react_ccrs_mazeV1_t2","react_ccrs_mazeV1_t2_20260625_141909.log","4867","react.ccrs.contingency.escalation.skipped","","153",,,,,,"no_escalation_condition_met",,,,,,,,,,,"","","","","","","","",,
"react-baseline-vs-ccrs-v1-t2","002-ccrs","react_ccrs_mazeV1_t2","react_ccrs_mazeV1_t2_20260625_141909.log","4883","react.ccrs.contingency.escalation.considered","","154",,,,,,,,,,,,,,,,,"","","","","","","","",,
"react-baseline-vs-ccrs-v1-t2","002-ccrs","react_ccrs_mazeV1_t2","react_ccrs_mazeV1_t2_20260625_141909.log","4884","react.ccrs.contingency.escalation.skipped","","154",,,,,,"no_escalation_condition_met",,,,,,,,,,,"","","","","","","","",,
"react-baseline-vs-ccrs-v1-t2","002-ccrs","react_ccrs_mazeV1_t2","react_ccrs_mazeV1_t2_20260625_141909.log","4900","react.ccrs.contingency.escalation.considered","","155",,,,,,,,,,,,,,,,,"","","","","","","","",,
"react-baseline-vs-ccrs-v1-t2","002-ccrs","react_ccrs_mazeV1_t2","react_ccrs_mazeV1_t2_20260625_141909.log","4901","react.ccrs.contingency.escalation.skipped","","155",,,,,,"no_escalation_condition_met",,,,,,,,,,,"","","","","","","","",,
"react-baseline-vs-ccrs-v1-t2","002-ccrs","react_ccrs_mazeV1_t2","react_ccrs_mazeV1_t2_20260625_141909.log","4912","react.ccrs.contingency.escalation.considered","","156",,,,,,,,,,,,,,,,,"","","","","","","","",,
"react-baseline-vs-ccrs-v1-t2","002-ccrs","react_ccrs_mazeV1_t2","react_ccrs_mazeV1_t2_20260625_141909.log","4913","react.ccrs.contingency.escalation.skipped","","156",,,,,,"no_escalation_condition_met",,,,,,,,,,,"","","","","","","","",,
"react-baseline-vs-ccrs-v1-t2","002-ccrs","react_ccrs_mazeV1_t2","react_ccrs_mazeV1_t2_20260625_141909.log","4978","react.ccrs.contingency.escalation.considered","","157",,,,,,,,,,,,,,,,,"","","","","","","","",,
"react-baseline-vs-ccrs-v1-t2","002-ccrs","react_ccrs_mazeV1_t2","react_ccrs_mazeV1_t2_20260625_141909.log","4979","react.ccrs.contingency.escalation.skipped","","157",,,,,,"no_escalation_condition_met",,,,,,,,,,,"","","","","","","","",,
"react-baseline-vs-ccrs-v1-t2","002-ccrs","react_ccrs_mazeV1_t2","react_ccrs_mazeV1_t2_20260625_141909.log","4990","react.ccrs.contingency.escalation.considered","","158",,,,,,,,,,,,,,,,,"","","","","","","","",,
"react-baseline-vs-ccrs-v1-t2","002-ccrs","react_ccrs_mazeV1_t2","react_ccrs_mazeV1_t2_20260625_141909.log","4991","react.ccrs.contingency.escalation.skipped","","158",,,,,,"no_escalation_condition_met",,,,,,,,,,,"","","","","","","","",,
"react-baseline-vs-ccrs-v1-t2","002-ccrs","react_ccrs_mazeV1_t2","react_ccrs_mazeV1_t2_20260625_141909.log","5056","react.ccrs.contingency.escalation.considered","","159",,,,,,,,,,,,,,,,,"","","","","","","","",,
"react-baseline-vs-ccrs-v1-t2","002-ccrs","react_ccrs_mazeV1_t2","react_ccrs_mazeV1_t2_20260625_141909.log","5057","react.ccrs.contingency.escalation.skipped","","159",,,,,,"no_escalation_condition_met",,,,,,,,,,,"","","","","","","","",,
"react-baseline-vs-ccrs-v1-t2","002-ccrs","react_ccrs_mazeV1_t2","react_ccrs_mazeV1_t2_20260625_141909.log","5068","react.ccrs.contingency.escalation.considered","","160",,,,,,,,,,,,,,,,,"","","","","","","","",,
"react-baseline-vs-ccrs-v1-t2","002-ccrs","react_ccrs_mazeV1_t2","react_ccrs_mazeV1_t2_20260625_141909.log","5069","react.ccrs.contingency.escalation.skipped","","160",,,,,,"no_escalation_condition_met",,,,,,,,,,,"","","","","","","","",,
"react-baseline-vs-ccrs-v1-t2","002-ccrs","react_ccrs_mazeV1_t2","react_ccrs_mazeV1_t2_20260625_141909.log","5134","react.ccrs.contingency.escalation.considered","","161",,,,,,,,,,,,,,,,,"","","","","","","","",,
"react-baseline-vs-ccrs-v1-t2","002-ccrs","react_ccrs_mazeV1_t2","react_ccrs_mazeV1_t2_20260625_141909.log","5135","react.ccrs.contingency.escalation.skipped","","161",,,,,,"no_escalation_condition_met",,,,,,,,,,,"","","","","","","","",,
"react-baseline-vs-ccrs-v1-t2","002-ccrs","react_ccrs_mazeV1_t2","react_ccrs_mazeV1_t2_20260625_141909.log","5200","react.ccrs.contingency.escalation.considered","","162",,,,,,,,,,,,,,,,,"","","","","","","","",,
"react-baseline-vs-ccrs-v1-t2","002-ccrs","react_ccrs_mazeV1_t2","react_ccrs_mazeV1_t2_20260625_141909.log","5201","react.ccrs.contingency.escalation.skipped","","162",,,,,,"no_escalation_condition_met",,,,,,,,,,,"","","","","","","","",,
"react-baseline-vs-ccrs-v1-t2","002-ccrs","react_ccrs_mazeV1_t2","react_ccrs_mazeV1_t2_20260625_141909.log","5266","react.ccrs.contingency.escalation.considered","","163",,,,,,,,,,,,,,,,,"","","","","","","","",,
"react-baseline-vs-ccrs-v1-t2","002-ccrs","react_ccrs_mazeV1_t2","react_ccrs_mazeV1_t2_20260625_141909.log","5267","react.ccrs.contingency.escalation.skipped","","163",,,,,,"no_escalation_condition_met",,,,,,,,,,,"","","","","","","","",,
"react-baseline-vs-ccrs-v1-t2","002-ccrs","react_ccrs_mazeV1_t2","react_ccrs_mazeV1_t2_20260625_141909.log","5332","react.ccrs.contingency.escalation.considered","","164",,,,,,,,,,,,,,,,,"","","","","","","","",,
"react-baseline-vs-ccrs-v1-t2","002-ccrs","react_ccrs_mazeV1_t2","react_ccrs_mazeV1_t2_20260625_141909.log","5333","react.ccrs.contingency.escalation.skipped","","164",,,,,,"no_escalation_condition_met",,,,,,,,,,,"","","","","","","","",,
"react-baseline-vs-ccrs-v1-t2","002-ccrs","react_ccrs_mazeV1_t2","react_ccrs_mazeV1_t2_20260625_141909.log","5398","react.ccrs.contingency.escalation.considered","","165",,,,,,,,,,,,,,,,,"","","","","","","","",,
"react-baseline-vs-ccrs-v1-t2","002-ccrs","react_ccrs_mazeV1_t2","react_ccrs_mazeV1_t2_20260625_141909.log","5399","react.ccrs.contingency.escalation.skipped","","165",,,,,,"no_escalation_condition_met",,,,,,,,,,,"","","","","","","","",,
"react-baseline-vs-ccrs-v1-t2","002-ccrs","react_ccrs_mazeV1_t2","react_ccrs_mazeV1_t2_20260625_141909.log","5464","react.ccrs.contingency.escalation.considered","","166",,,,,,,,,,,,,,,,,"","","","","","","","",,
"react-baseline-vs-ccrs-v1-t2","002-ccrs","react_ccrs_mazeV1_t2","react_ccrs_mazeV1_t2_20260625_141909.log","5465","react.ccrs.contingency.escalation.skipped","","166",,,,,,"no_escalation_condition_met",,,,,,,,,,,"","","","","","","","",,
"react-baseline-vs-ccrs-v1-t2","002-ccrs","react_ccrs_mazeV1_t2","react_ccrs_mazeV1_t2_20260625_141909.log","5530","react.ccrs.contingency.escalation.considered","","167",,,,,,,,,,,,,,,,,"","","","","","","","",,
"react-baseline-vs-ccrs-v1-t2","002-ccrs","react_ccrs_mazeV1_t2","react_ccrs_mazeV1_t2_20260625_141909.log","5531","react.ccrs.contingency.escalation.skipped","","167",,,,,,"no_escalation_condition_met",,,,,,,,,,,"","","","","","","","",,
"react-baseline-vs-ccrs-v1-t2","002-ccrs","react_ccrs_mazeV1_t2","react_ccrs_mazeV1_t2_20260625_141909.log","5542","react.ccrs.contingency.escalation.considered","","168",,,,,,,,,,,,,,,,,"","","","","","","","",,
"react-baseline-vs-ccrs-v1-t2","002-ccrs","react_ccrs_mazeV1_t2","react_ccrs_mazeV1_t2_20260625_141909.log","5543","react.ccrs.contingency.escalation.skipped","","168",,,,,,"no_escalation_condition_met",,,,,,,,,,,"","","","","","","","",,
"react-baseline-vs-ccrs-v1-t2","002-ccrs","react_ccrs_mazeV1_t2","react_ccrs_mazeV1_t2_20260625_141909.log","5608","react.ccrs.contingency.escalation.considered","","169",,,,,,,,,,,,,,,,,"","","","","","","","",,
"react-baseline-vs-ccrs-v1-t2","002-ccrs","react_ccrs_mazeV1_t2","react_ccrs_mazeV1_t2_20260625_141909.log","5609","react.ccrs.contingency.escalation.skipped","","169",,,,,,"no_escalation_condition_met",,,,,,,,,,,"","","","","","","","",,
"react-baseline-vs-ccrs-v1-t2","002-ccrs","react_ccrs_mazeV1_t2","react_ccrs_mazeV1_t2_20260625_141909.log","5625","react.ccrs.contingency.escalation.considered","","170",,,,,,,,,,,,,,,,,"","","","","","","","",,
"react-baseline-vs-ccrs-v1-t2","002-ccrs","react_ccrs_mazeV1_t2","react_ccrs_mazeV1_t2_20260625_141909.log","5626","react.ccrs.contingency.escalation.skipped","","170",,,,,,"no_escalation_condition_met",,,,,,,,,,,"","","","","","","","",,
"react-baseline-vs-ccrs-v1-t2","002-ccrs","react_ccrs_mazeV1_t2","react_ccrs_mazeV1_t2_20260625_141909.log","5637","react.ccrs.contingency.escalation.considered","","171",,,,,,,,,,,,,,,,,"","","","","","","","",,
"react-baseline-vs-ccrs-v1-t2","002-ccrs","react_ccrs_mazeV1_t2","react_ccrs_mazeV1_t2_20260625_141909.log","5638","react.ccrs.contingency.escalation.skipped","","171",,,,,,"no_escalation_condition_met",,,,,,,,,,,"","","","","","","","",,
"react-baseline-vs-ccrs-v1-t2","002-ccrs","react_ccrs_mazeV1_t2","react_ccrs_mazeV1_t2_20260625_141909.log","5703","react.ccrs.contingency.escalation.considered","","172",,,,,,,,,,,,,,,,,"","","","","","","","",,
"react-baseline-vs-ccrs-v1-t2","002-ccrs","react_ccrs_mazeV1_t2","react_ccrs_mazeV1_t2_20260625_141909.log","5704","react.ccrs.contingency.escalation.skipped","","172",,,,,,"no_escalation_condition_met",,,,,,,,,,,"","","","","","","","",,
"react-baseline-vs-ccrs-v1-t2","002-ccrs","react_ccrs_mazeV1_t2","react_ccrs_mazeV1_t2_20260625_141909.log","5715","react.ccrs.contingency.escalation.considered","","173",,,,,,,,,,,,,,,,,"","","","","","","","",,
"react-baseline-vs-ccrs-v1-t2","002-ccrs","react_ccrs_mazeV1_t2","react_ccrs_mazeV1_t2_20260625_141909.log","5716","react.ccrs.contingency.escalation.skipped","","173",,,,,,"no_escalation_condition_met",,,,,,,,,,,"","","","","","","","",,
"react-baseline-vs-ccrs-v1-t2","002-ccrs","react_ccrs_mazeV1_t2","react_ccrs_mazeV1_t2_20260625_141909.log","5781","react.ccrs.contingency.escalation.considered","","174",,,,,,,,,,,,,,,,,"","","","","","","","",,
"react-baseline-vs-ccrs-v1-t2","002-ccrs","react_ccrs_mazeV1_t2","react_ccrs_mazeV1_t2_20260625_141909.log","5782","react.ccrs.contingency.escalation.skipped","","174",,,,,,"no_escalation_condition_met",,,,,,,,,,,"","","","","","","","",,
"react-baseline-vs-ccrs-v1-t2","002-ccrs","react_ccrs_mazeV1_t2","react_ccrs_mazeV1_t2_20260625_141909.log","5847","react.ccrs.contingency.escalation.considered","","175",,,,,,,,,,,,,,,,,"","","","","","","","",,
"react-baseline-vs-ccrs-v1-t2","002-ccrs","react_ccrs_mazeV1_t2","react_ccrs_mazeV1_t2_20260625_141909.log","5848","react.ccrs.contingency.escalation.skipped","","175",,,,,,"no_escalation_condition_met",,,,,,,,,,,"","","","","","","","",,
"react-baseline-vs-ccrs-v1-t2","002-ccrs","react_ccrs_mazeV1_t2","react_ccrs_mazeV1_t2_20260625_141909.log","5864","react.ccrs.contingency.escalation.considered","","176",,,,,,,,,,,,,,,,,"","","","","","","","",,
"react-baseline-vs-ccrs-v1-t2","002-ccrs","react_ccrs_mazeV1_t2","react_ccrs_mazeV1_t2_20260625_141909.log","5865","react.ccrs.contingency.escalation.skipped","","176",,,,,,"no_escalation_condition_met",,,,,,,,,,,"","","","","","","","",,
"react-baseline-vs-ccrs-v1-t2","002-ccrs","react_ccrs_mazeV1_t2","react_ccrs_mazeV1_t2_20260625_141909.log","5876","react.ccrs.contingency.escalation.considered","","177",,,,,,,,,,,,,,,,,"","","","","","","","",,
"react-baseline-vs-ccrs-v1-t2","002-ccrs","react_ccrs_mazeV1_t2","react_ccrs_mazeV1_t2_20260625_141909.log","5877","react.ccrs.contingency.escalation.skipped","","177",,,,,,"no_escalation_condition_met",,,,,,,,,,,"","","","","","","","",,
"react-baseline-vs-ccrs-v1-t2","002-ccrs","react_ccrs_mazeV1_t2","react_ccrs_mazeV1_t2_20260625_141909.log","5942","react.ccrs.contingency.escalation.considered","","178",,,,,,,,,,,,,,,,,"","","","","","","","",,
"react-baseline-vs-ccrs-v1-t2","002-ccrs","react_ccrs_mazeV1_t2","react_ccrs_mazeV1_t2_20260625_141909.log","5943","react.ccrs.contingency.escalation.skipped","","178",,,,,,"no_escalation_condition_met",,,,,,,,,,,"","","","","","","","",,
"react-baseline-vs-ccrs-v1-t2","002-ccrs","react_ccrs_mazeV1_t2","react_ccrs_mazeV1_t2_20260625_141909.log","5954","react.ccrs.contingency.escalation.considered","","179",,,,,,,,,,,,,,,,,"","","","","","","","",,
"react-baseline-vs-ccrs-v1-t2","002-ccrs","react_ccrs_mazeV1_t2","react_ccrs_mazeV1_t2_20260625_141909.log","5955","react.ccrs.contingency.escalation.skipped","","179",,,,,,"no_escalation_condition_met",,,,,,,,,,,"","","","","","","","",,
"react-baseline-vs-ccrs-v1-t2","002-ccrs","react_ccrs_mazeV1_t2","react_ccrs_mazeV1_t2_20260625_141909.log","6020","react.ccrs.contingency.escalation.considered","","180",,,,,,,,,,,,,,,,,"","","","","","","","",,
"react-baseline-vs-ccrs-v1-t2","002-ccrs","react_ccrs_mazeV1_t2","react_ccrs_mazeV1_t2_20260625_141909.log","6021","react.ccrs.contingency.escalation.skipped","","180",,,,,,"no_escalation_condition_met",,,,,,,,,,,"","","","","","","","",,
"react-baseline-vs-ccrs-v1-t2","002-ccrs","react_ccrs_mazeV1_t2","react_ccrs_mazeV1_t2_20260625_141909.log","6037","react.ccrs.contingency.escalation.considered","","181",,,,,,,,,,,,,,,,,"","","","","","","","",,
"react-baseline-vs-ccrs-v1-t2","002-ccrs","react_ccrs_mazeV1_t2","react_ccrs_mazeV1_t2_20260625_141909.log","6038","react.ccrs.contingency.escalation.skipped","","181",,,,,,"no_escalation_condition_met",,,,,,,,,,,"","","","","","","","",,
"react-baseline-vs-ccrs-v1-t2","002-ccrs","react_ccrs_mazeV1_t2","react_ccrs_mazeV1_t2_20260625_141909.log","6049","react.ccrs.contingency.escalation.considered","","182",,,,,,,,,,,,,,,,,"","","","","","","","",,
"react-baseline-vs-ccrs-v1-t2","002-ccrs","react_ccrs_mazeV1_t2","react_ccrs_mazeV1_t2_20260625_141909.log","6050","react.ccrs.contingency.escalation.skipped","","182",,,,,,"no_escalation_condition_met",,,,,,,,,,,"","","","","","","","",,
"react-baseline-vs-ccrs-v1-t2","002-ccrs","react_ccrs_mazeV1_t2","react_ccrs_mazeV1_t2_20260625_141909.log","6115","react.ccrs.contingency.escalation.considered","","183",,,,,,,,,,,,,,,,,"","","","","","","","",,
"react-baseline-vs-ccrs-v1-t2","002-ccrs","react_ccrs_mazeV1_t2","react_ccrs_mazeV1_t2_20260625_141909.log","6116","react.ccrs.contingency.escalation.skipped","","183",,,,,,"no_escalation_condition_met",,,,,,,,,,,"","","","","","","","",,
"react-baseline-vs-ccrs-v1-t2","002-ccrs","react_ccrs_mazeV1_t2","react_ccrs_mazeV1_t2_20260625_141909.log","6132","react.ccrs.contingency.escalation.considered","","184",,,,,,,,,,,,,,,,,"","","","","","","","",,
"react-baseline-vs-ccrs-v1-t2","002-ccrs","react_ccrs_mazeV1_t2","react_ccrs_mazeV1_t2_20260625_141909.log","6133","react.ccrs.contingency.escalation.skipped","","184",,,,,,"no_escalation_condition_met",,,,,,,,,,,"","","","","","","","",,
"react-baseline-vs-ccrs-v1-t2","002-ccrs","react_ccrs_mazeV1_t2","react_ccrs_mazeV1_t2_20260625_141909.log","6144","react.ccrs.contingency.escalation.considered","","185",,,,,,,,,,,,,,,,,"","","","","","","","",,
"react-baseline-vs-ccrs-v1-t2","002-ccrs","react_ccrs_mazeV1_t2","react_ccrs_mazeV1_t2_20260625_141909.log","6145","react.ccrs.contingency.escalation.skipped","","185",,,,,,"no_escalation_condition_met",,,,,,,,,,,"","","","","","","","",,
"react-baseline-vs-ccrs-v1-t2","002-ccrs","react_ccrs_mazeV1_t2","react_ccrs_mazeV1_t2_20260625_141909.log","6210","react.ccrs.contingency.escalation.considered","","186",,,,,,,,,,,,,,,,,"","","","","","","","",,
"react-baseline-vs-ccrs-v1-t2","002-ccrs","react_ccrs_mazeV1_t2","react_ccrs_mazeV1_t2_20260625_141909.log","6211","react.ccrs.contingency.escalation.skipped","","186",,,,,,"no_escalation_condition_met",,,,,,,,,,,"","","","","","","","",,
"react-baseline-vs-ccrs-v1-t2","002-ccrs","react_ccrs_mazeV1_t2","react_ccrs_mazeV1_t2_20260625_141909.log","6222","react.ccrs.contingency.escalation.considered","","187",,,,,,,,,,,,,,,,,"","","","","","","","",,
"react-baseline-vs-ccrs-v1-t2","002-ccrs","react_ccrs_mazeV1_t2","react_ccrs_mazeV1_t2_20260625_141909.log","6223","react.ccrs.contingency.escalation.skipped","","187",,,,,,"no_escalation_condition_met",,,,,,,,,,,"","","","","","","","",,
"react-baseline-vs-ccrs-v1-t2","002-ccrs","react_ccrs_mazeV1_t2","react_ccrs_mazeV1_t2_20260625_141909.log","6239","react.ccrs.contingency.escalation.considered","","188",,,,,,,,,,,,,,,,,"","","","","","","","",,
"react-baseline-vs-ccrs-v1-t2","002-ccrs","react_ccrs_mazeV1_t2","react_ccrs_mazeV1_t2_20260625_141909.log","6240","react.ccrs.contingency.escalation.skipped","","188",,,,,,"no_escalation_condition_met",,,,,,,,,,,"","","","","","","","",,
"react-baseline-vs-ccrs-v1-t2","002-ccrs","react_ccrs_mazeV1_t2","react_ccrs_mazeV1_t2_20260625_141909.log","6256","react.ccrs.contingency.escalation.considered","","189",,,,,,,,,,,,,,,,,"","","","","","","","",,
"react-baseline-vs-ccrs-v1-t2","002-ccrs","react_ccrs_mazeV1_t2","react_ccrs_mazeV1_t2_20260625_141909.log","6257","react.ccrs.contingency.escalation.skipped","","189",,,,,,"no_escalation_condition_met",,,,,,,,,,,"","","","","","","","",,
"react-baseline-vs-ccrs-v1-t2","002-ccrs","react_ccrs_mazeV1_t2","react_ccrs_mazeV1_t2_20260625_141909.log","6267","react.ccrs.contingency.escalation.considered","","190",,,,,,,,,,,,,,,,,"","","","","","","","",,
"react-baseline-vs-ccrs-v1-t2","002-ccrs","react_ccrs_mazeV1_t2","react_ccrs_mazeV1_t2_20260625_141909.log","6268","react.ccrs.contingency.escalation.skipped","","190",,,,,,"no_escalation_condition_met",,,,,,,,,,,"","","","","","","","",,
"react-baseline-vs-ccrs-v1-t2","002-ccrs","react_ccrs_mazeV1_t2","react_ccrs_mazeV1_t2_20260625_141909.log","6284","react.ccrs.contingency.escalation.considered","","191",,,,,,,,,,,,,,,,,"","","","","","","","",,
"react-baseline-vs-ccrs-v1-t2","002-ccrs","react_ccrs_mazeV1_t2","react_ccrs_mazeV1_t2_20260625_141909.log","6285","react.ccrs.contingency.escalation.skipped","","191",,,,,,"no_escalation_condition_met",,,,,,,,,,,"","","","","","","","",,
"react-baseline-vs-ccrs-v1-t2","002-ccrs","react_ccrs_mazeV1_t2","react_ccrs_mazeV1_t2_20260625_141909.log","6301","react.ccrs.contingency.escalation.considered","","192",,,,,,,,,,,,,,,,,"","","","","","","","",,
"react-baseline-vs-ccrs-v1-t2","002-ccrs","react_ccrs_mazeV1_t2","react_ccrs_mazeV1_t2_20260625_141909.log","6302","react.ccrs.contingency.escalation.skipped","","192",,,,,,"no_escalation_condition_met",,,,,,,,,,,"","","","","","","","",,
"react-baseline-vs-ccrs-v1-t2","002-ccrs","react_ccrs_mazeV1_t2","react_ccrs_mazeV1_t2_20260625_141909.log","6318","react.ccrs.contingency.escalation.considered","","193",,,,,,,,,,,,,,,,,"","","","","","","","",,
"react-baseline-vs-ccrs-v1-t2","002-ccrs","react_ccrs_mazeV1_t2","react_ccrs_mazeV1_t2_20260625_141909.log","6319","react.ccrs.contingency.escalation.skipped","","193",,,,,,"no_escalation_condition_met",,,,,,,,,,,"","","","","","","","",,
"react-baseline-vs-ccrs-v1-t2","002-ccrs","react_ccrs_mazeV1_t2","react_ccrs_mazeV1_t2_20260625_141909.log","6330","react.ccrs.contingency.escalation.considered","","194",,,,,,,,,,,,,,,,,"","","","","","","","",,
"react-baseline-vs-ccrs-v1-t2","002-ccrs","react_ccrs_mazeV1_t2","react_ccrs_mazeV1_t2_20260625_141909.log","6331","react.ccrs.contingency.escalation.skipped","","194",,,,,,"no_escalation_condition_met",,,,,,,,,,,"","","","","","","","",,
"react-baseline-vs-ccrs-v1-t2","002-ccrs","react_ccrs_mazeV1_t2","react_ccrs_mazeV1_t2_20260625_141909.log","6347","react.ccrs.contingency.escalation.considered","","195",,,,,,,,,,,,,,,,,"","","","","","","","",,
"react-baseline-vs-ccrs-v1-t2","002-ccrs","react_ccrs_mazeV1_t2","react_ccrs_mazeV1_t2_20260625_141909.log","6348","react.ccrs.contingency.escalation.skipped","","195",,,,,,"no_escalation_condition_met",,,,,,,,,,,"","","","","","","","",,
"react-baseline-vs-ccrs-v1-t2","002-ccrs","react_ccrs_mazeV1_t2","react_ccrs_mazeV1_t2_20260625_141909.log","6364","react.ccrs.contingency.escalation.considered","","196",,,,,,,,,,,,,,,,,"","","","","","","","",,
"react-baseline-vs-ccrs-v1-t2","002-ccrs","react_ccrs_mazeV1_t2","react_ccrs_mazeV1_t2_20260625_141909.log","6365","react.ccrs.contingency.escalation.skipped","","196",,,,,,"no_escalation_condition_met",,,,,,,,,,,"","","","","","","","",,
"react-baseline-vs-ccrs-v1-t2","002-ccrs","react_ccrs_mazeV1_t2","react_ccrs_mazeV1_t2_20260625_141909.log","6381","react.ccrs.contingency.escalation.considered","","197",,,,,,,,,,,,,,,,,"","","","","","","","",,
"react-baseline-vs-ccrs-v1-t2","002-ccrs","react_ccrs_mazeV1_t2","react_ccrs_mazeV1_t2_20260625_141909.log","6382","react.ccrs.contingency.escalation.skipped","","197",,,,,,"no_escalation_condition_met",,,,,,,,,,,"","","","","","","","",,
"react-baseline-vs-ccrs-v1-t2","002-ccrs","react_ccrs_mazeV1_t2","react_ccrs_mazeV1_t2_20260625_141909.log","6398","react.ccrs.contingency.escalation.considered","","198",,,,,,,,,,,,,,,,,"","","","","","","","",,
"react-baseline-vs-ccrs-v1-t2","002-ccrs","react_ccrs_mazeV1_t2","react_ccrs_mazeV1_t2_20260625_141909.log","6399","react.ccrs.contingency.escalation.skipped","","198",,,,,,"no_escalation_condition_met",,,,,,,,,,,"","","","","","","","",,
"react-baseline-vs-ccrs-v1-t2","002-ccrs","react_ccrs_mazeV1_t2","react_ccrs_mazeV1_t2_20260625_141909.log","6415","react.ccrs.contingency.escalation.considered","","199",,,,,,,,,,,,,,,,,"","","","","","","","",,
"react-baseline-vs-ccrs-v1-t2","002-ccrs","react_ccrs_mazeV1_t2","react_ccrs_mazeV1_t2_20260625_141909.log","6416","react.ccrs.contingency.escalation.skipped","","199",,,,,,"no_escalation_condition_met",,,,,,,,,,,"","","","","","","","",,
"react-baseline-vs-ccrs-v1-t2","002-ccrs","react_ccrs_mazeV1_t2","react_ccrs_mazeV1_t2_20260625_141909.log","6432","react.ccrs.contingency.escalation.considered","","200",,,,,,,,,,,,,,,,,"","","","","","","","",,
"react-baseline-vs-ccrs-v1-t2","002-ccrs","react_ccrs_mazeV1_t2","react_ccrs_mazeV1_t2_20260625_141909.log","6433","react.ccrs.contingency.escalation.skipped","","200",,,,,,"no_escalation_condition_met",,,,,,,,,,,"","","","","","","","",,
"react-baseline-vs-ccrs-v1-t2","002-ccrs","react_ccrs_mazeV1_t2","react_ccrs_mazeV1_t2_20260625_141909.log","6449","react.ccrs.contingency.escalation.considered","","201",,,,,,,,,,,,,,,,,"","","","","","","","",,
"react-baseline-vs-ccrs-v1-t2","002-ccrs","react_ccrs_mazeV1_t2","react_ccrs_mazeV1_t2_20260625_141909.log","6450","react.ccrs.contingency.escalation.skipped","","201",,,,,,"no_escalation_condition_met",,,,,,,,,,,"","","","","","","","",,
"react-baseline-vs-ccrs-v1-t2","002-ccrs","react_ccrs_mazeV1_t2","react_ccrs_mazeV1_t2_20260625_141909.log","6466","react.ccrs.contingency.escalation.considered","","202",,,,,,,,,,,,,,,,,"","","","","","","","",,
"react-baseline-vs-ccrs-v1-t2","002-ccrs","react_ccrs_mazeV1_t2","react_ccrs_mazeV1_t2_20260625_141909.log","6467","react.ccrs.contingency.escalation.skipped","","202",,,,,,"no_escalation_condition_met",,,,,,,,,,,"","","","","","","","",,
"react-baseline-vs-ccrs-v1-t2","002-ccrs","react_ccrs_mazeV1_t2","react_ccrs_mazeV1_t2_20260625_141909.log","6483","react.ccrs.contingency.escalation.considered","","203",,,,,,,,,,,,,,,,,"","","","","","","","",,
"react-baseline-vs-ccrs-v1-t2","002-ccrs","react_ccrs_mazeV1_t2","react_ccrs_mazeV1_t2_20260625_141909.log","6484","react.ccrs.contingency.escalation.skipped","","203",,,,,,"no_escalation_condition_met",,,,,,,,,,,"","","","","","","","",,
"react-baseline-vs-ccrs-v1-t2","002-ccrs","react_ccrs_mazeV1_t2","react_ccrs_mazeV1_t2_20260625_141909.log","6500","react.ccrs.contingency.escalation.considered","","204",,,,,,,,,,,,,,,,,"","","","","","","","",,
"react-baseline-vs-ccrs-v1-t2","002-ccrs","react_ccrs_mazeV1_t2","react_ccrs_mazeV1_t2_20260625_141909.log","6501","react.ccrs.contingency.escalation.skipped","","204",,,,,,"no_escalation_condition_met",,,,,,,,,,,"","","","","","","","",,
"react-baseline-vs-ccrs-v1-t2","002-ccrs","react_ccrs_mazeV1_t2","react_ccrs_mazeV1_t2_20260625_141909.log","6517","react.ccrs.contingency.escalation.considered","","205",,,,,,,,,,,,,,,,,"","","","","","","","",,
"react-baseline-vs-ccrs-v1-t2","002-ccrs","react_ccrs_mazeV1_t2","react_ccrs_mazeV1_t2_20260625_141909.log","6518","react.ccrs.contingency.escalation.skipped","","205",,,,,,"no_escalation_condition_met",,,,,,,,,,,"","","","","","","","",,
"react-baseline-vs-ccrs-v1-t2","002-ccrs","react_ccrs_mazeV1_t2","react_ccrs_mazeV1_t2_20260625_141909.log","6529","react.ccrs.contingency.escalation.considered","","206",,,,,,,,,,,,,,,,,"","","","","","","","",,
"react-baseline-vs-ccrs-v1-t2","002-ccrs","react_ccrs_mazeV1_t2","react_ccrs_mazeV1_t2_20260625_141909.log","6530","react.ccrs.contingency.escalation.skipped","","206",,,,,,"no_escalation_condition_met",,,,,,,,,,,"","","","","","","","",,
"react-baseline-vs-ccrs-v1-t2","002-ccrs","react_ccrs_mazeV1_t2","react_ccrs_mazeV1_t2_20260625_141909.log","6546","react.ccrs.contingency.escalation.considered","","207",,,,,,,,,,,,,,,,,"","","","","","","","",,
"react-baseline-vs-ccrs-v1-t2","002-ccrs","react_ccrs_mazeV1_t2","react_ccrs_mazeV1_t2_20260625_141909.log","6547","react.ccrs.contingency.escalation.skipped","","207",,,,,,"no_escalation_condition_met",,,,,,,,,,,"","","","","","","","",,
"react-baseline-vs-ccrs-v1-t2","002-ccrs","react_ccrs_mazeV1_t2","react_ccrs_mazeV1_t2_20260625_141909.log","6563","react.ccrs.contingency.escalation.considered","","208",,,,,,,,,,,,,,,,,"","","","","","","","",,
"react-baseline-vs-ccrs-v1-t2","002-ccrs","react_ccrs_mazeV1_t2","react_ccrs_mazeV1_t2_20260625_141909.log","6564","react.ccrs.contingency.escalation.skipped","","208",,,,,,"no_escalation_condition_met",,,,,,,,,,,"","","","","","","","",,
"react-baseline-vs-ccrs-v1-t2","002-ccrs","react_ccrs_mazeV1_t2","react_ccrs_mazeV1_t2_20260625_141909.log","6580","react.ccrs.contingency.escalation.considered","","209",,,,,,,,,,,,,,,,,"","","","","","","","",,
"react-baseline-vs-ccrs-v1-t2","002-ccrs","react_ccrs_mazeV1_t2","react_ccrs_mazeV1_t2_20260625_141909.log","6581","react.ccrs.contingency.escalation.skipped","","209",,,,,,"no_escalation_condition_met",,,,,,,,,,,"","","","","","","","",,
"react-baseline-vs-ccrs-v1-t2","002-ccrs","react_ccrs_mazeV1_t2","react_ccrs_mazeV1_t2_20260625_141909.log","6597","react.ccrs.contingency.escalation.considered","","210",,,,,,,,,,,,,,,,,"","","","","","","","",,
"react-baseline-vs-ccrs-v1-t2","002-ccrs","react_ccrs_mazeV1_t2","react_ccrs_mazeV1_t2_20260625_141909.log","6598","react.ccrs.contingency.escalation.skipped","","210",,,,,,"no_escalation_condition_met",,,,,,,,,,,"","","","","","","","",,
"react-baseline-vs-ccrs-v1-t2","002-ccrs","react_ccrs_mazeV1_t2","react_ccrs_mazeV1_t2_20260625_141909.log","6609","react.ccrs.contingency.escalation.considered","","211",,,,,,,,,,,,,,,,,"","","","","","","","",,
"react-baseline-vs-ccrs-v1-t2","002-ccrs","react_ccrs_mazeV1_t2","react_ccrs_mazeV1_t2_20260625_141909.log","6610","react.ccrs.contingency.escalation.skipped","","211",,,,,,"no_escalation_condition_met",,,,,,,,,,,"","","","","","","","",,
"react-baseline-vs-ccrs-v1-t2","002-ccrs","react_ccrs_mazeV1_t2","react_ccrs_mazeV1_t2_20260625_141909.log","6626","react.ccrs.contingency.escalation.considered","","212",,,,,,,,,,,,,,,,,"","","","","","","","",,
"react-baseline-vs-ccrs-v1-t2","002-ccrs","react_ccrs_mazeV1_t2","react_ccrs_mazeV1_t2_20260625_141909.log","6627","react.ccrs.contingency.escalation.skipped","","212",,,,,,"no_escalation_condition_met",,,,,,,,,,,"","","","","","","","",,
"react-baseline-vs-ccrs-v1-t2","002-ccrs","react_ccrs_mazeV1_t2","react_ccrs_mazeV1_t2_20260625_141909.log","6643","react.ccrs.contingency.escalation.considered","","213",,,,,,,,,,,,,,,,,"","","","","","","","",,
"react-baseline-vs-ccrs-v1-t2","002-ccrs","react_ccrs_mazeV1_t2","react_ccrs_mazeV1_t2_20260625_141909.log","6644","react.ccrs.contingency.escalation.skipped","","213",,,,,,"no_escalation_condition_met",,,,,,,,,,,"","","","","","","","",,
"react-baseline-vs-ccrs-v1-t2","002-ccrs","react_ccrs_mazeV1_t2","react_ccrs_mazeV1_t2_20260625_141909.log","6655","react.ccrs.contingency.escalation.considered","","214",,,,,,,,,,,,,,,,,"","","","","","","","",,
"react-baseline-vs-ccrs-v1-t2","002-ccrs","react_ccrs_mazeV1_t2","react_ccrs_mazeV1_t2_20260625_141909.log","6656","react.ccrs.contingency.escalation.skipped","","214",,,,,,"no_escalation_condition_met",,,,,,,,,,,"","","","","","","","",,
"react-baseline-vs-ccrs-v1-t2","002-ccrs","react_ccrs_mazeV1_t2","react_ccrs_mazeV1_t2_20260625_141909.log","6672","react.ccrs.contingency.escalation.considered","","215",,,,,,,,,,,,,,,,,"","","","","","","","",,
"react-baseline-vs-ccrs-v1-t2","002-ccrs","react_ccrs_mazeV1_t2","react_ccrs_mazeV1_t2_20260625_141909.log","6673","react.ccrs.contingency.escalation.skipped","","215",,,,,,"no_escalation_condition_met",,,,,,,,,,,"","","","","","","","",,
"react-baseline-vs-ccrs-v1-t2","002-ccrs","react_ccrs_mazeV1_t2","react_ccrs_mazeV1_t2_20260625_141909.log","6689","react.ccrs.contingency.escalation.considered","","216",,,,,,,,,,,,,,,,,"","","","","","","","",,
"react-baseline-vs-ccrs-v1-t2","002-ccrs","react_ccrs_mazeV1_t2","react_ccrs_mazeV1_t2_20260625_141909.log","6690","react.ccrs.contingency.escalation.skipped","","216",,,,,,"no_escalation_condition_met",,,,,,,,,,,"","","","","","","","",,
"react-baseline-vs-ccrs-v1-t2","002-ccrs","react_ccrs_mazeV1_t2","react_ccrs_mazeV1_t2_20260625_141909.log","6706","react.ccrs.contingency.escalation.considered","","217",,,,,,,,,,,,,,,,,"","","","","","","","",,
"react-baseline-vs-ccrs-v1-t2","002-ccrs","react_ccrs_mazeV1_t2","react_ccrs_mazeV1_t2_20260625_141909.log","6707","react.ccrs.contingency.escalation.skipped","","217",,,,,,"no_escalation_condition_met",,,,,,,,,,,"","","","","","","","",,
"react-baseline-vs-ccrs-v1-t2","002-ccrs","react_ccrs_mazeV1_t2","react_ccrs_mazeV1_t2_20260625_141909.log","6723","react.ccrs.contingency.escalation.considered","","218",,,,,,,,,,,,,,,,,"","","","","","","","",,
"react-baseline-vs-ccrs-v1-t2","002-ccrs","react_ccrs_mazeV1_t2","react_ccrs_mazeV1_t2_20260625_141909.log","6724","react.ccrs.contingency.escalation.skipped","","218",,,,,,"no_escalation_condition_met",,,,,,,,,,,"","","","","","","","",,
"react-baseline-vs-ccrs-v1-t2","002-ccrs","react_ccrs_mazeV1_t2","react_ccrs_mazeV1_t2_20260625_141909.log","6735","react.ccrs.contingency.escalation.considered","","219",,,,,,,,,,,,,,,,,"","","","","","","","",,
"react-baseline-vs-ccrs-v1-t2","002-ccrs","react_ccrs_mazeV1_t2","react_ccrs_mazeV1_t2_20260625_141909.log","6736","react.ccrs.contingency.escalation.skipped","","219",,,,,,"no_escalation_condition_met",,,,,,,,,,,"","","","","","","","",,
"react-baseline-vs-ccrs-v1-t2","002-ccrs","react_ccrs_mazeV1_t2","react_ccrs_mazeV1_t2_20260625_141909.log","6752","react.ccrs.contingency.escalation.considered","","220",,,,,,,,,,,,,,,,,"","","","","","","","",,
"react-baseline-vs-ccrs-v1-t2","002-ccrs","react_ccrs_mazeV1_t2","react_ccrs_mazeV1_t2_20260625_141909.log","6753","react.ccrs.contingency.escalation.skipped","","220",,,,,,"no_escalation_condition_met",,,,,,,,,,,"","","","","","","","",,
"react-baseline-vs-ccrs-v1-t2","002-ccrs","react_ccrs_mazeV1_t2","react_ccrs_mazeV1_t2_20260625_141909.log","6769","react.ccrs.contingency.escalation.considered","","221",,,,,,,,,,,,,,,,,"","","","","","","","",,
"react-baseline-vs-ccrs-v1-t2","002-ccrs","react_ccrs_mazeV1_t2","react_ccrs_mazeV1_t2_20260625_141909.log","6770","react.ccrs.contingency.escalation.skipped","","221",,,,,,"no_escalation_condition_met",,,,,,,,,,,"","","","","","","","",,
"react-baseline-vs-ccrs-v1-t2","002-ccrs","react_ccrs_mazeV1_t2","react_ccrs_mazeV1_t2_20260625_141909.log","6786","react.ccrs.contingency.escalation.considered","","222",,,,,,,,,,,,,,,,,"","","","","","","","",,
"react-baseline-vs-ccrs-v1-t2","002-ccrs","react_ccrs_mazeV1_t2","react_ccrs_mazeV1_t2_20260625_141909.log","6787","react.ccrs.contingency.escalation.skipped","","222",,,,,,"no_escalation_condition_met",,,,,,,,,,,"","","","","","","","",,
"react-baseline-vs-ccrs-v1-t2","002-ccrs","react_ccrs_mazeV1_t2","react_ccrs_mazeV1_t2_20260625_141909.log","6803","react.ccrs.contingency.escalation.considered","","223",,,,,,,,,,,,,,,,,"","","","","","","","",,
"react-baseline-vs-ccrs-v1-t2","002-ccrs","react_ccrs_mazeV1_t2","react_ccrs_mazeV1_t2_20260625_141909.log","6804","react.ccrs.contingency.escalation.skipped","","223",,,,,,"no_escalation_condition_met",,,,,,,,,,,"","","","","","","","",,
"react-baseline-vs-ccrs-v1-t2","002-ccrs","react_ccrs_mazeV1_t2","react_ccrs_mazeV1_t2_20260625_141909.log","6815","react.ccrs.contingency.escalation.considered","","224",,,,,,,,,,,,,,,,,"","","","","","","","",,
"react-baseline-vs-ccrs-v1-t2","002-ccrs","react_ccrs_mazeV1_t2","react_ccrs_mazeV1_t2_20260625_141909.log","6816","react.ccrs.contingency.escalation.skipped","","224",,,,,,"no_escalation_condition_met",,,,,,,,,,,"","","","","","","","",,
"react-baseline-vs-ccrs-v1-t2","002-ccrs","react_ccrs_mazeV1_t2","react_ccrs_mazeV1_t2_20260625_141909.log","6832","react.ccrs.contingency.escalation.considered","","225",,,,,,,,,,,,,,,,,"","","","","","","","",,
"react-baseline-vs-ccrs-v1-t2","002-ccrs","react_ccrs_mazeV1_t2","react_ccrs_mazeV1_t2_20260625_141909.log","6833","react.ccrs.contingency.escalation.skipped","","225",,,,,,"no_escalation_condition_met",,,,,,,,,,,"","","","","","","","",,
"react-baseline-vs-ccrs-v1-t2","002-ccrs","react_ccrs_mazeV1_t2","react_ccrs_mazeV1_t2_20260625_141909.log","6844","react.ccrs.contingency.escalation.considered","","226",,,,,,,,,,,,,,,,,"","","","","","","","",,
"react-baseline-vs-ccrs-v1-t2","002-ccrs","react_ccrs_mazeV1_t2","react_ccrs_mazeV1_t2_20260625_141909.log","6845","react.ccrs.contingency.escalation.skipped","","226",,,,,,"no_escalation_condition_met",,,,,,,,,,,"","","","","","","","",,
"react-baseline-vs-ccrs-v1-t2","002-ccrs","react_ccrs_mazeV1_t2","react_ccrs_mazeV1_t2_20260625_141909.log","6861","react.ccrs.contingency.escalation.considered","","227",,,,,,,,,,,,,,,,,"","","","","","","","",,
"react-baseline-vs-ccrs-v1-t2","002-ccrs","react_ccrs_mazeV1_t2","react_ccrs_mazeV1_t2_20260625_141909.log","6862","react.ccrs.contingency.escalation.skipped","","227",,,,,,"no_escalation_condition_met",,,,,,,,,,,"","","","","","","","",,
"react-baseline-vs-ccrs-v1-t2","002-ccrs","react_ccrs_mazeV1_t2","react_ccrs_mazeV1_t2_20260625_141909.log","6878","react.ccrs.contingency.escalation.considered","","228",,,,,,,,,,,,,,,,,"","","","","","","","",,
"react-baseline-vs-ccrs-v1-t2","002-ccrs","react_ccrs_mazeV1_t2","react_ccrs_mazeV1_t2_20260625_141909.log","6879","react.ccrs.contingency.escalation.skipped","","228",,,,,,"no_escalation_condition_met",,,,,,,,,,,"","","","","","","","",,
"react-baseline-vs-ccrs-v1-t2","002-ccrs","react_ccrs_mazeV1_t2","react_ccrs_mazeV1_t2_20260625_141909.log","6895","react.ccrs.contingency.escalation.considered","","229",,,,,,,,,,,,,,,,,"","","","","","","","",,
"react-baseline-vs-ccrs-v1-t2","002-ccrs","react_ccrs_mazeV1_t2","react_ccrs_mazeV1_t2_20260625_141909.log","6896","react.ccrs.contingency.escalation.skipped","","229",,,,,,"no_escalation_condition_met",,,,,,,,,,,"","","","","","","","",,
"react-baseline-vs-ccrs-v1-t2","002-ccrs","react_ccrs_mazeV1_t2","react_ccrs_mazeV1_t2_20260625_141909.log","6912","react.ccrs.contingency.escalation.considered","","230",,,,,,,,,,,,,,,,,"","","","","","","","",,
"react-baseline-vs-ccrs-v1-t2","002-ccrs","react_ccrs_mazeV1_t2","react_ccrs_mazeV1_t2_20260625_141909.log","6913","react.ccrs.contingency.escalation.skipped","","230",,,,,,"no_escalation_condition_met",,,,,,,,,,,"","","","","","","","",,
"react-baseline-vs-ccrs-v1-t2","002-ccrs","react_ccrs_mazeV1_t2","react_ccrs_mazeV1_t2_20260625_141909.log","6929","react.ccrs.contingency.escalation.considered","","231",,,,,,,,,,,,,,,,,"","","","","","","","",,
"react-baseline-vs-ccrs-v1-t2","002-ccrs","react_ccrs_mazeV1_t2","react_ccrs_mazeV1_t2_20260625_141909.log","6930","react.ccrs.contingency.escalation.skipped","","231",,,,,,"no_escalation_condition_met",,,,,,,,,,,"","","","","","","","",,
"react-baseline-vs-ccrs-v1-t2","002-ccrs","react_ccrs_mazeV1_t2","react_ccrs_mazeV1_t2_20260625_141909.log","6946","react.ccrs.contingency.escalation.considered","","232",,,,,,,,,,,,,,,,,"","","","","","","","",,
"react-baseline-vs-ccrs-v1-t2","002-ccrs","react_ccrs_mazeV1_t2","react_ccrs_mazeV1_t2_20260625_141909.log","6947","react.ccrs.contingency.escalation.skipped","","232",,,,,,"no_escalation_condition_met",,,,,,,,,,,"","","","","","","","",,
"react-baseline-vs-ccrs-v1-t2","002-ccrs","react_ccrs_mazeV1_t2","react_ccrs_mazeV1_t2_20260625_141909.log","6963","react.ccrs.contingency.escalation.considered","","233",,,,,,,,,,,,,,,,,"","","","","","","","",,
"react-baseline-vs-ccrs-v1-t2","002-ccrs","react_ccrs_mazeV1_t2","react_ccrs_mazeV1_t2_20260625_141909.log","6964","react.ccrs.contingency.escalation.skipped","","233",,,,,,"no_escalation_condition_met",,,,,,,,,,,"","","","","","","","",,
"react-baseline-vs-ccrs-v1-t2","002-ccrs","react_ccrs_mazeV1_t2","react_ccrs_mazeV1_t2_20260625_141909.log","6980","react.ccrs.contingency.escalation.considered","","234",,,,,,,,,,,,,,,,,"","","","","","","","",,
"react-baseline-vs-ccrs-v1-t2","002-ccrs","react_ccrs_mazeV1_t2","react_ccrs_mazeV1_t2_20260625_141909.log","6981","react.ccrs.contingency.escalation.skipped","","234",,,,,,"no_escalation_condition_met",,,,,,,,,,,"","","","","","","","",,
"react-baseline-vs-ccrs-v1-t2","002-ccrs","react_ccrs_mazeV1_t2","react_ccrs_mazeV1_t2_20260625_141909.log","6997","react.ccrs.contingency.escalation.considered","","235",,,,,,,,,,,,,,,,,"","","","","","","","",,
"react-baseline-vs-ccrs-v1-t2","002-ccrs","react_ccrs_mazeV1_t2","react_ccrs_mazeV1_t2_20260625_141909.log","6998","react.ccrs.contingency.escalation.skipped","","235",,,,,,"no_escalation_condition_met",,,,,,,,,,,"","","","","","","","",,
"react-baseline-vs-ccrs-v1-t2","002-ccrs","react_ccrs_mazeV1_t2","react_ccrs_mazeV1_t2_20260625_141909.log","7014","react.ccrs.contingency.escalation.considered","","236",,,,,,,,,,,,,,,,,"","","","","","","","",,
"react-baseline-vs-ccrs-v1-t2","002-ccrs","react_ccrs_mazeV1_t2","react_ccrs_mazeV1_t2_20260625_141909.log","7015","react.ccrs.contingency.escalation.skipped","","236",,,,,,"no_escalation_condition_met",,,,,,,,,,,"","","","","","","","",,
"react-baseline-vs-ccrs-v1-t2","002-ccrs","react_ccrs_mazeV1_t2","react_ccrs_mazeV1_t2_20260625_141909.log","7031","react.ccrs.contingency.escalation.considered","","237",,,,,,,,,,,,,,,,,"","","","","","","","",,
"react-baseline-vs-ccrs-v1-t2","002-ccrs","react_ccrs_mazeV1_t2","react_ccrs_mazeV1_t2_20260625_141909.log","7032","react.ccrs.contingency.escalation.skipped","","237",,,,,,"no_escalation_condition_met",,,,,,,,,,,"","","","","","","","",,
"react-baseline-vs-ccrs-v1-t2","002-ccrs","react_ccrs_mazeV1_t2","react_ccrs_mazeV1_t2_20260625_141909.log","7048","react.ccrs.contingency.escalation.considered","","238",,,,,,,,,,,,,,,,,"","","","","","","","",,
"react-baseline-vs-ccrs-v1-t2","002-ccrs","react_ccrs_mazeV1_t2","react_ccrs_mazeV1_t2_20260625_141909.log","7049","react.ccrs.contingency.escalation.skipped","","238",,,,,,"no_escalation_condition_met",,,,,,,,,,,"","","","","","","","",,
"react-baseline-vs-ccrs-v1-t2","002-ccrs","react_ccrs_mazeV1_t2","react_ccrs_mazeV1_t2_20260625_141909.log","7065","react.ccrs.contingency.escalation.considered","","239",,,,,,,,,,,,,,,,,"","","","","","","","",,
"react-baseline-vs-ccrs-v1-t2","002-ccrs","react_ccrs_mazeV1_t2","react_ccrs_mazeV1_t2_20260625_141909.log","7066","react.ccrs.contingency.escalation.skipped","","239",,,,,,"no_escalation_condition_met",,,,,,,,,,,"","","","","","","","",,
"react-baseline-vs-ccrs-v1-t2","002-ccrs","react_ccrs_mazeV1_t2","react_ccrs_mazeV1_t2_20260625_141909.log","7077","react.ccrs.contingency.escalation.considered","","240",,,,,,,,,,,,,,,,,"","","","","","","","",,
"react-baseline-vs-ccrs-v1-t2","002-ccrs","react_ccrs_mazeV1_t2","react_ccrs_mazeV1_t2_20260625_141909.log","7078","react.ccrs.contingency.escalation.skipped","","240",,,,,,"no_escalation_condition_met",,,,,,,,,,,"","","","","","","","",,
"react-baseline-vs-ccrs-v1-t2","002-ccrs","react_ccrs_mazeV1_t2","react_ccrs_mazeV1_t2_20260625_141909.log","7094","react.ccrs.contingency.escalation.considered","","241",,,,,,,,,,,,,,,,,"","","","","","","","",,
"react-baseline-vs-ccrs-v1-t2","002-ccrs","react_ccrs_mazeV1_t2","react_ccrs_mazeV1_t2_20260625_141909.log","7095","react.ccrs.contingency.escalation.skipped","","241",,,,,,"no_escalation_condition_met",,,,,,,,,,,"","","","","","","","",,
"react-baseline-vs-ccrs-v1-t2","002-ccrs","react_ccrs_mazeV1_t2","react_ccrs_mazeV1_t2_20260625_141909.log","7111","react.ccrs.contingency.escalation.considered","","242",,,,,,,,,,,,,,,,,"","","","","","","","",,
"react-baseline-vs-ccrs-v1-t2","002-ccrs","react_ccrs_mazeV1_t2","react_ccrs_mazeV1_t2_20260625_141909.log","7112","react.ccrs.contingency.escalation.skipped","","242",,,,,,"no_escalation_condition_met",,,,,,,,,,,"","","","","","","","",,
"react-baseline-vs-ccrs-v1-t2","002-ccrs","react_ccrs_mazeV1_t2","react_ccrs_mazeV1_t2_20260625_141909.log","7123","react.ccrs.contingency.escalation.considered","","243",,,,,,,,,,,,,,,,,"","","","","","","","",,
"react-baseline-vs-ccrs-v1-t2","002-ccrs","react_ccrs_mazeV1_t2","react_ccrs_mazeV1_t2_20260625_141909.log","7124","react.ccrs.contingency.escalation.skipped","","243",,,,,,"no_escalation_condition_met",,,,,,,,,,,"","","","","","","","",,
"react-baseline-vs-ccrs-v1-t2","002-ccrs","react_ccrs_mazeV1_t2","react_ccrs_mazeV1_t2_20260625_141909.log","7140","react.ccrs.contingency.escalation.considered","","244",,,,,,,,,,,,,,,,,"","","","","","","","",,
"react-baseline-vs-ccrs-v1-t2","002-ccrs","react_ccrs_mazeV1_t2","react_ccrs_mazeV1_t2_20260625_141909.log","7141","react.ccrs.contingency.escalation.skipped","","244",,,,,,"no_escalation_condition_met",,,,,,,,,,,"","","","","","","","",,
"react-baseline-vs-ccrs-v1-t2","002-ccrs","react_ccrs_mazeV1_t2","react_ccrs_mazeV1_t2_20260625_141909.log","7157","react.ccrs.contingency.escalation.considered","","245",,,,,,,,,,,,,,,,,"","","","","","","","",,
"react-baseline-vs-ccrs-v1-t2","002-ccrs","react_ccrs_mazeV1_t2","react_ccrs_mazeV1_t2_20260625_141909.log","7158","react.ccrs.contingency.escalation.skipped","","245",,,,,,"no_escalation_condition_met",,,,,,,,,,,"","","","","","","","",,
"react-baseline-vs-ccrs-v1-t2","002-ccrs","react_ccrs_mazeV1_t2","react_ccrs_mazeV1_t2_20260625_141909.log","7169","react.ccrs.contingency.escalation.considered","","246",,,,,,,,,,,,,,,,,"","","","","","","","",,
"react-baseline-vs-ccrs-v1-t2","002-ccrs","react_ccrs_mazeV1_t2","react_ccrs_mazeV1_t2_20260625_141909.log","7170","react.ccrs.contingency.escalation.skipped","","246",,,,,,"no_escalation_condition_met",,,,,,,,,,,"","","","","","","","",,
"react-baseline-vs-ccrs-v1-t2","002-ccrs","react_ccrs_mazeV1_t2","react_ccrs_mazeV1_t2_20260625_141909.log","7235","react.ccrs.contingency.escalation.considered","","247",,,,,,,,,,,,,,,,,"","","","","","","","",,
"react-baseline-vs-ccrs-v1-t2","002-ccrs","react_ccrs_mazeV1_t2","react_ccrs_mazeV1_t2_20260625_141909.log","7236","react.ccrs.contingency.escalation.skipped","","247",,,,,,"no_escalation_condition_met",,,,,,,,,,,"","","","","","","","",,
"react-baseline-vs-ccrs-v1-t2","002-ccrs","react_ccrs_mazeV1_t2","react_ccrs_mazeV1_t2_20260625_141909.log","7301","react.ccrs.contingency.escalation.considered","","248",,,,,,,,,,,,,,,,,"","","","","","","","",,
"react-baseline-vs-ccrs-v1-t2","002-ccrs","react_ccrs_mazeV1_t2","react_ccrs_mazeV1_t2_20260625_141909.log","7302","react.ccrs.contingency.escalation.skipped","","248",,,,,,"no_escalation_condition_met",,,,,,,,,,,"","","","","","","","",,
"react-baseline-vs-ccrs-v1-t2","002-ccrs","react_ccrs_mazeV1_t2","react_ccrs_mazeV1_t2_20260625_141909.log","7313","react.ccrs.contingency.escalation.considered","","249",,,,,,,,,,,,,,,,,"","","","","","","","",,
"react-baseline-vs-ccrs-v1-t2","002-ccrs","react_ccrs_mazeV1_t2","react_ccrs_mazeV1_t2_20260625_141909.log","7314","react.ccrs.contingency.escalation.skipped","","249",,,,,,"no_escalation_condition_met",,,,,,,,,,,"","","","","","","","",,
"react-baseline-vs-ccrs-v1-t2","002-ccrs","react_ccrs_mazeV1_t2","react_ccrs_mazeV1_t2_20260625_141909.log","7379","react.ccrs.contingency.escalation.considered","","250",,,,,,,,,,,,,,,,,"","","","","","","","",,
"react-baseline-vs-ccrs-v1-t2","002-ccrs","react_ccrs_mazeV1_t2","react_ccrs_mazeV1_t2_20260625_141909.log","7380","react.ccrs.contingency.escalation.skipped","","250",,,,,,"no_escalation_condition_met",,,,,,,,,,,"","","","","","","","",,
"react-baseline-vs-ccrs-v1-t2","002-ccrs","react_ccrs_mazeV1_t2","react_ccrs_mazeV1_t2_20260625_141909.log","7445","react.ccrs.contingency.escalation.considered","","251",,,,,,,,,,,,,,,,,"","","","","","","","",,
"react-baseline-vs-ccrs-v1-t2","002-ccrs","react_ccrs_mazeV1_t2","react_ccrs_mazeV1_t2_20260625_141909.log","7446","react.ccrs.contingency.escalation.skipped","","251",,,,,,"no_escalation_condition_met",,,,,,,,,,,"","","","","","","","",,
"react-baseline-vs-ccrs-v1-t2","002-ccrs","react_ccrs_mazeV1_t2","react_ccrs_mazeV1_t2_20260625_141909.log","7457","react.ccrs.contingency.escalation.considered","","252",,,,,,,,,,,,,,,,,"","","","","","","","",,
"react-baseline-vs-ccrs-v1-t2","002-ccrs","react_ccrs_mazeV1_t2","react_ccrs_mazeV1_t2_20260625_141909.log","7458","react.ccrs.contingency.escalation.skipped","","252",,,,,,"no_escalation_condition_met",,,,,,,,,,,"","","","","","","","",,
"react-baseline-vs-ccrs-v1-t2","002-ccrs","react_ccrs_mazeV1_t2","react_ccrs_mazeV1_t2_20260625_141909.log","7523","react.ccrs.contingency.escalation.considered","","253",,,,,,,,,,,,,,,,,"","","","","","","","",,
"react-baseline-vs-ccrs-v1-t2","002-ccrs","react_ccrs_mazeV1_t2","react_ccrs_mazeV1_t2_20260625_141909.log","7524","react.ccrs.contingency.escalation.skipped","","253",,,,,,"no_escalation_condition_met",,,,,,,,,,,"","","","","","","","",,
"react-baseline-vs-ccrs-v1-t2","002-ccrs","react_ccrs_mazeV1_t2","react_ccrs_mazeV1_t2_20260625_141909.log","7589","react.ccrs.contingency.escalation.considered","","254",,,,,,,,,,,,,,,,,"","","","","","","","",,
"react-baseline-vs-ccrs-v1-t2","002-ccrs","react_ccrs_mazeV1_t2","react_ccrs_mazeV1_t2_20260625_141909.log","7590","react.ccrs.contingency.escalation.skipped","","254",,,,,,"no_escalation_condition_met",,,,,,,,,,,"","","","","","","","",,
"react-baseline-vs-ccrs-v1-t2","002-ccrs","react_ccrs_mazeV1_t2","react_ccrs_mazeV1_t2_20260625_141909.log","7601","react.ccrs.contingency.escalation.considered","","255",,,,,,,,,,,,,,,,,"","","","","","","","",,
"react-baseline-vs-ccrs-v1-t2","002-ccrs","react_ccrs_mazeV1_t2","react_ccrs_mazeV1_t2_20260625_141909.log","7602","react.ccrs.contingency.escalation.skipped","","255",,,,,,"no_escalation_condition_met",,,,,,,,,,,"","","","","","","","",,
"react-baseline-vs-ccrs-v1-t2","002-ccrs","react_ccrs_mazeV1_t2","react_ccrs_mazeV1_t2_20260625_141909.log","7667","react.ccrs.contingency.escalation.considered","","256",,,,,,,,,,,,,,,,,"","","","","","","","",,
"react-baseline-vs-ccrs-v1-t2","002-ccrs","react_ccrs_mazeV1_t2","react_ccrs_mazeV1_t2_20260625_141909.log","7668","react.ccrs.contingency.escalation.skipped","","256",,,,,,"no_escalation_condition_met",,,,,,,,,,,"","","","","","","","",,
"react-baseline-vs-ccrs-v1-t2","002-ccrs","react_ccrs_mazeV1_t2","react_ccrs_mazeV1_t2_20260625_141909.log","7679","react.ccrs.contingency.escalation.considered","","257",,,,,,,,,,,,,,,,,"","","","","","","","",,
"react-baseline-vs-ccrs-v1-t2","002-ccrs","react_ccrs_mazeV1_t2","react_ccrs_mazeV1_t2_20260625_141909.log","7680","react.ccrs.contingency.escalation.skipped","","257",,,,,,"no_escalation_condition_met",,,,,,,,,,,"","","","","","","","",,
"react-baseline-vs-ccrs-v1-t2","002-ccrs","react_ccrs_mazeV1_t2","react_ccrs_mazeV1_t2_20260625_141909.log","7745","react.ccrs.contingency.escalation.considered","","258",,,,,,,,,,,,,,,,,"","","","","","","","",,
"react-baseline-vs-ccrs-v1-t2","002-ccrs","react_ccrs_mazeV1_t2","react_ccrs_mazeV1_t2_20260625_141909.log","7746","react.ccrs.contingency.escalation.skipped","","258",,,,,,"no_escalation_condition_met",,,,,,,,,,,"","","","","","","","",,
"react-baseline-vs-ccrs-v1-t2","002-ccrs","react_ccrs_mazeV1_t2","react_ccrs_mazeV1_t2_20260625_141909.log","7757","react.ccrs.contingency.escalation.considered","","259",,,,,,,,,,,,,,,,,"","","","","","","","",,
"react-baseline-vs-ccrs-v1-t2","002-ccrs","react_ccrs_mazeV1_t2","react_ccrs_mazeV1_t2_20260625_141909.log","7758","react.ccrs.contingency.escalation.skipped","","259",,,,,,"no_escalation_condition_met",,,,,,,,,,,"","","","","","","","",,
"react-baseline-vs-ccrs-v1-t2","002-ccrs","react_ccrs_mazeV1_t2","react_ccrs_mazeV1_t2_20260625_141909.log","7823","react.ccrs.contingency.escalation.considered","","260",,,,,,,,,,,,,,,,,"","","","","","","","",,
"react-baseline-vs-ccrs-v1-t2","002-ccrs","react_ccrs_mazeV1_t2","react_ccrs_mazeV1_t2_20260625_141909.log","7824","react.ccrs.contingency.escalation.skipped","","260",,,,,,"no_escalation_condition_met",,,,,,,,,,,"","","","","","","","",,
"react-baseline-vs-ccrs-v1-t2","002-ccrs","react_ccrs_mazeV1_t2","react_ccrs_mazeV1_t2_20260625_141909.log","7889","react.ccrs.contingency.escalation.considered","","261",,,,,,,,,,,,,,,,,"","","","","","","","",,
"react-baseline-vs-ccrs-v1-t2","002-ccrs","react_ccrs_mazeV1_t2","react_ccrs_mazeV1_t2_20260625_141909.log","7890","react.ccrs.contingency.escalation.skipped","","261",,,,,,"no_escalation_condition_met",,,,,,,,,,,"","","","","","","","",,
"react-baseline-vs-ccrs-v1-t2","002-ccrs","react_ccrs_mazeV1_t2","react_ccrs_mazeV1_t2_20260625_141909.log","7901","react.ccrs.contingency.escalation.considered","","262",,,,,,,,,,,,,,,,,"","","","","","","","",,
"react-baseline-vs-ccrs-v1-t2","002-ccrs","react_ccrs_mazeV1_t2","react_ccrs_mazeV1_t2_20260625_141909.log","7902","react.ccrs.contingency.escalation.skipped","","262",,,,,,"no_escalation_condition_met",,,,,,,,,,,"","","","","","","","",,
"react-baseline-vs-ccrs-v1-t2","002-ccrs","react_ccrs_mazeV1_t2","react_ccrs_mazeV1_t2_20260625_141909.log","7967","react.ccrs.contingency.escalation.considered","","263",,,,,,,,,,,,,,,,,"","","","","","","","",,
"react-baseline-vs-ccrs-v1-t2","002-ccrs","react_ccrs_mazeV1_t2","react_ccrs_mazeV1_t2_20260625_141909.log","7968","react.ccrs.contingency.escalation.skipped","","263",,,,,,"no_escalation_condition_met",,,,,,,,,,,"","","","","","","","",,
"react-baseline-vs-ccrs-v1-t2","002-ccrs","react_ccrs_mazeV1_t2","react_ccrs_mazeV1_t2_20260625_141909.log","8033","react.ccrs.contingency.escalation.considered","","264",,,,,,,,,,,,,,,,,"","","","","","","","",,
"react-baseline-vs-ccrs-v1-t2","002-ccrs","react_ccrs_mazeV1_t2","react_ccrs_mazeV1_t2_20260625_141909.log","8034","react.ccrs.contingency.escalation.skipped","","264",,,,,,"no_escalation_condition_met",,,,,,,,,,,"","","","","","","","",,
"react-baseline-vs-ccrs-v1-t2","002-ccrs","react_ccrs_mazeV1_t2","react_ccrs_mazeV1_t2_20260625_141909.log","8099","react.ccrs.contingency.escalation.considered","","265",,,,,,,,,,,,,,,,,"","","","","","","","",,
"react-baseline-vs-ccrs-v1-t2","002-ccrs","react_ccrs_mazeV1_t2","react_ccrs_mazeV1_t2_20260625_141909.log","8100","react.ccrs.contingency.escalation.skipped","","265",,,,,,"no_escalation_condition_met",,,,,,,,,,,"","","","","","","","",,
"react-baseline-vs-ccrs-v1-t2","002-ccrs","react_ccrs_mazeV1_t2","react_ccrs_mazeV1_t2_20260625_141909.log","8111","react.ccrs.contingency.escalation.considered","","266",,,,,,,,,,,,,,,,,"","","","","","","","",,
"react-baseline-vs-ccrs-v1-t2","002-ccrs","react_ccrs_mazeV1_t2","react_ccrs_mazeV1_t2_20260625_141909.log","8112","react.ccrs.contingency.escalation.skipped","","266",,,,,,"no_escalation_condition_met",,,,,,,,,,,"","","","","","","","",,
"react-baseline-vs-ccrs-v1-t2","002-ccrs","react_ccrs_mazeV1_t2","react_ccrs_mazeV1_t2_20260625_141909.log","8177","react.ccrs.contingency.escalation.considered","","267",,,,,,,,,,,,,,,,,"","","","","","","","",,
"react-baseline-vs-ccrs-v1-t2","002-ccrs","react_ccrs_mazeV1_t2","react_ccrs_mazeV1_t2_20260625_141909.log","8178","react.ccrs.contingency.escalation.skipped","","267",,,,,,"no_escalation_condition_met",,,,,,,,,,,"","","","","","","","",,
"react-baseline-vs-ccrs-v1-t2","002-ccrs","react_ccrs_mazeV1_t2","react_ccrs_mazeV1_t2_20260625_141909.log","8243","react.ccrs.contingency.escalation.considered","","268",,,,,,,,,,,,,,,,,"","","","","","","","",,
"react-baseline-vs-ccrs-v1-t2","002-ccrs","react_ccrs_mazeV1_t2","react_ccrs_mazeV1_t2_20260625_141909.log","8244","react.ccrs.contingency.escalation.skipped","","268",,,,,,"no_escalation_condition_met",,,,,,,,,,,"","","","","","","","",,
"react-baseline-vs-ccrs-v1-t2","002-ccrs","react_ccrs_mazeV1_t2","react_ccrs_mazeV1_t2_20260625_141909.log","8309","react.ccrs.contingency.escalation.considered","","269",,,,,,,,,,,,,,,,,"","","","","","","","",,
"react-baseline-vs-ccrs-v1-t2","002-ccrs","react_ccrs_mazeV1_t2","react_ccrs_mazeV1_t2_20260625_141909.log","8310","react.ccrs.contingency.escalation.skipped","","269",,,,,,"no_escalation_condition_met",,,,,,,,,,,"","","","","","","","",,
"react-baseline-vs-ccrs-v1-t2","002-ccrs","react_ccrs_mazeV1_t2","react_ccrs_mazeV1_t2_20260625_141909.log","8375","react.ccrs.contingency.escalation.considered","","270",,,,,,,,,,,,,,,,,"","","","","","","","",,
"react-baseline-vs-ccrs-v1-t2","002-ccrs","react_ccrs_mazeV1_t2","react_ccrs_mazeV1_t2_20260625_141909.log","8376","react.ccrs.contingency.escalation.skipped","","270",,,,,,"no_escalation_condition_met",,,,,,,,,,,"","","","","","","","",,
"react-baseline-vs-ccrs-v1-t2","002-ccrs","react_ccrs_mazeV1_t2","react_ccrs_mazeV1_t2_20260625_141909.log","8441","react.ccrs.contingency.escalation.considered","","271",,,,,,,,,,,,,,,,,"","","","","","","","",,
"react-baseline-vs-ccrs-v1-t2","002-ccrs","react_ccrs_mazeV1_t2","react_ccrs_mazeV1_t2_20260625_141909.log","8442","react.ccrs.contingency.escalation.skipped","","271",,,,,,"no_escalation_condition_met",,,,,,,,,,,"","","","","","","","",,
"react-baseline-vs-ccrs-v1-t2","002-ccrs","react_ccrs_mazeV1_t2","react_ccrs_mazeV1_t2_20260625_141909.log","8458","react.ccrs.contingency.escalation.considered","","272",,,,,,,,,,,,,,,,,"","","","","","","","",,
"react-baseline-vs-ccrs-v1-t2","002-ccrs","react_ccrs_mazeV1_t2","react_ccrs_mazeV1_t2_20260625_141909.log","8459","react.ccrs.contingency.escalation.skipped","","272",,,,,,"no_escalation_condition_met",,,,,,,,,,,"","","","","","","","",,
"react-baseline-vs-ccrs-v1-t2","002-ccrs","react_ccrs_mazeV1_t2","react_ccrs_mazeV1_t2_20260625_141909.log","8524","react.ccrs.contingency.escalation.considered","","273",,,,,,,,,,,,,,,,,"","","","","","","","",,
"react-baseline-vs-ccrs-v1-t2","002-ccrs","react_ccrs_mazeV1_t2","react_ccrs_mazeV1_t2_20260625_141909.log","8525","react.ccrs.contingency.escalation.skipped","","273",,,,,,"no_escalation_condition_met",,,,,,,,,,,"","","","","","","","",,
"react-baseline-vs-ccrs-v1-t2","002-ccrs","react_ccrs_mazeV1_t2","react_ccrs_mazeV1_t2_20260625_141909.log","8541","react.ccrs.contingency.escalation.considered","","274",,,,,,,,,,,,,,,,,"","","","","","","","",,
"react-baseline-vs-ccrs-v1-t2","002-ccrs","react_ccrs_mazeV1_t2","react_ccrs_mazeV1_t2_20260625_141909.log","8542","react.ccrs.contingency.escalation.skipped","","274",,,,,,"no_escalation_condition_met",,,,,,,,,,,"","","","","","","","",,
"react-baseline-vs-ccrs-v1-t2","002-ccrs","react_ccrs_mazeV1_t2","react_ccrs_mazeV1_t2_20260625_141909.log","8607","react.ccrs.contingency.escalation.considered","","275",,,,,,,,,,,,,,,,,"","","","","","","","",,
"react-baseline-vs-ccrs-v1-t2","002-ccrs","react_ccrs_mazeV1_t2","react_ccrs_mazeV1_t2_20260625_141909.log","8608","react.ccrs.contingency.escalation.skipped","","275",,,,,,"no_escalation_condition_met",,,,,,,,,,,"","","","","","","","",,
"react-baseline-vs-ccrs-v1-t2","002-ccrs","react_ccrs_mazeV1_t2","react_ccrs_mazeV1_t2_20260625_141909.log","8673","react.ccrs.contingency.escalation.considered","","276",,,,,,,,,,,,,,,,,"","","","","","","","",,
"react-baseline-vs-ccrs-v1-t2","002-ccrs","react_ccrs_mazeV1_t2","react_ccrs_mazeV1_t2_20260625_141909.log","8674","react.ccrs.contingency.escalation.skipped","","276",,,,,,"no_escalation_condition_met",,,,,,,,,,,"","","","","","","","",,
"react-baseline-vs-ccrs-v1-t2","002-ccrs","react_ccrs_mazeV1_t2","react_ccrs_mazeV1_t2_20260625_141909.log","8690","react.ccrs.contingency.escalation.considered","","277",,,,,,,,,,,,,,,,,"","","","","","","","",,
"react-baseline-vs-ccrs-v1-t2","002-ccrs","react_ccrs_mazeV1_t2","react_ccrs_mazeV1_t2_20260625_141909.log","8691","react.ccrs.contingency.escalation.skipped","","277",,,,,,"no_escalation_condition_met",,,,,,,,,,,"","","","","","","","",,
"react-baseline-vs-ccrs-v1-t2","002-ccrs","react_ccrs_mazeV1_t2","react_ccrs_mazeV1_t2_20260625_141909.log","8702","react.ccrs.contingency.escalation.considered","","278",,,,,,,,,,,,,,,,,"","","","","","","","",,
"react-baseline-vs-ccrs-v1-t2","002-ccrs","react_ccrs_mazeV1_t2","react_ccrs_mazeV1_t2_20260625_141909.log","8703","react.ccrs.contingency.escalation.skipped","","278",,,,,,"no_escalation_condition_met",,,,,,,,,,,"","","","","","","","",,
"react-baseline-vs-ccrs-v1-t2","002-ccrs","react_ccrs_mazeV1_t2","react_ccrs_mazeV1_t2_20260625_141909.log","8768","react.ccrs.contingency.escalation.considered","","279",,,,,,,,,,,,,,,,,"","","","","","","","",,
"react-baseline-vs-ccrs-v1-t2","002-ccrs","react_ccrs_mazeV1_t2","react_ccrs_mazeV1_t2_20260625_141909.log","8769","react.ccrs.contingency.escalation.skipped","","279",,,,,,"no_escalation_condition_met",,,,,,,,,,,"","","","","","","","",,
"react-baseline-vs-ccrs-v1-t2","002-ccrs","react_ccrs_mazeV1_t2","react_ccrs_mazeV1_t2_20260625_141909.log","8834","react.ccrs.contingency.escalation.considered","","280",,,,,,,,,,,,,,,,,"","","","","","","","",,
"react-baseline-vs-ccrs-v1-t2","002-ccrs","react_ccrs_mazeV1_t2","react_ccrs_mazeV1_t2_20260625_141909.log","8835","react.ccrs.contingency.escalation.skipped","","280",,,,,,"no_escalation_condition_met",,,,,,,,,,,"","","","","","","","",,
"react-baseline-vs-ccrs-v1-t2","002-ccrs","react_ccrs_mazeV1_t2","react_ccrs_mazeV1_t2_20260625_141909.log","8900","react.ccrs.contingency.escalation.considered","","281",,,,,,,,,,,,,,,,,"","","","","","","","",,
"react-baseline-vs-ccrs-v1-t2","002-ccrs","react_ccrs_mazeV1_t2","react_ccrs_mazeV1_t2_20260625_141909.log","8901","react.ccrs.contingency.escalation.skipped","","281",,,,,,"no_escalation_condition_met",,,,,,,,,,,"","","","","","","","",,
"react-baseline-vs-ccrs-v1-t2","002-ccrs","react_ccrs_mazeV1_t2","react_ccrs_mazeV1_t2_20260625_141909.log","8966","react.ccrs.contingency.escalation.considered","","282",,,,,,,,,,,,,,,,,"","","","","","","","",,
"react-baseline-vs-ccrs-v1-t2","002-ccrs","react_ccrs_mazeV1_t2","react_ccrs_mazeV1_t2_20260625_141909.log","8967","react.ccrs.contingency.escalation.skipped","","282",,,,,,"no_escalation_condition_met",,,,,,,,,,,"","","","","","","","",,
"react-baseline-vs-ccrs-v1-t2","002-ccrs","react_ccrs_mazeV1_t2","react_ccrs_mazeV1_t2_20260625_141909.log","9032","react.ccrs.contingency.escalation.considered","","283",,,,,,,,,,,,,,,,,"","","","","","","","",,
"react-baseline-vs-ccrs-v1-t2","002-ccrs","react_ccrs_mazeV1_t2","react_ccrs_mazeV1_t2_20260625_141909.log","9033","react.ccrs.contingency.escalation.skipped","","283",,,,,,"no_escalation_condition_met",,,,,,,,,,,"","","","","","","","",,
"react-baseline-vs-ccrs-v1-t2","002-ccrs","react_ccrs_mazeV1_t2","react_ccrs_mazeV1_t2_20260625_141909.log","9098","react.ccrs.contingency.escalation.considered","","284",,,,,,,,,,,,,,,,,"","","","","","","","",,
"react-baseline-vs-ccrs-v1-t2","002-ccrs","react_ccrs_mazeV1_t2","react_ccrs_mazeV1_t2_20260625_141909.log","9099","react.ccrs.contingency.escalation.skipped","","284",,,,,,"no_escalation_condition_met",,,,,,,,,,,"","","","","","","","",,
"react-baseline-vs-ccrs-v1-t2","002-ccrs","react_ccrs_mazeV1_t2","react_ccrs_mazeV1_t2_20260625_141909.log","9164","react.ccrs.contingency.escalation.considered","","285",,,,,,,,,,,,,,,,,"","","","","","","","",,
"react-baseline-vs-ccrs-v1-t2","002-ccrs","react_ccrs_mazeV1_t2","react_ccrs_mazeV1_t2_20260625_141909.log","9165","react.ccrs.contingency.escalation.skipped","","285",,,,,,"no_escalation_condition_met",,,,,,,,,,,"","","","","","","","",,
"react-baseline-vs-ccrs-v1-t2","002-ccrs","react_ccrs_mazeV1_t2","react_ccrs_mazeV1_t2_20260625_141909.log","9181","react.ccrs.contingency.escalation.considered","","286",,,,,,,,,,,,,,,,,"","","","","","","","",,
"react-baseline-vs-ccrs-v1-t2","002-ccrs","react_ccrs_mazeV1_t2","react_ccrs_mazeV1_t2_20260625_141909.log","9182","react.ccrs.contingency.escalation.skipped","","286",,,,,,"no_escalation_condition_met",,,,,,,,,,,"","","","","","","","",,
"react-baseline-vs-ccrs-v1-t2","002-ccrs","react_ccrs_mazeV1_t2","react_ccrs_mazeV1_t2_20260625_141909.log","9247","react.ccrs.contingency.escalation.considered","","287",,,,,,,,,,,,,,,,,"","","","","","","","",,
"react-baseline-vs-ccrs-v1-t2","002-ccrs","react_ccrs_mazeV1_t2","react_ccrs_mazeV1_t2_20260625_141909.log","9248","react.ccrs.contingency.escalation.skipped","","287",,,,,,"no_escalation_condition_met",,,,,,,,,,,"","","","","","","","",,
"react-baseline-vs-ccrs-v1-t2","002-ccrs","react_ccrs_mazeV1_t2","react_ccrs_mazeV1_t2_20260625_141909.log","9313","react.ccrs.contingency.escalation.considered","","288",,,,,,,,,,,,,,,,,"","","","","","","","",,
"react-baseline-vs-ccrs-v1-t2","002-ccrs","react_ccrs_mazeV1_t2","react_ccrs_mazeV1_t2_20260625_141909.log","9314","react.ccrs.contingency.escalation.skipped","","288",,,,,,"no_escalation_condition_met",,,,,,,,,,,"","","","","","","","",,
"react-baseline-vs-ccrs-v1-t2","002-ccrs","react_ccrs_mazeV1_t2","react_ccrs_mazeV1_t2_20260625_141909.log","9379","react.ccrs.contingency.escalation.considered","","289",,,,,,,,,,,,,,,,,"","","","","","","","",,
"react-baseline-vs-ccrs-v1-t2","002-ccrs","react_ccrs_mazeV1_t2","react_ccrs_mazeV1_t2_20260625_141909.log","9380","react.ccrs.contingency.escalation.skipped","","289",,,,,,"no_escalation_condition_met",,,,,,,,,,,"","","","","","","","",,
"react-baseline-vs-ccrs-v1-t2","002-ccrs","react_ccrs_mazeV1_t2","react_ccrs_mazeV1_t2_20260625_141909.log","9445","react.ccrs.contingency.escalation.considered","","290",,,,,,,,,,,,,,,,,"","","","","","","","",,
"react-baseline-vs-ccrs-v1-t2","002-ccrs","react_ccrs_mazeV1_t2","react_ccrs_mazeV1_t2_20260625_141909.log","9446","react.ccrs.contingency.escalation.skipped","","290",,,,,,"no_escalation_condition_met",,,,,,,,,,,"","","","","","","","",,
"react-baseline-vs-ccrs-v1-t2","002-ccrs","react_ccrs_mazeV1_t2","react_ccrs_mazeV1_t2_20260625_141909.log","9511","react.ccrs.contingency.escalation.considered","","291",,,,,,,,,,,,,,,,,"","","","","","","","",,
"react-baseline-vs-ccrs-v1-t2","002-ccrs","react_ccrs_mazeV1_t2","react_ccrs_mazeV1_t2_20260625_141909.log","9512","react.ccrs.contingency.escalation.skipped","","291",,,,,,"no_escalation_condition_met",,,,,,,,,,,"","","","","","","","",,
"react-baseline-vs-ccrs-v1-t2","002-ccrs","react_ccrs_mazeV1_t2","react_ccrs_mazeV1_t2_20260625_141909.log","9577","react.ccrs.contingency.escalation.considered","","292",,,,,,,,,,,,,,,,,"","","","","","","","",,
"react-baseline-vs-ccrs-v1-t2","002-ccrs","react_ccrs_mazeV1_t2","react_ccrs_mazeV1_t2_20260625_141909.log","9578","react.ccrs.contingency.escalation.skipped","","292",,,,,,"no_escalation_condition_met",,,,,,,,,,,"","","","","","","","",,
"react-baseline-vs-ccrs-v1-t2","002-ccrs","react_ccrs_mazeV1_t2","react_ccrs_mazeV1_t2_20260625_141909.log","9643","react.ccrs.contingency.escalation.considered","","293",,,,,,,,,,,,,,,,,"","","","","","","","",,
"react-baseline-vs-ccrs-v1-t2","002-ccrs","react_ccrs_mazeV1_t2","react_ccrs_mazeV1_t2_20260625_141909.log","9644","react.ccrs.contingency.escalation.skipped","","293",,,,,,"no_escalation_condition_met",,,,,,,,,,,"","","","","","","","",,
"react-baseline-vs-ccrs-v1-t2","002-ccrs","react_ccrs_mazeV1_t2","react_ccrs_mazeV1_t2_20260625_141909.log","9709","react.ccrs.contingency.escalation.considered","","294",,,,,,,,,,,,,,,,,"","","","","","","","",,
"react-baseline-vs-ccrs-v1-t2","002-ccrs","react_ccrs_mazeV1_t2","react_ccrs_mazeV1_t2_20260625_141909.log","9710","react.ccrs.contingency.escalation.skipped","","294",,,,,,"no_escalation_condition_met",,,,,,,,,,,"","","","","","","","",,
"react-baseline-vs-ccrs-v1-t2","002-ccrs","react_ccrs_mazeV1_t2","react_ccrs_mazeV1_t2_20260625_141909.log","9775","react.ccrs.contingency.escalation.considered","","295",,,,,,,,,,,,,,,,,"","","","","","","","",,
"react-baseline-vs-ccrs-v1-t2","002-ccrs","react_ccrs_mazeV1_t2","react_ccrs_mazeV1_t2_20260625_141909.log","9776","react.ccrs.contingency.escalation.skipped","","295",,,,,,"no_escalation_condition_met",,,,,,,,,,,"","","","","","","","",,
"react-baseline-vs-ccrs-v1-t2","002-ccrs","react_ccrs_mazeV1_t2","react_ccrs_mazeV1_t2_20260625_141909.log","9841","react.ccrs.contingency.escalation.considered","","296",,,,,,,,,,,,,,,,,"","","","","","","","",,
"react-baseline-vs-ccrs-v1-t2","002-ccrs","react_ccrs_mazeV1_t2","react_ccrs_mazeV1_t2_20260625_141909.log","9842","react.ccrs.contingency.escalation.skipped","","296",,,,,,"no_escalation_condition_met",,,,,,,,,,,"","","","","","","","",,
"react-baseline-vs-ccrs-v1-t2","002-ccrs","react_ccrs_mazeV1_t2","react_ccrs_mazeV1_t2_20260625_141909.log","9907","react.ccrs.contingency.escalation.considered","","297",,,,,,,,,,,,,,,,,"","","","","","","","",,
"react-baseline-vs-ccrs-v1-t2","002-ccrs","react_ccrs_mazeV1_t2","react_ccrs_mazeV1_t2_20260625_141909.log","9908","react.ccrs.contingency.escalation.skipped","","297",,,,,,"no_escalation_condition_met",,,,,,,,,,,"","","","","","","","",,
"react-baseline-vs-ccrs-v1-t2","002-ccrs","react_ccrs_mazeV1_t2","react_ccrs_mazeV1_t2_20260625_141909.log","9919","react.ccrs.contingency.escalation.considered","","298",,,,,,,,,,,,,,,,,"","","","","","","","",,
"react-baseline-vs-ccrs-v1-t2","002-ccrs","react_ccrs_mazeV1_t2","react_ccrs_mazeV1_t2_20260625_141909.log","9920","react.ccrs.contingency.escalation.skipped","","298",,,,,,"no_escalation_condition_met",,,,,,,,,,,"","","","","","","","",,
"react-baseline-vs-ccrs-v1-t2","002-ccrs","react_ccrs_mazeV1_t2","react_ccrs_mazeV1_t2_20260625_141909.log","9985","react.ccrs.contingency.escalation.considered","","299",,,,,,,,,,,,,,,,,"","","","","","","","",,
"react-baseline-vs-ccrs-v1-t2","002-ccrs","react_ccrs_mazeV1_t2","react_ccrs_mazeV1_t2_20260625_141909.log","9986","react.ccrs.contingency.escalation.skipped","","299",,,,,,"no_escalation_condition_met",,,,,,,,,,,"","","","","","","","",,
"react-baseline-vs-ccrs-v1-t2","002-ccrs","react_ccrs_mazeV1_t2","react_ccrs_mazeV1_t2_20260625_141909.log","10002","react.ccrs.contingency.escalation.considered","","300",,,,,,,,,,,,,,,,,"","","","","","","","",,
"react-baseline-vs-ccrs-v1-t2","002-ccrs","react_ccrs_mazeV1_t2","react_ccrs_mazeV1_t2_20260625_141909.log","10003","react.ccrs.contingency.escalation.skipped","","300",,,,,,"no_escalation_condition_met",,,,,,,,,,,"","","","","","","","",,
"react-baseline-vs-ccrs-v1-t2","002-ccrs","react_ccrs_mazeV1_t2","react_ccrs_mazeV1_t2_20260625_141909.log","10014","react.ccrs.contingency.escalation.considered","","301",,,,,,,,,,,,,,,,,"","","","","","","","",,
"react-baseline-vs-ccrs-v1-t2","002-ccrs","react_ccrs_mazeV1_t2","react_ccrs_mazeV1_t2_20260625_141909.log","10015","react.ccrs.contingency.escalation.skipped","","301",,,,,,"no_escalation_condition_met",,,,,,,,,,,"","","","","","","","",,
"react-baseline-vs-ccrs-v1-t2","002-ccrs","react_ccrs_mazeV1_t2","react_ccrs_mazeV1_t2_20260625_141909.log","10031","react.ccrs.contingency.escalation.considered","","302",,,,,,,,,,,,,,,,,"","","","","","","","",,
"react-baseline-vs-ccrs-v1-t2","002-ccrs","react_ccrs_mazeV1_t2","react_ccrs_mazeV1_t2_20260625_141909.log","10032","react.ccrs.contingency.escalation.skipped","","302",,,,,,"no_escalation_condition_met",,,,,,,,,,,"","","","","","","","",,
"react-baseline-vs-ccrs-v1-t2","002-ccrs","react_ccrs_mazeV1_t2","react_ccrs_mazeV1_t2_20260625_141909.log","10042","react.ccrs.contingency.escalation.considered","","303",,,,,,,,,,,,,,,,,"","","","","","","","",,
"react-baseline-vs-ccrs-v1-t2","002-ccrs","react_ccrs_mazeV1_t2","react_ccrs_mazeV1_t2_20260625_141909.log","10043","react.ccrs.contingency.escalation.skipped","","303",,,,,,"no_escalation_condition_met",,,,,,,,,,,"","","","","","","","",,
"react-baseline-vs-ccrs-v1-t2","002-ccrs","react_ccrs_mazeV1_t2","react_ccrs_mazeV1_t2_20260625_141909.log","10059","react.ccrs.contingency.escalation.considered","","304",,,,,,,,,,,,,,,,,"","","","","","","","",,
"react-baseline-vs-ccrs-v1-t2","002-ccrs","react_ccrs_mazeV1_t2","react_ccrs_mazeV1_t2_20260625_141909.log","10060","react.ccrs.contingency.escalation.skipped","","304",,,,,,"no_escalation_condition_met",,,,,,,,,,,"","","","","","","","",,
"react-baseline-vs-ccrs-v1-t2","002-ccrs","react_ccrs_mazeV1_t2","react_ccrs_mazeV1_t2_20260625_141909.log","10071","react.ccrs.contingency.escalation.considered","","305",,,,,,,,,,,,,,,,,"","","","","","","","",,
"react-baseline-vs-ccrs-v1-t2","002-ccrs","react_ccrs_mazeV1_t2","react_ccrs_mazeV1_t2_20260625_141909.log","10072","react.ccrs.contingency.escalation.skipped","","305",,,,,,"no_escalation_condition_met",,,,,,,,,,,"","","","","","","","",,
"react-baseline-vs-ccrs-v1-t2","002-ccrs","react_ccrs_mazeV1_t2","react_ccrs_mazeV1_t2_20260625_141909.log","10088","react.ccrs.contingency.escalation.considered","","306",,,,,,,,,,,,,,,,,"","","","","","","","",,
"react-baseline-vs-ccrs-v1-t2","002-ccrs","react_ccrs_mazeV1_t2","react_ccrs_mazeV1_t2_20260625_141909.log","10089","react.ccrs.contingency.escalation.skipped","","306",,,,,,"no_escalation_condition_met",,,,,,,,,,,"","","","","","","","",,
"react-baseline-vs-ccrs-v1-t2","002-ccrs","react_ccrs_mazeV1_t2","react_ccrs_mazeV1_t2_20260625_141909.log","10105","react.ccrs.contingency.escalation.considered","","307",,,,,,,,,,,,,,,,,"","","","","","","","",,
"react-baseline-vs-ccrs-v1-t2","002-ccrs","react_ccrs_mazeV1_t2","react_ccrs_mazeV1_t2_20260625_141909.log","10106","react.ccrs.contingency.escalation.skipped","","307",,,,,,"no_escalation_condition_met",,,,,,,,,,,"","","","","","","","",,
"react-baseline-vs-ccrs-v1-t2","002-ccrs","react_ccrs_mazeV1_t2","react_ccrs_mazeV1_t2_20260625_141909.log","10122","react.ccrs.contingency.escalation.considered","","308",,,,,,,,,,,,,,,,,"","","","","","","","",,
"react-baseline-vs-ccrs-v1-t2","002-ccrs","react_ccrs_mazeV1_t2","react_ccrs_mazeV1_t2_20260625_141909.log","10123","react.ccrs.contingency.escalation.skipped","","308",,,,,,"no_escalation_condition_met",,,,,,,,,,,"","","","","","","","",,
"react-baseline-vs-ccrs-v1-t2","002-ccrs","react_ccrs_mazeV1_t2","react_ccrs_mazeV1_t2_20260625_141909.log","10139","react.ccrs.contingency.escalation.considered","","309",,,,,,,,,,,,,,,,,"","","","","","","","",,
"react-baseline-vs-ccrs-v1-t2","002-ccrs","react_ccrs_mazeV1_t2","react_ccrs_mazeV1_t2_20260625_141909.log","10140","react.ccrs.contingency.escalation.skipped","","309",,,,,,"no_escalation_condition_met",,,,,,,,,,,"","","","","","","","",,
"react-baseline-vs-ccrs-v1-t2","002-ccrs","react_ccrs_mazeV1_t2","react_ccrs_mazeV1_t2_20260625_141909.log","10156","react.ccrs.contingency.escalation.considered","","310",,,,,,,,,,,,,,,,,"","","","","","","","",,
"react-baseline-vs-ccrs-v1-t2","002-ccrs","react_ccrs_mazeV1_t2","react_ccrs_mazeV1_t2_20260625_141909.log","10157","react.ccrs.contingency.escalation.skipped","","310",,,,,,"no_escalation_condition_met",,,,,,,,,,,"","","","","","","","",,
"react-baseline-vs-ccrs-v1-t2","002-ccrs","react_ccrs_mazeV1_t2","react_ccrs_mazeV1_t2_20260625_141909.log","10173","react.ccrs.contingency.escalation.considered","","311",,,,,,,,,,,,,,,,,"","","","","","","","",,
"react-baseline-vs-ccrs-v1-t2","002-ccrs","react_ccrs_mazeV1_t2","react_ccrs_mazeV1_t2_20260625_141909.log","10174","react.ccrs.contingency.escalation.skipped","","311",,,,,,"no_escalation_condition_met",,,,,,,,,,,"","","","","","","","",,
"react-baseline-vs-ccrs-v1-t2","002-ccrs","react_ccrs_mazeV1_t2","react_ccrs_mazeV1_t2_20260625_141909.log","10185","react.ccrs.contingency.escalation.considered","","312",,,,,,,,,,,,,,,,,"","","","","","","","",,
"react-baseline-vs-ccrs-v1-t2","002-ccrs","react_ccrs_mazeV1_t2","react_ccrs_mazeV1_t2_20260625_141909.log","10186","react.ccrs.contingency.escalation.skipped","","312",,,,,,"no_escalation_condition_met",,,,,,,,,,,"","","","","","","","",,
"react-baseline-vs-ccrs-v1-t2","002-ccrs","react_ccrs_mazeV1_t2","react_ccrs_mazeV1_t2_20260625_141909.log","10202","react.ccrs.contingency.escalation.considered","","313",,,,,,,,,,,,,,,,,"","","","","","","","",,
"react-baseline-vs-ccrs-v1-t2","002-ccrs","react_ccrs_mazeV1_t2","react_ccrs_mazeV1_t2_20260625_141909.log","10203","react.ccrs.contingency.escalation.skipped","","313",,,,,,"no_escalation_condition_met",,,,,,,,,,,"","","","","","","","",,
"react-baseline-vs-ccrs-v1-t2","002-ccrs","react_ccrs_mazeV1_t2","react_ccrs_mazeV1_t2_20260625_141909.log","10219","react.ccrs.contingency.escalation.considered","","314",,,,,,,,,,,,,,,,,"","","","","","","","",,
"react-baseline-vs-ccrs-v1-t2","002-ccrs","react_ccrs_mazeV1_t2","react_ccrs_mazeV1_t2_20260625_141909.log","10220","react.ccrs.contingency.escalation.skipped","","314",,,,,,"no_escalation_condition_met",,,,,,,,,,,"","","","","","","","",,
"react-baseline-vs-ccrs-v1-t2","002-ccrs","react_ccrs_mazeV1_t2","react_ccrs_mazeV1_t2_20260625_141909.log","10236","react.ccrs.contingency.escalation.considered","","315",,,,,,,,,,,,,,,,,"","","","","","","","",,
"react-baseline-vs-ccrs-v1-t2","002-ccrs","react_ccrs_mazeV1_t2","react_ccrs_mazeV1_t2_20260625_141909.log","10237","react.ccrs.contingency.escalation.skipped","","315",,,,,,"no_escalation_condition_met",,,,,,,,,,,"","","","","","","","",,
"react-baseline-vs-ccrs-v1-t2","002-ccrs","react_ccrs_mazeV1_t2","react_ccrs_mazeV1_t2_20260625_141909.log","10253","react.ccrs.contingency.escalation.considered","","316",,,,,,,,,,,,,,,,,"","","","","","","","",,
"react-baseline-vs-ccrs-v1-t2","002-ccrs","react_ccrs_mazeV1_t2","react_ccrs_mazeV1_t2_20260625_141909.log","10254","react.ccrs.contingency.escalation.skipped","","316",,,,,,"no_escalation_condition_met",,,,,,,,,,,"","","","","","","","",,
"react-baseline-vs-ccrs-v1-t2","002-ccrs","react_ccrs_mazeV1_t2","react_ccrs_mazeV1_t2_20260625_141909.log","10270","react.ccrs.contingency.escalation.considered","","317",,,,,,,,,,,,,,,,,"","","","","","","","",,
"react-baseline-vs-ccrs-v1-t2","002-ccrs","react_ccrs_mazeV1_t2","react_ccrs_mazeV1_t2_20260625_141909.log","10271","react.ccrs.contingency.escalation.skipped","","317",,,,,,"no_escalation_condition_met",,,,,,,,,,,"","","","","","","","",,
"react-baseline-vs-ccrs-v1-t2","002-ccrs","react_ccrs_mazeV1_t2","react_ccrs_mazeV1_t2_20260625_141909.log","10287","react.ccrs.contingency.escalation.considered","","318",,,,,,,,,,,,,,,,,"","","","","","","","",,
"react-baseline-vs-ccrs-v1-t2","002-ccrs","react_ccrs_mazeV1_t2","react_ccrs_mazeV1_t2_20260625_141909.log","10288","react.ccrs.contingency.escalation.skipped","","318",,,,,,"no_escalation_condition_met",,,,,,,,,,,"","","","","","","","",,
"react-baseline-vs-ccrs-v1-t2","002-ccrs","react_ccrs_mazeV1_t2","react_ccrs_mazeV1_t2_20260625_141909.log","10304","react.ccrs.contingency.escalation.considered","","319",,,,,,,,,,,,,,,,,"","","","","","","","",,
"react-baseline-vs-ccrs-v1-t2","002-ccrs","react_ccrs_mazeV1_t2","react_ccrs_mazeV1_t2_20260625_141909.log","10305","react.ccrs.contingency.escalation.skipped","","319",,,,,,"no_escalation_condition_met",,,,,,,,,,,"","","","","","","","",,
"react-baseline-vs-ccrs-v1-t2","002-ccrs","react_ccrs_mazeV1_t2","react_ccrs_mazeV1_t2_20260625_141909.log","10321","react.ccrs.contingency.escalation.considered","","320",,,,,,,,,,,,,,,,,"","","","","","","","",,
"react-baseline-vs-ccrs-v1-t2","002-ccrs","react_ccrs_mazeV1_t2","react_ccrs_mazeV1_t2_20260625_141909.log","10322","react.ccrs.contingency.escalation.skipped","","320",,,,,,"no_escalation_condition_met",,,,,,,,,,,"","","","","","","","",,
"react-baseline-vs-ccrs-v1-t2","002-ccrs","react_ccrs_mazeV1_t2","react_ccrs_mazeV1_t2_20260625_141909.log","10338","react.ccrs.contingency.escalation.considered","","321",,,,,,,,,,,,,,,,,"","","","","","","","",,
"react-baseline-vs-ccrs-v1-t2","002-ccrs","react_ccrs_mazeV1_t2","react_ccrs_mazeV1_t2_20260625_141909.log","10339","react.ccrs.contingency.escalation.skipped","","321",,,,,,"no_escalation_condition_met",,,,,,,,,,,"","","","","","","","",,
"react-baseline-vs-ccrs-v1-t2","002-ccrs","react_ccrs_mazeV1_t2","react_ccrs_mazeV1_t2_20260625_141909.log","10355","react.ccrs.contingency.escalation.considered","","322",,,,,,,,,,,,,,,,,"","","","","","","","",,
"react-baseline-vs-ccrs-v1-t2","002-ccrs","react_ccrs_mazeV1_t2","react_ccrs_mazeV1_t2_20260625_141909.log","10356","react.ccrs.contingency.escalation.skipped","","322",,,,,,"no_escalation_condition_met",,,,,,,,,,,"","","","","","","","",,
"react-baseline-vs-ccrs-v1-t2","002-ccrs","react_ccrs_mazeV1_t2","react_ccrs_mazeV1_t2_20260625_141909.log","10372","react.ccrs.contingency.escalation.considered","","323",,,,,,,,,,,,,,,,,"","","","","","","","",,
"react-baseline-vs-ccrs-v1-t2","002-ccrs","react_ccrs_mazeV1_t2","react_ccrs_mazeV1_t2_20260625_141909.log","10373","react.ccrs.contingency.escalation.skipped","","323",,,,,,"no_escalation_condition_met",,,,,,,,,,,"","","","","","","","",,
"react-baseline-vs-ccrs-v1-t2","002-ccrs","react_ccrs_mazeV1_t2","react_ccrs_mazeV1_t2_20260625_141909.log","10389","react.ccrs.contingency.escalation.considered","","324",,,,,,,,,,,,,,,,,"","","","","","","","",,
"react-baseline-vs-ccrs-v1-t2","002-ccrs","react_ccrs_mazeV1_t2","react_ccrs_mazeV1_t2_20260625_141909.log","10390","react.ccrs.contingency.escalation.skipped","","324",,,,,,"no_escalation_condition_met",,,,,,,,,,,"","","","","","","","",,
"react-baseline-vs-ccrs-v1-t2","002-ccrs","react_ccrs_mazeV1_t2","react_ccrs_mazeV1_t2_20260625_141909.log","10406","react.ccrs.contingency.escalation.considered","","325",,,,,,,,,,,,,,,,,"","","","","","","","",,
"react-baseline-vs-ccrs-v1-t2","002-ccrs","react_ccrs_mazeV1_t2","react_ccrs_mazeV1_t2_20260625_141909.log","10407","react.ccrs.contingency.escalation.skipped","","325",,,,,,"no_escalation_condition_met",,,,,,,,,,,"","","","","","","","",,
"react-baseline-vs-ccrs-v1-t2","002-ccrs","react_ccrs_mazeV1_t2","react_ccrs_mazeV1_t2_20260625_141909.log","10423","react.ccrs.contingency.escalation.considered","","326",,,,,,,,,,,,,,,,,"","","","","","","","",,
"react-baseline-vs-ccrs-v1-t2","002-ccrs","react_ccrs_mazeV1_t2","react_ccrs_mazeV1_t2_20260625_141909.log","10424","react.ccrs.contingency.escalation.skipped","","326",,,,,,"no_escalation_condition_met",,,,,,,,,,,"","","","","","","","",,
"react-baseline-vs-ccrs-v1-t2","002-ccrs","react_ccrs_mazeV1_t2","react_ccrs_mazeV1_t2_20260625_141909.log","10440","react.ccrs.contingency.escalation.considered","","327",,,,,,,,,,,,,,,,,"","","","","","","","",,
"react-baseline-vs-ccrs-v1-t2","002-ccrs","react_ccrs_mazeV1_t2","react_ccrs_mazeV1_t2_20260625_141909.log","10441","react.ccrs.contingency.escalation.skipped","","327",,,,,,"no_escalation_condition_met",,,,,,,,,,,"","","","","","","","",,
"react-baseline-vs-ccrs-v1-t2","002-ccrs","react_ccrs_mazeV1_t2","react_ccrs_mazeV1_t2_20260625_141909.log","10457","react.ccrs.contingency.escalation.considered","","328",,,,,,,,,,,,,,,,,"","","","","","","","",,
"react-baseline-vs-ccrs-v1-t2","002-ccrs","react_ccrs_mazeV1_t2","react_ccrs_mazeV1_t2_20260625_141909.log","10458","react.ccrs.contingency.escalation.skipped","","328",,,,,,"no_escalation_condition_met",,,,,,,,,,,"","","","","","","","",,
"react-baseline-vs-ccrs-v1-t2","002-ccrs","react_ccrs_mazeV1_t2","react_ccrs_mazeV1_t2_20260625_141909.log","10474","react.ccrs.contingency.escalation.considered","","329",,,,,,,,,,,,,,,,,"","","","","","","","",,
"react-baseline-vs-ccrs-v1-t2","002-ccrs","react_ccrs_mazeV1_t2","react_ccrs_mazeV1_t2_20260625_141909.log","10475","react.ccrs.contingency.escalation.skipped","","329",,,,,,"no_escalation_condition_met",,,,,,,,,,,"","","","","","","","",,
"react-baseline-vs-ccrs-v1-t2","002-ccrs","react_ccrs_mazeV1_t2","react_ccrs_mazeV1_t2_20260625_141909.log","10491","react.ccrs.contingency.escalation.considered","","330",,,,,,,,,,,,,,,,,"","","","","","","","",,
"react-baseline-vs-ccrs-v1-t2","002-ccrs","react_ccrs_mazeV1_t2","react_ccrs_mazeV1_t2_20260625_141909.log","10492","react.ccrs.contingency.escalation.skipped","","330",,,,,,"no_escalation_condition_met",,,,,,,,,,,"","","","","","","","",,
"react-baseline-vs-ccrs-v1-t2","002-ccrs","react_ccrs_mazeV1_t2","react_ccrs_mazeV1_t2_20260625_141909.log","10508","react.ccrs.contingency.escalation.considered","","331",,,,,,,,,,,,,,,,,"","","","","","","","",,
"react-baseline-vs-ccrs-v1-t2","002-ccrs","react_ccrs_mazeV1_t2","react_ccrs_mazeV1_t2_20260625_141909.log","10509","react.ccrs.contingency.escalation.skipped","","331",,,,,,"no_escalation_condition_met",,,,,,,,,,,"","","","","","","","",,
"react-baseline-vs-ccrs-v1-t2","002-ccrs","react_ccrs_mazeV1_t2","react_ccrs_mazeV1_t2_20260625_141909.log","10525","react.ccrs.contingency.escalation.considered","","332",,,,,,,,,,,,,,,,,"","","","","","","","",,
"react-baseline-vs-ccrs-v1-t2","002-ccrs","react_ccrs_mazeV1_t2","react_ccrs_mazeV1_t2_20260625_141909.log","10526","react.ccrs.contingency.escalation.skipped","","332",,,,,,"no_escalation_condition_met",,,,,,,,,,,"","","","","","","","",,
"react-baseline-vs-ccrs-v1-t2","002-ccrs","react_ccrs_mazeV1_t2","react_ccrs_mazeV1_t2_20260625_141909.log","10542","react.ccrs.contingency.escalation.considered","","333",,,,,,,,,,,,,,,,,"","","","","","","","",,
"react-baseline-vs-ccrs-v1-t2","002-ccrs","react_ccrs_mazeV1_t2","react_ccrs_mazeV1_t2_20260625_141909.log","10543","react.ccrs.contingency.escalation.skipped","","333",,,,,,"no_escalation_condition_met",,,,,,,,,,,"","","","","","","","",,
"react-baseline-vs-ccrs-v1-t2","002-ccrs","react_ccrs_mazeV1_t2","react_ccrs_mazeV1_t2_20260625_141909.log","10559","react.ccrs.contingency.escalation.considered","","334",,,,,,,,,,,,,,,,,"","","","","","","","",,
"react-baseline-vs-ccrs-v1-t2","002-ccrs","react_ccrs_mazeV1_t2","react_ccrs_mazeV1_t2_20260625_141909.log","10560","react.ccrs.contingency.escalation.skipped","","334",,,,,,"no_escalation_condition_met",,,,,,,,,,,"","","","","","","","",,
"react-baseline-vs-ccrs-v1-t2","002-ccrs","react_ccrs_mazeV1_t2","react_ccrs_mazeV1_t2_20260625_141909.log","10571","react.ccrs.contingency.escalation.considered","","335",,,,,,,,,,,,,,,,,"","","","","","","","",,
"react-baseline-vs-ccrs-v1-t2","002-ccrs","react_ccrs_mazeV1_t2","react_ccrs_mazeV1_t2_20260625_141909.log","10572","react.ccrs.contingency.escalation.skipped","","335",,,,,,"no_escalation_condition_met",,,,,,,,,,,"","","","","","","","",,
"react-baseline-vs-ccrs-v1-t2","002-ccrs","react_ccrs_mazeV1_t2","react_ccrs_mazeV1_t2_20260625_141909.log","10588","react.ccrs.contingency.escalation.considered","","336",,,,,,,,,,,,,,,,,"","","","","","","","",,
"react-baseline-vs-ccrs-v1-t2","002-ccrs","react_ccrs_mazeV1_t2","react_ccrs_mazeV1_t2_20260625_141909.log","10589","react.ccrs.contingency.escalation.skipped","","336",,,,,,"no_escalation_condition_met",,,,,,,,,,,"","","","","","","","",,
"react-baseline-vs-ccrs-v1-t2","002-ccrs","react_ccrs_mazeV1_t2","react_ccrs_mazeV1_t2_20260625_141909.log","10605","react.ccrs.contingency.escalation.considered","","337",,,,,,,,,,,,,,,,,"","","","","","","","",,
"react-baseline-vs-ccrs-v1-t2","002-ccrs","react_ccrs_mazeV1_t2","react_ccrs_mazeV1_t2_20260625_141909.log","10606","react.ccrs.contingency.escalation.skipped","","337",,,,,,"no_escalation_condition_met",,,,,,,,,,,"","","","","","","","",,
"react-baseline-vs-ccrs-v1-t2","002-ccrs","react_ccrs_mazeV1_t2","react_ccrs_mazeV1_t2_20260625_141909.log","10617","react.ccrs.contingency.escalation.considered","","338",,,,,,,,,,,,,,,,,"","","","","","","","",,
"react-baseline-vs-ccrs-v1-t2","002-ccrs","react_ccrs_mazeV1_t2","react_ccrs_mazeV1_t2_20260625_141909.log","10618","react.ccrs.contingency.escalation.skipped","","338",,,,,,"no_escalation_condition_met",,,,,,,,,,,"","","","","","","","",,
"react-baseline-vs-ccrs-v1-t2","002-ccrs","react_ccrs_mazeV1_t2","react_ccrs_mazeV1_t2_20260625_141909.log","10634","react.ccrs.contingency.escalation.considered","","339",,,,,,,,,,,,,,,,,"","","","","","","","",,
"react-baseline-vs-ccrs-v1-t2","002-ccrs","react_ccrs_mazeV1_t2","react_ccrs_mazeV1_t2_20260625_141909.log","10635","react.ccrs.contingency.escalation.skipped","","339",,,,,,"no_escalation_condition_met",,,,,,,,,,,"","","","","","","","",,
"react-baseline-vs-ccrs-v1-t2","002-ccrs","react_ccrs_mazeV1_t2","react_ccrs_mazeV1_t2_20260625_141909.log","10651","react.ccrs.contingency.escalation.considered","","340",,,,,,,,,,,,,,,,,"","","","","","","","",,
"react-baseline-vs-ccrs-v1-t2","002-ccrs","react_ccrs_mazeV1_t2","react_ccrs_mazeV1_t2_20260625_141909.log","10652","react.ccrs.contingency.escalation.skipped","","340",,,,,,"no_escalation_condition_met",,,,,,,,,,,"","","","","","","","",,
"react-baseline-vs-ccrs-v1-t2","002-ccrs","react_ccrs_mazeV1_t2","react_ccrs_mazeV1_t2_20260625_141909.log","10668","react.ccrs.contingency.escalation.considered","","341",,,,,,,,,,,,,,,,,"","","","","","","","",,
"react-baseline-vs-ccrs-v1-t2","002-ccrs","react_ccrs_mazeV1_t2","react_ccrs_mazeV1_t2_20260625_141909.log","10669","react.ccrs.contingency.escalation.skipped","","341",,,,,,"no_escalation_condition_met",,,,,,,,,,,"","","","","","","","",,
"react-baseline-vs-ccrs-v1-t2","002-ccrs","react_ccrs_mazeV1_t2","react_ccrs_mazeV1_t2_20260625_141909.log","10685","react.ccrs.contingency.escalation.considered","","342",,,,,,,,,,,,,,,,,"","","","","","","","",,
"react-baseline-vs-ccrs-v1-t2","002-ccrs","react_ccrs_mazeV1_t2","react_ccrs_mazeV1_t2_20260625_141909.log","10686","react.ccrs.contingency.escalation.skipped","","342",,,,,,"no_escalation_condition_met",,,,,,,,,,,"","","","","","","","",,
"react-baseline-vs-ccrs-v1-t2","002-ccrs","react_ccrs_mazeV1_t2","react_ccrs_mazeV1_t2_20260625_141909.log","10702","react.ccrs.contingency.escalation.considered","","343",,,,,,,,,,,,,,,,,"","","","","","","","",,
"react-baseline-vs-ccrs-v1-t2","002-ccrs","react_ccrs_mazeV1_t2","react_ccrs_mazeV1_t2_20260625_141909.log","10703","react.ccrs.contingency.escalation.skipped","","343",,,,,,"no_escalation_condition_met",,,,,,,,,,,"","","","","","","","",,
"react-baseline-vs-ccrs-v1-t2","002-ccrs","react_ccrs_mazeV1_t2","react_ccrs_mazeV1_t2_20260625_141909.log","10719","react.ccrs.contingency.escalation.considered","","344",,,,,,,,,,,,,,,,,"","","","","","","","",,
"react-baseline-vs-ccrs-v1-t2","002-ccrs","react_ccrs_mazeV1_t2","react_ccrs_mazeV1_t2_20260625_141909.log","10720","react.ccrs.contingency.escalation.skipped","","344",,,,,,"no_escalation_condition_met",,,,,,,,,,,"","","","","","","","",,
"react-baseline-vs-ccrs-v1-t2","002-ccrs","react_ccrs_mazeV1_t2","react_ccrs_mazeV1_t2_20260625_141909.log","10736","react.ccrs.contingency.escalation.considered","","345",,,,,,,,,,,,,,,,,"","","","","","","","",,
"react-baseline-vs-ccrs-v1-t2","002-ccrs","react_ccrs_mazeV1_t2","react_ccrs_mazeV1_t2_20260625_141909.log","10737","react.ccrs.contingency.escalation.skipped","","345",,,,,,"no_escalation_condition_met",,,,,,,,,,,"","","","","","","","",,
"react-baseline-vs-ccrs-v1-t2","002-ccrs","react_ccrs_mazeV1_t2","react_ccrs_mazeV1_t2_20260625_141909.log","10753","react.ccrs.contingency.escalation.considered","","346",,,,,,,,,,,,,,,,,"","","","","","","","",,
"react-baseline-vs-ccrs-v1-t2","002-ccrs","react_ccrs_mazeV1_t2","react_ccrs_mazeV1_t2_20260625_141909.log","10754","react.ccrs.contingency.escalation.skipped","","346",,,,,,"no_escalation_condition_met",,,,,,,,,,,"","","","","","","","",,
"react-baseline-vs-ccrs-v1-t2","002-ccrs","react_ccrs_mazeV1_t2","react_ccrs_mazeV1_t2_20260625_141909.log","10770","react.ccrs.contingency.escalation.considered","","347",,,,,,,,,,,,,,,,,"","","","","","","","",,
"react-baseline-vs-ccrs-v1-t2","002-ccrs","react_ccrs_mazeV1_t2","react_ccrs_mazeV1_t2_20260625_141909.log","10771","react.ccrs.contingency.escalation.skipped","","347",,,,,,"no_escalation_condition_met",,,,,,,,,,,"","","","","","","","",,
"react-baseline-vs-ccrs-v1-t2","002-ccrs","react_ccrs_mazeV1_t2","react_ccrs_mazeV1_t2_20260625_141909.log","10787","react.ccrs.contingency.escalation.considered","","348",,,,,,,,,,,,,,,,,"","","","","","","","",,
"react-baseline-vs-ccrs-v1-t2","002-ccrs","react_ccrs_mazeV1_t2","react_ccrs_mazeV1_t2_20260625_141909.log","10788","react.ccrs.contingency.escalation.skipped","","348",,,,,,"no_escalation_condition_met",,,,,,,,,,,"","","","","","","","",,
"react-baseline-vs-ccrs-v1-t2","002-ccrs","react_ccrs_mazeV1_t2","react_ccrs_mazeV1_t2_20260625_141909.log","10804","react.ccrs.contingency.escalation.considered","","349",,,,,,,,,,,,,,,,,"","","","","","","","",,
"react-baseline-vs-ccrs-v1-t2","002-ccrs","react_ccrs_mazeV1_t2","react_ccrs_mazeV1_t2_20260625_141909.log","10805","react.ccrs.contingency.escalation.skipped","","349",,,,,,"no_escalation_condition_met",,,,,,,,,,,"","","","","","","","",,
"react-baseline-vs-ccrs-v1-t2","002-ccrs","react_ccrs_mazeV1_t2","react_ccrs_mazeV1_t2_20260625_141909.log","10821","react.ccrs.contingency.escalation.considered","","350",,,,,,,,,,,,,,,,,"","","","","","","","",,
"react-baseline-vs-ccrs-v1-t2","002-ccrs","react_ccrs_mazeV1_t2","react_ccrs_mazeV1_t2_20260625_141909.log","10822","react.ccrs.contingency.escalation.skipped","","350",,,,,,"no_escalation_condition_met",,,,,,,,,,,"","","","","","","","",,
"react-baseline-vs-ccrs-v1-t2","002-ccrs","react_ccrs_mazeV1_t2","react_ccrs_mazeV1_t2_20260625_141909.log","10838","react.ccrs.contingency.escalation.considered","","351",,,,,,,,,,,,,,,,,"","","","","","","","",,
"react-baseline-vs-ccrs-v1-t2","002-ccrs","react_ccrs_mazeV1_t2","react_ccrs_mazeV1_t2_20260625_141909.log","10839","react.ccrs.contingency.escalation.skipped","","351",,,,,,"no_escalation_condition_met",,,,,,,,,,,"","","","","","","","",,
"react-baseline-vs-ccrs-v1-t2","002-ccrs","react_ccrs_mazeV1_t2","react_ccrs_mazeV1_t2_20260625_141909.log","10855","react.ccrs.contingency.escalation.considered","","352",,,,,,,,,,,,,,,,,"","","","","","","","",,
"react-baseline-vs-ccrs-v1-t2","002-ccrs","react_ccrs_mazeV1_t2","react_ccrs_mazeV1_t2_20260625_141909.log","10856","react.ccrs.contingency.escalation.skipped","","352",,,,,,"no_escalation_condition_met",,,,,,,,,,,"","","","","","","","",,
"react-baseline-vs-ccrs-v1-t2","002-ccrs","react_ccrs_mazeV1_t2","react_ccrs_mazeV1_t2_20260625_141909.log","10872","react.ccrs.contingency.escalation.considered","","353",,,,,,,,,,,,,,,,,"","","","","","","","",,
"react-baseline-vs-ccrs-v1-t2","002-ccrs","react_ccrs_mazeV1_t2","react_ccrs_mazeV1_t2_20260625_141909.log","10873","react.ccrs.contingency.escalation.skipped","","353",,,,,,"no_escalation_condition_met",,,,,,,,,,,"","","","","","","","",,
"react-baseline-vs-ccrs-v1-t2","002-ccrs","react_ccrs_mazeV1_t2","react_ccrs_mazeV1_t2_20260625_141909.log","10884","react.ccrs.contingency.escalation.considered","","354",,,,,,,,,,,,,,,,,"","","","","","","","",,
"react-baseline-vs-ccrs-v1-t2","002-ccrs","react_ccrs_mazeV1_t2","react_ccrs_mazeV1_t2_20260625_141909.log","10885","react.ccrs.contingency.escalation.skipped","","354",,,,,,"no_escalation_condition_met",,,,,,,,,,,"","","","","","","","",,
"react-baseline-vs-ccrs-v1-t2","002-ccrs","react_ccrs_mazeV1_t2","react_ccrs_mazeV1_t2_20260625_141909.log","10901","react.ccrs.contingency.escalation.considered","","355",,,,,,,,,,,,,,,,,"","","","","","","","",,
"react-baseline-vs-ccrs-v1-t2","002-ccrs","react_ccrs_mazeV1_t2","react_ccrs_mazeV1_t2_20260625_141909.log","10902","react.ccrs.contingency.escalation.skipped","","355",,,,,,"no_escalation_condition_met",,,,,,,,,,,"","","","","","","","",,
"react-baseline-vs-ccrs-v1-t2","002-ccrs","react_ccrs_mazeV1_t2","react_ccrs_mazeV1_t2_20260625_141909.log","10918","react.ccrs.contingency.escalation.considered","","356",,,,,,,,,,,,,,,,,"","","","","","","","",,
"react-baseline-vs-ccrs-v1-t2","002-ccrs","react_ccrs_mazeV1_t2","react_ccrs_mazeV1_t2_20260625_141909.log","10919","react.ccrs.contingency.escalation.skipped","","356",,,,,,"no_escalation_condition_met",,,,,,,,,,,"","","","","","","","",,
"react-baseline-vs-ccrs-v1-t2","002-ccrs","react_ccrs_mazeV1_t2","react_ccrs_mazeV1_t2_20260625_141909.log","10935","react.ccrs.contingency.escalation.considered","","357",,,,,,,,,,,,,,,,,"","","","","","","","",,
"react-baseline-vs-ccrs-v1-t2","002-ccrs","react_ccrs_mazeV1_t2","react_ccrs_mazeV1_t2_20260625_141909.log","10936","react.ccrs.contingency.escalation.skipped","","357",,,,,,"no_escalation_condition_met",,,,,,,,,,,"","","","","","","","",,
"react-baseline-vs-ccrs-v1-t2","002-ccrs","react_ccrs_mazeV1_t2","react_ccrs_mazeV1_t2_20260625_141909.log","10952","react.ccrs.contingency.escalation.considered","","358",,,,,,,,,,,,,,,,,"","","","","","","","",,
"react-baseline-vs-ccrs-v1-t2","002-ccrs","react_ccrs_mazeV1_t2","react_ccrs_mazeV1_t2_20260625_141909.log","10953","react.ccrs.contingency.escalation.skipped","","358",,,,,,"no_escalation_condition_met",,,,,,,,,,,"","","","","","","","",,
"react-baseline-vs-ccrs-v1-t2","002-ccrs","react_ccrs_mazeV1_t2","react_ccrs_mazeV1_t2_20260625_141909.log","10969","react.ccrs.contingency.escalation.considered","","359",,,,,,,,,,,,,,,,,"","","","","","","","",,
"react-baseline-vs-ccrs-v1-t2","002-ccrs","react_ccrs_mazeV1_t2","react_ccrs_mazeV1_t2_20260625_141909.log","10970","react.ccrs.contingency.escalation.skipped","","359",,,,,,"no_escalation_condition_met",,,,,,,,,,,"","","","","","","","",,
"react-baseline-vs-ccrs-v1-t2","002-ccrs","react_ccrs_mazeV1_t2","react_ccrs_mazeV1_t2_20260625_141909.log","10986","react.ccrs.contingency.escalation.considered","","360",,,,,,,,,,,,,,,,,"","","","","","","","",,
"react-baseline-vs-ccrs-v1-t2","002-ccrs","react_ccrs_mazeV1_t2","react_ccrs_mazeV1_t2_20260625_141909.log","10987","react.ccrs.contingency.escalation.skipped","","360",,,,,,"no_escalation_condition_met",,,,,,,,,,,"","","","","","","","",,
"react-baseline-vs-ccrs-v1-t2","002-ccrs","react_ccrs_mazeV1_t2","react_ccrs_mazeV1_t2_20260625_141909.log","10998","react.ccrs.contingency.escalation.considered","","361",,,,,,,,,,,,,,,,,"","","","","","","","",,
"react-baseline-vs-ccrs-v1-t2","002-ccrs","react_ccrs_mazeV1_t2","react_ccrs_mazeV1_t2_20260625_141909.log","10999","react.ccrs.contingency.escalation.skipped","","361",,,,,,"no_escalation_condition_met",,,,,,,,,,,"","","","","","","","",,
"react-baseline-vs-ccrs-v1-t2","002-ccrs","react_ccrs_mazeV1_t2","react_ccrs_mazeV1_t2_20260625_141909.log","11015","react.ccrs.contingency.escalation.considered","","362",,,,,,,,,,,,,,,,,"","","","","","","","",,
"react-baseline-vs-ccrs-v1-t2","002-ccrs","react_ccrs_mazeV1_t2","react_ccrs_mazeV1_t2_20260625_141909.log","11016","react.ccrs.contingency.escalation.skipped","","362",,,,,,"no_escalation_condition_met",,,,,,,,,,,"","","","","","","","",,
"react-baseline-vs-ccrs-v1-t2","002-ccrs","react_ccrs_mazeV1_t2","react_ccrs_mazeV1_t2_20260625_141909.log","11027","react.ccrs.contingency.escalation.considered","","363",,,,,,,,,,,,,,,,,"","","","","","","","",,
"react-baseline-vs-ccrs-v1-t2","002-ccrs","react_ccrs_mazeV1_t2","react_ccrs_mazeV1_t2_20260625_141909.log","11028","react.ccrs.contingency.escalation.skipped","","363",,,,,,"no_escalation_condition_met",,,,,,,,,,,"","","","","","","","",,
"react-baseline-vs-ccrs-v1-t2","002-ccrs","react_ccrs_mazeV1_t2","react_ccrs_mazeV1_t2_20260625_141909.log","11044","react.ccrs.contingency.escalation.considered","","364",,,,,,,,,,,,,,,,,"","","","","","","","",,
"react-baseline-vs-ccrs-v1-t2","002-ccrs","react_ccrs_mazeV1_t2","react_ccrs_mazeV1_t2_20260625_141909.log","11045","react.ccrs.contingency.escalation.skipped","","364",,,,,,"no_escalation_condition_met",,,,,,,,,,,"","","","","","","","",,
"react-baseline-vs-ccrs-v1-t2","002-ccrs","react_ccrs_mazeV1_t2","react_ccrs_mazeV1_t2_20260625_141909.log","11061","react.ccrs.contingency.escalation.considered","","365",,,,,,,,,,,,,,,,,"","","","","","","","",,
"react-baseline-vs-ccrs-v1-t2","002-ccrs","react_ccrs_mazeV1_t2","react_ccrs_mazeV1_t2_20260625_141909.log","11062","react.ccrs.contingency.escalation.skipped","","365",,,,,,"no_escalation_condition_met",,,,,,,,,,,"","","","","","","","",,
"react-baseline-vs-ccrs-v1-t2","002-ccrs","react_ccrs_mazeV1_t2","react_ccrs_mazeV1_t2_20260625_141909.log","11078","react.ccrs.contingency.escalation.considered","","366",,,,,,,,,,,,,,,,,"","","","","","","","",,
"react-baseline-vs-ccrs-v1-t2","002-ccrs","react_ccrs_mazeV1_t2","react_ccrs_mazeV1_t2_20260625_141909.log","11079","react.ccrs.contingency.escalation.skipped","","366",,,,,,"no_escalation_condition_met",,,,,,,,,,,"","","","","","","","",,
"react-baseline-vs-ccrs-v1-t2","002-ccrs","react_ccrs_mazeV1_t2","react_ccrs_mazeV1_t2_20260625_141909.log","11095","react.ccrs.contingency.escalation.considered","","367",,,,,,,,,,,,,,,,,"","","","","","","","",,
"react-baseline-vs-ccrs-v1-t2","002-ccrs","react_ccrs_mazeV1_t2","react_ccrs_mazeV1_t2_20260625_141909.log","11096","react.ccrs.contingency.escalation.skipped","","367",,,,,,"no_escalation_condition_met",,,,,,,,,,,"","","","","","","","",,
"react-baseline-vs-ccrs-v1-t2","002-ccrs","react_ccrs_mazeV1_t2","react_ccrs_mazeV1_t2_20260625_141909.log","11112","react.ccrs.contingency.escalation.considered","","368",,,,,,,,,,,,,,,,,"","","","","","","","",,
"react-baseline-vs-ccrs-v1-t2","002-ccrs","react_ccrs_mazeV1_t2","react_ccrs_mazeV1_t2_20260625_141909.log","11113","react.ccrs.contingency.escalation.skipped","","368",,,,,,"no_escalation_condition_met",,,,,,,,,,,"","","","","","","","",,
"react-baseline-vs-ccrs-v1-t2","002-ccrs","react_ccrs_mazeV1_t2","react_ccrs_mazeV1_t2_20260625_141909.log","11129","react.ccrs.contingency.escalation.considered","","369",,,,,,,,,,,,,,,,,"","","","","","","","",,
"react-baseline-vs-ccrs-v1-t2","002-ccrs","react_ccrs_mazeV1_t2","react_ccrs_mazeV1_t2_20260625_141909.log","11130","react.ccrs.contingency.escalation.skipped","","369",,,,,,"no_escalation_condition_met",,,,,,,,,,,"","","","","","","","",,
"react-baseline-vs-ccrs-v1-t2","002-ccrs","react_ccrs_mazeV1_t2","react_ccrs_mazeV1_t2_20260625_141909.log","11146","react.ccrs.contingency.escalation.considered","","370",,,,,,,,,,,,,,,,,"","","","","","","","",,
"react-baseline-vs-ccrs-v1-t2","002-ccrs","react_ccrs_mazeV1_t2","react_ccrs_mazeV1_t2_20260625_141909.log","11147","react.ccrs.contingency.escalation.skipped","","370",,,,,,"no_escalation_condition_met",,,,,,,,,,,"","","","","","","","",,
"react-baseline-vs-ccrs-v1-t2","002-ccrs","react_ccrs_mazeV1_t2","react_ccrs_mazeV1_t2_20260625_141909.log","11163","react.ccrs.contingency.escalation.considered","","371",,,,,,,,,,,,,,,,,"","","","","","","","",,
"react-baseline-vs-ccrs-v1-t2","002-ccrs","react_ccrs_mazeV1_t2","react_ccrs_mazeV1_t2_20260625_141909.log","11164","react.ccrs.contingency.escalation.skipped","","371",,,,,,"no_escalation_condition_met",,,,,,,,,,,"","","","","","","","",,
"react-baseline-vs-ccrs-v1-t2","002-ccrs","react_ccrs_mazeV1_t2","react_ccrs_mazeV1_t2_20260625_141909.log","11180","react.ccrs.contingency.escalation.considered","","372",,,,,,,,,,,,,,,,,"","","","","","","","",,
"react-baseline-vs-ccrs-v1-t2","002-ccrs","react_ccrs_mazeV1_t2","react_ccrs_mazeV1_t2_20260625_141909.log","11181","react.ccrs.contingency.escalation.skipped","","372",,,,,,"no_escalation_condition_met",,,,,,,,,,,"","","","","","","","",,
"react-baseline-vs-ccrs-v1-t2","002-ccrs","react_ccrs_mazeV1_t2","react_ccrs_mazeV1_t2_20260625_141909.log","11197","react.ccrs.contingency.escalation.considered","","373",,,,,,,,,,,,,,,,,"","","","","","","","",,
"react-baseline-vs-ccrs-v1-t2","002-ccrs","react_ccrs_mazeV1_t2","react_ccrs_mazeV1_t2_20260625_141909.log","11198","react.ccrs.contingency.escalation.skipped","","373",,,,,,"no_escalation_condition_met",,,,,,,,,,,"","","","","","","","",,
"react-baseline-vs-ccrs-v1-t2","002-ccrs","react_ccrs_mazeV1_t2","react_ccrs_mazeV1_t2_20260625_141909.log","11209","react.ccrs.contingency.escalation.considered","","374",,,,,,,,,,,,,,,,,"","","","","","","","",,
"react-baseline-vs-ccrs-v1-t2","002-ccrs","react_ccrs_mazeV1_t2","react_ccrs_mazeV1_t2_20260625_141909.log","11210","react.ccrs.contingency.escalation.skipped","","374",,,,,,"no_escalation_condition_met",,,,,,,,,,,"","","","","","","","",,
"react-baseline-vs-ccrs-v1-t2","002-ccrs","react_ccrs_mazeV1_t2","react_ccrs_mazeV1_t2_20260625_141909.log","11275","react.ccrs.contingency.escalation.considered","","375",,,,,,,,,,,,,,,,,"","","","","","","","",,
"react-baseline-vs-ccrs-v1-t2","002-ccrs","react_ccrs_mazeV1_t2","react_ccrs_mazeV1_t2_20260625_141909.log","11276","react.ccrs.contingency.escalation.skipped","","375",,,,,,"no_escalation_condition_met",,,,,,,,,,,"","","","","","","","",,
"react-baseline-vs-ccrs-v1-t2","002-ccrs","react_ccrs_mazeV1_t2","react_ccrs_mazeV1_t2_20260625_141909.log","11287","react.ccrs.contingency.escalation.considered","","376",,,,,,,,,,,,,,,,,"","","","","","","","",,
"react-baseline-vs-ccrs-v1-t2","002-ccrs","react_ccrs_mazeV1_t2","react_ccrs_mazeV1_t2_20260625_141909.log","11288","react.ccrs.contingency.escalation.skipped","","376",,,,,,"no_escalation_condition_met",,,,,,,,,,,"","","","","","","","",,
"react-baseline-vs-ccrs-v1-t2","002-ccrs","react_ccrs_mazeV1_t2","react_ccrs_mazeV1_t2_20260625_141909.log","11353","react.ccrs.contingency.escalation.considered","","377",,,,,,,,,,,,,,,,,"","","","","","","","",,
"react-baseline-vs-ccrs-v1-t2","002-ccrs","react_ccrs_mazeV1_t2","react_ccrs_mazeV1_t2_20260625_141909.log","11354","react.ccrs.contingency.escalation.skipped","","377",,,,,,"no_escalation_condition_met",,,,,,,,,,,"","","","","","","","",,
"react-baseline-vs-ccrs-v1-t2","002-ccrs","react_ccrs_mazeV1_t2","react_ccrs_mazeV1_t2_20260625_141909.log","11365","react.ccrs.contingency.escalation.considered","","378",,,,,,,,,,,,,,,,,"","","","","","","","",,
"react-baseline-vs-ccrs-v1-t2","002-ccrs","react_ccrs_mazeV1_t2","react_ccrs_mazeV1_t2_20260625_141909.log","11366","react.ccrs.contingency.escalation.skipped","","378",,,,,,"no_escalation_condition_met",,,,,,,,,,,"","","","","","","","",,
"react-baseline-vs-ccrs-v1-t2","002-ccrs","react_ccrs_mazeV1_t2","react_ccrs_mazeV1_t2_20260625_141909.log","11431","react.ccrs.contingency.escalation.considered","","379",,,,,,,,,,,,,,,,,"","","","","","","","",,
"react-baseline-vs-ccrs-v1-t2","002-ccrs","react_ccrs_mazeV1_t2","react_ccrs_mazeV1_t2_20260625_141909.log","11432","react.ccrs.contingency.escalation.skipped","","379",,,,,,"no_escalation_condition_met",,,,,,,,,,,"","","","","","","","",,
"react-baseline-vs-ccrs-v1-t2","002-ccrs","react_ccrs_mazeV1_t2","react_ccrs_mazeV1_t2_20260625_141909.log","11497","react.ccrs.contingency.escalation.considered","","380",,,,,,,,,,,,,,,,,"","","","","","","","",,
"react-baseline-vs-ccrs-v1-t2","002-ccrs","react_ccrs_mazeV1_t2","react_ccrs_mazeV1_t2_20260625_141909.log","11498","react.ccrs.contingency.escalation.skipped","","380",,,,,,"no_escalation_condition_met",,,,,,,,,,,"","","","","","","","",,
"react-baseline-vs-ccrs-v1-t2","002-ccrs","react_ccrs_mazeV1_t2","react_ccrs_mazeV1_t2_20260625_141909.log","11509","react.ccrs.contingency.escalation.considered","","381",,,,,,,,,,,,,,,,,"","","","","","","","",,
"react-baseline-vs-ccrs-v1-t2","002-ccrs","react_ccrs_mazeV1_t2","react_ccrs_mazeV1_t2_20260625_141909.log","11510","react.ccrs.contingency.escalation.skipped","","381",,,,,,"no_escalation_condition_met",,,,,,,,,,,"","","","","","","","",,
"react-baseline-vs-ccrs-v1-t2","002-ccrs","react_ccrs_mazeV1_t2","react_ccrs_mazeV1_t2_20260625_141909.log","11575","react.ccrs.contingency.escalation.considered","","382",,,,,,,,,,,,,,,,,"","","","","","","","",,
"react-baseline-vs-ccrs-v1-t2","002-ccrs","react_ccrs_mazeV1_t2","react_ccrs_mazeV1_t2_20260625_141909.log","11576","react.ccrs.contingency.escalation.skipped","","382",,,,,,"no_escalation_condition_met",,,,,,,,,,,"","","","","","","","",,
"react-baseline-vs-ccrs-v1-t2","002-ccrs","react_ccrs_mazeV1_t2","react_ccrs_mazeV1_t2_20260625_141909.log","11641","react.ccrs.contingency.escalation.considered","","383",,,,,,,,,,,,,,,,,"","","","","","","","",,
"react-baseline-vs-ccrs-v1-t2","002-ccrs","react_ccrs_mazeV1_t2","react_ccrs_mazeV1_t2_20260625_141909.log","11642","react.ccrs.contingency.escalation.skipped","","383",,,,,,"no_escalation_condition_met",,,,,,,,,,,"","","","","","","","",,
"react-baseline-vs-ccrs-v1-t2","002-ccrs","react_ccrs_mazeV1_t2","react_ccrs_mazeV1_t2_20260625_141909.log","11707","react.ccrs.contingency.escalation.considered","","384",,,,,,,,,,,,,,,,,"","","","","","","","",,
"react-baseline-vs-ccrs-v1-t2","002-ccrs","react_ccrs_mazeV1_t2","react_ccrs_mazeV1_t2_20260625_141909.log","11708","react.ccrs.contingency.escalation.skipped","","384",,,,,,"no_escalation_condition_met",,,,,,,,,,,"","","","","","","","",,
"react-baseline-vs-ccrs-v1-t2","002-ccrs","react_ccrs_mazeV1_t2","react_ccrs_mazeV1_t2_20260625_141909.log","11773","react.ccrs.contingency.escalation.considered","","385",,,,,,,,,,,,,,,,,"","","","","","","","",,
"react-baseline-vs-ccrs-v1-t2","002-ccrs","react_ccrs_mazeV1_t2","react_ccrs_mazeV1_t2_20260625_141909.log","11774","react.ccrs.contingency.escalation.skipped","","385",,,,,,"no_escalation_condition_met",,,,,,,,,,,"","","","","","","","",,
"react-baseline-vs-ccrs-v1-t2","002-ccrs","react_ccrs_mazeV1_t2","react_ccrs_mazeV1_t2_20260625_141909.log","11839","react.ccrs.contingency.escalation.considered","","386",,,,,,,,,,,,,,,,,"","","","","","","","",,
"react-baseline-vs-ccrs-v1-t2","002-ccrs","react_ccrs_mazeV1_t2","react_ccrs_mazeV1_t2_20260625_141909.log","11840","react.ccrs.contingency.escalation.skipped","","386",,,,,,"no_escalation_condition_met",,,,,,,,,,,"","","","","","","","",,
"react-baseline-vs-ccrs-v1-t2","002-ccrs","react_ccrs_mazeV1_t2","react_ccrs_mazeV1_t2_20260625_141909.log","11905","react.ccrs.contingency.escalation.considered","","387",,,,,,,,,,,,,,,,,"","","","","","","","",,
"react-baseline-vs-ccrs-v1-t2","002-ccrs","react_ccrs_mazeV1_t2","react_ccrs_mazeV1_t2_20260625_141909.log","11906","react.ccrs.contingency.escalation.skipped","","387",,,,,,"no_escalation_condition_met",,,,,,,,,,,"","","","","","","","",,
"react-baseline-vs-ccrs-v1-t2","002-ccrs","react_ccrs_mazeV1_t2","react_ccrs_mazeV1_t2_20260625_141909.log","11971","react.ccrs.contingency.escalation.considered","","388",,,,,,,,,,,,,,,,,"","","","","","","","",,
"react-baseline-vs-ccrs-v1-t2","002-ccrs","react_ccrs_mazeV1_t2","react_ccrs_mazeV1_t2_20260625_141909.log","11972","react.ccrs.contingency.escalation.skipped","","388",,,,,,"no_escalation_condition_met",,,,,,,,,,,"","","","","","","","",,
"react-baseline-vs-ccrs-v1-t2","002-ccrs","react_ccrs_mazeV1_t2","react_ccrs_mazeV1_t2_20260625_141909.log","11988","react.ccrs.contingency.escalation.considered","","389",,,,,,,,,,,,,,,,,"","","","","","","","",,
"react-baseline-vs-ccrs-v1-t2","002-ccrs","react_ccrs_mazeV1_t2","react_ccrs_mazeV1_t2_20260625_141909.log","11989","react.ccrs.contingency.escalation.skipped","","389",,,,,,"no_escalation_condition_met",,,,,,,,,,,"","","","","","","","",,
"react-baseline-vs-ccrs-v1-t2","002-ccrs","react_ccrs_mazeV1_t2","react_ccrs_mazeV1_t2_20260625_141909.log","12000","react.ccrs.contingency.escalation.considered","","390",,,,,,,,,,,,,,,,,"","","","","","","","",,
"react-baseline-vs-ccrs-v1-t2","002-ccrs","react_ccrs_mazeV1_t2","react_ccrs_mazeV1_t2_20260625_141909.log","12001","react.ccrs.contingency.escalation.skipped","","390",,,,,,"no_escalation_condition_met",,,,,,,,,,,"","","","","","","","",,
"react-baseline-vs-ccrs-v1-t2","002-ccrs","react_ccrs_mazeV1_t2","react_ccrs_mazeV1_t2_20260625_141909.log","12066","react.ccrs.contingency.escalation.considered","","391",,,,,,,,,,,,,,,,,"","","","","","","","",,
"react-baseline-vs-ccrs-v1-t2","002-ccrs","react_ccrs_mazeV1_t2","react_ccrs_mazeV1_t2_20260625_141909.log","12067","react.ccrs.contingency.escalation.skipped","","391",,,,,,"no_escalation_condition_met",,,,,,,,,,,"","","","","","","","",,
"react-baseline-vs-ccrs-v1-t2","002-ccrs","react_ccrs_mazeV1_t2","react_ccrs_mazeV1_t2_20260625_141909.log","12078","react.ccrs.contingency.escalation.considered","","392",,,,,,,,,,,,,,,,,"","","","","","","","",,
"react-baseline-vs-ccrs-v1-t2","002-ccrs","react_ccrs_mazeV1_t2","react_ccrs_mazeV1_t2_20260625_141909.log","12079","react.ccrs.contingency.escalation.skipped","","392",,,,,,"no_escalation_condition_met",,,,,,,,,,,"","","","","","","","",,
"react-baseline-vs-ccrs-v1-t2","002-ccrs","react_ccrs_mazeV1_t2","react_ccrs_mazeV1_t2_20260625_141909.log","12144","react.ccrs.contingency.escalation.considered","","393",,,,,,,,,,,,,,,,,"","","","","","","","",,
"react-baseline-vs-ccrs-v1-t2","002-ccrs","react_ccrs_mazeV1_t2","react_ccrs_mazeV1_t2_20260625_141909.log","12145","react.ccrs.contingency.escalation.skipped","","393",,,,,,"no_escalation_condition_met",,,,,,,,,,,"","","","","","","","",,
"react-baseline-vs-ccrs-v1-t2","002-ccrs","react_ccrs_mazeV1_t2","react_ccrs_mazeV1_t2_20260625_141909.log","12210","react.ccrs.contingency.escalation.considered","","394",,,,,,,,,,,,,,,,,"","","","","","","","",,
"react-baseline-vs-ccrs-v1-t2","002-ccrs","react_ccrs_mazeV1_t2","react_ccrs_mazeV1_t2_20260625_141909.log","12211","react.ccrs.contingency.escalation.skipped","","394",,,,,,"no_escalation_condition_met",,,,,,,,,,,"","","","","","","","",,
"react-baseline-vs-ccrs-v1-t2","002-ccrs","react_ccrs_mazeV1_t2","react_ccrs_mazeV1_t2_20260625_141909.log","12276","react.ccrs.contingency.escalation.considered","","395",,,,,,,,,,,,,,,,,"","","","","","","","",,
"react-baseline-vs-ccrs-v1-t2","002-ccrs","react_ccrs_mazeV1_t2","react_ccrs_mazeV1_t2_20260625_141909.log","12277","react.ccrs.contingency.escalation.skipped","","395",,,,,,"no_escalation_condition_met",,,,,,,,,,,"","","","","","","","",,
"react-baseline-vs-ccrs-v1-t2","002-ccrs","react_ccrs_mazeV1_t2","react_ccrs_mazeV1_t2_20260625_141909.log","12342","react.ccrs.contingency.escalation.considered","","396",,,,,,,,,,,,,,,,,"","","","","","","","",,
"react-baseline-vs-ccrs-v1-t2","002-ccrs","react_ccrs_mazeV1_t2","react_ccrs_mazeV1_t2_20260625_141909.log","12343","react.ccrs.contingency.escalation.skipped","","396",,,,,,"no_escalation_condition_met",,,,,,,,,,,"","","","","","","","",,
"react-baseline-vs-ccrs-v1-t2","002-ccrs","react_ccrs_mazeV1_t2","react_ccrs_mazeV1_t2_20260625_141909.log","12359","react.ccrs.contingency.escalation.considered","","397",,,,,,,,,,,,,,,,,"","","","","","","","",,
"react-baseline-vs-ccrs-v1-t2","002-ccrs","react_ccrs_mazeV1_t2","react_ccrs_mazeV1_t2_20260625_141909.log","12360","react.ccrs.contingency.escalation.skipped","","397",,,,,,"no_escalation_condition_met",,,,,,,,,,,"","","","","","","","",,
"react-baseline-vs-ccrs-v1-t2","002-ccrs","react_ccrs_mazeV1_t2","react_ccrs_mazeV1_t2_20260625_141909.log","12371","react.ccrs.contingency.escalation.considered","","398",,,,,,,,,,,,,,,,,"","","","","","","","",,
"react-baseline-vs-ccrs-v1-t2","002-ccrs","react_ccrs_mazeV1_t2","react_ccrs_mazeV1_t2_20260625_141909.log","12372","react.ccrs.contingency.escalation.skipped","","398",,,,,,"no_escalation_condition_met",,,,,,,,,,,"","","","","","","","",,
"react-baseline-vs-ccrs-v1-t2","002-ccrs","react_ccrs_mazeV1_t2","react_ccrs_mazeV1_t2_20260625_141909.log","12437","react.ccrs.contingency.escalation.considered","","399",,,,,,,,,,,,,,,,,"","","","","","","","",,
"react-baseline-vs-ccrs-v1-t2","002-ccrs","react_ccrs_mazeV1_t2","react_ccrs_mazeV1_t2_20260625_141909.log","12438","react.ccrs.contingency.escalation.skipped","","399",,,,,,"no_escalation_condition_met",,,,,,,,,,,"","","","","","","","",,
"react-baseline-vs-ccrs-v1-t2","002-ccrs","react_ccrs_mazeV1_t2","react_ccrs_mazeV1_t2_20260625_141909.log","12503","react.ccrs.contingency.escalation.considered","","400",,,,,,,,,,,,,,,,,"","","","","","","","",,
"react-baseline-vs-ccrs-v1-t2","002-ccrs","react_ccrs_mazeV1_t2","react_ccrs_mazeV1_t2_20260625_141909.log","12504","react.ccrs.contingency.escalation.skipped","","400",,,,,,"no_escalation_condition_met",,,,,,,,,,,"","","","","","","","",,
"react-baseline-vs-ccrs-v1-t2","002-ccrs","react_ccrs_mazeV1_t2","react_ccrs_mazeV1_t2_20260625_141909.log","12515","react.ccrs.contingency.escalation.considered","","401",,,,,,,,,,,,,,,,,"","","","","","","","",,
"react-baseline-vs-ccrs-v1-t2","002-ccrs","react_ccrs_mazeV1_t2","react_ccrs_mazeV1_t2_20260625_141909.log","12516","react.ccrs.contingency.escalation.skipped","","401",,,,,,"no_escalation_condition_met",,,,,,,,,,,"","","","","","","","",,
"react-baseline-vs-ccrs-v1-t2","002-ccrs","react_ccrs_mazeV1_t2","react_ccrs_mazeV1_t2_20260625_141909.log","12581","react.ccrs.contingency.escalation.considered","","402",,,,,,,,,,,,,,,,,"","","","","","","","",,
"react-baseline-vs-ccrs-v1-t2","002-ccrs","react_ccrs_mazeV1_t2","react_ccrs_mazeV1_t2_20260625_141909.log","12582","react.ccrs.contingency.escalation.skipped","","402",,,,,,"no_escalation_condition_met",,,,,,,,,,,"","","","","","","","",,
"react-baseline-vs-ccrs-v1-t2","002-ccrs","react_ccrs_mazeV1_t2","react_ccrs_mazeV1_t2_20260625_141909.log","12598","react.ccrs.contingency.escalation.considered","","403",,,,,,,,,,,,,,,,,"","","","","","","","",,
"react-baseline-vs-ccrs-v1-t2","002-ccrs","react_ccrs_mazeV1_t2","react_ccrs_mazeV1_t2_20260625_141909.log","12599","react.ccrs.contingency.escalation.skipped","","403",,,,,,"no_escalation_condition_met",,,,,,,,,,,"","","","","","","","",,
"react-baseline-vs-ccrs-v1-t2","002-ccrs","react_ccrs_mazeV1_t2","react_ccrs_mazeV1_t2_20260625_141909.log","12610","react.ccrs.contingency.escalation.considered","","404",,,,,,,,,,,,,,,,,"","","","","","","","",,
"react-baseline-vs-ccrs-v1-t2","002-ccrs","react_ccrs_mazeV1_t2","react_ccrs_mazeV1_t2_20260625_141909.log","12611","react.ccrs.contingency.escalation.skipped","","404",,,,,,"no_escalation_condition_met",,,,,,,,,,,"","","","","","","","",,
"react-baseline-vs-ccrs-v1-t2","002-ccrs","react_ccrs_mazeV1_t2","react_ccrs_mazeV1_t2_20260625_141909.log","12676","react.ccrs.contingency.escalation.considered","","405",,,,,,,,,,,,,,,,,"","","","","","","","",,
"react-baseline-vs-ccrs-v1-t2","002-ccrs","react_ccrs_mazeV1_t2","react_ccrs_mazeV1_t2_20260625_141909.log","12677","react.ccrs.contingency.escalation.skipped","","405",,,,,,"no_escalation_condition_met",,,,,,,,,,,"","","","","","","","",,
"react-baseline-vs-ccrs-v1-t2","002-ccrs","react_ccrs_mazeV1_t2","react_ccrs_mazeV1_t2_20260625_141909.log","12742","react.ccrs.contingency.escalation.considered","","406",,,,,,,,,,,,,,,,,"","","","","","","","",,
"react-baseline-vs-ccrs-v1-t2","002-ccrs","react_ccrs_mazeV1_t2","react_ccrs_mazeV1_t2_20260625_141909.log","12743","react.ccrs.contingency.escalation.skipped","","406",,,,,,"no_escalation_condition_met",,,,,,,,,,,"","","","","","","","",,
"react-baseline-vs-ccrs-v1-t2","002-ccrs","react_ccrs_mazeV1_t2","react_ccrs_mazeV1_t2_20260625_141909.log","12808","react.ccrs.contingency.escalation.considered","","407",,,,,,,,,,,,,,,,,"","","","","","","","",,
"react-baseline-vs-ccrs-v1-t2","002-ccrs","react_ccrs_mazeV1_t2","react_ccrs_mazeV1_t2_20260625_141909.log","12809","react.ccrs.contingency.escalation.skipped","","407",,,,,,"no_escalation_condition_met",,,,,,,,,,,"","","","","","","","",,
"react-baseline-vs-ccrs-v1-t2","002-ccrs","react_ccrs_mazeV1_t2","react_ccrs_mazeV1_t2_20260625_141909.log","12874","react.ccrs.contingency.escalation.considered","","408",,,,,,,,,,,,,,,,,"","","","","","","","",,
"react-baseline-vs-ccrs-v1-t2","002-ccrs","react_ccrs_mazeV1_t2","react_ccrs_mazeV1_t2_20260625_141909.log","12875","react.ccrs.contingency.escalation.skipped","","408",,,,,,"no_escalation_condition_met",,,,,,,,,,,"","","","","","","","",,
"react-baseline-vs-ccrs-v1-t2","002-ccrs","react_ccrs_mazeV1_t2","react_ccrs_mazeV1_t2_20260625_141909.log","12940","react.ccrs.contingency.escalation.considered","","409",,,,,,,,,,,,,,,,,"","","","","","","","",,
"react-baseline-vs-ccrs-v1-t2","002-ccrs","react_ccrs_mazeV1_t2","react_ccrs_mazeV1_t2_20260625_141909.log","12941","react.ccrs.contingency.escalation.skipped","","409",,,,,,"no_escalation_condition_met",,,,,,,,,,,"","","","","","","","",,
"react-baseline-vs-ccrs-v1-t2","002-ccrs","react_ccrs_mazeV1_t2","react_ccrs_mazeV1_t2_20260625_141909.log","13006","react.ccrs.contingency.escalation.considered","","410",,,,,,,,,,,,,,,,,"","","","","","","","",,
"react-baseline-vs-ccrs-v1-t2","002-ccrs","react_ccrs_mazeV1_t2","react_ccrs_mazeV1_t2_20260625_141909.log","13007","react.ccrs.contingency.escalation.skipped","","410",,,,,,"no_escalation_condition_met",,,,,,,,,,,"","","","","","","","",,
"react-baseline-vs-ccrs-v1-t2","002-ccrs","react_ccrs_mazeV1_t2","react_ccrs_mazeV1_t2_20260625_141909.log","13072","react.ccrs.contingency.escalation.considered","","411",,,,,,,,,,,,,,,,,"","","","","","","","",,
"react-baseline-vs-ccrs-v1-t2","002-ccrs","react_ccrs_mazeV1_t2","react_ccrs_mazeV1_t2_20260625_141909.log","13073","react.ccrs.contingency.escalation.skipped","","411",,,,,,"no_escalation_condition_met",,,,,,,,,,,"","","","","","","","",,
"react-baseline-vs-ccrs-v1-t2","002-ccrs","react_ccrs_mazeV1_t2","react_ccrs_mazeV1_t2_20260625_141909.log","13138","react.ccrs.contingency.escalation.considered","","412",,,,,,,,,,,,,,,,,"","","","","","","","",,
"react-baseline-vs-ccrs-v1-t2","002-ccrs","react_ccrs_mazeV1_t2","react_ccrs_mazeV1_t2_20260625_141909.log","13139","react.ccrs.contingency.escalation.skipped","","412",,,,,,"no_escalation_condition_met",,,,,,,,,,,"","","","","","","","",,
"react-baseline-vs-ccrs-v1-t2","002-ccrs","react_ccrs_mazeV1_t2","react_ccrs_mazeV1_t2_20260625_141909.log","13204","react.ccrs.contingency.escalation.considered","","413",,,,,,,,,,,,,,,,,"","","","","","","","",,
"react-baseline-vs-ccrs-v1-t2","002-ccrs","react_ccrs_mazeV1_t2","react_ccrs_mazeV1_t2_20260625_141909.log","13205","react.ccrs.contingency.escalation.skipped","","413",,,,,,"no_escalation_condition_met",,,,,,,,,,,"","","","","","","","",,
"react-baseline-vs-ccrs-v1-t2","002-ccrs","react_ccrs_mazeV1_t2","react_ccrs_mazeV1_t2_20260625_141909.log","13221","react.ccrs.contingency.escalation.considered","","414",,,,,,,,,,,,,,,,,"","","","","","","","",,
"react-baseline-vs-ccrs-v1-t2","002-ccrs","react_ccrs_mazeV1_t2","react_ccrs_mazeV1_t2_20260625_141909.log","13222","react.ccrs.contingency.escalation.skipped","","414",,,,,,"no_escalation_condition_met",,,,,,,,,,,"","","","","","","","",,
"react-baseline-vs-ccrs-v1-t2","002-ccrs","react_ccrs_mazeV1_t2","react_ccrs_mazeV1_t2_20260625_141909.log","13233","react.ccrs.contingency.escalation.considered","","415",,,,,,,,,,,,,,,,,"","","","","","","","",,
"react-baseline-vs-ccrs-v1-t2","002-ccrs","react_ccrs_mazeV1_t2","react_ccrs_mazeV1_t2_20260625_141909.log","13234","react.ccrs.contingency.escalation.skipped","","415",,,,,,"no_escalation_condition_met",,,,,,,,,,,"","","","","","","","",,
"react-baseline-vs-ccrs-v1-t2","002-ccrs","react_ccrs_mazeV1_t2","react_ccrs_mazeV1_t2_20260625_141909.log","13299","react.ccrs.contingency.escalation.considered","","416",,,,,,,,,,,,,,,,,"","","","","","","","",,
"react-baseline-vs-ccrs-v1-t2","002-ccrs","react_ccrs_mazeV1_t2","react_ccrs_mazeV1_t2_20260625_141909.log","13300","react.ccrs.contingency.escalation.skipped","","416",,,,,,"no_escalation_condition_met",,,,,,,,,,,"","","","","","","","",,
"react-baseline-vs-ccrs-v1-t2","002-ccrs","react_ccrs_mazeV1_t2","react_ccrs_mazeV1_t2_20260625_141909.log","13316","react.ccrs.contingency.escalation.considered","","417",,,,,,,,,,,,,,,,,"","","","","","","","",,
"react-baseline-vs-ccrs-v1-t2","002-ccrs","react_ccrs_mazeV1_t2","react_ccrs_mazeV1_t2_20260625_141909.log","13317","react.ccrs.contingency.escalation.skipped","","417",,,,,,"no_escalation_condition_met",,,,,,,,,,,"","","","","","","","",,
"react-baseline-vs-ccrs-v1-t2","002-ccrs","react_ccrs_mazeV1_t2","react_ccrs_mazeV1_t2_20260625_141909.log","13328","react.ccrs.contingency.escalation.considered","","418",,,,,,,,,,,,,,,,,"","","","","","","","",,
"react-baseline-vs-ccrs-v1-t2","002-ccrs","react_ccrs_mazeV1_t2","react_ccrs_mazeV1_t2_20260625_141909.log","13329","react.ccrs.contingency.escalation.skipped","","418",,,,,,"no_escalation_condition_met",,,,,,,,,,,"","","","","","","","",,
"react-baseline-vs-ccrs-v1-t2","002-ccrs","react_ccrs_mazeV1_t2","react_ccrs_mazeV1_t2_20260625_141909.log","13345","react.ccrs.contingency.escalation.considered","","419",,,,,,,,,,,,,,,,,"","","","","","","","",,
"react-baseline-vs-ccrs-v1-t2","002-ccrs","react_ccrs_mazeV1_t2","react_ccrs_mazeV1_t2_20260625_141909.log","13346","react.ccrs.contingency.escalation.skipped","","419",,,,,,"no_escalation_condition_met",,,,,,,,,,,"","","","","","","","",,
"react-baseline-vs-ccrs-v1-t2","002-ccrs","react_ccrs_mazeV1_t2","react_ccrs_mazeV1_t2_20260625_141909.log","13362","react.ccrs.contingency.escalation.considered","","420",,,,,,,,,,,,,,,,,"","","","","","","","",,
"react-baseline-vs-ccrs-v1-t2","002-ccrs","react_ccrs_mazeV1_t2","react_ccrs_mazeV1_t2_20260625_141909.log","13363","react.ccrs.contingency.escalation.activated","","420",,,,,,"explicit_llm_escalation",,"UNCERTAINTY","bad_post_payload","http://127.0.1.1:8080/cells/12/5",,"http_post",,,,,"","","","","","","","",,
"react-baseline-vs-ccrs-v1-t2","002-ccrs","react_ccrs_mazeV1_t2","react_ccrs_mazeV1_t2_20260625_141909.log","13368","react.ccrs.contingency.classpath.resolved","",,,,,,,,,,,,,,,,,,"","","","","","","","",,
"react-baseline-vs-ccrs-v1-t2","002-ccrs","react_ccrs_mazeV1_t2","react_ccrs_mazeV1_t2_20260625_141909.log","13372","react.ccrs.contingency.runtime.ready","",,,,,,,,,,,,,,,,,,"","","","","","","","",,
"react-baseline-vs-ccrs-v1-t2","002-ccrs","react_ccrs_mazeV1_t2","react_ccrs_mazeV1_t2_20260625_141909.log","13376","react.ccrs.contingency.classpath.resolved","",,,,,,,,,,,,,,,,,,"","","","","","","","",,
"react-baseline-vs-ccrs-v1-t2","002-ccrs","react_ccrs_mazeV1_t2","react_ccrs_mazeV1_t2_20260625_141909.log","13379","react.ccrs.contingency.evaluate","1",,,,,,,,,"UNCERTAINTY","bad_post_payload","http://127.0.1.1:8080/cells/12/5",,"http_post",,,,,"","","","","","","","",,
"react-baseline-vs-ccrs-v1-t2","002-ccrs","react_ccrs_mazeV1_t2","react_ccrs_mazeV1_t2_20260625_141909.log","13380","react.ccrs.contingency.returned","1",,,"prediction_llm","481772bd-9dfa-4304-9c28-37c02b637924","post","False",,,,,,,,"4","1","0","0","","","","","","","","",,
"react-baseline-vs-ccrs-v1-t2","002-ccrs","react_ccrs_mazeV1_t2","react_ccrs_mazeV1_t2_20260625_141909.log","13561","react.ccrs.contingency.escalation.considered","","421",,,,,,,,,,,,,,,,,"","","","","","","","",,
"react-baseline-vs-ccrs-v1-t2","002-ccrs","react_ccrs_mazeV1_t2","react_ccrs_mazeV1_t2_20260625_141909.log","13562","react.ccrs.contingency.escalation.skipped","","421",,,,,,"no_escalation_condition_met",,,,,,,,,,,"","","","","","","","",,
"react-baseline-vs-ccrs-v1-t2","002-ccrs","react_ccrs_mazeV1_t2","react_ccrs_mazeV1_t2_20260625_141909.log","13572","react.ccrs.contingency.escalation.considered","","422",,,,,,,,,,,,,,,,,"","","","","","","","",,
"react-baseline-vs-ccrs-v1-t2","002-ccrs","react_ccrs_mazeV1_t2","react_ccrs_mazeV1_t2_20260625_141909.log","13573","react.ccrs.contingency.escalation.skipped","","422",,,,,,"no_escalation_condition_met",,,,,,,,,,,"","","","","","","","",,
"react-baseline-vs-ccrs-v1-t2","002-ccrs","react_ccrs_mazeV1_t2","react_ccrs_mazeV1_t2_20260625_141909.log","13638","react.ccrs.contingency.escalation.considered","","423",,,,,,,,,,,,,,,,,"","","","","","","","",,
"react-baseline-vs-ccrs-v1-t2","002-ccrs","react_ccrs_mazeV1_t2","react_ccrs_mazeV1_t2_20260625_141909.log","13639","react.ccrs.contingency.escalation.skipped","","423",,,,,,"no_escalation_condition_met",,,,,,,,,,,"","","","","","","","",,
"react-baseline-vs-ccrs-v1-t2","002-ccrs","react_ccrs_mazeV1_t2","react_ccrs_mazeV1_t2_20260625_141909.log","13704","react.ccrs.contingency.escalation.considered","","424",,,,,,,,,,,,,,,,,"","","","","","","","",,
"react-baseline-vs-ccrs-v1-t2","002-ccrs","react_ccrs_mazeV1_t2","react_ccrs_mazeV1_t2_20260625_141909.log","13705","react.ccrs.contingency.escalation.skipped","","424",,,,,,"no_escalation_condition_met",,,,,,,,,,,"","","","","","","","",,
"react-baseline-vs-ccrs-v1-t2","002-ccrs","react_ccrs_mazeV1_t2","react_ccrs_mazeV1_t2_20260625_141909.log","13716","react.ccrs.contingency.escalation.considered","","425",,,,,,,,,,,,,,,,,"","","","","","","","",,
"react-baseline-vs-ccrs-v1-t2","002-ccrs","react_ccrs_mazeV1_t2","react_ccrs_mazeV1_t2_20260625_141909.log","13717","react.ccrs.contingency.escalation.skipped","","425",,,,,,"no_escalation_condition_met",,,,,,,,,,,"","","","","","","","",,
"react-baseline-vs-ccrs-v1-t2","002-ccrs","react_ccrs_mazeV1_t2","react_ccrs_mazeV1_t2_20260625_141909.log","13785","react.ccrs.contingency.escalation.considered","","426",,,,,,,,,,,,,,,,,"","","","","","","","",,
"react-baseline-vs-ccrs-v1-t2","002-ccrs","react_ccrs_mazeV1_t2","react_ccrs_mazeV1_t2_20260625_141909.log","13786","react.ccrs.contingency.escalation.skipped","","426",,,,,,"no_escalation_condition_met",,,,,,,,,,,"","","","","","","","",,
"react-baseline-vs-ccrs-v1-t2","002-ccrs","react_ccrs_mazeV1_t2","react_ccrs_mazeV1_t2_20260625_141909.log","13854","react.ccrs.contingency.escalation.considered","","427",,,,,,,,,,,,,,,,,"","","","","","","","",,
"react-baseline-vs-ccrs-v1-t2","002-ccrs","react_ccrs_mazeV1_t2","react_ccrs_mazeV1_t2_20260625_141909.log","13855","react.ccrs.contingency.escalation.skipped","","427",,,,,,"no_escalation_condition_met",,,,,,,,,,,"","","","","","","","",,
"react-baseline-vs-ccrs-v1-t2","002-ccrs","react_ccrs_mazeV1_t2","react_ccrs_mazeV1_t2_20260625_141909.log","13923","react.ccrs.contingency.escalation.considered","","428",,,,,,,,,,,,,,,,,"","","","","","","","",,
"react-baseline-vs-ccrs-v1-t2","002-ccrs","react_ccrs_mazeV1_t2","react_ccrs_mazeV1_t2_20260625_141909.log","13924","react.ccrs.contingency.escalation.skipped","","428",,,,,,"no_escalation_condition_met",,,,,,,,,,,"","","","","","","","",,
"react-baseline-vs-ccrs-v1-t2","002-ccrs","react_ccrs_mazeV1_t2","react_ccrs_mazeV1_t2_20260625_141909.log","13992","react.ccrs.contingency.escalation.considered","","429",,,,,,,,,,,,,,,,,"","","","","","","","",,
"react-baseline-vs-ccrs-v1-t2","002-ccrs","react_ccrs_mazeV1_t2","react_ccrs_mazeV1_t2_20260625_141909.log","13993","react.ccrs.contingency.escalation.skipped","","429",,,,,,"no_escalation_condition_met",,,,,,,,,,,"","","","","","","","",,
"react-baseline-vs-ccrs-v1-t2","002-ccrs","react_ccrs_mazeV1_t2","react_ccrs_mazeV1_t2_20260625_141909.log","14061","react.ccrs.contingency.escalation.considered","","430",,,,,,,,,,,,,,,,,"","","","","","","","",,
"react-baseline-vs-ccrs-v1-t2","002-ccrs","react_ccrs_mazeV1_t2","react_ccrs_mazeV1_t2_20260625_141909.log","14062","react.ccrs.contingency.escalation.skipped","","430",,,,,,"no_escalation_condition_met",,,,,,,,,,,"","","","","","","","",,
"react-baseline-vs-ccrs-v1-t2","002-ccrs","react_ccrs_mazeV1_t2","react_ccrs_mazeV1_t2_20260625_141909.log","14130","react.ccrs.contingency.escalation.considered","","431",,,,,,,,,,,,,,,,,"","","","","","","","",,
"react-baseline-vs-ccrs-v1-t2","002-ccrs","react_ccrs_mazeV1_t2","react_ccrs_mazeV1_t2_20260625_141909.log","14131","react.ccrs.contingency.escalation.skipped","","431",,,,,,"no_escalation_condition_met",,,,,,,,,,,"","","","","","","","",,
"react-baseline-vs-ccrs-v1-t2","002-ccrs","react_ccrs_mazeV1_t2","react_ccrs_mazeV1_t2_20260625_141909.log","14147","react.ccrs.contingency.escalation.considered","","432",,,,,,,,,,,,,,,,,"","","","","","","","",,
"react-baseline-vs-ccrs-v1-t2","002-ccrs","react_ccrs_mazeV1_t2","react_ccrs_mazeV1_t2_20260625_141909.log","14148","react.ccrs.contingency.escalation.skipped","","432",,,,,,"no_escalation_condition_met",,,,,,,,,,,"","","","","","","","",,
"react-baseline-vs-ccrs-v1-t2","002-ccrs","react_ccrs_mazeV1_t2","react_ccrs_mazeV1_t2_20260625_141909.log","14159","react.ccrs.contingency.escalation.considered","","433",,,,,,,,,,,,,,,,,"","","","","","","","",,
"react-baseline-vs-ccrs-v1-t2","002-ccrs","react_ccrs_mazeV1_t2","react_ccrs_mazeV1_t2_20260625_141909.log","14160","react.ccrs.contingency.escalation.skipped","","433",,,,,,"no_escalation_condition_met",,,,,,,,,,,"","","","","","","","",,
"react-baseline-vs-ccrs-v1-t2","002-ccrs","react_ccrs_mazeV1_t2","react_ccrs_mazeV1_t2_20260625_141909.log","14228","react.ccrs.contingency.escalation.considered","","434",,,,,,,,,,,,,,,,,"","","","","","","","",,
"react-baseline-vs-ccrs-v1-t2","002-ccrs","react_ccrs_mazeV1_t2","react_ccrs_mazeV1_t2_20260625_141909.log","14229","react.ccrs.contingency.escalation.skipped","","434",,,,,,"no_escalation_condition_met",,,,,,,,,,,"","","","","","","","",,
"react-baseline-vs-ccrs-v1-t2","002-ccrs","react_ccrs_mazeV1_t2","react_ccrs_mazeV1_t2_20260625_141909.log","14297","react.ccrs.contingency.escalation.considered","","435",,,,,,,,,,,,,,,,,"","","","","","","","",,
"react-baseline-vs-ccrs-v1-t2","002-ccrs","react_ccrs_mazeV1_t2","react_ccrs_mazeV1_t2_20260625_141909.log","14298","react.ccrs.contingency.escalation.skipped","","435",,,,,,"no_escalation_condition_met",,,,,,,,,,,"","","","","","","","",,
"react-baseline-vs-ccrs-v1-t2","002-ccrs","react_ccrs_mazeV1_t2","react_ccrs_mazeV1_t2_20260625_141909.log","14366","react.ccrs.contingency.escalation.considered","","436",,,,,,,,,,,,,,,,,"","","","","","","","",,
"react-baseline-vs-ccrs-v1-t2","002-ccrs","react_ccrs_mazeV1_t2","react_ccrs_mazeV1_t2_20260625_141909.log","14367","react.ccrs.contingency.escalation.skipped","","436",,,,,,"no_escalation_condition_met",,,,,,,,,,,"","","","","","","","",,
"react-baseline-vs-ccrs-v1-t2","002-ccrs","react_ccrs_mazeV1_t2","react_ccrs_mazeV1_t2_20260625_141909.log","14435","react.ccrs.contingency.escalation.considered","","437",,,,,,,,,,,,,,,,,"","","","","","","","",,
"react-baseline-vs-ccrs-v1-t2","002-ccrs","react_ccrs_mazeV1_t2","react_ccrs_mazeV1_t2_20260625_141909.log","14436","react.ccrs.contingency.escalation.skipped","","437",,,,,,"no_escalation_condition_met",,,,,,,,,,,"","","","","","","","",,
"react-baseline-vs-ccrs-v1-t2","002-ccrs","react_ccrs_mazeV1_t2","react_ccrs_mazeV1_t2_20260625_141909.log","14504","react.ccrs.contingency.escalation.considered","","438",,,,,,,,,,,,,,,,,"","","","","","","","",,
"react-baseline-vs-ccrs-v1-t2","002-ccrs","react_ccrs_mazeV1_t2","react_ccrs_mazeV1_t2_20260625_141909.log","14505","react.ccrs.contingency.escalation.skipped","","438",,,,,,"no_escalation_condition_met",,,,,,,,,,,"","","","","","","","",,
"react-baseline-vs-ccrs-v1-t2","002-ccrs","react_ccrs_mazeV1_t2","react_ccrs_mazeV1_t2_20260625_141909.log","14573","react.ccrs.contingency.escalation.considered","","439",,,,,,,,,,,,,,,,,"","","","","","","","",,
"react-baseline-vs-ccrs-v1-t2","002-ccrs","react_ccrs_mazeV1_t2","react_ccrs_mazeV1_t2_20260625_141909.log","14574","react.ccrs.contingency.escalation.skipped","","439",,,,,,"no_escalation_condition_met",,,,,,,,,,,"","","","","","","","",,
"react-baseline-vs-ccrs-v1-t2","002-ccrs","react_ccrs_mazeV1_t2","react_ccrs_mazeV1_t2_20260625_141909.log","14642","react.ccrs.contingency.escalation.considered","","440",,,,,,,,,,,,,,,,,"","","","","","","","",,
"react-baseline-vs-ccrs-v1-t2","002-ccrs","react_ccrs_mazeV1_t2","react_ccrs_mazeV1_t2_20260625_141909.log","14643","react.ccrs.contingency.escalation.skipped","","440",,,,,,"no_escalation_condition_met",,,,,,,,,,,"","","","","","","","",,
"react-baseline-vs-ccrs-v1-t2","002-ccrs","react_ccrs_mazeV1_t2","react_ccrs_mazeV1_t2_20260625_141909.log","14711","react.ccrs.contingency.escalation.considered","","441",,,,,,,,,,,,,,,,,"","","","","","","","",,
"react-baseline-vs-ccrs-v1-t2","002-ccrs","react_ccrs_mazeV1_t2","react_ccrs_mazeV1_t2_20260625_141909.log","14712","react.ccrs.contingency.escalation.skipped","","441",,,,,,"no_escalation_condition_met",,,,,,,,,,,"","","","","","","","",,
"react-baseline-vs-ccrs-v1-t2","002-ccrs","react_ccrs_mazeV1_t2","react_ccrs_mazeV1_t2_20260625_141909.log","14780","react.ccrs.contingency.escalation.considered","","442",,,,,,,,,,,,,,,,,"","","","","","","","",,
"react-baseline-vs-ccrs-v1-t2","002-ccrs","react_ccrs_mazeV1_t2","react_ccrs_mazeV1_t2_20260625_141909.log","14781","react.ccrs.contingency.escalation.skipped","","442",,,,,,"no_escalation_condition_met",,,,,,,,,,,"","","","","","","","",,
"react-baseline-vs-ccrs-v1-t2","002-ccrs","react_ccrs_mazeV1_t2","react_ccrs_mazeV1_t2_20260625_141909.log","14849","react.ccrs.contingency.escalation.considered","","443",,,,,,,,,,,,,,,,,"","","","","","","","",,
"react-baseline-vs-ccrs-v1-t2","002-ccrs","react_ccrs_mazeV1_t2","react_ccrs_mazeV1_t2_20260625_141909.log","14850","react.ccrs.contingency.escalation.skipped","","443",,,,,,"no_escalation_condition_met",,,,,,,,,,,"","","","","","","","",,
"react-baseline-vs-ccrs-v1-t2","002-ccrs","react_ccrs_mazeV1_t2","react_ccrs_mazeV1_t2_20260625_141909.log","14918","react.ccrs.contingency.escalation.considered","","444",,,,,,,,,,,,,,,,,"","","","","","","","",,
"react-baseline-vs-ccrs-v1-t2","002-ccrs","react_ccrs_mazeV1_t2","react_ccrs_mazeV1_t2_20260625_141909.log","14919","react.ccrs.contingency.escalation.skipped","","444",,,,,,"no_escalation_condition_met",,,,,,,,,,,"","","","","","","","",,
"react-baseline-vs-ccrs-v1-t2","002-ccrs","react_ccrs_mazeV1_t2","react_ccrs_mazeV1_t2_20260625_141909.log","14987","react.ccrs.contingency.escalation.considered","","445",,,,,,,,,,,,,,,,,"","","","","","","","",,
"react-baseline-vs-ccrs-v1-t2","002-ccrs","react_ccrs_mazeV1_t2","react_ccrs_mazeV1_t2_20260625_141909.log","14988","react.ccrs.contingency.escalation.skipped","","445",,,,,,"no_escalation_condition_met",,,,,,,,,,,"","","","","","","","",,
"react-baseline-vs-ccrs-v1-t2","002-ccrs","react_ccrs_mazeV1_t2","react_ccrs_mazeV1_t2_20260625_141909.log","15056","react.ccrs.contingency.escalation.considered","","446",,,,,,,,,,,,,,,,,"","","","","","","","",,
"react-baseline-vs-ccrs-v1-t2","002-ccrs","react_ccrs_mazeV1_t2","react_ccrs_mazeV1_t2_20260625_141909.log","15057","react.ccrs.contingency.escalation.skipped","","446",,,,,,"no_escalation_condition_met",,,,,,,,,,,"","","","","","","","",,
"react-baseline-vs-ccrs-v1-t2","002-ccrs","react_ccrs_mazeV1_t2","react_ccrs_mazeV1_t2_20260625_141909.log","15125","react.ccrs.contingency.escalation.considered","","447",,,,,,,,,,,,,,,,,"","","","","","","","",,
"react-baseline-vs-ccrs-v1-t2","002-ccrs","react_ccrs_mazeV1_t2","react_ccrs_mazeV1_t2_20260625_141909.log","15126","react.ccrs.contingency.escalation.skipped","","447",,,,,,"no_escalation_condition_met",,,,,,,,,,,"","","","","","","","",,
"react-baseline-vs-ccrs-v1-t2","002-ccrs","react_ccrs_mazeV1_t2","react_ccrs_mazeV1_t2_20260625_141909.log","15194","react.ccrs.contingency.escalation.considered","","448",,,,,,,,,,,,,,,,,"","","","","","","","",,
"react-baseline-vs-ccrs-v1-t2","002-ccrs","react_ccrs_mazeV1_t2","react_ccrs_mazeV1_t2_20260625_141909.log","15195","react.ccrs.contingency.escalation.skipped","","448",,,,,,"no_escalation_condition_met",,,,,,,,,,,"","","","","","","","",,
"react-baseline-vs-ccrs-v1-t2","002-ccrs","react_ccrs_mazeV1_t2","react_ccrs_mazeV1_t2_20260625_141909.log","15263","react.ccrs.contingency.escalation.considered","","449",,,,,,,,,,,,,,,,,"","","","","","","","",,
"react-baseline-vs-ccrs-v1-t2","002-ccrs","react_ccrs_mazeV1_t2","react_ccrs_mazeV1_t2_20260625_141909.log","15264","react.ccrs.contingency.escalation.skipped","","449",,,,,,"no_escalation_condition_met",,,,,,,,,,,"","","","","","","","",,
"react-baseline-vs-ccrs-v1-t2","002-ccrs","react_ccrs_mazeV1_t2","react_ccrs_mazeV1_t2_20260625_141909.log","15332","react.ccrs.contingency.escalation.considered","","450",,,,,,,,,,,,,,,,,"","","","","","","","",,
"react-baseline-vs-ccrs-v1-t2","002-ccrs","react_ccrs_mazeV1_t2","react_ccrs_mazeV1_t2_20260625_141909.log","15333","react.ccrs.contingency.escalation.skipped","","450",,,,,,"no_escalation_condition_met",,,,,,,,,,,"","","","","","","","",,
"react-baseline-vs-ccrs-v1-t2","002-ccrs","react_ccrs_mazeV1_t2","react_ccrs_mazeV1_t2_20260625_141909.log","15401","react.ccrs.contingency.escalation.considered","","451",,,,,,,,,,,,,,,,,"","","","","","","","",,
"react-baseline-vs-ccrs-v1-t2","002-ccrs","react_ccrs_mazeV1_t2","react_ccrs_mazeV1_t2_20260625_141909.log","15402","react.ccrs.contingency.escalation.skipped","","451",,,,,,"no_escalation_condition_met",,,,,,,,,,,"","","","","","","","",,
"react-baseline-vs-ccrs-v1-t2","002-ccrs","react_ccrs_mazeV1_t2","react_ccrs_mazeV1_t2_20260625_141909.log","15470","react.ccrs.contingency.escalation.considered","","452",,,,,,,,,,,,,,,,,"","","","","","","","",,
"react-baseline-vs-ccrs-v1-t2","002-ccrs","react_ccrs_mazeV1_t2","react_ccrs_mazeV1_t2_20260625_141909.log","15471","react.ccrs.contingency.escalation.skipped","","452",,,,,,"no_escalation_condition_met",,,,,,,,,,,"","","","","","","","",,
"react-baseline-vs-ccrs-v1-t2","002-ccrs","react_ccrs_mazeV1_t2","react_ccrs_mazeV1_t2_20260625_141909.log","15539","react.ccrs.contingency.escalation.considered","","453",,,,,,,,,,,,,,,,,"","","","","","","","",,
"react-baseline-vs-ccrs-v1-t2","002-ccrs","react_ccrs_mazeV1_t2","react_ccrs_mazeV1_t2_20260625_141909.log","15540","react.ccrs.contingency.escalation.skipped","","453",,,,,,"no_escalation_condition_met",,,,,,,,,,,"","","","","","","","",,
"react-baseline-vs-ccrs-v1-t2","002-ccrs","react_ccrs_mazeV1_t2","react_ccrs_mazeV1_t2_20260625_141909.log","15608","react.ccrs.contingency.escalation.considered","","454",,,,,,,,,,,,,,,,,"","","","","","","","",,
"react-baseline-vs-ccrs-v1-t2","002-ccrs","react_ccrs_mazeV1_t2","react_ccrs_mazeV1_t2_20260625_141909.log","15609","react.ccrs.contingency.escalation.skipped","","454",,,,,,"no_escalation_condition_met",,,,,,,,,,,"","","","","","","","",,
"react-baseline-vs-ccrs-v1-t2","002-ccrs","react_ccrs_mazeV1_t2","react_ccrs_mazeV1_t2_20260625_141909.log","15677","react.ccrs.contingency.escalation.considered","","455",,,,,,,,,,,,,,,,,"","","","","","","","",,
"react-baseline-vs-ccrs-v1-t2","002-ccrs","react_ccrs_mazeV1_t2","react_ccrs_mazeV1_t2_20260625_141909.log","15678","react.ccrs.contingency.escalation.skipped","","455",,,,,,"no_escalation_condition_met",,,,,,,,,,,"","","","","","","","",,
"react-baseline-vs-ccrs-v1-t2","002-ccrs","react_ccrs_mazeV1_t2","react_ccrs_mazeV1_t2_20260625_141909.log","15746","react.ccrs.contingency.escalation.considered","","456",,,,,,,,,,,,,,,,,"","","","","","","","",,
"react-baseline-vs-ccrs-v1-t2","002-ccrs","react_ccrs_mazeV1_t2","react_ccrs_mazeV1_t2_20260625_141909.log","15747","react.ccrs.contingency.escalation.skipped","","456",,,,,,"no_escalation_condition_met",,,,,,,,,,,"","","","","","","","",,
"react-baseline-vs-ccrs-v1-t2","002-ccrs","react_ccrs_mazeV1_t2","react_ccrs_mazeV1_t2_20260625_141909.log","15815","react.ccrs.contingency.escalation.considered","","457",,,,,,,,,,,,,,,,,"","","","","","","","",,
"react-baseline-vs-ccrs-v1-t2","002-ccrs","react_ccrs_mazeV1_t2","react_ccrs_mazeV1_t2_20260625_141909.log","15816","react.ccrs.contingency.escalation.skipped","","457",,,,,,"no_escalation_condition_met",,,,,,,,,,,"","","","","","","","",,
"react-baseline-vs-ccrs-v1-t2","002-ccrs","react_ccrs_mazeV1_t2","react_ccrs_mazeV1_t2_20260625_141909.log","15827","react.ccrs.contingency.escalation.considered","","458",,,,,,,,,,,,,,,,,"","","","","","","","",,
"react-baseline-vs-ccrs-v1-t2","002-ccrs","react_ccrs_mazeV1_t2","react_ccrs_mazeV1_t2_20260625_141909.log","15828","react.ccrs.contingency.escalation.skipped","","458",,,,,,"no_escalation_condition_met",,,,,,,,,,,"","","","","","","","",,
"react-baseline-vs-ccrs-v1-t2","002-ccrs","react_ccrs_mazeV1_t2","react_ccrs_mazeV1_t2_20260625_141909.log","15915","react.ccrs.contingency.escalation.considered","","459",,,,,,,,,,,,,,,,,"","","","","","","","",,
"react-baseline-vs-ccrs-v1-t2","002-ccrs","react_ccrs_mazeV1_t2","react_ccrs_mazeV1_t2_20260625_141909.log","15916","react.ccrs.contingency.escalation.skipped","","459",,,,,,"no_escalation_condition_met",,,,,,,,,,,"","","","","","","","",,
"react-baseline-vs-ccrs-v1-t2","002-ccrs","react_ccrs_mazeV1_t2","react_ccrs_mazeV1_t2_20260625_141909.log","16003","react.ccrs.contingency.escalation.considered","","460",,,,,,,,,,,,,,,,,"","","","","","","","",,
"react-baseline-vs-ccrs-v1-t2","002-ccrs","react_ccrs_mazeV1_t2","react_ccrs_mazeV1_t2_20260625_141909.log","16004","react.ccrs.contingency.escalation.skipped","","460",,,,,,"no_escalation_condition_met",,,,,,,,,,,"","","","","","","","",,
"react-baseline-vs-ccrs-v1-t2","002-ccrs","react_ccrs_mazeV1_t2","react_ccrs_mazeV1_t2_20260625_141909.log","16091","react.ccrs.contingency.escalation.considered","","461",,,,,,,,,,,,,,,,,"","","","","","","","",,
"react-baseline-vs-ccrs-v1-t2","002-ccrs","react_ccrs_mazeV1_t2","react_ccrs_mazeV1_t2_20260625_141909.log","16092","react.ccrs.contingency.escalation.skipped","","461",,,,,,"no_escalation_condition_met",,,,,,,,,,,"","","","","","","","",,
"react-baseline-vs-ccrs-v1-t2","002-ccrs","react_ccrs_mazeV1_t2","react_ccrs_mazeV1_t2_20260625_141909.log","16179","react.ccrs.contingency.escalation.considered","","462",,,,,,,,,,,,,,,,,"","","","","","","","",,
"react-baseline-vs-ccrs-v1-t2","002-ccrs","react_ccrs_mazeV1_t2","react_ccrs_mazeV1_t2_20260625_141909.log","16180","react.ccrs.contingency.escalation.skipped","","462",,,,,,"no_escalation_condition_met",,,,,,,,,,,"","","","","","","","",,
"react-baseline-vs-ccrs-v1-t2","002-ccrs","react_ccrs_mazeV1_t2","react_ccrs_mazeV1_t2_20260625_141909.log","16267","react.ccrs.contingency.escalation.considered","","463",,,,,,,,,,,,,,,,,"","","","","","","","",,
"react-baseline-vs-ccrs-v1-t2","002-ccrs","react_ccrs_mazeV1_t2","react_ccrs_mazeV1_t2_20260625_141909.log","16268","react.ccrs.contingency.escalation.skipped","","463",,,,,,"no_escalation_condition_met",,,,,,,,,,,"","","","","","","","",,
"react-baseline-vs-ccrs-v1-t2","002-ccrs","react_ccrs_mazeV1_t2","react_ccrs_mazeV1_t2_20260625_141909.log","16284","react.ccrs.contingency.escalation.considered","","464",,,,,,,,,,,,,,,,,"","","","","","","","",,
"react-baseline-vs-ccrs-v1-t2","002-ccrs","react_ccrs_mazeV1_t2","react_ccrs_mazeV1_t2_20260625_141909.log","16285","react.ccrs.contingency.escalation.skipped","","464",,,,,,"no_escalation_condition_met",,,,,,,,,,,"","","","","","","","",,
"react-baseline-vs-ccrs-v1-t2","002-ccrs","react_ccrs_mazeV1_t2","react_ccrs_mazeV1_t2_20260625_141909.log","16372","react.ccrs.contingency.escalation.considered","","465",,,,,,,,,,,,,,,,,"","","","","","","","",,
"react-baseline-vs-ccrs-v1-t2","002-ccrs","react_ccrs_mazeV1_t2","react_ccrs_mazeV1_t2_20260625_141909.log","16373","react.ccrs.contingency.escalation.skipped","","465",,,,,,"no_escalation_condition_met",,,,,,,,,,,"","","","","","","","",,
"react-baseline-vs-ccrs-v1-t2","002-ccrs","react_ccrs_mazeV1_t2","react_ccrs_mazeV1_t2_20260625_141909.log","16384","react.ccrs.contingency.escalation.considered","","466",,,,,,,,,,,,,,,,,"","","","","","","","",,
"react-baseline-vs-ccrs-v1-t2","002-ccrs","react_ccrs_mazeV1_t2","react_ccrs_mazeV1_t2_20260625_141909.log","16385","react.ccrs.contingency.escalation.skipped","","466",,,,,,"no_escalation_condition_met",,,,,,,,,,,"","","","","","","","",,
"react-baseline-vs-ccrs-v1-t2","002-ccrs","react_ccrs_mazeV1_t2","react_ccrs_mazeV1_t2_20260625_141909.log","16472","react.ccrs.contingency.escalation.considered","","467",,,,,,,,,,,,,,,,,"","","","","","","","",,
"react-baseline-vs-ccrs-v1-t2","002-ccrs","react_ccrs_mazeV1_t2","react_ccrs_mazeV1_t2_20260625_141909.log","16473","react.ccrs.contingency.escalation.skipped","","467",,,,,,"no_escalation_condition_met",,,,,,,,,,,"","","","","","","","",,
"react-baseline-vs-ccrs-v1-t2","002-ccrs","react_ccrs_mazeV1_t2","react_ccrs_mazeV1_t2_20260625_141909.log","16560","react.ccrs.contingency.escalation.considered","","468",,,,,,,,,,,,,,,,,"","","","","","","","",,
"react-baseline-vs-ccrs-v1-t2","002-ccrs","react_ccrs_mazeV1_t2","react_ccrs_mazeV1_t2_20260625_141909.log","16561","react.ccrs.contingency.escalation.skipped","","468",,,,,,"no_escalation_condition_met",,,,,,,,,,,"","","","","","","","",,
"react-baseline-vs-ccrs-v1-t2","002-ccrs","react_ccrs_mazeV1_t2","react_ccrs_mazeV1_t2_20260625_141909.log","16648","react.ccrs.contingency.escalation.considered","","469",,,,,,,,,,,,,,,,,"","","","","","","","",,
"react-baseline-vs-ccrs-v1-t2","002-ccrs","react_ccrs_mazeV1_t2","react_ccrs_mazeV1_t2_20260625_141909.log","16649","react.ccrs.contingency.escalation.skipped","","469",,,,,,"no_escalation_condition_met",,,,,,,,,,,"","","","","","","","",,
"react-baseline-vs-ccrs-v1-t2","002-ccrs","react_ccrs_mazeV1_t2","react_ccrs_mazeV1_t2_20260625_141909.log","16736","react.ccrs.contingency.escalation.considered","","470",,,,,,,,,,,,,,,,,"","","","","","","","",,
"react-baseline-vs-ccrs-v1-t2","002-ccrs","react_ccrs_mazeV1_t2","react_ccrs_mazeV1_t2_20260625_141909.log","16737","react.ccrs.contingency.escalation.skipped","","470",,,,,,"no_escalation_condition_met",,,,,,,,,,,"","","","","","","","",,
"react-baseline-vs-ccrs-v1-t2","002-ccrs","react_ccrs_mazeV1_t2","react_ccrs_mazeV1_t2_20260625_141909.log","16824","react.ccrs.contingency.escalation.considered","","471",,,,,,,,,,,,,,,,,"","","","","","","","",,
"react-baseline-vs-ccrs-v1-t2","002-ccrs","react_ccrs_mazeV1_t2","react_ccrs_mazeV1_t2_20260625_141909.log","16825","react.ccrs.contingency.escalation.skipped","","471",,,,,,"no_escalation_condition_met",,,,,,,,,,,"","","","","","","","",,
"react-baseline-vs-ccrs-v1-t2","002-ccrs","react_ccrs_mazeV1_t2","react_ccrs_mazeV1_t2_20260625_141909.log","16912","react.ccrs.contingency.escalation.considered","","472",,,,,,,,,,,,,,,,,"","","","","","","","",,
"react-baseline-vs-ccrs-v1-t2","002-ccrs","react_ccrs_mazeV1_t2","react_ccrs_mazeV1_t2_20260625_141909.log","16913","react.ccrs.contingency.escalation.skipped","","472",,,,,,"no_escalation_condition_met",,,,,,,,,,,"","","","","","","","",,
"react-baseline-vs-ccrs-v1-t2","002-ccrs","react_ccrs_mazeV1_t2","react_ccrs_mazeV1_t2_20260625_141909.log","17000","react.ccrs.contingency.escalation.considered","","473",,,,,,,,,,,,,,,,,"","","","","","","","",,
"react-baseline-vs-ccrs-v1-t2","002-ccrs","react_ccrs_mazeV1_t2","react_ccrs_mazeV1_t2_20260625_141909.log","17001","react.ccrs.contingency.escalation.skipped","","473",,,,,,"no_escalation_condition_met",,,,,,,,,,,"","","","","","","","",,
"react-baseline-vs-ccrs-v1-t2","002-ccrs","react_ccrs_mazeV1_t2","react_ccrs_mazeV1_t2_20260625_141909.log","17088","react.ccrs.contingency.escalation.considered","","474",,,,,,,,,,,,,,,,,"","","","","","","","",,
"react-baseline-vs-ccrs-v1-t2","002-ccrs","react_ccrs_mazeV1_t2","react_ccrs_mazeV1_t2_20260625_141909.log","17089","react.ccrs.contingency.escalation.skipped","","474",,,,,,"no_escalation_condition_met",,,,,,,,,,,"","","","","","","","",,
"react-baseline-vs-ccrs-v1-t2","002-ccrs","react_ccrs_mazeV1_t2","react_ccrs_mazeV1_t2_20260625_141909.log","17176","react.ccrs.contingency.escalation.considered","","475",,,,,,,,,,,,,,,,,"","","","","","","","",,
"react-baseline-vs-ccrs-v1-t2","002-ccrs","react_ccrs_mazeV1_t2","react_ccrs_mazeV1_t2_20260625_141909.log","17177","react.ccrs.contingency.escalation.skipped","","475",,,,,,"no_escalation_condition_met",,,,,,,,,,,"","","","","","","","",,
"react-baseline-vs-ccrs-v1-t2","002-ccrs","react_ccrs_mazeV1_t2","react_ccrs_mazeV1_t2_20260625_141909.log","17264","react.ccrs.contingency.escalation.considered","","476",,,,,,,,,,,,,,,,,"","","","","","","","",,
"react-baseline-vs-ccrs-v1-t2","002-ccrs","react_ccrs_mazeV1_t2","react_ccrs_mazeV1_t2_20260625_141909.log","17265","react.ccrs.contingency.escalation.skipped","","476",,,,,,"no_escalation_condition_met",,,,,,,,,,,"","","","","","","","",,
"react-baseline-vs-ccrs-v1-t2","002-ccrs","react_ccrs_mazeV1_t2","react_ccrs_mazeV1_t2_20260625_141909.log","17352","react.ccrs.contingency.escalation.considered","","477",,,,,,,,,,,,,,,,,"","","","","","","","",,
"react-baseline-vs-ccrs-v1-t2","002-ccrs","react_ccrs_mazeV1_t2","react_ccrs_mazeV1_t2_20260625_141909.log","17353","react.ccrs.contingency.escalation.skipped","","477",,,,,,"no_escalation_condition_met",,,,,,,,,,,"","","","","","","","",,
"react-baseline-vs-ccrs-v1-t2","002-ccrs","react_ccrs_mazeV1_t2","react_ccrs_mazeV1_t2_20260625_141909.log","17440","react.ccrs.contingency.escalation.considered","","478",,,,,,,,,,,,,,,,,"","","","","","","","",,
"react-baseline-vs-ccrs-v1-t2","002-ccrs","react_ccrs_mazeV1_t2","react_ccrs_mazeV1_t2_20260625_141909.log","17441","react.ccrs.contingency.escalation.skipped","","478",,,,,,"no_escalation_condition_met",,,,,,,,,,,"","","","","","","","",,
"react-baseline-vs-ccrs-v1-t2","002-ccrs","react_ccrs_mazeV1_t2","react_ccrs_mazeV1_t2_20260625_141909.log","17528","react.ccrs.contingency.escalation.considered","","479",,,,,,,,,,,,,,,,,"","","","","","","","",,
"react-baseline-vs-ccrs-v1-t2","002-ccrs","react_ccrs_mazeV1_t2","react_ccrs_mazeV1_t2_20260625_141909.log","17529","react.ccrs.contingency.escalation.skipped","","479",,,,,,"no_escalation_condition_met",,,,,,,,,,,"","","","","","","","",,
"react-baseline-vs-ccrs-v1-t2","002-ccrs","react_ccrs_mazeV1_t2","react_ccrs_mazeV1_t2_20260625_141909.log","17616","react.ccrs.contingency.escalation.considered","","480",,,,,,,,,,,,,,,,,"","","","","","","","",,
"react-baseline-vs-ccrs-v1-t2","002-ccrs","react_ccrs_mazeV1_t2","react_ccrs_mazeV1_t2_20260625_141909.log","17617","react.ccrs.contingency.escalation.skipped","","480",,,,,,"no_escalation_condition_met",,,,,,,,,,,"","","","","","","","",,
"react-baseline-vs-ccrs-v1-t2","002-ccrs","react_ccrs_mazeV1_t2","react_ccrs_mazeV1_t2_20260625_141909.log","17704","react.ccrs.contingency.escalation.considered","","481",,,,,,,,,,,,,,,,,"","","","","","","","",,
"react-baseline-vs-ccrs-v1-t2","002-ccrs","react_ccrs_mazeV1_t2","react_ccrs_mazeV1_t2_20260625_141909.log","17705","react.ccrs.contingency.escalation.skipped","","481",,,,,,"no_escalation_condition_met",,,,,,,,,,,"","","","","","","","",,
"react-baseline-vs-ccrs-v1-t2","002-ccrs","react_ccrs_mazeV1_t2","react_ccrs_mazeV1_t2_20260625_141909.log","17792","react.ccrs.contingency.escalation.considered","","482",,,,,,,,,,,,,,,,,"","","","","","","","",,
"react-baseline-vs-ccrs-v1-t2","002-ccrs","react_ccrs_mazeV1_t2","react_ccrs_mazeV1_t2_20260625_141909.log","17793","react.ccrs.contingency.escalation.skipped","","482",,,,,,"no_escalation_condition_met",,,,,,,,,,,"","","","","","","","",,
"react-baseline-vs-ccrs-v1-t2","002-ccrs","react_ccrs_mazeV1_t2","react_ccrs_mazeV1_t2_20260625_141909.log","17880","react.ccrs.contingency.escalation.considered","","483",,,,,,,,,,,,,,,,,"","","","","","","","",,
"react-baseline-vs-ccrs-v1-t2","002-ccrs","react_ccrs_mazeV1_t2","react_ccrs_mazeV1_t2_20260625_141909.log","17881","react.ccrs.contingency.escalation.skipped","","483",,,,,,"no_escalation_condition_met",,,,,,,,,,,"","","","","","","","",,
"react-baseline-vs-ccrs-v1-t2","002-ccrs","react_ccrs_mazeV1_t2","react_ccrs_mazeV1_t2_20260625_141909.log","17897","react.ccrs.contingency.escalation.considered","","484",,,,,,,,,,,,,,,,,"","","","","","","","",,
"react-baseline-vs-ccrs-v1-t2","002-ccrs","react_ccrs_mazeV1_t2","react_ccrs_mazeV1_t2_20260625_141909.log","17898","react.ccrs.contingency.escalation.skipped","","484",,,,,,"no_escalation_condition_met",,,,,,,,,,,"","","","","","","","",,
"react-baseline-vs-ccrs-v1-t2","002-ccrs","react_ccrs_mazeV1_t2","react_ccrs_mazeV1_t2_20260625_141909.log","17985","react.ccrs.contingency.escalation.considered","","485",,,,,,,,,,,,,,,,,"","","","","","","","",,
"react-baseline-vs-ccrs-v1-t2","002-ccrs","react_ccrs_mazeV1_t2","react_ccrs_mazeV1_t2_20260625_141909.log","17986","react.ccrs.contingency.escalation.skipped","","485",,,,,,"no_escalation_condition_met",,,,,,,,,,,"","","","","","","","",,
"react-baseline-vs-ccrs-v1-t2","002-ccrs","react_ccrs_mazeV1_t2","react_ccrs_mazeV1_t2_20260625_141909.log","18073","react.ccrs.contingency.escalation.considered","","486",,,,,,,,,,,,,,,,,"","","","","","","","",,
"react-baseline-vs-ccrs-v1-t2","002-ccrs","react_ccrs_mazeV1_t2","react_ccrs_mazeV1_t2_20260625_141909.log","18074","react.ccrs.contingency.escalation.skipped","","486",,,,,,"no_escalation_condition_met",,,,,,,,,,,"","","","","","","","",,
"react-baseline-vs-ccrs-v1-t2","002-ccrs","react_ccrs_mazeV1_t2","react_ccrs_mazeV1_t2_20260625_141909.log","18090","react.ccrs.contingency.escalation.considered","","487",,,,,,,,,,,,,,,,,"","","","","","","","",,
"react-baseline-vs-ccrs-v1-t2","002-ccrs","react_ccrs_mazeV1_t2","react_ccrs_mazeV1_t2_20260625_141909.log","18091","react.ccrs.contingency.escalation.skipped","","487",,,,,,"no_escalation_condition_met",,,,,,,,,,,"","","","","","","","",,
"react-baseline-vs-ccrs-v1-t2","002-ccrs","react_ccrs_mazeV1_t2","react_ccrs_mazeV1_t2_20260625_141909.log","18178","react.ccrs.contingency.escalation.considered","","488",,,,,,,,,,,,,,,,,"","","","","","","","",,
"react-baseline-vs-ccrs-v1-t2","002-ccrs","react_ccrs_mazeV1_t2","react_ccrs_mazeV1_t2_20260625_141909.log","18179","react.ccrs.contingency.escalation.skipped","","488",,,,,,"no_escalation_condition_met",,,,,,,,,,,"","","","","","","","",,
"react-baseline-vs-ccrs-v1-t2","002-ccrs","react_ccrs_mazeV1_t2","react_ccrs_mazeV1_t2_20260625_141909.log","18266","react.ccrs.contingency.escalation.considered","","489",,,,,,,,,,,,,,,,,"","","","","","","","",,
"react-baseline-vs-ccrs-v1-t2","002-ccrs","react_ccrs_mazeV1_t2","react_ccrs_mazeV1_t2_20260625_141909.log","18267","react.ccrs.contingency.escalation.skipped","","489",,,,,,"no_escalation_condition_met",,,,,,,,,,,"","","","","","","","",,
"react-baseline-vs-ccrs-v1-t2","002-ccrs","react_ccrs_mazeV1_t2","react_ccrs_mazeV1_t2_20260625_141909.log","18354","react.ccrs.contingency.escalation.considered","","490",,,,,,,,,,,,,,,,,"","","","","","","","",,
"react-baseline-vs-ccrs-v1-t2","002-ccrs","react_ccrs_mazeV1_t2","react_ccrs_mazeV1_t2_20260625_141909.log","18355","react.ccrs.contingency.escalation.skipped","","490",,,,,,"no_escalation_condition_met",,,,,,,,,,,"","","","","","","","",,
"react-baseline-vs-ccrs-v1-t2","002-ccrs","react_ccrs_mazeV1_t2","react_ccrs_mazeV1_t2_20260625_141909.log","18442","react.ccrs.contingency.escalation.considered","","491",,,,,,,,,,,,,,,,,"","","","","","","","",,
"react-baseline-vs-ccrs-v1-t2","002-ccrs","react_ccrs_mazeV1_t2","react_ccrs_mazeV1_t2_20260625_141909.log","18443","react.ccrs.contingency.escalation.skipped","","491",,,,,,"no_escalation_condition_met",,,,,,,,,,,"","","","","","","","",,
"react-baseline-vs-ccrs-v1-t2","002-ccrs","react_ccrs_mazeV1_t2","react_ccrs_mazeV1_t2_20260625_141909.log","18530","react.ccrs.contingency.escalation.considered","","492",,,,,,,,,,,,,,,,,"","","","","","","","",,
"react-baseline-vs-ccrs-v1-t2","002-ccrs","react_ccrs_mazeV1_t2","react_ccrs_mazeV1_t2_20260625_141909.log","18531","react.ccrs.contingency.escalation.skipped","","492",,,,,,"no_escalation_condition_met",,,,,,,,,,,"","","","","","","","",,
"react-baseline-vs-ccrs-v1-t2","002-ccrs","react_ccrs_mazeV1_t2","react_ccrs_mazeV1_t2_20260625_141909.log","18618","react.ccrs.contingency.escalation.considered","","493",,,,,,,,,,,,,,,,,"","","","","","","","",,
"react-baseline-vs-ccrs-v1-t2","002-ccrs","react_ccrs_mazeV1_t2","react_ccrs_mazeV1_t2_20260625_141909.log","18619","react.ccrs.contingency.escalation.skipped","","493",,,,,,"no_escalation_condition_met",,,,,,,,,,,"","","","","","","","",,
"react-baseline-vs-ccrs-v1-t2","002-ccrs","react_ccrs_mazeV1_t2","react_ccrs_mazeV1_t2_20260625_141909.log","18630","react.ccrs.contingency.escalation.considered","","494",,,,,,,,,,,,,,,,,"","","","","","","","",,
"react-baseline-vs-ccrs-v1-t2","002-ccrs","react_ccrs_mazeV1_t2","react_ccrs_mazeV1_t2_20260625_141909.log","18631","react.ccrs.contingency.escalation.skipped","","494",,,,,,"no_escalation_condition_met",,,,,,,,,,,"","","","","","","","",,
"react-baseline-vs-ccrs-v1-t2","002-ccrs","react_ccrs_mazeV1_t2","react_ccrs_mazeV1_t2_20260625_141909.log","18718","react.ccrs.contingency.escalation.considered","","495",,,,,,,,,,,,,,,,,"","","","","","","","",,
"react-baseline-vs-ccrs-v1-t2","002-ccrs","react_ccrs_mazeV1_t2","react_ccrs_mazeV1_t2_20260625_141909.log","18719","react.ccrs.contingency.escalation.skipped","","495",,,,,,"no_escalation_condition_met",,,,,,,,,,,"","","","","","","","",,
"react-baseline-vs-ccrs-v1-t2","002-ccrs","react_ccrs_mazeV1_t2","react_ccrs_mazeV1_t2_20260625_141909.log","18806","react.ccrs.contingency.escalation.considered","","496",,,,,,,,,,,,,,,,,"","","","","","","","",,
"react-baseline-vs-ccrs-v1-t2","002-ccrs","react_ccrs_mazeV1_t2","react_ccrs_mazeV1_t2_20260625_141909.log","18807","react.ccrs.contingency.escalation.skipped","","496",,,,,,"no_escalation_condition_met",,,,,,,,,,,"","","","","","","","",,
"react-baseline-vs-ccrs-v1-t2","002-ccrs","react_ccrs_mazeV1_t2","react_ccrs_mazeV1_t2_20260625_141909.log","18818","react.ccrs.contingency.escalation.considered","","497",,,,,,,,,,,,,,,,,"","","","","","","","",,
"react-baseline-vs-ccrs-v1-t2","002-ccrs","react_ccrs_mazeV1_t2","react_ccrs_mazeV1_t2_20260625_141909.log","18819","react.ccrs.contingency.escalation.skipped","","497",,,,,,"no_escalation_condition_met",,,,,,,,,,,"","","","","","","","",,
"react-baseline-vs-ccrs-v1-t2","002-ccrs","react_ccrs_mazeV1_t2","react_ccrs_mazeV1_t2_20260625_141909.log","18925","react.ccrs.contingency.escalation.considered","","498",,,,,,,,,,,,,,,,,"","","","","","","","",,
"react-baseline-vs-ccrs-v1-t2","002-ccrs","react_ccrs_mazeV1_t2","react_ccrs_mazeV1_t2_20260625_141909.log","18926","react.ccrs.contingency.escalation.skipped","","498",,,,,,"no_escalation_condition_met",,,,,,,,,,,"","","","","","","","",,
"react-baseline-vs-ccrs-v1-t2","002-ccrs","react_ccrs_mazeV1_t2","react_ccrs_mazeV1_t2_20260625_141909.log","18942","react.ccrs.contingency.escalation.considered","","499",,,,,,,,,,,,,,,,,"","","","","","","","",,
"react-baseline-vs-ccrs-v1-t2","002-ccrs","react_ccrs_mazeV1_t2","react_ccrs_mazeV1_t2_20260625_141909.log","18943","react.ccrs.contingency.escalation.skipped","","499",,,,,,"no_escalation_condition_met",,,,,,,,,,,"","","","","","","","",,
"react-baseline-vs-ccrs-v1-t2","002-ccrs","react_ccrs_mazeV1_t2","react_ccrs_mazeV1_t2_20260625_141909.log","19049","react.ccrs.contingency.escalation.considered","","500",,,,,,,,,,,,,,,,,"","","","","","","","",,
"react-baseline-vs-ccrs-v1-t2","002-ccrs","react_ccrs_mazeV1_t2","react_ccrs_mazeV1_t2_20260625_141909.log","19050","react.ccrs.contingency.escalation.skipped","","500",,,,,,"no_escalation_condition_met",,,,,,,,,,,"","","","","","","","",,
"react-baseline-vs-ccrs-v1-t2","002-ccrs","react_ccrs_mazeV1_t2","react_ccrs_mazeV1_t2_20260625_141909.log","19061","react.ccrs.contingency.escalation.considered","","501",,,,,,,,,,,,,,,,,"","","","","","","","",,
"react-baseline-vs-ccrs-v1-t2","002-ccrs","react_ccrs_mazeV1_t2","react_ccrs_mazeV1_t2_20260625_141909.log","19062","react.ccrs.contingency.escalation.skipped","","501",,,,,,"no_escalation_condition_met",,,,,,,,,,,"","","","","","","","",,
"react-baseline-vs-ccrs-v1-t2","002-ccrs","react_ccrs_mazeV1_t2","react_ccrs_mazeV1_t2_20260625_141909.log","19149","react.ccrs.contingency.escalation.considered","","502",,,,,,,,,,,,,,,,,"","","","","","","","",,
"react-baseline-vs-ccrs-v1-t2","002-ccrs","react_ccrs_mazeV1_t2","react_ccrs_mazeV1_t2_20260625_141909.log","19150","react.ccrs.contingency.escalation.skipped","","502",,,,,,"no_escalation_condition_met",,,,,,,,,,,"","","","","","","","",,
"react-baseline-vs-ccrs-v1-t2","002-ccrs","react_ccrs_mazeV1_t2","react_ccrs_mazeV1_t2_20260625_141909.log","19237","react.ccrs.contingency.escalation.considered","","503",,,,,,,,,,,,,,,,,"","","","","","","","",,
"react-baseline-vs-ccrs-v1-t2","002-ccrs","react_ccrs_mazeV1_t2","react_ccrs_mazeV1_t2_20260625_141909.log","19238","react.ccrs.contingency.escalation.skipped","","503",,,,,,"no_escalation_condition_met",,,,,,,,,,,"","","","","","","","",,
"react-baseline-vs-ccrs-v1-t2","002-ccrs","react_ccrs_mazeV1_t2","react_ccrs_mazeV1_t2_20260625_141909.log","19325","react.ccrs.contingency.escalation.considered","","504",,,,,,,,,,,,,,,,,"","","","","","","","",,
"react-baseline-vs-ccrs-v1-t2","002-ccrs","react_ccrs_mazeV1_t2","react_ccrs_mazeV1_t2_20260625_141909.log","19326","react.ccrs.contingency.escalation.skipped","","504",,,,,,"no_escalation_condition_met",,,,,,,,,,,"","","","","","","","",,
"react-baseline-vs-ccrs-v1-t2","002-ccrs","react_ccrs_mazeV1_t2","react_ccrs_mazeV1_t2_20260625_141909.log","19413","react.ccrs.contingency.escalation.considered","","505",,,,,,,,,,,,,,,,,"","","","","","","","",,
"react-baseline-vs-ccrs-v1-t2","002-ccrs","react_ccrs_mazeV1_t2","react_ccrs_mazeV1_t2_20260625_141909.log","19414","react.ccrs.contingency.escalation.skipped","","505",,,,,,"no_escalation_condition_met",,,,,,,,,,,"","","","","","","","",,
"react-baseline-vs-ccrs-v1-t2","002-ccrs","react_ccrs_mazeV1_t2","react_ccrs_mazeV1_t2_20260625_141909.log","19501","react.ccrs.contingency.escalation.considered","","506",,,,,,,,,,,,,,,,,"","","","","","","","",,
"react-baseline-vs-ccrs-v1-t2","002-ccrs","react_ccrs_mazeV1_t2","react_ccrs_mazeV1_t2_20260625_141909.log","19502","react.ccrs.contingency.escalation.skipped","","506",,,,,,"no_escalation_condition_met",,,,,,,,,,,"","","","","","","","",,
"react-baseline-vs-ccrs-v1-t2","002-ccrs","react_ccrs_mazeV1_t2","react_ccrs_mazeV1_t2_20260625_141909.log","19589","react.ccrs.contingency.escalation.considered","","507",,,,,,,,,,,,,,,,,"","","","","","","","",,
"react-baseline-vs-ccrs-v1-t2","002-ccrs","react_ccrs_mazeV1_t2","react_ccrs_mazeV1_t2_20260625_141909.log","19590","react.ccrs.contingency.escalation.skipped","","507",,,,,,"no_escalation_condition_met",,,,,,,,,,,"","","","","","","","",,
"react-baseline-vs-ccrs-v1-t2","002-ccrs","react_ccrs_mazeV1_t2","react_ccrs_mazeV1_t2_20260625_141909.log","19677","react.ccrs.contingency.escalation.considered","","508",,,,,,,,,,,,,,,,,"","","","","","","","",,
"react-baseline-vs-ccrs-v1-t2","002-ccrs","react_ccrs_mazeV1_t2","react_ccrs_mazeV1_t2_20260625_141909.log","19678","react.ccrs.contingency.escalation.skipped","","508",,,,,,"no_escalation_condition_met",,,,,,,,,,,"","","","","","","","",,
"react-baseline-vs-ccrs-v1-t2","002-ccrs","react_ccrs_mazeV1_t2","react_ccrs_mazeV1_t2_20260625_141909.log","19765","react.ccrs.contingency.escalation.considered","","509",,,,,,,,,,,,,,,,,"","","","","","","","",,
"react-baseline-vs-ccrs-v1-t2","002-ccrs","react_ccrs_mazeV1_t2","react_ccrs_mazeV1_t2_20260625_141909.log","19766","react.ccrs.contingency.escalation.skipped","","509",,,,,,"no_escalation_condition_met",,,,,,,,,,,"","","","","","","","",,
"react-baseline-vs-ccrs-v1-t2","002-ccrs","react_ccrs_mazeV1_t2","react_ccrs_mazeV1_t2_20260625_141909.log","19853","react.ccrs.contingency.escalation.considered","","510",,,,,,,,,,,,,,,,,"","","","","","","","",,
"react-baseline-vs-ccrs-v1-t2","002-ccrs","react_ccrs_mazeV1_t2","react_ccrs_mazeV1_t2_20260625_141909.log","19854","react.ccrs.contingency.escalation.skipped","","510",,,,,,"no_escalation_condition_met",,,,,,,,,,,"","","","","","","","",,
"react-baseline-vs-ccrs-v1-t2","002-ccrs","react_ccrs_mazeV1_t2","react_ccrs_mazeV1_t2_20260625_141909.log","19941","react.ccrs.contingency.escalation.considered","","511",,,,,,,,,,,,,,,,,"","","","","","","","",,
"react-baseline-vs-ccrs-v1-t2","002-ccrs","react_ccrs_mazeV1_t2","react_ccrs_mazeV1_t2_20260625_141909.log","19942","react.ccrs.contingency.escalation.skipped","","511",,,,,,"no_escalation_condition_met",,,,,,,,,,,"","","","","","","","",,
"react-baseline-vs-ccrs-v1-t2","002-ccrs","react_ccrs_mazeV1_t2","react_ccrs_mazeV1_t2_20260625_141909.log","20029","react.ccrs.contingency.escalation.considered","","512",,,,,,,,,,,,,,,,,"","","","","","","","",,
"react-baseline-vs-ccrs-v1-t2","002-ccrs","react_ccrs_mazeV1_t2","react_ccrs_mazeV1_t2_20260625_141909.log","20030","react.ccrs.contingency.escalation.skipped","","512",,,,,,"no_escalation_condition_met",,,,,,,,,,,"","","","","","","","",,
"react-baseline-vs-ccrs-v1-t2","002-ccrs","react_ccrs_mazeV1_t2","react_ccrs_mazeV1_t2_20260625_141909.log","20117","react.ccrs.contingency.escalation.considered","","513",,,,,,,,,,,,,,,,,"","","","","","","","",,
"react-baseline-vs-ccrs-v1-t2","002-ccrs","react_ccrs_mazeV1_t2","react_ccrs_mazeV1_t2_20260625_141909.log","20118","react.ccrs.contingency.escalation.skipped","","513",,,,,,"no_escalation_condition_met",,,,,,,,,,,"","","","","","","","",,
"react-baseline-vs-ccrs-v1-t2","002-ccrs","react_ccrs_mazeV1_t2","react_ccrs_mazeV1_t2_20260625_141909.log","20134","react.ccrs.contingency.escalation.considered","","514",,,,,,,,,,,,,,,,,"","","","","","","","",,
"react-baseline-vs-ccrs-v1-t2","002-ccrs","react_ccrs_mazeV1_t2","react_ccrs_mazeV1_t2_20260625_141909.log","20135","react.ccrs.contingency.escalation.skipped","","514",,,,,,"no_escalation_condition_met",,,,,,,,,,,"","","","","","","","",,
"react-baseline-vs-ccrs-v1-t2","002-ccrs","react_ccrs_mazeV1_t2","react_ccrs_mazeV1_t2_20260625_141909.log","20222","react.ccrs.contingency.escalation.considered","","515",,,,,,,,,,,,,,,,,"","","","","","","","",,
"react-baseline-vs-ccrs-v1-t2","002-ccrs","react_ccrs_mazeV1_t2","react_ccrs_mazeV1_t2_20260625_141909.log","20223","react.ccrs.contingency.escalation.skipped","","515",,,,,,"no_escalation_condition_met",,,,,,,,,,,"","","","","","","","",,
"react-baseline-vs-ccrs-v1-t2","002-ccrs","react_ccrs_mazeV1_t2","react_ccrs_mazeV1_t2_20260625_141909.log","20310","react.ccrs.contingency.escalation.considered","","516",,,,,,,,,,,,,,,,,"","","","","","","","",,
"react-baseline-vs-ccrs-v1-t2","002-ccrs","react_ccrs_mazeV1_t2","react_ccrs_mazeV1_t2_20260625_141909.log","20311","react.ccrs.contingency.escalation.skipped","","516",,,,,,"no_escalation_condition_met",,,,,,,,,,,"","","","","","","","",,
"react-baseline-vs-ccrs-v1-t2","002-ccrs","react_ccrs_mazeV1_t2","react_ccrs_mazeV1_t2_20260625_141909.log","20398","react.ccrs.contingency.escalation.considered","","517",,,,,,,,,,,,,,,,,"","","","","","","","",,
"react-baseline-vs-ccrs-v1-t2","002-ccrs","react_ccrs_mazeV1_t2","react_ccrs_mazeV1_t2_20260625_141909.log","20399","react.ccrs.contingency.escalation.skipped","","517",,,,,,"no_escalation_condition_met",,,,,,,,,,,"","","","","","","","",,
"react-baseline-vs-ccrs-v1-t2","002-ccrs","react_ccrs_mazeV1_t2","react_ccrs_mazeV1_t2_20260625_141909.log","20486","react.ccrs.contingency.escalation.considered","","518",,,,,,,,,,,,,,,,,"","","","","","","","",,
"react-baseline-vs-ccrs-v1-t2","002-ccrs","react_ccrs_mazeV1_t2","react_ccrs_mazeV1_t2_20260625_141909.log","20487","react.ccrs.contingency.escalation.skipped","","518",,,,,,"no_escalation_condition_met",,,,,,,,,,,"","","","","","","","",,
"react-baseline-vs-ccrs-v1-t2","002-ccrs","react_ccrs_mazeV1_t2","react_ccrs_mazeV1_t2_20260625_141909.log","20574","react.ccrs.contingency.escalation.considered","","519",,,,,,,,,,,,,,,,,"","","","","","","","",,
"react-baseline-vs-ccrs-v1-t2","002-ccrs","react_ccrs_mazeV1_t2","react_ccrs_mazeV1_t2_20260625_141909.log","20575","react.ccrs.contingency.escalation.skipped","","519",,,,,,"no_escalation_condition_met",,,,,,,,,,,"","","","","","","","",,
"react-baseline-vs-ccrs-v1-t2","002-ccrs","react_ccrs_mazeV1_t2","react_ccrs_mazeV1_t2_20260625_141909.log","20591","react.ccrs.contingency.escalation.considered","","520",,,,,,,,,,,,,,,,,"","","","","","","","",,
"react-baseline-vs-ccrs-v1-t2","002-ccrs","react_ccrs_mazeV1_t2","react_ccrs_mazeV1_t2_20260625_141909.log","20592","react.ccrs.contingency.escalation.skipped","","520",,,,,,"no_escalation_condition_met",,,,,,,,,,,"","","","","","","","",,
"react-baseline-vs-ccrs-v1-t2","002-ccrs","react_ccrs_mazeV1_t2","react_ccrs_mazeV1_t2_20260625_141909.log","20679","react.ccrs.contingency.escalation.considered","","521",,,,,,,,,,,,,,,,,"","","","","","","","",,
"react-baseline-vs-ccrs-v1-t2","002-ccrs","react_ccrs_mazeV1_t2","react_ccrs_mazeV1_t2_20260625_141909.log","20680","react.ccrs.contingency.escalation.skipped","","521",,,,,,"no_escalation_condition_met",,,,,,,,,,,"","","","","","","","",,
"react-baseline-vs-ccrs-v1-t2","002-ccrs","react_ccrs_mazeV1_t2","react_ccrs_mazeV1_t2_20260625_141909.log","20767","react.ccrs.contingency.escalation.considered","","522",,,,,,,,,,,,,,,,,"","","","","","","","",,
"react-baseline-vs-ccrs-v1-t2","002-ccrs","react_ccrs_mazeV1_t2","react_ccrs_mazeV1_t2_20260625_141909.log","20768","react.ccrs.contingency.escalation.skipped","","522",,,,,,"no_escalation_condition_met",,,,,,,,,,,"","","","","","","","",,
"react-baseline-vs-ccrs-v1-t2","002-ccrs","react_ccrs_mazeV1_t2","react_ccrs_mazeV1_t2_20260625_141909.log","20855","react.ccrs.contingency.escalation.considered","","523",,,,,,,,,,,,,,,,,"","","","","","","","",,
"react-baseline-vs-ccrs-v1-t2","002-ccrs","react_ccrs_mazeV1_t2","react_ccrs_mazeV1_t2_20260625_141909.log","20856","react.ccrs.contingency.escalation.skipped","","523",,,,,,"no_escalation_condition_met",,,,,,,,,,,"","","","","","","","",,
"react-baseline-vs-ccrs-v1-t2","002-ccrs","react_ccrs_mazeV1_t2","react_ccrs_mazeV1_t2_20260625_141909.log","20943","react.ccrs.contingency.escalation.considered","","524",,,,,,,,,,,,,,,,,"","","","","","","","",,
"react-baseline-vs-ccrs-v1-t2","002-ccrs","react_ccrs_mazeV1_t2","react_ccrs_mazeV1_t2_20260625_141909.log","20944","react.ccrs.contingency.escalation.skipped","","524",,,,,,"no_escalation_condition_met",,,,,,,,,,,"","","","","","","","",,
"react-baseline-vs-ccrs-v1-t2","002-ccrs","react_ccrs_mazeV1_t2","react_ccrs_mazeV1_t2_20260625_141909.log","21031","react.ccrs.contingency.escalation.considered","","525",,,,,,,,,,,,,,,,,"","","","","","","","",,
"react-baseline-vs-ccrs-v1-t2","002-ccrs","react_ccrs_mazeV1_t2","react_ccrs_mazeV1_t2_20260625_141909.log","21032","react.ccrs.contingency.escalation.skipped","","525",,,,,,"no_escalation_condition_met",,,,,,,,,,,"","","","","","","","",,
"react-baseline-vs-ccrs-v1-t2","002-ccrs","react_ccrs_mazeV1_t2","react_ccrs_mazeV1_t2_20260625_141909.log","21119","react.ccrs.contingency.escalation.considered","","526",,,,,,,,,,,,,,,,,"","","","","","","","",,
"react-baseline-vs-ccrs-v1-t2","002-ccrs","react_ccrs_mazeV1_t2","react_ccrs_mazeV1_t2_20260625_141909.log","21120","react.ccrs.contingency.escalation.skipped","","526",,,,,,"no_escalation_condition_met",,,,,,,,,,,"","","","","","","","",,
"react-baseline-vs-ccrs-v1-t2","002-ccrs","react_ccrs_mazeV1_t2","react_ccrs_mazeV1_t2_20260625_141909.log","21207","react.ccrs.contingency.escalation.considered","","527",,,,,,,,,,,,,,,,,"","","","","","","","",,
"react-baseline-vs-ccrs-v1-t2","002-ccrs","react_ccrs_mazeV1_t2","react_ccrs_mazeV1_t2_20260625_141909.log","21208","react.ccrs.contingency.escalation.skipped","","527",,,,,,"no_escalation_condition_met",,,,,,,,,,,"","","","","","","","",,
"react-baseline-vs-ccrs-v1-t2","002-ccrs","react_ccrs_mazeV1_t2","react_ccrs_mazeV1_t2_20260625_141909.log","21295","react.ccrs.contingency.escalation.considered","","528",,,,,,,,,,,,,,,,,"","","","","","","","",,
"react-baseline-vs-ccrs-v1-t2","002-ccrs","react_ccrs_mazeV1_t2","react_ccrs_mazeV1_t2_20260625_141909.log","21296","react.ccrs.contingency.escalation.skipped","","528",,,,,,"no_escalation_condition_met",,,,,,,,,,,"","","","","","","","",,
"react-baseline-vs-ccrs-v1-t2","002-ccrs","react_ccrs_mazeV1_t2","react_ccrs_mazeV1_t2_20260625_141909.log","21383","react.ccrs.contingency.escalation.considered","","529",,,,,,,,,,,,,,,,,"","","","","","","","",,
"react-baseline-vs-ccrs-v1-t2","002-ccrs","react_ccrs_mazeV1_t2","react_ccrs_mazeV1_t2_20260625_141909.log","21384","react.ccrs.contingency.escalation.skipped","","529",,,,,,"no_escalation_condition_met",,,,,,,,,,,"","","","","","","","",,
"react-baseline-vs-ccrs-v1-t2","002-ccrs","react_ccrs_mazeV1_t2","react_ccrs_mazeV1_t2_20260625_141909.log","21471","react.ccrs.contingency.escalation.considered","","530",,,,,,,,,,,,,,,,,"","","","","","","","",,
"react-baseline-vs-ccrs-v1-t2","002-ccrs","react_ccrs_mazeV1_t2","react_ccrs_mazeV1_t2_20260625_141909.log","21472","react.ccrs.contingency.escalation.skipped","","530",,,,,,"no_escalation_condition_met",,,,,,,,,,,"","","","","","","","",,
"react-baseline-vs-ccrs-v1-t2","002-ccrs","react_ccrs_mazeV1_t2","react_ccrs_mazeV1_t2_20260625_141909.log","21488","react.ccrs.contingency.escalation.considered","","531",,,,,,,,,,,,,,,,,"","","","","","","","",,
"react-baseline-vs-ccrs-v1-t2","002-ccrs","react_ccrs_mazeV1_t2","react_ccrs_mazeV1_t2_20260625_141909.log","21489","react.ccrs.contingency.escalation.skipped","","531",,,,,,"no_escalation_condition_met",,,,,,,,,,,"","","","","","","","",,
"react-baseline-vs-ccrs-v1-t2","002-ccrs","react_ccrs_mazeV1_t2","react_ccrs_mazeV1_t2_20260625_141909.log","21500","react.ccrs.contingency.escalation.considered","","532",,,,,,,,,,,,,,,,,"","","","","","","","",,
"react-baseline-vs-ccrs-v1-t2","002-ccrs","react_ccrs_mazeV1_t2","react_ccrs_mazeV1_t2_20260625_141909.log","21501","react.ccrs.contingency.escalation.skipped","","532",,,,,,"no_escalation_condition_met",,,,,,,,,,,"","","","","","","","",,
"react-baseline-vs-ccrs-v1-t2","002-ccrs","react_ccrs_mazeV1_t2","react_ccrs_mazeV1_t2_20260625_141909.log","21607","react.ccrs.contingency.escalation.considered","","533",,,,,,,,,,,,,,,,,"","","","","","","","",,
"react-baseline-vs-ccrs-v1-t2","002-ccrs","react_ccrs_mazeV1_t2","react_ccrs_mazeV1_t2_20260625_141909.log","21608","react.ccrs.contingency.escalation.skipped","","533",,,,,,"no_escalation_condition_met",,,,,,,,,,,"","","","","","","","",,
"react-baseline-vs-ccrs-v1-t2","002-ccrs","react_ccrs_mazeV1_t2","react_ccrs_mazeV1_t2_20260625_141909.log","21714","react.ccrs.contingency.escalation.considered","","534",,,,,,,,,,,,,,,,,"","","","","","","","",,
"react-baseline-vs-ccrs-v1-t2","002-ccrs","react_ccrs_mazeV1_t2","react_ccrs_mazeV1_t2_20260625_141909.log","21715","react.ccrs.contingency.escalation.skipped","","534",,,,,,"no_escalation_condition_met",,,,,,,,,,,"","","","","","","","",,
"react-baseline-vs-ccrs-v1-t2","002-ccrs","react_ccrs_mazeV1_t2","react_ccrs_mazeV1_t2_20260625_141909.log","21731","react.ccrs.contingency.escalation.considered","","535",,,,,,,,,,,,,,,,,"","","","","","","","",,
"react-baseline-vs-ccrs-v1-t2","002-ccrs","react_ccrs_mazeV1_t2","react_ccrs_mazeV1_t2_20260625_141909.log","21732","react.ccrs.contingency.escalation.skipped","","535",,,,,,"no_escalation_condition_met",,,,,,,,,,,"","","","","","","","",,
"react-baseline-vs-ccrs-v1-t2","002-ccrs","react_ccrs_mazeV1_t2","react_ccrs_mazeV1_t2_20260625_141909.log","21838","react.ccrs.contingency.escalation.considered","","536",,,,,,,,,,,,,,,,,"","","","","","","","",,
"react-baseline-vs-ccrs-v1-t2","002-ccrs","react_ccrs_mazeV1_t2","react_ccrs_mazeV1_t2_20260625_141909.log","21839","react.ccrs.contingency.escalation.skipped","","536",,,,,,"no_escalation_condition_met",,,,,,,,,,,"","","","","","","","",,
"react-baseline-vs-ccrs-v1-t2","002-ccrs","react_ccrs_mazeV1_t2","react_ccrs_mazeV1_t2_20260625_141909.log","21945","react.ccrs.contingency.escalation.considered","","537",,,,,,,,,,,,,,,,,"","","","","","","","",,
"react-baseline-vs-ccrs-v1-t2","002-ccrs","react_ccrs_mazeV1_t2","react_ccrs_mazeV1_t2_20260625_141909.log","21946","react.ccrs.contingency.escalation.skipped","","537",,,,,,"no_escalation_condition_met",,,,,,,,,,,"","","","","","","","",,
"react-baseline-vs-ccrs-v1-t2","002-ccrs","react_ccrs_mazeV1_t2","react_ccrs_mazeV1_t2_20260625_141909.log","22052","react.ccrs.contingency.escalation.considered","","538",,,,,,,,,,,,,,,,,"","","","","","","","",,
"react-baseline-vs-ccrs-v1-t2","002-ccrs","react_ccrs_mazeV1_t2","react_ccrs_mazeV1_t2_20260625_141909.log","22053","react.ccrs.contingency.escalation.skipped","","538",,,,,,"no_escalation_condition_met",,,,,,,,,,,"","","","","","","","",,
"react-baseline-vs-ccrs-v1-t2","002-ccrs","react_ccrs_mazeV1_t2","react_ccrs_mazeV1_t2_20260625_141909.log","22159","react.ccrs.contingency.escalation.considered","","539",,,,,,,,,,,,,,,,,"","","","","","","","",,
"react-baseline-vs-ccrs-v1-t2","002-ccrs","react_ccrs_mazeV1_t2","react_ccrs_mazeV1_t2_20260625_141909.log","22160","react.ccrs.contingency.escalation.skipped","","539",,,,,,"no_escalation_condition_met",,,,,,,,,,,"","","","","","","","",,
"react-baseline-vs-ccrs-v1-t2","002-ccrs","react_ccrs_mazeV1_t2","react_ccrs_mazeV1_t2_20260625_141909.log","22266","react.ccrs.contingency.escalation.considered","","540",,,,,,,,,,,,,,,,,"","","","","","","","",,
"react-baseline-vs-ccrs-v1-t2","002-ccrs","react_ccrs_mazeV1_t2","react_ccrs_mazeV1_t2_20260625_141909.log","22267","react.ccrs.contingency.escalation.skipped","","540",,,,,,"no_escalation_condition_met",,,,,,,,,,,"","","","","","","","",,
"react-baseline-vs-ccrs-v1-t2","002-ccrs","react_ccrs_mazeV1_t2","react_ccrs_mazeV1_t2_20260625_141909.log","22373","react.ccrs.contingency.escalation.considered","","541",,,,,,,,,,,,,,,,,"","","","","","","","",,
"react-baseline-vs-ccrs-v1-t2","002-ccrs","react_ccrs_mazeV1_t2","react_ccrs_mazeV1_t2_20260625_141909.log","22374","react.ccrs.contingency.escalation.skipped","","541",,,,,,"no_escalation_condition_met",,,,,,,,,,,"","","","","","","","",,
"react-baseline-vs-ccrs-v1-t2","002-ccrs","react_ccrs_mazeV1_t2","react_ccrs_mazeV1_t2_20260625_141909.log","22480","react.ccrs.contingency.escalation.considered","","542",,,,,,,,,,,,,,,,,"","","","","","","","",,
"react-baseline-vs-ccrs-v1-t2","002-ccrs","react_ccrs_mazeV1_t2","react_ccrs_mazeV1_t2_20260625_141909.log","22481","react.ccrs.contingency.escalation.skipped","","542",,,,,,"no_escalation_condition_met",,,,,,,,,,,"","","","","","","","",,
"react-baseline-vs-ccrs-v1-t2","002-ccrs","react_ccrs_mazeV1_t2","react_ccrs_mazeV1_t2_20260625_141909.log","22587","react.ccrs.contingency.escalation.considered","","543",,,,,,,,,,,,,,,,,"","","","","","","","",,
"react-baseline-vs-ccrs-v1-t2","002-ccrs","react_ccrs_mazeV1_t2","react_ccrs_mazeV1_t2_20260625_141909.log","22588","react.ccrs.contingency.escalation.skipped","","543",,,,,,"no_escalation_condition_met",,,,,,,,,,,"","","","","","","","",,
"react-baseline-vs-ccrs-v1-t2","002-ccrs","react_ccrs_mazeV1_t2","react_ccrs_mazeV1_t2_20260625_141909.log","22694","react.ccrs.contingency.escalation.considered","","544",,,,,,,,,,,,,,,,,"","","","","","","","",,
"react-baseline-vs-ccrs-v1-t2","002-ccrs","react_ccrs_mazeV1_t2","react_ccrs_mazeV1_t2_20260625_141909.log","22695","react.ccrs.contingency.escalation.skipped","","544",,,,,,"no_escalation_condition_met",,,,,,,,,,,"","","","","","","","",,
"react-baseline-vs-ccrs-v1-t2","002-ccrs","react_ccrs_mazeV1_t2","react_ccrs_mazeV1_t2_20260625_141909.log","22801","react.ccrs.contingency.escalation.considered","","545",,,,,,,,,,,,,,,,,"","","","","","","","",,
"react-baseline-vs-ccrs-v1-t2","002-ccrs","react_ccrs_mazeV1_t2","react_ccrs_mazeV1_t2_20260625_141909.log","22802","react.ccrs.contingency.escalation.skipped","","545",,,,,,"no_escalation_condition_met",,,,,,,,,,,"","","","","","","","",,
"react-baseline-vs-ccrs-v1-t2","002-ccrs","react_ccrs_mazeV1_t2","react_ccrs_mazeV1_t2_20260625_141909.log","22908","react.ccrs.contingency.escalation.considered","","546",,,,,,,,,,,,,,,,,"","","","","","","","",,
"react-baseline-vs-ccrs-v1-t2","002-ccrs","react_ccrs_mazeV1_t2","react_ccrs_mazeV1_t2_20260625_141909.log","22909","react.ccrs.contingency.escalation.skipped","","546",,,,,,"no_escalation_condition_met",,,,,,,,,,,"","","","","","","","",,
"react-baseline-vs-ccrs-v1-t2","002-ccrs","react_ccrs_mazeV1_t2","react_ccrs_mazeV1_t2_20260625_141909.log","23015","react.ccrs.contingency.escalation.considered","","547",,,,,,,,,,,,,,,,,"","","","","","","","",,
"react-baseline-vs-ccrs-v1-t2","002-ccrs","react_ccrs_mazeV1_t2","react_ccrs_mazeV1_t2_20260625_141909.log","23016","react.ccrs.contingency.escalation.skipped","","547",,,,,,"no_escalation_condition_met",,,,,,,,,,,"","","","","","","","",,
"react-baseline-vs-ccrs-v1-t2","002-ccrs","react_ccrs_mazeV1_t2","react_ccrs_mazeV1_t2_20260625_141909.log","23027","react.ccrs.contingency.escalation.considered","","548",,,,,,,,,,,,,,,,,"","","","","","","","",,
"react-baseline-vs-ccrs-v1-t2","002-ccrs","react_ccrs_mazeV1_t2","react_ccrs_mazeV1_t2_20260625_141909.log","23028","react.ccrs.contingency.escalation.skipped","","548",,,,,,"no_escalation_condition_met",,,,,,,,,,,"","","","","","","","",,
"react-baseline-vs-ccrs-v1-t2","002-ccrs","react_ccrs_mazeV1_t2","react_ccrs_mazeV1_t2_20260625_141909.log","23115","react.ccrs.contingency.escalation.considered","","549",,,,,,,,,,,,,,,,,"","","","","","","","",,
"react-baseline-vs-ccrs-v1-t2","002-ccrs","react_ccrs_mazeV1_t2","react_ccrs_mazeV1_t2_20260625_141909.log","23116","react.ccrs.contingency.escalation.skipped","","549",,,,,,"no_escalation_condition_met",,,,,,,,,,,"","","","","","","","",,
"react-baseline-vs-ccrs-v1-t2","002-ccrs","react_ccrs_mazeV1_t2","react_ccrs_mazeV1_t2_20260625_141909.log","23203","react.ccrs.contingency.escalation.considered","","550",,,,,,,,,,,,,,,,,"","","","","","","","",,
"react-baseline-vs-ccrs-v1-t2","002-ccrs","react_ccrs_mazeV1_t2","react_ccrs_mazeV1_t2_20260625_141909.log","23204","react.ccrs.contingency.escalation.skipped","","550",,,,,,"no_escalation_condition_met",,,,,,,,,,,"","","","","","","","",,
"react-baseline-vs-ccrs-v1-t2","002-ccrs","react_ccrs_mazeV1_t2","react_ccrs_mazeV1_t2_20260625_141909.log","23291","react.ccrs.contingency.escalation.considered","","551",,,,,,,,,,,,,,,,,"","","","","","","","",,
"react-baseline-vs-ccrs-v1-t2","002-ccrs","react_ccrs_mazeV1_t2","react_ccrs_mazeV1_t2_20260625_141909.log","23292","react.ccrs.contingency.escalation.skipped","","551",,,,,,"no_escalation_condition_met",,,,,,,,,,,"","","","","","","","",,
"react-baseline-vs-ccrs-v1-t2","002-ccrs","react_ccrs_mazeV1_t2","react_ccrs_mazeV1_t2_20260625_141909.log","23379","react.ccrs.contingency.escalation.considered","","552",,,,,,,,,,,,,,,,,"","","","","","","","",,
"react-baseline-vs-ccrs-v1-t2","002-ccrs","react_ccrs_mazeV1_t2","react_ccrs_mazeV1_t2_20260625_141909.log","23380","react.ccrs.contingency.escalation.skipped","","552",,,,,,"no_escalation_condition_met",,,,,,,,,,,"","","","","","","","",,
"react-baseline-vs-ccrs-v1-t2","002-ccrs","react_ccrs_mazeV1_t2","react_ccrs_mazeV1_t2_20260625_141909.log","23467","react.ccrs.contingency.escalation.considered","","553",,,,,,,,,,,,,,,,,"","","","","","","","",,
"react-baseline-vs-ccrs-v1-t2","002-ccrs","react_ccrs_mazeV1_t2","react_ccrs_mazeV1_t2_20260625_141909.log","23468","react.ccrs.contingency.escalation.skipped","","553",,,,,,"no_escalation_condition_met",,,,,,,,,,,"","","","","","","","",,
"react-baseline-vs-ccrs-v1-t2","002-ccrs","react_ccrs_mazeV1_t2","react_ccrs_mazeV1_t2_20260625_141909.log","23555","react.ccrs.contingency.escalation.considered","","554",,,,,,,,,,,,,,,,,"","","","","","","","",,
"react-baseline-vs-ccrs-v1-t2","002-ccrs","react_ccrs_mazeV1_t2","react_ccrs_mazeV1_t2_20260625_141909.log","23556","react.ccrs.contingency.escalation.skipped","","554",,,,,,"no_escalation_condition_met",,,,,,,,,,,"","","","","","","","",,
"react-baseline-vs-ccrs-v1-t2","002-ccrs","react_ccrs_mazeV1_t2","react_ccrs_mazeV1_t2_20260625_141909.log","23643","react.ccrs.contingency.escalation.considered","","555",,,,,,,,,,,,,,,,,"","","","","","","","",,
"react-baseline-vs-ccrs-v1-t2","002-ccrs","react_ccrs_mazeV1_t2","react_ccrs_mazeV1_t2_20260625_141909.log","23644","react.ccrs.contingency.escalation.skipped","","555",,,,,,"no_escalation_condition_met",,,,,,,,,,,"","","","","","","","",,
"react-baseline-vs-ccrs-v1-t2","002-ccrs","react_ccrs_mazeV1_t2","react_ccrs_mazeV1_t2_20260625_141909.log","23731","react.ccrs.contingency.escalation.considered","","556",,,,,,,,,,,,,,,,,"","","","","","","","",,
"react-baseline-vs-ccrs-v1-t2","002-ccrs","react_ccrs_mazeV1_t2","react_ccrs_mazeV1_t2_20260625_141909.log","23732","react.ccrs.contingency.escalation.skipped","","556",,,,,,"no_escalation_condition_met",,,,,,,,,,,"","","","","","","","",,
"react-baseline-vs-ccrs-v1-t2","002-ccrs","react_ccrs_mazeV1_t2","react_ccrs_mazeV1_t2_20260625_141909.log","23819","react.ccrs.contingency.escalation.considered","","557",,,,,,,,,,,,,,,,,"","","","","","","","",,
"react-baseline-vs-ccrs-v1-t2","002-ccrs","react_ccrs_mazeV1_t2","react_ccrs_mazeV1_t2_20260625_141909.log","23820","react.ccrs.contingency.escalation.skipped","","557",,,,,,"no_escalation_condition_met",,,,,,,,,,,"","","","","","","","",,
"react-baseline-vs-ccrs-v1-t2","002-ccrs","react_ccrs_mazeV1_t2","react_ccrs_mazeV1_t2_20260625_141909.log","23907","react.ccrs.contingency.escalation.considered","","558",,,,,,,,,,,,,,,,,"","","","","","","","",,
"react-baseline-vs-ccrs-v1-t2","002-ccrs","react_ccrs_mazeV1_t2","react_ccrs_mazeV1_t2_20260625_141909.log","23908","react.ccrs.contingency.escalation.skipped","","558",,,,,,"no_escalation_condition_met",,,,,,,,,,,"","","","","","","","",,
"react-baseline-vs-ccrs-v1-t2","002-ccrs","react_ccrs_mazeV1_t2","react_ccrs_mazeV1_t2_20260625_141909.log","23995","react.ccrs.contingency.escalation.considered","","559",,,,,,,,,,,,,,,,,"","","","","","","","",,
"react-baseline-vs-ccrs-v1-t2","002-ccrs","react_ccrs_mazeV1_t2","react_ccrs_mazeV1_t2_20260625_141909.log","23996","react.ccrs.contingency.escalation.skipped","","559",,,,,,"no_escalation_condition_met",,,,,,,,,,,"","","","","","","","",,
"react-baseline-vs-ccrs-v1-t2","002-ccrs","react_ccrs_mazeV1_t2","react_ccrs_mazeV1_t2_20260625_141909.log","24083","react.ccrs.contingency.escalation.considered","","560",,,,,,,,,,,,,,,,,"","","","","","","","",,
"react-baseline-vs-ccrs-v1-t2","002-ccrs","react_ccrs_mazeV1_t2","react_ccrs_mazeV1_t2_20260625_141909.log","24084","react.ccrs.contingency.escalation.skipped","","560",,,,,,"no_escalation_condition_met",,,,,,,,,,,"","","","","","","","",,
"react-baseline-vs-ccrs-v1-t2","002-ccrs","react_ccrs_mazeV1_t2","react_ccrs_mazeV1_t2_20260625_141909.log","24171","react.ccrs.contingency.escalation.considered","","561",,,,,,,,,,,,,,,,,"","","","","","","","",,
"react-baseline-vs-ccrs-v1-t2","002-ccrs","react_ccrs_mazeV1_t2","react_ccrs_mazeV1_t2_20260625_141909.log","24172","react.ccrs.contingency.escalation.skipped","","561",,,,,,"no_escalation_condition_met",,,,,,,,,,,"","","","","","","","",,
"react-baseline-vs-ccrs-v1-t2","002-ccrs","react_ccrs_mazeV1_t2","react_ccrs_mazeV1_t2_20260625_141909.log","24259","react.ccrs.contingency.escalation.considered","","562",,,,,,,,,,,,,,,,,"","","","","","","","",,
"react-baseline-vs-ccrs-v1-t2","002-ccrs","react_ccrs_mazeV1_t2","react_ccrs_mazeV1_t2_20260625_141909.log","24260","react.ccrs.contingency.escalation.skipped","","562",,,,,,"no_escalation_condition_met",,,,,,,,,,,"","","","","","","","",,
"react-baseline-vs-ccrs-v1-t2","002-ccrs","react_ccrs_mazeV1_t2","react_ccrs_mazeV1_t2_20260625_141909.log","24347","react.ccrs.contingency.escalation.considered","","563",,,,,,,,,,,,,,,,,"","","","","","","","",,
"react-baseline-vs-ccrs-v1-t2","002-ccrs","react_ccrs_mazeV1_t2","react_ccrs_mazeV1_t2_20260625_141909.log","24348","react.ccrs.contingency.escalation.skipped","","563",,,,,,"no_escalation_condition_met",,,,,,,,,,,"","","","","","","","",,
"react-baseline-vs-ccrs-v1-t2","002-ccrs","react_ccrs_mazeV1_t2","react_ccrs_mazeV1_t2_20260625_141909.log","24435","react.ccrs.contingency.escalation.considered","","564",,,,,,,,,,,,,,,,,"","","","","","","","",,
"react-baseline-vs-ccrs-v1-t2","002-ccrs","react_ccrs_mazeV1_t2","react_ccrs_mazeV1_t2_20260625_141909.log","24436","react.ccrs.contingency.escalation.skipped","","564",,,,,,"no_escalation_condition_met",,,,,,,,,,,"","","","","","","","",,
"react-baseline-vs-ccrs-v1-t2","002-ccrs","react_ccrs_mazeV1_t2","react_ccrs_mazeV1_t2_20260625_141909.log","24523","react.ccrs.contingency.escalation.considered","","565",,,,,,,,,,,,,,,,,"","","","","","","","",,
"react-baseline-vs-ccrs-v1-t2","002-ccrs","react_ccrs_mazeV1_t2","react_ccrs_mazeV1_t2_20260625_141909.log","24524","react.ccrs.contingency.escalation.skipped","","565",,,,,,"no_escalation_condition_met",,,,,,,,,,,"","","","","","","","",,
"react-baseline-vs-ccrs-v1-t2","002-ccrs","react_ccrs_mazeV1_t2","react_ccrs_mazeV1_t2_20260625_141909.log","24611","react.ccrs.contingency.escalation.considered","","566",,,,,,,,,,,,,,,,,"","","","","","","","",,
"react-baseline-vs-ccrs-v1-t2","002-ccrs","react_ccrs_mazeV1_t2","react_ccrs_mazeV1_t2_20260625_141909.log","24612","react.ccrs.contingency.escalation.skipped","","566",,,,,,"no_escalation_condition_met",,,,,,,,,,,"","","","","","","","",,
"react-baseline-vs-ccrs-v1-t2","002-ccrs","react_ccrs_mazeV1_t2","react_ccrs_mazeV1_t2_20260625_141909.log","24628","react.ccrs.contingency.escalation.considered","","567",,,,,,,,,,,,,,,,,"","","","","","","","",,
"react-baseline-vs-ccrs-v1-t2","002-ccrs","react_ccrs_mazeV1_t2","react_ccrs_mazeV1_t2_20260625_141909.log","24629","react.ccrs.contingency.escalation.skipped","","567",,,,,,"no_escalation_condition_met",,,,,,,,,,,"","","","","","","","",,
"react-baseline-vs-ccrs-v1-t2","002-ccrs","react_ccrs_mazeV1_t2","react_ccrs_mazeV1_t2_20260625_141909.log","24716","react.ccrs.contingency.escalation.considered","","568",,,,,,,,,,,,,,,,,"","","","","","","","",,
"react-baseline-vs-ccrs-v1-t2","002-ccrs","react_ccrs_mazeV1_t2","react_ccrs_mazeV1_t2_20260625_141909.log","24717","react.ccrs.contingency.escalation.skipped","","568",,,,,,"no_escalation_condition_met",,,,,,,,,,,"","","","","","","","",,
"react-baseline-vs-ccrs-v1-t2","002-ccrs","react_ccrs_mazeV1_t2","react_ccrs_mazeV1_t2_20260625_141909.log","24804","react.ccrs.contingency.escalation.considered","","569",,,,,,,,,,,,,,,,,"","","","","","","","",,
"react-baseline-vs-ccrs-v1-t2","002-ccrs","react_ccrs_mazeV1_t2","react_ccrs_mazeV1_t2_20260625_141909.log","24805","react.ccrs.contingency.escalation.skipped","","569",,,,,,"no_escalation_condition_met",,,,,,,,,,,"","","","","","","","",,
"react-baseline-vs-ccrs-v1-t2","002-ccrs","react_ccrs_mazeV1_t2","react_ccrs_mazeV1_t2_20260625_141909.log","24892","react.ccrs.contingency.escalation.considered","","570",,,,,,,,,,,,,,,,,"","","","","","","","",,
"react-baseline-vs-ccrs-v1-t2","002-ccrs","react_ccrs_mazeV1_t2","react_ccrs_mazeV1_t2_20260625_141909.log","24893","react.ccrs.contingency.escalation.skipped","","570",,,,,,"no_escalation_condition_met",,,,,,,,,,,"","","","","","","","",,
"react-baseline-vs-ccrs-v1-t2","002-ccrs","react_ccrs_mazeV1_t2","react_ccrs_mazeV1_t2_20260625_141909.log","24980","react.ccrs.contingency.escalation.considered","","571",,,,,,,,,,,,,,,,,"","","","","","","","",,
"react-baseline-vs-ccrs-v1-t2","002-ccrs","react_ccrs_mazeV1_t2","react_ccrs_mazeV1_t2_20260625_141909.log","24981","react.ccrs.contingency.escalation.skipped","","571",,,,,,"no_escalation_condition_met",,,,,,,,,,,"","","","","","","","",,
"react-baseline-vs-ccrs-v1-t2","002-ccrs","react_ccrs_mazeV1_t2","react_ccrs_mazeV1_t2_20260625_141909.log","25068","react.ccrs.contingency.escalation.considered","","572",,,,,,,,,,,,,,,,,"","","","","","","","",,
"react-baseline-vs-ccrs-v1-t2","002-ccrs","react_ccrs_mazeV1_t2","react_ccrs_mazeV1_t2_20260625_141909.log","25069","react.ccrs.contingency.escalation.skipped","","572",,,,,,"no_escalation_condition_met",,,,,,,,,,,"","","","","","","","",,
"react-baseline-vs-ccrs-v1-t2","002-ccrs","react_ccrs_mazeV1_t2","react_ccrs_mazeV1_t2_20260625_141909.log","25156","react.ccrs.contingency.escalation.considered","","573",,,,,,,,,,,,,,,,,"","","","","","","","",,
"react-baseline-vs-ccrs-v1-t2","002-ccrs","react_ccrs_mazeV1_t2","react_ccrs_mazeV1_t2_20260625_141909.log","25157","react.ccrs.contingency.escalation.skipped","","573",,,,,,"no_escalation_condition_met",,,,,,,,,,,"","","","","","","","",,
"react-baseline-vs-ccrs-v1-t2","002-ccrs","react_ccrs_mazeV1_t2","react_ccrs_mazeV1_t2_20260625_141909.log","25168","react.ccrs.contingency.escalation.considered","","574",,,,,,,,,,,,,,,,,"","","","","","","","",,
"react-baseline-vs-ccrs-v1-t2","002-ccrs","react_ccrs_mazeV1_t2","react_ccrs_mazeV1_t2_20260625_141909.log","25169","react.ccrs.contingency.escalation.skipped","","574",,,,,,"no_escalation_condition_met",,,,,,,,,,,"","","","","","","","",,
"react-baseline-vs-ccrs-v1-t2","002-ccrs","react_ccrs_mazeV1_t2","react_ccrs_mazeV1_t2_20260625_141909.log","25256","react.ccrs.contingency.escalation.considered","","575",,,,,,,,,,,,,,,,,"","","","","","","","",,
"react-baseline-vs-ccrs-v1-t2","002-ccrs","react_ccrs_mazeV1_t2","react_ccrs_mazeV1_t2_20260625_141909.log","25257","react.ccrs.contingency.escalation.skipped","","575",,,,,,"no_escalation_condition_met",,,,,,,,,,,"","","","","","","","",,
"react-baseline-vs-ccrs-v1-t2","002-ccrs","react_ccrs_mazeV1_t2","react_ccrs_mazeV1_t2_20260625_141909.log","25344","react.ccrs.contingency.escalation.considered","","576",,,,,,,,,,,,,,,,,"","","","","","","","",,
"react-baseline-vs-ccrs-v1-t2","002-ccrs","react_ccrs_mazeV1_t2","react_ccrs_mazeV1_t2_20260625_141909.log","25345","react.ccrs.contingency.escalation.skipped","","576",,,,,,"no_escalation_condition_met",,,,,,,,,,,"","","","","","","","",,
"react-baseline-vs-ccrs-v1-t2","002-ccrs","react_ccrs_mazeV1_t2","react_ccrs_mazeV1_t2_20260625_141909.log","25432","react.ccrs.contingency.escalation.considered","","577",,,,,,,,,,,,,,,,,"","","","","","","","",,
"react-baseline-vs-ccrs-v1-t2","002-ccrs","react_ccrs_mazeV1_t2","react_ccrs_mazeV1_t2_20260625_141909.log","25433","react.ccrs.contingency.escalation.skipped","","577",,,,,,"no_escalation_condition_met",,,,,,,,,,,"","","","","","","","",,
"react-baseline-vs-ccrs-v1-t2","002-ccrs","react_ccrs_mazeV1_t2","react_ccrs_mazeV1_t2_20260625_141909.log","25520","react.ccrs.contingency.escalation.considered","","578",,,,,,,,,,,,,,,,,"","","","","","","","",,
"react-baseline-vs-ccrs-v1-t2","002-ccrs","react_ccrs_mazeV1_t2","react_ccrs_mazeV1_t2_20260625_141909.log","25521","react.ccrs.contingency.escalation.skipped","","578",,,,,,"no_escalation_condition_met",,,,,,,,,,,"","","","","","","","",,
"react-baseline-vs-ccrs-v1-t2","002-ccrs","react_ccrs_mazeV1_t2","react_ccrs_mazeV1_t2_20260625_141909.log","25608","react.ccrs.contingency.escalation.considered","","579",,,,,,,,,,,,,,,,,"","","","","","","","",,
"react-baseline-vs-ccrs-v1-t2","002-ccrs","react_ccrs_mazeV1_t2","react_ccrs_mazeV1_t2_20260625_141909.log","25609","react.ccrs.contingency.escalation.skipped","","579",,,,,,"no_escalation_condition_met",,,,,,,,,,,"","","","","","","","",,
"react-baseline-vs-ccrs-v1-t2","002-ccrs","react_ccrs_mazeV1_t2","react_ccrs_mazeV1_t2_20260625_141909.log","25625","react.ccrs.contingency.escalation.considered","","580",,,,,,,,,,,,,,,,,"","","","","","","","",,
"react-baseline-vs-ccrs-v1-t2","002-ccrs","react_ccrs_mazeV1_t2","react_ccrs_mazeV1_t2_20260625_141909.log","25626","react.ccrs.contingency.escalation.skipped","","580",,,,,,"no_escalation_condition_met",,,,,,,,,,,"","","","","","","","",,
"react-baseline-vs-ccrs-v1-t2","002-ccrs","react_ccrs_mazeV1_t2","react_ccrs_mazeV1_t2_20260625_141909.log","25637","react.ccrs.contingency.escalation.considered","","581",,,,,,,,,,,,,,,,,"","","","","","","","",,
"react-baseline-vs-ccrs-v1-t2","002-ccrs","react_ccrs_mazeV1_t2","react_ccrs_mazeV1_t2_20260625_141909.log","25638","react.ccrs.contingency.escalation.skipped","","581",,,,,,"no_escalation_condition_met",,,,,,,,,,,"","","","","","","","",,
"react-baseline-vs-ccrs-v1-t2","002-ccrs","react_ccrs_mazeV1_t2","react_ccrs_mazeV1_t2_20260625_141909.log","25706","react.ccrs.contingency.escalation.considered","","582",,,,,,,,,,,,,,,,,"","","","","","","","",,
"react-baseline-vs-ccrs-v1-t2","002-ccrs","react_ccrs_mazeV1_t2","react_ccrs_mazeV1_t2_20260625_141909.log","25707","react.ccrs.contingency.escalation.skipped","","582",,,,,,"no_escalation_condition_met",,,,,,,,,,,"","","","","","","","",,
"react-baseline-vs-ccrs-v1-t2","002-ccrs","react_ccrs_mazeV1_t2","react_ccrs_mazeV1_t2_20260625_141909.log","25775","react.ccrs.contingency.escalation.considered","","583",,,,,,,,,,,,,,,,,"","","","","","","","",,
"react-baseline-vs-ccrs-v1-t2","002-ccrs","react_ccrs_mazeV1_t2","react_ccrs_mazeV1_t2_20260625_141909.log","25776","react.ccrs.contingency.escalation.skipped","","583",,,,,,"no_escalation_condition_met",,,,,,,,,,,"","","","","","","","",,
"react-baseline-vs-ccrs-v1-t2","002-ccrs","react_ccrs_mazeV1_t2","react_ccrs_mazeV1_t2_20260625_141909.log","25844","react.ccrs.contingency.escalation.considered","","584",,,,,,,,,,,,,,,,,"","","","","","","","",,
"react-baseline-vs-ccrs-v1-t2","002-ccrs","react_ccrs_mazeV1_t2","react_ccrs_mazeV1_t2_20260625_141909.log","25845","react.ccrs.contingency.escalation.skipped","","584",,,,,,"no_escalation_condition_met",,,,,,,,,,,"","","","","","","","",,
"react-baseline-vs-ccrs-v1-t2","002-ccrs","react_ccrs_mazeV1_t2","react_ccrs_mazeV1_t2_20260625_141909.log","25913","react.ccrs.contingency.escalation.considered","","585",,,,,,,,,,,,,,,,,"","","","","","","","",,
"react-baseline-vs-ccrs-v1-t2","002-ccrs","react_ccrs_mazeV1_t2","react_ccrs_mazeV1_t2_20260625_141909.log","25914","react.ccrs.contingency.escalation.skipped","","585",,,,,,"no_escalation_condition_met",,,,,,,,,,,"","","","","","","","",,
"react-baseline-vs-ccrs-v1-t2","002-ccrs","react_ccrs_mazeV1_t2","react_ccrs_mazeV1_t2_20260625_141909.log","25982","react.ccrs.contingency.escalation.considered","","586",,,,,,,,,,,,,,,,,"","","","","","","","",,
"react-baseline-vs-ccrs-v1-t2","002-ccrs","react_ccrs_mazeV1_t2","react_ccrs_mazeV1_t2_20260625_141909.log","25983","react.ccrs.contingency.escalation.skipped","","586",,,,,,"no_escalation_condition_met",,,,,,,,,,,"","","","","","","","",,
"react-baseline-vs-ccrs-v1-t2","002-ccrs","react_ccrs_mazeV1_t2","react_ccrs_mazeV1_t2_20260625_141909.log","26051","react.ccrs.contingency.escalation.considered","","587",,,,,,,,,,,,,,,,,"","","","","","","","",,
"react-baseline-vs-ccrs-v1-t2","002-ccrs","react_ccrs_mazeV1_t2","react_ccrs_mazeV1_t2_20260625_141909.log","26052","react.ccrs.contingency.escalation.skipped","","587",,,,,,"no_escalation_condition_met",,,,,,,,,,,"","","","","","","","",,
"react-baseline-vs-ccrs-v1-t2","002-ccrs","react_ccrs_mazeV1_t2","react_ccrs_mazeV1_t2_20260625_141909.log","26120","react.ccrs.contingency.escalation.considered","","588",,,,,,,,,,,,,,,,,"","","","","","","","",,
"react-baseline-vs-ccrs-v1-t2","002-ccrs","react_ccrs_mazeV1_t2","react_ccrs_mazeV1_t2_20260625_141909.log","26121","react.ccrs.contingency.escalation.skipped","","588",,,,,,"no_escalation_condition_met",,,,,,,,,,,"","","","","","","","",,
"react-baseline-vs-ccrs-v1-t2","002-ccrs","react_ccrs_mazeV1_t2","react_ccrs_mazeV1_t2_20260625_141909.log","26189","react.ccrs.contingency.escalation.considered","","589",,,,,,,,,,,,,,,,,"","","","","","","","",,
"react-baseline-vs-ccrs-v1-t2","002-ccrs","react_ccrs_mazeV1_t2","react_ccrs_mazeV1_t2_20260625_141909.log","26190","react.ccrs.contingency.escalation.skipped","","589",,,,,,"no_escalation_condition_met",,,,,,,,,,,"","","","","","","","",,
"react-baseline-vs-ccrs-v1-t2","002-ccrs","react_ccrs_mazeV1_t2","react_ccrs_mazeV1_t2_20260625_141909.log","26258","react.ccrs.contingency.escalation.considered","","590",,,,,,,,,,,,,,,,,"","","","","","","","",,
"react-baseline-vs-ccrs-v1-t2","002-ccrs","react_ccrs_mazeV1_t2","react_ccrs_mazeV1_t2_20260625_141909.log","26259","react.ccrs.contingency.escalation.skipped","","590",,,,,,"no_escalation_condition_met",,,,,,,,,,,"","","","","","","","",,
"react-baseline-vs-ccrs-v1-t2","002-ccrs","react_ccrs_mazeV1_t2","react_ccrs_mazeV1_t2_20260625_141909.log","26327","react.ccrs.contingency.escalation.considered","","591",,,,,,,,,,,,,,,,,"","","","","","","","",,
"react-baseline-vs-ccrs-v1-t2","002-ccrs","react_ccrs_mazeV1_t2","react_ccrs_mazeV1_t2_20260625_141909.log","26328","react.ccrs.contingency.escalation.skipped","","591",,,,,,"no_escalation_condition_met",,,,,,,,,,,"","","","","","","","",,
"react-baseline-vs-ccrs-v1-t2","002-ccrs","react_ccrs_mazeV1_t2","react_ccrs_mazeV1_t2_20260625_141909.log","26396","react.ccrs.contingency.escalation.considered","","592",,,,,,,,,,,,,,,,,"","","","","","","","",,
"react-baseline-vs-ccrs-v1-t2","002-ccrs","react_ccrs_mazeV1_t2","react_ccrs_mazeV1_t2_20260625_141909.log","26397","react.ccrs.contingency.escalation.skipped","","592",,,,,,"no_escalation_condition_met",,,,,,,,,,,"","","","","","","","",,
"react-baseline-vs-ccrs-v1-t2","002-ccrs","react_ccrs_mazeV1_t2","react_ccrs_mazeV1_t2_20260625_141909.log","26465","react.ccrs.contingency.escalation.considered","","593",,,,,,,,,,,,,,,,,"","","","","","","","",,
"react-baseline-vs-ccrs-v1-t2","002-ccrs","react_ccrs_mazeV1_t2","react_ccrs_mazeV1_t2_20260625_141909.log","26466","react.ccrs.contingency.escalation.skipped","","593",,,,,,"no_escalation_condition_met",,,,,,,,,,,"","","","","","","","",,
"react-baseline-vs-ccrs-v1-t2","002-ccrs","react_ccrs_mazeV1_t2","react_ccrs_mazeV1_t2_20260625_141909.log","26534","react.ccrs.contingency.escalation.considered","","594",,,,,,,,,,,,,,,,,"","","","","","","","",,
"react-baseline-vs-ccrs-v1-t2","002-ccrs","react_ccrs_mazeV1_t2","react_ccrs_mazeV1_t2_20260625_141909.log","26535","react.ccrs.contingency.escalation.skipped","","594",,,,,,"no_escalation_condition_met",,,,,,,,,,,"","","","","","","","",,
"react-baseline-vs-ccrs-v1-t2","002-ccrs","react_ccrs_mazeV1_t2","react_ccrs_mazeV1_t2_20260625_141909.log","26603","react.ccrs.contingency.escalation.considered","","595",,,,,,,,,,,,,,,,,"","","","","","","","",,
"react-baseline-vs-ccrs-v1-t2","002-ccrs","react_ccrs_mazeV1_t2","react_ccrs_mazeV1_t2_20260625_141909.log","26604","react.ccrs.contingency.escalation.skipped","","595",,,,,,"no_escalation_condition_met",,,,,,,,,,,"","","","","","","","",,
"react-baseline-vs-ccrs-v1-t2","002-ccrs","react_ccrs_mazeV1_t2","react_ccrs_mazeV1_t2_20260625_141909.log","26672","react.ccrs.contingency.escalation.considered","","596",,,,,,,,,,,,,,,,,"","","","","","","","",,
"react-baseline-vs-ccrs-v1-t2","002-ccrs","react_ccrs_mazeV1_t2","react_ccrs_mazeV1_t2_20260625_141909.log","26673","react.ccrs.contingency.escalation.skipped","","596",,,,,,"no_escalation_condition_met",,,,,,,,,,,"","","","","","","","",,
"react-baseline-vs-ccrs-v1-t2","002-ccrs","react_ccrs_mazeV1_t2","react_ccrs_mazeV1_t2_20260625_141909.log","26741","react.ccrs.contingency.escalation.considered","","597",,,,,,,,,,,,,,,,,"","","","","","","","",,
"react-baseline-vs-ccrs-v1-t2","002-ccrs","react_ccrs_mazeV1_t2","react_ccrs_mazeV1_t2_20260625_141909.log","26742","react.ccrs.contingency.escalation.skipped","","597",,,,,,"no_escalation_condition_met",,,,,,,,,,,"","","","","","","","",,
"react-baseline-vs-ccrs-v1-t2","002-ccrs","react_ccrs_mazeV1_t2","react_ccrs_mazeV1_t2_20260625_141909.log","26810","react.ccrs.contingency.escalation.considered","","598",,,,,,,,,,,,,,,,,"","","","","","","","",,
"react-baseline-vs-ccrs-v1-t2","002-ccrs","react_ccrs_mazeV1_t2","react_ccrs_mazeV1_t2_20260625_141909.log","26811","react.ccrs.contingency.escalation.skipped","","598",,,,,,"no_escalation_condition_met",,,,,,,,,,,"","","","","","","","",,
"react-baseline-vs-ccrs-v1-t2","002-ccrs","react_ccrs_mazeV1_t2","react_ccrs_mazeV1_t2_20260625_141909.log","26879","react.ccrs.contingency.escalation.considered","","599",,,,,,,,,,,,,,,,,"","","","","","","","",,
"react-baseline-vs-ccrs-v1-t2","002-ccrs","react_ccrs_mazeV1_t2","react_ccrs_mazeV1_t2_20260625_141909.log","26880","react.ccrs.contingency.escalation.skipped","","599",,,,,,"no_escalation_condition_met",,,,,,,,,,,"","","","","","","","",,
"react-baseline-vs-ccrs-v1-t2","002-ccrs","react_ccrs_mazeV1_t2","react_ccrs_mazeV1_t2_20260625_141909.log","26948","react.ccrs.contingency.escalation.considered","","600",,,,,,,,,,,,,,,,,"","","","","","","","",,
"react-baseline-vs-ccrs-v1-t2","002-ccrs","react_ccrs_mazeV1_t2","react_ccrs_mazeV1_t2_20260625_141909.log","26949","react.ccrs.contingency.escalation.skipped","","600",,,,,,"no_escalation_condition_met",,,,,,,,,,,"","","","","","","","",,
"react-baseline-vs-ccrs-v1-t2","002-ccrs","react_ccrs_mazeV1_t2","react_ccrs_mazeV1_t2_20260625_141909.log","27017","react.ccrs.contingency.escalation.considered","","601",,,,,,,,,,,,,,,,,"","","","","","","","",,
"react-baseline-vs-ccrs-v1-t2","002-ccrs","react_ccrs_mazeV1_t2","react_ccrs_mazeV1_t2_20260625_141909.log","27018","react.ccrs.contingency.escalation.skipped","","601",,,,,,"no_escalation_condition_met",,,,,,,,,,,"","","","","","","","",,
"react-baseline-vs-ccrs-v1-t2","002-ccrs","react_ccrs_mazeV1_t2","react_ccrs_mazeV1_t2_20260625_141909.log","27086","react.ccrs.contingency.escalation.considered","","602",,,,,,,,,,,,,,,,,"","","","","","","","",,
"react-baseline-vs-ccrs-v1-t2","002-ccrs","react_ccrs_mazeV1_t2","react_ccrs_mazeV1_t2_20260625_141909.log","27087","react.ccrs.contingency.escalation.skipped","","602",,,,,,"no_escalation_condition_met",,,,,,,,,,,"","","","","","","","",,
"react-baseline-vs-ccrs-v1-t2","002-ccrs","react_ccrs_mazeV1_t2","react_ccrs_mazeV1_t2_20260625_141909.log","27155","react.ccrs.contingency.escalation.considered","","603",,,,,,,,,,,,,,,,,"","","","","","","","",,
"react-baseline-vs-ccrs-v1-t2","002-ccrs","react_ccrs_mazeV1_t2","react_ccrs_mazeV1_t2_20260625_141909.log","27156","react.ccrs.contingency.escalation.skipped","","603",,,,,,"no_escalation_condition_met",,,,,,,,,,,"","","","","","","","",,
"react-baseline-vs-ccrs-v1-t2","002-ccrs","react_ccrs_mazeV1_t2","react_ccrs_mazeV1_t2_20260625_141909.log","27224","react.ccrs.contingency.escalation.considered","","604",,,,,,,,,,,,,,,,,"","","","","","","","",,
"react-baseline-vs-ccrs-v1-t2","002-ccrs","react_ccrs_mazeV1_t2","react_ccrs_mazeV1_t2_20260625_141909.log","27225","react.ccrs.contingency.escalation.skipped","","604",,,,,,"no_escalation_condition_met",,,,,,,,,,,"","","","","","","","",,
"react-baseline-vs-ccrs-v1-t2","002-ccrs","react_ccrs_mazeV1_t2","react_ccrs_mazeV1_t2_20260625_141909.log","27293","react.ccrs.contingency.escalation.considered","","605",,,,,,,,,,,,,,,,,"","","","","","","","",,
"react-baseline-vs-ccrs-v1-t2","002-ccrs","react_ccrs_mazeV1_t2","react_ccrs_mazeV1_t2_20260625_141909.log","27294","react.ccrs.contingency.escalation.skipped","","605",,,,,,"no_escalation_condition_met",,,,,,,,,,,"","","","","","","","",,
"react-baseline-vs-ccrs-v1-t2","002-ccrs","react_ccrs_mazeV1_t2","react_ccrs_mazeV1_t2_20260625_141909.log","27362","react.ccrs.contingency.escalation.considered","","606",,,,,,,,,,,,,,,,,"","","","","","","","",,
"react-baseline-vs-ccrs-v1-t2","002-ccrs","react_ccrs_mazeV1_t2","react_ccrs_mazeV1_t2_20260625_141909.log","27363","react.ccrs.contingency.escalation.skipped","","606",,,,,,"no_escalation_condition_met",,,,,,,,,,,"","","","","","","","",,
"react-baseline-vs-ccrs-v1-t2","002-ccrs","react_ccrs_mazeV1_t2","react_ccrs_mazeV1_t2_20260625_141909.log","27431","react.ccrs.contingency.escalation.considered","","607",,,,,,,,,,,,,,,,,"","","","","","","","",,
"react-baseline-vs-ccrs-v1-t2","002-ccrs","react_ccrs_mazeV1_t2","react_ccrs_mazeV1_t2_20260625_141909.log","27432","react.ccrs.contingency.escalation.skipped","","607",,,,,,"no_escalation_condition_met",,,,,,,,,,,"","","","","","","","",,
"react-baseline-vs-ccrs-v1-t2","002-ccrs","react_ccrs_mazeV1_t2","react_ccrs_mazeV1_t2_20260625_141909.log","27500","react.ccrs.contingency.escalation.considered","","608",,,,,,,,,,,,,,,,,"","","","","","","","",,
"react-baseline-vs-ccrs-v1-t2","002-ccrs","react_ccrs_mazeV1_t2","react_ccrs_mazeV1_t2_20260625_141909.log","27501","react.ccrs.contingency.escalation.skipped","","608",,,,,,"no_escalation_condition_met",,,,,,,,,,,"","","","","","","","",,
"react-baseline-vs-ccrs-v1-t2","002-ccrs","react_ccrs_mazeV1_t2","react_ccrs_mazeV1_t2_20260625_141909.log","27569","react.ccrs.contingency.escalation.considered","","609",,,,,,,,,,,,,,,,,"","","","","","","","",,
"react-baseline-vs-ccrs-v1-t2","002-ccrs","react_ccrs_mazeV1_t2","react_ccrs_mazeV1_t2_20260625_141909.log","27570","react.ccrs.contingency.escalation.skipped","","609",,,,,,"no_escalation_condition_met",,,,,,,,,,,"","","","","","","","",,
"react-baseline-vs-ccrs-v1-t2","002-ccrs","react_ccrs_mazeV1_t2","react_ccrs_mazeV1_t2_20260625_141909.log","27638","react.ccrs.contingency.escalation.considered","","610",,,,,,,,,,,,,,,,,"","","","","","","","",,
"react-baseline-vs-ccrs-v1-t2","002-ccrs","react_ccrs_mazeV1_t2","react_ccrs_mazeV1_t2_20260625_141909.log","27639","react.ccrs.contingency.escalation.skipped","","610",,,,,,"no_escalation_condition_met",,,,,,,,,,,"","","","","","","","",,
"react-baseline-vs-ccrs-v1-t2","002-ccrs","react_ccrs_mazeV1_t2","react_ccrs_mazeV1_t2_20260625_141909.log","27650","react.ccrs.contingency.escalation.considered","","611",,,,,,,,,,,,,,,,,"","","","","","","","",,
"react-baseline-vs-ccrs-v1-t2","002-ccrs","react_ccrs_mazeV1_t2","react_ccrs_mazeV1_t2_20260625_141909.log","27651","react.ccrs.contingency.escalation.skipped","","611",,,,,,"no_escalation_condition_met",,,,,,,,,,,"","","","","","","","",,
"react-baseline-vs-ccrs-v1-t2","002-ccrs","react_ccrs_mazeV1_t2","react_ccrs_mazeV1_t2_20260625_141909.log","27738","react.ccrs.contingency.escalation.considered","","612",,,,,,,,,,,,,,,,,"","","","","","","","",,
"react-baseline-vs-ccrs-v1-t2","002-ccrs","react_ccrs_mazeV1_t2","react_ccrs_mazeV1_t2_20260625_141909.log","27739","react.ccrs.contingency.escalation.skipped","","612",,,,,,"no_escalation_condition_met",,,,,,,,,,,"","","","","","","","",,
"react-baseline-vs-ccrs-v1-t2","002-ccrs","react_ccrs_mazeV1_t2","react_ccrs_mazeV1_t2_20260625_141909.log","27826","react.ccrs.contingency.escalation.considered","","613",,,,,,,,,,,,,,,,,"","","","","","","","",,
"react-baseline-vs-ccrs-v1-t2","002-ccrs","react_ccrs_mazeV1_t2","react_ccrs_mazeV1_t2_20260625_141909.log","27827","react.ccrs.contingency.escalation.skipped","","613",,,,,,"no_escalation_condition_met",,,,,,,,,,,"","","","","","","","",,
"react-baseline-vs-ccrs-v1-t2","002-ccrs","react_ccrs_mazeV1_t2","react_ccrs_mazeV1_t2_20260625_141909.log","27914","react.ccrs.contingency.escalation.considered","","614",,,,,,,,,,,,,,,,,"","","","","","","","",,
"react-baseline-vs-ccrs-v1-t2","002-ccrs","react_ccrs_mazeV1_t2","react_ccrs_mazeV1_t2_20260625_141909.log","27915","react.ccrs.contingency.escalation.skipped","","614",,,,,,"no_escalation_condition_met",,,,,,,,,,,"","","","","","","","",,
"react-baseline-vs-ccrs-v1-t2","002-ccrs","react_ccrs_mazeV1_t2","react_ccrs_mazeV1_t2_20260625_141909.log","28002","react.ccrs.contingency.escalation.considered","","615",,,,,,,,,,,,,,,,,"","","","","","","","",,
"react-baseline-vs-ccrs-v1-t2","002-ccrs","react_ccrs_mazeV1_t2","react_ccrs_mazeV1_t2_20260625_141909.log","28003","react.ccrs.contingency.escalation.skipped","","615",,,,,,"no_escalation_condition_met",,,,,,,,,,,"","","","","","","","",,
"react-baseline-vs-ccrs-v1-t2","002-ccrs","react_ccrs_mazeV1_t2","react_ccrs_mazeV1_t2_20260625_141909.log","28090","react.ccrs.contingency.escalation.considered","","616",,,,,,,,,,,,,,,,,"","","","","","","","",,
"react-baseline-vs-ccrs-v1-t2","002-ccrs","react_ccrs_mazeV1_t2","react_ccrs_mazeV1_t2_20260625_141909.log","28091","react.ccrs.contingency.escalation.skipped","","616",,,,,,"no_escalation_condition_met",,,,,,,,,,,"","","","","","","","",,
"react-baseline-vs-ccrs-v1-t2","002-ccrs","react_ccrs_mazeV1_t2","react_ccrs_mazeV1_t2_20260625_141909.log","28107","react.ccrs.contingency.escalation.considered","","617",,,,,,,,,,,,,,,,,"","","","","","","","",,
"react-baseline-vs-ccrs-v1-t2","002-ccrs","react_ccrs_mazeV1_t2","react_ccrs_mazeV1_t2_20260625_141909.log","28108","react.ccrs.contingency.escalation.skipped","","617",,,,,,"no_escalation_condition_met",,,,,,,,,,,"","","","","","","","",,
"react-baseline-vs-ccrs-v1-t2","002-ccrs","react_ccrs_mazeV1_t2","react_ccrs_mazeV1_t2_20260625_141909.log","28119","react.ccrs.contingency.escalation.considered","","618",,,,,,,,,,,,,,,,,"","","","","","","","",,
"react-baseline-vs-ccrs-v1-t2","002-ccrs","react_ccrs_mazeV1_t2","react_ccrs_mazeV1_t2_20260625_141909.log","28120","react.ccrs.contingency.escalation.skipped","","618",,,,,,"no_escalation_condition_met",,,,,,,,,,,"","","","","","","","",,
"react-baseline-vs-ccrs-v1-t2","002-ccrs","react_ccrs_mazeV1_t2","react_ccrs_mazeV1_t2_20260625_141909.log","28207","react.ccrs.contingency.escalation.considered","","619",,,,,,,,,,,,,,,,,"","","","","","","","",,
"react-baseline-vs-ccrs-v1-t2","002-ccrs","react_ccrs_mazeV1_t2","react_ccrs_mazeV1_t2_20260625_141909.log","28208","react.ccrs.contingency.escalation.skipped","","619",,,,,,"no_escalation_condition_met",,,,,,,,,,,"","","","","","","","",,
"react-baseline-vs-ccrs-v1-t2","002-ccrs","react_ccrs_mazeV1_t2","react_ccrs_mazeV1_t2_20260625_141909.log","28295","react.ccrs.contingency.escalation.considered","","620",,,,,,,,,,,,,,,,,"","","","","","","","",,
"react-baseline-vs-ccrs-v1-t2","002-ccrs","react_ccrs_mazeV1_t2","react_ccrs_mazeV1_t2_20260625_141909.log","28296","react.ccrs.contingency.escalation.skipped","","620",,,,,,"no_escalation_condition_met",,,,,,,,,,,"","","","","","","","",,
"react-baseline-vs-ccrs-v1-t2","002-ccrs","react_ccrs_mazeV1_t2","react_ccrs_mazeV1_t2_20260625_141909.log","28383","react.ccrs.contingency.escalation.considered","","621",,,,,,,,,,,,,,,,,"","","","","","","","",,
"react-baseline-vs-ccrs-v1-t2","002-ccrs","react_ccrs_mazeV1_t2","react_ccrs_mazeV1_t2_20260625_141909.log","28384","react.ccrs.contingency.escalation.skipped","","621",,,,,,"no_escalation_condition_met",,,,,,,,,,,"","","","","","","","",,
"react-baseline-vs-ccrs-v1-t2","002-ccrs","react_ccrs_mazeV1_t2","react_ccrs_mazeV1_t2_20260625_141909.log","28471","react.ccrs.contingency.escalation.considered","","622",,,,,,,,,,,,,,,,,"","","","","","","","",,
"react-baseline-vs-ccrs-v1-t2","002-ccrs","react_ccrs_mazeV1_t2","react_ccrs_mazeV1_t2_20260625_141909.log","28472","react.ccrs.contingency.escalation.skipped","","622",,,,,,"no_escalation_condition_met",,,,,,,,,,,"","","","","","","","",,
"react-baseline-vs-ccrs-v1-t2","002-ccrs","react_ccrs_mazeV1_t2","react_ccrs_mazeV1_t2_20260625_141909.log","28559","react.ccrs.contingency.escalation.considered","","623",,,,,,,,,,,,,,,,,"","","","","","","","",,
"react-baseline-vs-ccrs-v1-t2","002-ccrs","react_ccrs_mazeV1_t2","react_ccrs_mazeV1_t2_20260625_141909.log","28560","react.ccrs.contingency.escalation.skipped","","623",,,,,,"no_escalation_condition_met",,,,,,,,,,,"","","","","","","","",,
"react-baseline-vs-ccrs-v1-t2","002-ccrs","react_ccrs_mazeV1_t2","react_ccrs_mazeV1_t2_20260625_141909.log","28647","react.ccrs.contingency.escalation.considered","","624",,,,,,,,,,,,,,,,,"","","","","","","","",,
"react-baseline-vs-ccrs-v1-t2","002-ccrs","react_ccrs_mazeV1_t2","react_ccrs_mazeV1_t2_20260625_141909.log","28648","react.ccrs.contingency.escalation.skipped","","624",,,,,,"no_escalation_condition_met",,,,,,,,,,,"","","","","","","","",,
"react-baseline-vs-ccrs-v1-t2","002-ccrs","react_ccrs_mazeV1_t2","react_ccrs_mazeV1_t2_20260625_141909.log","28664","react.ccrs.contingency.escalation.considered","","625",,,,,,,,,,,,,,,,,"","","","","","","","",,
"react-baseline-vs-ccrs-v1-t2","002-ccrs","react_ccrs_mazeV1_t2","react_ccrs_mazeV1_t2_20260625_141909.log","28665","react.ccrs.contingency.escalation.skipped","","625",,,,,,"no_escalation_condition_met",,,,,,,,,,,"","","","","","","","",,
"react-baseline-vs-ccrs-v1-t2","002-ccrs","react_ccrs_mazeV1_t2","react_ccrs_mazeV1_t2_20260625_141909.log","28752","react.ccrs.contingency.escalation.considered","","626",,,,,,,,,,,,,,,,,"","","","","","","","",,
"react-baseline-vs-ccrs-v1-t2","002-ccrs","react_ccrs_mazeV1_t2","react_ccrs_mazeV1_t2_20260625_141909.log","28753","react.ccrs.contingency.escalation.skipped","","626",,,,,,"no_escalation_condition_met",,,,,,,,,,,"","","","","","","","",,
"react-baseline-vs-ccrs-v1-t2","002-ccrs","react_ccrs_mazeV1_t2","react_ccrs_mazeV1_t2_20260625_141909.log","28840","react.ccrs.contingency.escalation.considered","","627",,,,,,,,,,,,,,,,,"","","","","","","","",,
"react-baseline-vs-ccrs-v1-t2","002-ccrs","react_ccrs_mazeV1_t2","react_ccrs_mazeV1_t2_20260625_141909.log","28841","react.ccrs.contingency.escalation.skipped","","627",,,,,,"no_escalation_condition_met",,,,,,,,,,,"","","","","","","","",,
"react-baseline-vs-ccrs-v1-t2","002-ccrs","react_ccrs_mazeV1_t2","react_ccrs_mazeV1_t2_20260625_141909.log","28857","react.ccrs.contingency.escalation.considered","","628",,,,,,,,,,,,,,,,,"","","","","","","","",,
"react-baseline-vs-ccrs-v1-t2","002-ccrs","react_ccrs_mazeV1_t2","react_ccrs_mazeV1_t2_20260625_141909.log","28858","react.ccrs.contingency.escalation.skipped","","628",,,,,,"no_escalation_condition_met",,,,,,,,,,,"","","","","","","","",,
"react-baseline-vs-ccrs-v1-t2","002-ccrs","react_ccrs_mazeV1_t2","react_ccrs_mazeV1_t2_20260625_141909.log","28945","react.ccrs.contingency.escalation.considered","","629",,,,,,,,,,,,,,,,,"","","","","","","","",,
"react-baseline-vs-ccrs-v1-t2","002-ccrs","react_ccrs_mazeV1_t2","react_ccrs_mazeV1_t2_20260625_141909.log","28946","react.ccrs.contingency.escalation.skipped","","629",,,,,,"no_escalation_condition_met",,,,,,,,,,,"","","","","","","","",,
"react-baseline-vs-ccrs-v1-t2","002-ccrs","react_ccrs_mazeV1_t2","react_ccrs_mazeV1_t2_20260625_141909.log","29033","react.ccrs.contingency.escalation.considered","","630",,,,,,,,,,,,,,,,,"","","","","","","","",,
"react-baseline-vs-ccrs-v1-t2","002-ccrs","react_ccrs_mazeV1_t2","react_ccrs_mazeV1_t2_20260625_141909.log","29034","react.ccrs.contingency.escalation.skipped","","630",,,,,,"no_escalation_condition_met",,,,,,,,,,,"","","","","","","","",,
"react-baseline-vs-ccrs-v1-t2","002-ccrs","react_ccrs_mazeV1_t2","react_ccrs_mazeV1_t2_20260625_141909.log","29121","react.ccrs.contingency.escalation.considered","","631",,,,,,,,,,,,,,,,,"","","","","","","","",,
"react-baseline-vs-ccrs-v1-t2","002-ccrs","react_ccrs_mazeV1_t2","react_ccrs_mazeV1_t2_20260625_141909.log","29122","react.ccrs.contingency.escalation.skipped","","631",,,,,,"no_escalation_condition_met",,,,,,,,,,,"","","","","","","","",,
"react-baseline-vs-ccrs-v1-t2","002-ccrs","react_ccrs_mazeV1_t2","react_ccrs_mazeV1_t2_20260625_141909.log","29209","react.ccrs.contingency.escalation.considered","","632",,,,,,,,,,,,,,,,,"","","","","","","","",,
"react-baseline-vs-ccrs-v1-t2","002-ccrs","react_ccrs_mazeV1_t2","react_ccrs_mazeV1_t2_20260625_141909.log","29210","react.ccrs.contingency.escalation.skipped","","632",,,,,,"no_escalation_condition_met",,,,,,,,,,,"","","","","","","","",,
"react-baseline-vs-ccrs-v1-t2","002-ccrs","react_ccrs_mazeV1_t2","react_ccrs_mazeV1_t2_20260625_141909.log","29226","react.ccrs.contingency.escalation.considered","","633",,,,,,,,,,,,,,,,,"","","","","","","","",,
"react-baseline-vs-ccrs-v1-t2","002-ccrs","react_ccrs_mazeV1_t2","react_ccrs_mazeV1_t2_20260625_141909.log","29227","react.ccrs.contingency.escalation.skipped","","633",,,,,,"no_escalation_condition_met",,,,,,,,,,,"","","","","","","","",,
"react-baseline-vs-ccrs-v1-t2","002-ccrs","react_ccrs_mazeV1_t2","react_ccrs_mazeV1_t2_20260625_141909.log","29314","react.ccrs.contingency.escalation.considered","","634",,,,,,,,,,,,,,,,,"","","","","","","","",,
"react-baseline-vs-ccrs-v1-t2","002-ccrs","react_ccrs_mazeV1_t2","react_ccrs_mazeV1_t2_20260625_141909.log","29315","react.ccrs.contingency.escalation.skipped","","634",,,,,,"no_escalation_condition_met",,,,,,,,,,,"","","","","","","","",,
"react-baseline-vs-ccrs-v1-t2","002-ccrs","react_ccrs_mazeV1_t2","react_ccrs_mazeV1_t2_20260625_141909.log","29402","react.ccrs.contingency.escalation.considered","","635",,,,,,,,,,,,,,,,,"","","","","","","","",,
"react-baseline-vs-ccrs-v1-t2","002-ccrs","react_ccrs_mazeV1_t2","react_ccrs_mazeV1_t2_20260625_141909.log","29403","react.ccrs.contingency.escalation.skipped","","635",,,,,,"no_escalation_condition_met",,,,,,,,,,,"","","","","","","","",,
"react-baseline-vs-ccrs-v1-t2","002-ccrs","react_ccrs_mazeV1_t2","react_ccrs_mazeV1_t2_20260625_141909.log","29490","react.ccrs.contingency.escalation.considered","","636",,,,,,,,,,,,,,,,,"","","","","","","","",,
"react-baseline-vs-ccrs-v1-t2","002-ccrs","react_ccrs_mazeV1_t2","react_ccrs_mazeV1_t2_20260625_141909.log","29491","react.ccrs.contingency.escalation.skipped","","636",,,,,,"no_escalation_condition_met",,,,,,,,,,,"","","","","","","","",,
"react-baseline-vs-ccrs-v1-t2","002-ccrs","react_ccrs_mazeV1_t2","react_ccrs_mazeV1_t2_20260625_141909.log","29578","react.ccrs.contingency.escalation.considered","","637",,,,,,,,,,,,,,,,,"","","","","","","","",,
"react-baseline-vs-ccrs-v1-t2","002-ccrs","react_ccrs_mazeV1_t2","react_ccrs_mazeV1_t2_20260625_141909.log","29579","react.ccrs.contingency.escalation.skipped","","637",,,,,,"no_escalation_condition_met",,,,,,,,,,,"","","","","","","","",,
"react-baseline-vs-ccrs-v1-t2","002-ccrs","react_ccrs_mazeV1_t2","react_ccrs_mazeV1_t2_20260625_141909.log","29666","react.ccrs.contingency.escalation.considered","","638",,,,,,,,,,,,,,,,,"","","","","","","","",,
"react-baseline-vs-ccrs-v1-t2","002-ccrs","react_ccrs_mazeV1_t2","react_ccrs_mazeV1_t2_20260625_141909.log","29667","react.ccrs.contingency.escalation.skipped","","638",,,,,,"no_escalation_condition_met",,,,,,,,,,,"","","","","","","","",,
"react-baseline-vs-ccrs-v1-t2","002-ccrs","react_ccrs_mazeV1_t2","react_ccrs_mazeV1_t2_20260625_141909.log","29754","react.ccrs.contingency.escalation.considered","","639",,,,,,,,,,,,,,,,,"","","","","","","","",,
"react-baseline-vs-ccrs-v1-t2","002-ccrs","react_ccrs_mazeV1_t2","react_ccrs_mazeV1_t2_20260625_141909.log","29755","react.ccrs.contingency.escalation.skipped","","639",,,,,,"no_escalation_condition_met",,,,,,,,,,,"","","","","","","","",,
"react-baseline-vs-ccrs-v1-t2","002-ccrs","react_ccrs_mazeV1_t2","react_ccrs_mazeV1_t2_20260625_141909.log","29771","react.ccrs.contingency.escalation.considered","","640",,,,,,,,,,,,,,,,,"","","","","","","","",,
"react-baseline-vs-ccrs-v1-t2","002-ccrs","react_ccrs_mazeV1_t2","react_ccrs_mazeV1_t2_20260625_141909.log","29772","react.ccrs.contingency.escalation.skipped","","640",,,,,,"no_escalation_condition_met",,,,,,,,,,,"","","","","","","","",,
"react-baseline-vs-ccrs-v1-t2","002-ccrs","react_ccrs_mazeV1_t2","react_ccrs_mazeV1_t2_20260625_141909.log","29859","react.ccrs.contingency.escalation.considered","","641",,,,,,,,,,,,,,,,,"","","","","","","","",,
"react-baseline-vs-ccrs-v1-t2","002-ccrs","react_ccrs_mazeV1_t2","react_ccrs_mazeV1_t2_20260625_141909.log","29860","react.ccrs.contingency.escalation.skipped","","641",,,,,,"no_escalation_condition_met",,,,,,,,,,,"","","","","","","","",,
"react-baseline-vs-ccrs-v1-t2","002-ccrs","react_ccrs_mazeV1_t2","react_ccrs_mazeV1_t2_20260625_141909.log","29947","react.ccrs.contingency.escalation.considered","","642",,,,,,,,,,,,,,,,,"","","","","","","","",,
"react-baseline-vs-ccrs-v1-t2","002-ccrs","react_ccrs_mazeV1_t2","react_ccrs_mazeV1_t2_20260625_141909.log","29948","react.ccrs.contingency.escalation.skipped","","642",,,,,,"no_escalation_condition_met",,,,,,,,,,,"","","","","","","","",,
"react-baseline-vs-ccrs-v1-t2","002-ccrs","react_ccrs_mazeV1_t2","react_ccrs_mazeV1_t2_20260625_141909.log","30035","react.ccrs.contingency.escalation.considered","","643",,,,,,,,,,,,,,,,,"","","","","","","","",,
"react-baseline-vs-ccrs-v1-t2","002-ccrs","react_ccrs_mazeV1_t2","react_ccrs_mazeV1_t2_20260625_141909.log","30036","react.ccrs.contingency.escalation.skipped","","643",,,,,,"no_escalation_condition_met",,,,,,,,,,,"","","","","","","","",,
"react-baseline-vs-ccrs-v1-t2","002-ccrs","react_ccrs_mazeV1_t2","react_ccrs_mazeV1_t2_20260625_141909.log","30123","react.ccrs.contingency.escalation.considered","","644",,,,,,,,,,,,,,,,,"","","","","","","","",,
"react-baseline-vs-ccrs-v1-t2","002-ccrs","react_ccrs_mazeV1_t2","react_ccrs_mazeV1_t2_20260625_141909.log","30124","react.ccrs.contingency.escalation.skipped","","644",,,,,,"no_escalation_condition_met",,,,,,,,,,,"","","","","","","","",,
"react-baseline-vs-ccrs-v1-t2","002-ccrs","react_ccrs_mazeV1_t2","react_ccrs_mazeV1_t2_20260625_141909.log","30211","react.ccrs.contingency.escalation.considered","","645",,,,,,,,,,,,,,,,,"","","","","","","","",,
"react-baseline-vs-ccrs-v1-t2","002-ccrs","react_ccrs_mazeV1_t2","react_ccrs_mazeV1_t2_20260625_141909.log","30212","react.ccrs.contingency.escalation.skipped","","645",,,,,,"no_escalation_condition_met",,,,,,,,,,,"","","","","","","","",,
"react-baseline-vs-ccrs-v1-t2","002-ccrs","react_ccrs_mazeV1_t2","react_ccrs_mazeV1_t2_20260625_141909.log","30299","react.ccrs.contingency.escalation.considered","","646",,,,,,,,,,,,,,,,,"","","","","","","","",,
"react-baseline-vs-ccrs-v1-t2","002-ccrs","react_ccrs_mazeV1_t2","react_ccrs_mazeV1_t2_20260625_141909.log","30300","react.ccrs.contingency.escalation.skipped","","646",,,,,,"no_escalation_condition_met",,,,,,,,,,,"","","","","","","","",,
"react-baseline-vs-ccrs-v1-t2","002-ccrs","react_ccrs_mazeV1_t2","react_ccrs_mazeV1_t2_20260625_141909.log","30311","react.ccrs.contingency.escalation.considered","","647",,,,,,,,,,,,,,,,,"","","","","","","","",,
"react-baseline-vs-ccrs-v1-t2","002-ccrs","react_ccrs_mazeV1_t2","react_ccrs_mazeV1_t2_20260625_141909.log","30312","react.ccrs.contingency.escalation.skipped","","647",,,,,,"no_escalation_condition_met",,,,,,,,,,,"","","","","","","","",,
"react-baseline-vs-ccrs-v1-t2","002-ccrs","react_ccrs_mazeV1_t2","react_ccrs_mazeV1_t2_20260625_141909.log","30418","react.ccrs.contingency.escalation.considered","","648",,,,,,,,,,,,,,,,,"","","","","","","","",,
"react-baseline-vs-ccrs-v1-t2","002-ccrs","react_ccrs_mazeV1_t2","react_ccrs_mazeV1_t2_20260625_141909.log","30419","react.ccrs.contingency.escalation.skipped","","648",,,,,,"no_escalation_condition_met",,,,,,,,,,,"","","","","","","","",,
"react-baseline-vs-ccrs-v1-t2","002-ccrs","react_ccrs_mazeV1_t2","react_ccrs_mazeV1_t2_20260625_141909.log","30435","react.ccrs.contingency.escalation.considered","","649",,,,,,,,,,,,,,,,,"","","","","","","","",,
"react-baseline-vs-ccrs-v1-t2","002-ccrs","react_ccrs_mazeV1_t2","react_ccrs_mazeV1_t2_20260625_141909.log","30436","react.ccrs.contingency.escalation.skipped","","649",,,,,,"no_escalation_condition_met",,,,,,,,,,,"","","","","","","","",,
"react-baseline-vs-ccrs-v1-t2","002-ccrs","react_ccrs_mazeV1_t2","react_ccrs_mazeV1_t2_20260625_141909.log","30542","react.ccrs.contingency.escalation.considered","","650",,,,,,,,,,,,,,,,,"","","","","","","","",,
"react-baseline-vs-ccrs-v1-t2","002-ccrs","react_ccrs_mazeV1_t2","react_ccrs_mazeV1_t2_20260625_141909.log","30543","react.ccrs.contingency.escalation.skipped","","650",,,,,,"no_escalation_condition_met",,,,,,,,,,,"","","","","","","","",,
"react-baseline-vs-ccrs-v1-t2","002-ccrs","react_ccrs_mazeV1_t2","react_ccrs_mazeV1_t2_20260625_141909.log","30649","react.ccrs.contingency.escalation.considered","","651",,,,,,,,,,,,,,,,,"","","","","","","","",,
"react-baseline-vs-ccrs-v1-t2","002-ccrs","react_ccrs_mazeV1_t2","react_ccrs_mazeV1_t2_20260625_141909.log","30650","react.ccrs.contingency.escalation.skipped","","651",,,,,,"no_escalation_condition_met",,,,,,,,,,,"","","","","","","","",,
"react-baseline-vs-ccrs-v1-t2","002-ccrs","react_ccrs_mazeV1_t2","react_ccrs_mazeV1_t2_20260625_141909.log","30661","react.ccrs.contingency.escalation.considered","","652",,,,,,,,,,,,,,,,,"","","","","","","","",,
"react-baseline-vs-ccrs-v1-t2","002-ccrs","react_ccrs_mazeV1_t2","react_ccrs_mazeV1_t2_20260625_141909.log","30662","react.ccrs.contingency.escalation.skipped","","652",,,,,,"no_escalation_condition_met",,,,,,,,,,,"","","","","","","","",,
"react-baseline-vs-ccrs-v1-t2","002-ccrs","react_ccrs_mazeV1_t2","react_ccrs_mazeV1_t2_20260625_141909.log","30749","react.ccrs.contingency.escalation.considered","","653",,,,,,,,,,,,,,,,,"","","","","","","","",,
"react-baseline-vs-ccrs-v1-t2","002-ccrs","react_ccrs_mazeV1_t2","react_ccrs_mazeV1_t2_20260625_141909.log","30750","react.ccrs.contingency.escalation.skipped","","653",,,,,,"no_escalation_condition_met",,,,,,,,,,,"","","","","","","","",,
"react-baseline-vs-ccrs-v1-t2","002-ccrs","react_ccrs_mazeV1_t2","react_ccrs_mazeV1_t2_20260625_141909.log","30837","react.ccrs.contingency.escalation.considered","","654",,,,,,,,,,,,,,,,,"","","","","","","","",,
"react-baseline-vs-ccrs-v1-t2","002-ccrs","react_ccrs_mazeV1_t2","react_ccrs_mazeV1_t2_20260625_141909.log","30838","react.ccrs.contingency.escalation.skipped","","654",,,,,,"no_escalation_condition_met",,,,,,,,,,,"","","","","","","","",,
"react-baseline-vs-ccrs-v1-t2","002-ccrs","react_ccrs_mazeV1_t2","react_ccrs_mazeV1_t2_20260625_141909.log","30854","react.ccrs.contingency.escalation.considered","","655",,,,,,,,,,,,,,,,,"","","","","","","","",,
"react-baseline-vs-ccrs-v1-t2","002-ccrs","react_ccrs_mazeV1_t2","react_ccrs_mazeV1_t2_20260625_141909.log","30855","react.ccrs.contingency.escalation.skipped","","655",,,,,,"no_escalation_condition_met",,,,,,,,,,,"","","","","","","","",,
"react-baseline-vs-ccrs-v1-t2","002-ccrs","react_ccrs_mazeV1_t2","react_ccrs_mazeV1_t2_20260625_141909.log","30866","react.ccrs.contingency.escalation.considered","","656",,,,,,,,,,,,,,,,,"","","","","","","","",,
"react-baseline-vs-ccrs-v1-t2","002-ccrs","react_ccrs_mazeV1_t2","react_ccrs_mazeV1_t2_20260625_141909.log","30867","react.ccrs.contingency.escalation.skipped","","656",,,,,,"no_escalation_condition_met",,,,,,,,,,,"","","","","","","","",,
"react-baseline-vs-ccrs-v1-t2","002-ccrs","react_ccrs_mazeV1_t2","react_ccrs_mazeV1_t2_20260625_141909.log","30954","react.ccrs.contingency.escalation.considered","","657",,,,,,,,,,,,,,,,,"","","","","","","","",,
"react-baseline-vs-ccrs-v1-t2","002-ccrs","react_ccrs_mazeV1_t2","react_ccrs_mazeV1_t2_20260625_141909.log","30955","react.ccrs.contingency.escalation.skipped","","657",,,,,,"no_escalation_condition_met",,,,,,,,,,,"","","","","","","","",,
"react-baseline-vs-ccrs-v1-t2","002-ccrs","react_ccrs_mazeV1_t2","react_ccrs_mazeV1_t2_20260625_141909.log","31042","react.ccrs.contingency.escalation.considered","","658",,,,,,,,,,,,,,,,,"","","","","","","","",,
"react-baseline-vs-ccrs-v1-t2","002-ccrs","react_ccrs_mazeV1_t2","react_ccrs_mazeV1_t2_20260625_141909.log","31043","react.ccrs.contingency.escalation.skipped","","658",,,,,,"no_escalation_condition_met",,,,,,,,,,,"","","","","","","","",,
"react-baseline-vs-ccrs-v1-t2","002-ccrs","react_ccrs_mazeV1_t2","react_ccrs_mazeV1_t2_20260625_141909.log","31130","react.ccrs.contingency.escalation.considered","","659",,,,,,,,,,,,,,,,,"","","","","","","","",,
"react-baseline-vs-ccrs-v1-t2","002-ccrs","react_ccrs_mazeV1_t2","react_ccrs_mazeV1_t2_20260625_141909.log","31131","react.ccrs.contingency.escalation.skipped","","659",,,,,,"no_escalation_condition_met",,,,,,,,,,,"","","","","","","","",,
"react-baseline-vs-ccrs-v1-t2","002-ccrs","react_ccrs_mazeV1_t2","react_ccrs_mazeV1_t2_20260625_141909.log","31218","react.ccrs.contingency.escalation.considered","","660",,,,,,,,,,,,,,,,,"","","","","","","","",,
"react-baseline-vs-ccrs-v1-t2","002-ccrs","react_ccrs_mazeV1_t2","react_ccrs_mazeV1_t2_20260625_141909.log","31219","react.ccrs.contingency.escalation.skipped","","660",,,,,,"no_escalation_condition_met",,,,,,,,,,,"","","","","","","","",,
"react-baseline-vs-ccrs-v1-t2","002-ccrs","react_ccrs_mazeV1_t2","react_ccrs_mazeV1_t2_20260625_141909.log","31235","react.ccrs.contingency.escalation.considered","","661",,,,,,,,,,,,,,,,,"","","","","","","","",,
"react-baseline-vs-ccrs-v1-t2","002-ccrs","react_ccrs_mazeV1_t2","react_ccrs_mazeV1_t2_20260625_141909.log","31236","react.ccrs.contingency.escalation.skipped","","661",,,,,,"no_escalation_condition_met",,,,,,,,,,,"","","","","","","","",,
"react-baseline-vs-ccrs-v1-t2","002-ccrs","react_ccrs_mazeV1_t2","react_ccrs_mazeV1_t2_20260625_141909.log","31247","react.ccrs.contingency.escalation.considered","","662",,,,,,,,,,,,,,,,,"","","","","","","","",,
"react-baseline-vs-ccrs-v1-t2","002-ccrs","react_ccrs_mazeV1_t2","react_ccrs_mazeV1_t2_20260625_141909.log","31248","react.ccrs.contingency.escalation.skipped","","662",,,,,,"no_escalation_condition_met",,,,,,,,,,,"","","","","","","","",,
"react-baseline-vs-ccrs-v1-t2","002-ccrs","react_ccrs_mazeV1_t2","react_ccrs_mazeV1_t2_20260625_141909.log","31335","react.ccrs.contingency.escalation.considered","","663",,,,,,,,,,,,,,,,,"","","","","","","","",,
"react-baseline-vs-ccrs-v1-t2","002-ccrs","react_ccrs_mazeV1_t2","react_ccrs_mazeV1_t2_20260625_141909.log","31336","react.ccrs.contingency.escalation.skipped","","663",,,,,,"no_escalation_condition_met",,,,,,,,,,,"","","","","","","","",,
"react-baseline-vs-ccrs-v1-t2","002-ccrs","react_ccrs_mazeV1_t2","react_ccrs_mazeV1_t2_20260625_141909.log","31347","react.ccrs.contingency.escalation.considered","","664",,,,,,,,,,,,,,,,,"","","","","","","","",,
"react-baseline-vs-ccrs-v1-t2","002-ccrs","react_ccrs_mazeV1_t2","react_ccrs_mazeV1_t2_20260625_141909.log","31348","react.ccrs.contingency.escalation.skipped","","664",,,,,,"no_escalation_condition_met",,,,,,,,,,,"","","","","","","","",,
"react-baseline-vs-ccrs-v1-t2","002-ccrs","react_ccrs_mazeV1_t2","react_ccrs_mazeV1_t2_20260625_141909.log","31416","react.ccrs.contingency.escalation.considered","","665",,,,,,,,,,,,,,,,,"","","","","","","","",,
"react-baseline-vs-ccrs-v1-t2","002-ccrs","react_ccrs_mazeV1_t2","react_ccrs_mazeV1_t2_20260625_141909.log","31417","react.ccrs.contingency.escalation.skipped","","665",,,,,,"no_escalation_condition_met",,,,,,,,,,,"","","","","","","","",,
"react-baseline-vs-ccrs-v1-t2","002-ccrs","react_ccrs_mazeV1_t2","react_ccrs_mazeV1_t2_20260625_141909.log","31485","react.ccrs.contingency.escalation.considered","","666",,,,,,,,,,,,,,,,,"","","","","","","","",,
"react-baseline-vs-ccrs-v1-t2","002-ccrs","react_ccrs_mazeV1_t2","react_ccrs_mazeV1_t2_20260625_141909.log","31486","react.ccrs.contingency.escalation.skipped","","666",,,,,,"no_escalation_condition_met",,,,,,,,,,,"","","","","","","","",,
"react-baseline-vs-ccrs-v1-t2","002-ccrs","react_ccrs_mazeV1_t2","react_ccrs_mazeV1_t2_20260625_141909.log","31554","react.ccrs.contingency.escalation.considered","","667",,,,,,,,,,,,,,,,,"","","","","","","","",,
"react-baseline-vs-ccrs-v1-t2","002-ccrs","react_ccrs_mazeV1_t2","react_ccrs_mazeV1_t2_20260625_141909.log","31555","react.ccrs.contingency.escalation.skipped","","667",,,,,,"no_escalation_condition_met",,,,,,,,,,,"","","","","","","","",,
"react-baseline-vs-ccrs-v1-t2","002-ccrs","react_ccrs_mazeV1_t2","react_ccrs_mazeV1_t2_20260625_141909.log","31623","react.ccrs.contingency.escalation.considered","","668",,,,,,,,,,,,,,,,,"","","","","","","","",,
"react-baseline-vs-ccrs-v1-t2","002-ccrs","react_ccrs_mazeV1_t2","react_ccrs_mazeV1_t2_20260625_141909.log","31624","react.ccrs.contingency.escalation.skipped","","668",,,,,,"no_escalation_condition_met",,,,,,,,,,,"","","","","","","","",,
"react-baseline-vs-ccrs-v1-t2","002-ccrs","react_ccrs_mazeV1_t2","react_ccrs_mazeV1_t2_20260625_141909.log","31692","react.ccrs.contingency.escalation.considered","","669",,,,,,,,,,,,,,,,,"","","","","","","","",,
"react-baseline-vs-ccrs-v1-t2","002-ccrs","react_ccrs_mazeV1_t2","react_ccrs_mazeV1_t2_20260625_141909.log","31693","react.ccrs.contingency.escalation.skipped","","669",,,,,,"no_escalation_condition_met",,,,,,,,,,,"","","","","","","","",,
"react-baseline-vs-ccrs-v1-t2","002-ccrs","react_ccrs_mazeV1_t2","react_ccrs_mazeV1_t2_20260625_141909.log","31761","react.ccrs.contingency.escalation.considered","","670",,,,,,,,,,,,,,,,,"","","","","","","","",,
"react-baseline-vs-ccrs-v1-t2","002-ccrs","react_ccrs_mazeV1_t2","react_ccrs_mazeV1_t2_20260625_141909.log","31762","react.ccrs.contingency.escalation.skipped","","670",,,,,,"no_escalation_condition_met",,,,,,,,,,,"","","","","","","","",,
"react-baseline-vs-ccrs-v1-t2","002-ccrs","react_ccrs_mazeV1_t2","react_ccrs_mazeV1_t2_20260625_141909.log","31830","react.ccrs.contingency.escalation.considered","","671",,,,,,,,,,,,,,,,,"","","","","","","","",,
"react-baseline-vs-ccrs-v1-t2","002-ccrs","react_ccrs_mazeV1_t2","react_ccrs_mazeV1_t2_20260625_141909.log","31831","react.ccrs.contingency.escalation.skipped","","671",,,,,,"no_escalation_condition_met",,,,,,,,,,,"","","","","","","","",,
"react-baseline-vs-ccrs-v1-t2","002-ccrs","react_ccrs_mazeV1_t2","react_ccrs_mazeV1_t2_20260625_141909.log","31899","react.ccrs.contingency.escalation.considered","","672",,,,,,,,,,,,,,,,,"","","","","","","","",,
"react-baseline-vs-ccrs-v1-t2","002-ccrs","react_ccrs_mazeV1_t2","react_ccrs_mazeV1_t2_20260625_141909.log","31900","react.ccrs.contingency.escalation.skipped","","672",,,,,,"no_escalation_condition_met",,,,,,,,,,,"","","","","","","","",,
"react-baseline-vs-ccrs-v1-t2","002-ccrs","react_ccrs_mazeV1_t2","react_ccrs_mazeV1_t2_20260625_141909.log","31916","react.ccrs.contingency.escalation.considered","","673",,,,,,,,,,,,,,,,,"","","","","","","","",,
"react-baseline-vs-ccrs-v1-t2","002-ccrs","react_ccrs_mazeV1_t2","react_ccrs_mazeV1_t2_20260625_141909.log","31917","react.ccrs.contingency.escalation.skipped","","673",,,,,,"no_escalation_condition_met",,,,,,,,,,,"","","","","","","","",,
"react-baseline-vs-ccrs-v1-t2","002-ccrs","react_ccrs_mazeV1_t2","react_ccrs_mazeV1_t2_20260625_141909.log","31928","react.ccrs.contingency.escalation.considered","","674",,,,,,,,,,,,,,,,,"","","","","","","","",,
"react-baseline-vs-ccrs-v1-t2","002-ccrs","react_ccrs_mazeV1_t2","react_ccrs_mazeV1_t2_20260625_141909.log","31929","react.ccrs.contingency.escalation.skipped","","674",,,,,,"no_escalation_condition_met",,,,,,,,,,,"","","","","","","","",,
"react-baseline-vs-ccrs-v1-t2","002-ccrs","react_ccrs_mazeV1_t2","react_ccrs_mazeV1_t2_20260625_141909.log","31997","react.ccrs.contingency.escalation.considered","","675",,,,,,,,,,,,,,,,,"","","","","","","","",,
"react-baseline-vs-ccrs-v1-t2","002-ccrs","react_ccrs_mazeV1_t2","react_ccrs_mazeV1_t2_20260625_141909.log","31998","react.ccrs.contingency.escalation.skipped","","675",,,,,,"no_escalation_condition_met",,,,,,,,,,,"","","","","","","","",,
"react-baseline-vs-ccrs-v1-t2","002-ccrs","react_ccrs_mazeV1_t2","react_ccrs_mazeV1_t2_20260625_141909.log","32066","react.ccrs.contingency.escalation.considered","","676",,,,,,,,,,,,,,,,,"","","","","","","","",,
"react-baseline-vs-ccrs-v1-t2","002-ccrs","react_ccrs_mazeV1_t2","react_ccrs_mazeV1_t2_20260625_141909.log","32067","react.ccrs.contingency.escalation.skipped","","676",,,,,,"no_escalation_condition_met",,,,,,,,,,,"","","","","","","","",,
"react-baseline-vs-ccrs-v1-t2","002-ccrs","react_ccrs_mazeV1_t2","react_ccrs_mazeV1_t2_20260625_141909.log","32135","react.ccrs.contingency.escalation.considered","","677",,,,,,,,,,,,,,,,,"","","","","","","","",,
"react-baseline-vs-ccrs-v1-t2","002-ccrs","react_ccrs_mazeV1_t2","react_ccrs_mazeV1_t2_20260625_141909.log","32136","react.ccrs.contingency.escalation.skipped","","677",,,,,,"no_escalation_condition_met",,,,,,,,,,,"","","","","","","","",,
"react-baseline-vs-ccrs-v1-t2","002-ccrs","react_ccrs_mazeV1_t2","react_ccrs_mazeV1_t2_20260625_141909.log","32204","react.ccrs.contingency.escalation.considered","","678",,,,,,,,,,,,,,,,,"","","","","","","","",,
"react-baseline-vs-ccrs-v1-t2","002-ccrs","react_ccrs_mazeV1_t2","react_ccrs_mazeV1_t2_20260625_141909.log","32205","react.ccrs.contingency.escalation.skipped","","678",,,,,,"no_escalation_condition_met",,,,,,,,,,,"","","","","","","","",,
"react-baseline-vs-ccrs-v1-t2","002-ccrs","react_ccrs_mazeV1_t2","react_ccrs_mazeV1_t2_20260625_141909.log","32273","react.ccrs.contingency.escalation.considered","","679",,,,,,,,,,,,,,,,,"","","","","","","","",,
"react-baseline-vs-ccrs-v1-t2","002-ccrs","react_ccrs_mazeV1_t2","react_ccrs_mazeV1_t2_20260625_141909.log","32274","react.ccrs.contingency.escalation.skipped","","679",,,,,,"no_escalation_condition_met",,,,,,,,,,,"","","","","","","","",,
"react-baseline-vs-ccrs-v1-t2","002-ccrs","react_ccrs_mazeV1_t2","react_ccrs_mazeV1_t2_20260625_141909.log","32342","react.ccrs.contingency.escalation.considered","","680",,,,,,,,,,,,,,,,,"","","","","","","","",,
"react-baseline-vs-ccrs-v1-t2","002-ccrs","react_ccrs_mazeV1_t2","react_ccrs_mazeV1_t2_20260625_141909.log","32343","react.ccrs.contingency.escalation.skipped","","680",,,,,,"no_escalation_condition_met",,,,,,,,,,,"","","","","","","","",,
"react-baseline-vs-ccrs-v1-t2","002-ccrs","react_ccrs_mazeV1_t2","react_ccrs_mazeV1_t2_20260625_141909.log","32411","react.ccrs.contingency.escalation.considered","","681",,,,,,,,,,,,,,,,,"","","","","","","","",,
"react-baseline-vs-ccrs-v1-t2","002-ccrs","react_ccrs_mazeV1_t2","react_ccrs_mazeV1_t2_20260625_141909.log","32412","react.ccrs.contingency.escalation.skipped","","681",,,,,,"no_escalation_condition_met",,,,,,,,,,,"","","","","","","","",,
"react-baseline-vs-ccrs-v1-t2","002-ccrs","react_ccrs_mazeV1_t2","react_ccrs_mazeV1_t2_20260625_141909.log","32423","react.ccrs.contingency.escalation.considered","","682",,,,,,,,,,,,,,,,,"","","","","","","","",,
"react-baseline-vs-ccrs-v1-t2","002-ccrs","react_ccrs_mazeV1_t2","react_ccrs_mazeV1_t2_20260625_141909.log","32424","react.ccrs.contingency.escalation.skipped","","682",,,,,,"no_escalation_condition_met",,,,,,,,,,,"","","","","","","","",,
"react-baseline-vs-ccrs-v1-t2","002-ccrs","react_ccrs_mazeV1_t2","react_ccrs_mazeV1_t2_20260625_141909.log","32492","react.ccrs.contingency.escalation.considered","","683",,,,,,,,,,,,,,,,,"","","","","","","","",,
"react-baseline-vs-ccrs-v1-t2","002-ccrs","react_ccrs_mazeV1_t2","react_ccrs_mazeV1_t2_20260625_141909.log","32493","react.ccrs.contingency.escalation.skipped","","683",,,,,,"no_escalation_condition_met",,,,,,,,,,,"","","","","","","","",,
"react-baseline-vs-ccrs-v1-t2","002-ccrs","react_ccrs_mazeV1_t2","react_ccrs_mazeV1_t2_20260625_141909.log","32561","react.ccrs.contingency.escalation.considered","","684",,,,,,,,,,,,,,,,,"","","","","","","","",,
"react-baseline-vs-ccrs-v1-t2","002-ccrs","react_ccrs_mazeV1_t2","react_ccrs_mazeV1_t2_20260625_141909.log","32562","react.ccrs.contingency.escalation.skipped","","684",,,,,,"no_escalation_condition_met",,,,,,,,,,,"","","","","","","","",,
"react-baseline-vs-ccrs-v1-t2","002-ccrs","react_ccrs_mazeV1_t2","react_ccrs_mazeV1_t2_20260625_141909.log","32630","react.ccrs.contingency.escalation.considered","","685",,,,,,,,,,,,,,,,,"","","","","","","","",,
"react-baseline-vs-ccrs-v1-t2","002-ccrs","react_ccrs_mazeV1_t2","react_ccrs_mazeV1_t2_20260625_141909.log","32631","react.ccrs.contingency.escalation.skipped","","685",,,,,,"no_escalation_condition_met",,,,,,,,,,,"","","","","","","","",,
"react-baseline-vs-ccrs-v1-t2","002-ccrs","react_ccrs_mazeV1_t2","react_ccrs_mazeV1_t2_20260625_141909.log","32699","react.ccrs.contingency.escalation.considered","","686",,,,,,,,,,,,,,,,,"","","","","","","","",,
"react-baseline-vs-ccrs-v1-t2","002-ccrs","react_ccrs_mazeV1_t2","react_ccrs_mazeV1_t2_20260625_141909.log","32700","react.ccrs.contingency.escalation.skipped","","686",,,,,,"no_escalation_condition_met",,,,,,,,,,,"","","","","","","","",,
"react-baseline-vs-ccrs-v1-t2","002-ccrs","react_ccrs_mazeV1_t2","react_ccrs_mazeV1_t2_20260625_141909.log","32768","react.ccrs.contingency.escalation.considered","","687",,,,,,,,,,,,,,,,,"","","","","","","","",,
"react-baseline-vs-ccrs-v1-t2","002-ccrs","react_ccrs_mazeV1_t2","react_ccrs_mazeV1_t2_20260625_141909.log","32769","react.ccrs.contingency.escalation.skipped","","687",,,,,,"no_escalation_condition_met",,,,,,,,,,,"","","","","","","","",,
"react-baseline-vs-ccrs-v1-t2","002-ccrs","react_ccrs_mazeV1_t2","react_ccrs_mazeV1_t2_20260625_141909.log","32837","react.ccrs.contingency.escalation.considered","","688",,,,,,,,,,,,,,,,,"","","","","","","","",,
"react-baseline-vs-ccrs-v1-t2","002-ccrs","react_ccrs_mazeV1_t2","react_ccrs_mazeV1_t2_20260625_141909.log","32838","react.ccrs.contingency.escalation.skipped","","688",,,,,,"no_escalation_condition_met",,,,,,,,,,,"","","","","","","","",,
"react-baseline-vs-ccrs-v1-t2","002-ccrs","react_ccrs_mazeV1_t2","react_ccrs_mazeV1_t2_20260625_141909.log","32906","react.ccrs.contingency.escalation.considered","","689",,,,,,,,,,,,,,,,,"","","","","","","","",,
"react-baseline-vs-ccrs-v1-t2","002-ccrs","react_ccrs_mazeV1_t2","react_ccrs_mazeV1_t2_20260625_141909.log","32907","react.ccrs.contingency.escalation.skipped","","689",,,,,,"no_escalation_condition_met",,,,,,,,,,,"","","","","","","","",,
"react-baseline-vs-ccrs-v1-t2","002-ccrs","react_ccrs_mazeV1_t2","react_ccrs_mazeV1_t2_20260625_141909.log","32975","react.ccrs.contingency.escalation.considered","","690",,,,,,,,,,,,,,,,,"","","","","","","","",,
"react-baseline-vs-ccrs-v1-t2","002-ccrs","react_ccrs_mazeV1_t2","react_ccrs_mazeV1_t2_20260625_141909.log","32976","react.ccrs.contingency.escalation.skipped","","690",,,,,,"no_escalation_condition_met",,,,,,,,,,,"","","","","","","","",,
"react-baseline-vs-ccrs-v1-t2","002-ccrs","react_ccrs_mazeV1_t2","react_ccrs_mazeV1_t2_20260625_141909.log","33044","react.ccrs.contingency.escalation.considered","","691",,,,,,,,,,,,,,,,,"","","","","","","","",,
"react-baseline-vs-ccrs-v1-t2","002-ccrs","react_ccrs_mazeV1_t2","react_ccrs_mazeV1_t2_20260625_141909.log","33045","react.ccrs.contingency.escalation.skipped","","691",,,,,,"no_escalation_condition_met",,,,,,,,,,,"","","","","","","","",,
"react-baseline-vs-ccrs-v1-t2","002-ccrs","react_ccrs_mazeV1_t2","react_ccrs_mazeV1_t2_20260625_141909.log","33113","react.ccrs.contingency.escalation.considered","","692",,,,,,,,,,,,,,,,,"","","","","","","","",,
"react-baseline-vs-ccrs-v1-t2","002-ccrs","react_ccrs_mazeV1_t2","react_ccrs_mazeV1_t2_20260625_141909.log","33114","react.ccrs.contingency.escalation.skipped","","692",,,,,,"no_escalation_condition_met",,,,,,,,,,,"","","","","","","","",,
"react-baseline-vs-ccrs-v1-t2","002-ccrs","react_ccrs_mazeV1_t2","react_ccrs_mazeV1_t2_20260625_141909.log","33182","react.ccrs.contingency.escalation.considered","","693",,,,,,,,,,,,,,,,,"","","","","","","","",,
"react-baseline-vs-ccrs-v1-t2","002-ccrs","react_ccrs_mazeV1_t2","react_ccrs_mazeV1_t2_20260625_141909.log","33183","react.ccrs.contingency.escalation.skipped","","693",,,,,,"no_escalation_condition_met",,,,,,,,,,,"","","","","","","","",,
"react-baseline-vs-ccrs-v1-t2","002-ccrs","react_ccrs_mazeV1_t2","react_ccrs_mazeV1_t2_20260625_141909.log","33251","react.ccrs.contingency.escalation.considered","","694",,,,,,,,,,,,,,,,,"","","","","","","","",,
"react-baseline-vs-ccrs-v1-t2","002-ccrs","react_ccrs_mazeV1_t2","react_ccrs_mazeV1_t2_20260625_141909.log","33252","react.ccrs.contingency.escalation.skipped","","694",,,,,,"no_escalation_condition_met",,,,,,,,,,,"","","","","","","","",,
"react-baseline-vs-ccrs-v1-t2","002-ccrs","react_ccrs_mazeV1_t2","react_ccrs_mazeV1_t2_20260625_141909.log","33320","react.ccrs.contingency.escalation.considered","","695",,,,,,,,,,,,,,,,,"","","","","","","","",,
"react-baseline-vs-ccrs-v1-t2","002-ccrs","react_ccrs_mazeV1_t2","react_ccrs_mazeV1_t2_20260625_141909.log","33321","react.ccrs.contingency.escalation.skipped","","695",,,,,,"no_escalation_condition_met",,,,,,,,,,,"","","","","","","","",,
"react-baseline-vs-ccrs-v1-t2","002-ccrs","react_ccrs_mazeV1_t2","react_ccrs_mazeV1_t2_20260625_141909.log","33389","react.ccrs.contingency.escalation.considered","","696",,,,,,,,,,,,,,,,,"","","","","","","","",,
"react-baseline-vs-ccrs-v1-t2","002-ccrs","react_ccrs_mazeV1_t2","react_ccrs_mazeV1_t2_20260625_141909.log","33390","react.ccrs.contingency.escalation.skipped","","696",,,,,,"no_escalation_condition_met",,,,,,,,,,,"","","","","","","","",,
"react-baseline-vs-ccrs-v1-t2","002-ccrs","react_ccrs_mazeV1_t2","react_ccrs_mazeV1_t2_20260625_141909.log","33458","react.ccrs.contingency.escalation.considered","","697",,,,,,,,,,,,,,,,,"","","","","","","","",,
"react-baseline-vs-ccrs-v1-t2","002-ccrs","react_ccrs_mazeV1_t2","react_ccrs_mazeV1_t2_20260625_141909.log","33459","react.ccrs.contingency.escalation.skipped","","697",,,,,,"no_escalation_condition_met",,,,,,,,,,,"","","","","","","","",,
"react-baseline-vs-ccrs-v1-t2","002-ccrs","react_ccrs_mazeV1_t2","react_ccrs_mazeV1_t2_20260625_141909.log","33475","react.ccrs.contingency.escalation.considered","","698",,,,,,,,,,,,,,,,,"","","","","","","","",,
"react-baseline-vs-ccrs-v1-t2","002-ccrs","react_ccrs_mazeV1_t2","react_ccrs_mazeV1_t2_20260625_141909.log","33476","react.ccrs.contingency.escalation.skipped","","698",,,,,,"no_escalation_condition_met",,,,,,,,,,,"","","","","","","","",,
"react-baseline-vs-ccrs-v1-t2","002-ccrs","react_ccrs_mazeV1_t2","react_ccrs_mazeV1_t2_20260625_141909.log","33487","react.ccrs.contingency.escalation.considered","","699",,,,,,,,,,,,,,,,,"","","","","","","","",,
"react-baseline-vs-ccrs-v1-t2","002-ccrs","react_ccrs_mazeV1_t2","react_ccrs_mazeV1_t2_20260625_141909.log","33488","react.ccrs.contingency.escalation.skipped","","699",,,,,,"no_escalation_condition_met",,,,,,,,,,,"","","","","","","","",,
"react-baseline-vs-ccrs-v1-t2","002-ccrs","react_ccrs_mazeV1_t2","react_ccrs_mazeV1_t2_20260625_141909.log","33556","react.ccrs.contingency.escalation.considered","","700",,,,,,,,,,,,,,,,,"","","","","","","","",,
"react-baseline-vs-ccrs-v1-t2","002-ccrs","react_ccrs_mazeV1_t2","react_ccrs_mazeV1_t2_20260625_141909.log","33557","react.ccrs.contingency.escalation.skipped","","700",,,,,,"no_escalation_condition_met",,,,,,,,,,,"","","","","","","","",,
"react-baseline-vs-ccrs-v1-t2","002-ccrs","react_ccrs_mazeV1_t2","react_ccrs_mazeV1_t2_20260625_141909.log","33625","react.ccrs.contingency.escalation.considered","","701",,,,,,,,,,,,,,,,,"","","","","","","","",,
"react-baseline-vs-ccrs-v1-t2","002-ccrs","react_ccrs_mazeV1_t2","react_ccrs_mazeV1_t2_20260625_141909.log","33626","react.ccrs.contingency.escalation.skipped","","701",,,,,,"no_escalation_condition_met",,,,,,,,,,,"","","","","","","","",,
"react-baseline-vs-ccrs-v1-t2","002-ccrs","react_ccrs_mazeV1_t2","react_ccrs_mazeV1_t2_20260625_141909.log","33694","react.ccrs.contingency.escalation.considered","","702",,,,,,,,,,,,,,,,,"","","","","","","","",,
"react-baseline-vs-ccrs-v1-t2","002-ccrs","react_ccrs_mazeV1_t2","react_ccrs_mazeV1_t2_20260625_141909.log","33695","react.ccrs.contingency.escalation.skipped","","702",,,,,,"no_escalation_condition_met",,,,,,,,,,,"","","","","","","","",,
"react-baseline-vs-ccrs-v1-t2","002-ccrs","react_ccrs_mazeV1_t2","react_ccrs_mazeV1_t2_20260625_141909.log","33763","react.ccrs.contingency.escalation.considered","","703",,,,,,,,,,,,,,,,,"","","","","","","","",,
"react-baseline-vs-ccrs-v1-t2","002-ccrs","react_ccrs_mazeV1_t2","react_ccrs_mazeV1_t2_20260625_141909.log","33764","react.ccrs.contingency.escalation.skipped","","703",,,,,,"no_escalation_condition_met",,,,,,,,,,,"","","","","","","","",,
"react-baseline-vs-ccrs-v1-t2","002-ccrs","react_ccrs_mazeV1_t2","react_ccrs_mazeV1_t2_20260625_141909.log","33832","react.ccrs.contingency.escalation.considered","","704",,,,,,,,,,,,,,,,,"","","","","","","","",,
"react-baseline-vs-ccrs-v1-t2","002-ccrs","react_ccrs_mazeV1_t2","react_ccrs_mazeV1_t2_20260625_141909.log","33833","react.ccrs.contingency.escalation.skipped","","704",,,,,,"no_escalation_condition_met",,,,,,,,,,,"","","","","","","","",,
"react-baseline-vs-ccrs-v1-t2","002-ccrs","react_ccrs_mazeV1_t2","react_ccrs_mazeV1_t2_20260625_141909.log","33901","react.ccrs.contingency.escalation.considered","","705",,,,,,,,,,,,,,,,,"","","","","","","","",,
"react-baseline-vs-ccrs-v1-t2","002-ccrs","react_ccrs_mazeV1_t2","react_ccrs_mazeV1_t2_20260625_141909.log","33902","react.ccrs.contingency.escalation.skipped","","705",,,,,,"no_escalation_condition_met",,,,,,,,,,,"","","","","","","","",,
"react-baseline-vs-ccrs-v1-t2","002-ccrs","react_ccrs_mazeV1_t2","react_ccrs_mazeV1_t2_20260625_141909.log","33970","react.ccrs.contingency.escalation.considered","","706",,,,,,,,,,,,,,,,,"","","","","","","","",,
"react-baseline-vs-ccrs-v1-t2","002-ccrs","react_ccrs_mazeV1_t2","react_ccrs_mazeV1_t2_20260625_141909.log","33971","react.ccrs.contingency.escalation.skipped","","706",,,,,,"no_escalation_condition_met",,,,,,,,,,,"","","","","","","","",,
"react-baseline-vs-ccrs-v1-t2","002-ccrs","react_ccrs_mazeV1_t2","react_ccrs_mazeV1_t2_20260625_141909.log","34039","react.ccrs.contingency.escalation.considered","","707",,,,,,,,,,,,,,,,,"","","","","","","","",,
"react-baseline-vs-ccrs-v1-t2","002-ccrs","react_ccrs_mazeV1_t2","react_ccrs_mazeV1_t2_20260625_141909.log","34040","react.ccrs.contingency.escalation.skipped","","707",,,,,,"no_escalation_condition_met",,,,,,,,,,,"","","","","","","","",,
"react-baseline-vs-ccrs-v1-t2","002-ccrs","react_ccrs_mazeV1_t2","react_ccrs_mazeV1_t2_20260625_141909.log","34108","react.ccrs.contingency.escalation.considered","","708",,,,,,,,,,,,,,,,,"","","","","","","","",,
"react-baseline-vs-ccrs-v1-t2","002-ccrs","react_ccrs_mazeV1_t2","react_ccrs_mazeV1_t2_20260625_141909.log","34109","react.ccrs.contingency.escalation.skipped","","708",,,,,,"no_escalation_condition_met",,,,,,,,,,,"","","","","","","","",,
"react-baseline-vs-ccrs-v1-t2","002-ccrs","react_ccrs_mazeV1_t2","react_ccrs_mazeV1_t2_20260625_141909.log","34177","react.ccrs.contingency.escalation.considered","","709",,,,,,,,,,,,,,,,,"","","","","","","","",,
"react-baseline-vs-ccrs-v1-t2","002-ccrs","react_ccrs_mazeV1_t2","react_ccrs_mazeV1_t2_20260625_141909.log","34178","react.ccrs.contingency.escalation.skipped","","709",,,,,,"no_escalation_condition_met",,,,,,,,,,,"","","","","","","","",,
"react-baseline-vs-ccrs-v1-t2","002-ccrs","react_ccrs_mazeV1_t2","react_ccrs_mazeV1_t2_20260625_141909.log","34246","react.ccrs.contingency.escalation.considered","","710",,,,,,,,,,,,,,,,,"","","","","","","","",,
"react-baseline-vs-ccrs-v1-t2","002-ccrs","react_ccrs_mazeV1_t2","react_ccrs_mazeV1_t2_20260625_141909.log","34247","react.ccrs.contingency.escalation.skipped","","710",,,,,,"no_escalation_condition_met",,,,,,,,,,,"","","","","","","","",,
"react-baseline-vs-ccrs-v1-t2","002-ccrs","react_ccrs_mazeV1_t2","react_ccrs_mazeV1_t2_20260625_141909.log","34315","react.ccrs.contingency.escalation.considered","","711",,,,,,,,,,,,,,,,,"","","","","","","","",,
"react-baseline-vs-ccrs-v1-t2","002-ccrs","react_ccrs_mazeV1_t2","react_ccrs_mazeV1_t2_20260625_141909.log","34316","react.ccrs.contingency.escalation.skipped","","711",,,,,,"no_escalation_condition_met",,,,,,,,,,,"","","","","","","","",,
"react-baseline-vs-ccrs-v1-t2","002-ccrs","react_ccrs_mazeV1_t2","react_ccrs_mazeV1_t2_20260625_141909.log","34384","react.ccrs.contingency.escalation.considered","","712",,,,,,,,,,,,,,,,,"","","","","","","","",,
"react-baseline-vs-ccrs-v1-t2","002-ccrs","react_ccrs_mazeV1_t2","react_ccrs_mazeV1_t2_20260625_141909.log","34385","react.ccrs.contingency.escalation.skipped","","712",,,,,,"no_escalation_condition_met",,,,,,,,,,,"","","","","","","","",,
"react-baseline-vs-ccrs-v1-t2","002-ccrs","react_ccrs_mazeV1_t2","react_ccrs_mazeV1_t2_20260625_141909.log","34453","react.ccrs.contingency.escalation.considered","","713",,,,,,,,,,,,,,,,,"","","","","","","","",,
"react-baseline-vs-ccrs-v1-t2","002-ccrs","react_ccrs_mazeV1_t2","react_ccrs_mazeV1_t2_20260625_141909.log","34454","react.ccrs.contingency.escalation.skipped","","713",,,,,,"no_escalation_condition_met",,,,,,,,,,,"","","","","","","","",,
"react-baseline-vs-ccrs-v1-t2","002-ccrs","react_ccrs_mazeV1_t2","react_ccrs_mazeV1_t2_20260625_141909.log","34522","react.ccrs.contingency.escalation.considered","","714",,,,,,,,,,,,,,,,,"","","","","","","","",,
"react-baseline-vs-ccrs-v1-t2","002-ccrs","react_ccrs_mazeV1_t2","react_ccrs_mazeV1_t2_20260625_141909.log","34523","react.ccrs.contingency.escalation.skipped","","714",,,,,,"no_escalation_condition_met",,,,,,,,,,,"","","","","","","","",,
"react-baseline-vs-ccrs-v1-t2","002-ccrs","react_ccrs_mazeV1_t2","react_ccrs_mazeV1_t2_20260625_141909.log","34591","react.ccrs.contingency.escalation.considered","","715",,,,,,,,,,,,,,,,,"","","","","","","","",,
"react-baseline-vs-ccrs-v1-t2","002-ccrs","react_ccrs_mazeV1_t2","react_ccrs_mazeV1_t2_20260625_141909.log","34592","react.ccrs.contingency.escalation.skipped","","715",,,,,,"no_escalation_condition_met",,,,,,,,,,,"","","","","","","","",,
"react-baseline-vs-ccrs-v1-t2","002-ccrs","react_ccrs_mazeV1_t2","react_ccrs_mazeV1_t2_20260625_141909.log","34660","react.ccrs.contingency.escalation.considered","","716",,,,,,,,,,,,,,,,,"","","","","","","","",,
"react-baseline-vs-ccrs-v1-t2","002-ccrs","react_ccrs_mazeV1_t2","react_ccrs_mazeV1_t2_20260625_141909.log","34661","react.ccrs.contingency.escalation.skipped","","716",,,,,,"no_escalation_condition_met",,,,,,,,,,,"","","","","","","","",,
"react-baseline-vs-ccrs-v1-t2","002-ccrs","react_ccrs_mazeV1_t2","react_ccrs_mazeV1_t2_20260625_141909.log","34729","react.ccrs.contingency.escalation.considered","","717",,,,,,,,,,,,,,,,,"","","","","","","","",,
"react-baseline-vs-ccrs-v1-t2","002-ccrs","react_ccrs_mazeV1_t2","react_ccrs_mazeV1_t2_20260625_141909.log","34730","react.ccrs.contingency.escalation.skipped","","717",,,,,,"no_escalation_condition_met",,,,,,,,,,,"","","","","","","","",,
"react-baseline-vs-ccrs-v1-t2","002-ccrs","react_ccrs_mazeV1_t2","react_ccrs_mazeV1_t2_20260625_141909.log","34798","react.ccrs.contingency.escalation.considered","","718",,,,,,,,,,,,,,,,,"","","","","","","","",,
"react-baseline-vs-ccrs-v1-t2","002-ccrs","react_ccrs_mazeV1_t2","react_ccrs_mazeV1_t2_20260625_141909.log","34799","react.ccrs.contingency.escalation.skipped","","718",,,,,,"no_escalation_condition_met",,,,,,,,,,,"","","","","","","","",,
"react-baseline-vs-ccrs-v1-t2","002-ccrs","react_ccrs_mazeV1_t2","react_ccrs_mazeV1_t2_20260625_141909.log","34867","react.ccrs.contingency.escalation.considered","","719",,,,,,,,,,,,,,,,,"","","","","","","","",,
"react-baseline-vs-ccrs-v1-t2","002-ccrs","react_ccrs_mazeV1_t2","react_ccrs_mazeV1_t2_20260625_141909.log","34868","react.ccrs.contingency.escalation.skipped","","719",,,,,,"no_escalation_condition_met",,,,,,,,,,,"","","","","","","","",,
"react-baseline-vs-ccrs-v1-t2","002-ccrs","react_ccrs_mazeV1_t2","react_ccrs_mazeV1_t2_20260625_141909.log","34936","react.ccrs.contingency.escalation.considered","","720",,,,,,,,,,,,,,,,,"","","","","","","","",,
"react-baseline-vs-ccrs-v1-t2","002-ccrs","react_ccrs_mazeV1_t2","react_ccrs_mazeV1_t2_20260625_141909.log","34937","react.ccrs.contingency.escalation.skipped","","720",,,,,,"no_escalation_condition_met",,,,,,,,,,,"","","","","","","","",,
"react-baseline-vs-ccrs-v1-t2","002-ccrs","react_ccrs_mazeV1_t2","react_ccrs_mazeV1_t2_20260625_141909.log","35005","react.ccrs.contingency.escalation.considered","","721",,,,,,,,,,,,,,,,,"","","","","","","","",,
"react-baseline-vs-ccrs-v1-t2","002-ccrs","react_ccrs_mazeV1_t2","react_ccrs_mazeV1_t2_20260625_141909.log","35006","react.ccrs.contingency.escalation.skipped","","721",,,,,,"no_escalation_condition_met",,,,,,,,,,,"","","","","","","","",,
"react-baseline-vs-ccrs-v1-t2","002-ccrs","react_ccrs_mazeV1_t2","react_ccrs_mazeV1_t2_20260625_141909.log","35074","react.ccrs.contingency.escalation.considered","","722",,,,,,,,,,,,,,,,,"","","","","","","","",,
"react-baseline-vs-ccrs-v1-t2","002-ccrs","react_ccrs_mazeV1_t2","react_ccrs_mazeV1_t2_20260625_141909.log","35075","react.ccrs.contingency.escalation.skipped","","722",,,,,,"no_escalation_condition_met",,,,,,,,,,,"","","","","","","","",,
"react-baseline-vs-ccrs-v1-t2","002-ccrs","react_ccrs_mazeV1_t2","react_ccrs_mazeV1_t2_20260625_141909.log","35086","react.ccrs.contingency.escalation.considered","","723",,,,,,,,,,,,,,,,,"","","","","","","","",,
"react-baseline-vs-ccrs-v1-t2","002-ccrs","react_ccrs_mazeV1_t2","react_ccrs_mazeV1_t2_20260625_141909.log","35087","react.ccrs.contingency.escalation.skipped","","723",,,,,,"no_escalation_condition_met",,,,,,,,,,,"","","","","","","","",,
"react-baseline-vs-ccrs-v1-t2","002-ccrs","react_ccrs_mazeV1_t2","react_ccrs_mazeV1_t2_20260625_141909.log","35174","react.ccrs.contingency.escalation.considered","","724",,,,,,,,,,,,,,,,,"","","","","","","","",,
"react-baseline-vs-ccrs-v1-t2","002-ccrs","react_ccrs_mazeV1_t2","react_ccrs_mazeV1_t2_20260625_141909.log","35175","react.ccrs.contingency.escalation.skipped","","724",,,,,,"no_escalation_condition_met",,,,,,,,,,,"","","","","","","","",,
"react-baseline-vs-ccrs-v1-t2","002-ccrs","react_ccrs_mazeV1_t2","react_ccrs_mazeV1_t2_20260625_141909.log","35186","react.ccrs.contingency.escalation.considered","","725",,,,,,,,,,,,,,,,,"","","","","","","","",,
"react-baseline-vs-ccrs-v1-t2","002-ccrs","react_ccrs_mazeV1_t2","react_ccrs_mazeV1_t2_20260625_141909.log","35187","react.ccrs.contingency.escalation.skipped","","725",,,,,,"no_escalation_condition_met",,,,,,,,,,,"","","","","","","","",,
"react-baseline-vs-ccrs-v1-t2","002-ccrs","react_ccrs_mazeV1_t2","react_ccrs_mazeV1_t2_20260625_141909.log","35274","react.ccrs.contingency.escalation.considered","","726",,,,,,,,,,,,,,,,,"","","","","","","","",,
"react-baseline-vs-ccrs-v1-t2","002-ccrs","react_ccrs_mazeV1_t2","react_ccrs_mazeV1_t2_20260625_141909.log","35275","react.ccrs.contingency.escalation.skipped","","726",,,,,,"no_escalation_condition_met",,,,,,,,,,,"","","","","","","","",,
"react-baseline-vs-ccrs-v1-t2","002-ccrs","react_ccrs_mazeV1_t2","react_ccrs_mazeV1_t2_20260625_141909.log","35362","react.ccrs.contingency.escalation.considered","","727",,,,,,,,,,,,,,,,,"","","","","","","","",,
"react-baseline-vs-ccrs-v1-t2","002-ccrs","react_ccrs_mazeV1_t2","react_ccrs_mazeV1_t2_20260625_141909.log","35363","react.ccrs.contingency.escalation.skipped","","727",,,,,,"no_escalation_condition_met",,,,,,,,,,,"","","","","","","","",,
"react-baseline-vs-ccrs-v1-t2","002-ccrs","react_ccrs_mazeV1_t2","react_ccrs_mazeV1_t2_20260625_141909.log","35450","react.ccrs.contingency.escalation.considered","","728",,,,,,,,,,,,,,,,,"","","","","","","","",,
"react-baseline-vs-ccrs-v1-t2","002-ccrs","react_ccrs_mazeV1_t2","react_ccrs_mazeV1_t2_20260625_141909.log","35451","react.ccrs.contingency.escalation.skipped","","728",,,,,,"no_escalation_condition_met",,,,,,,,,,,"","","","","","","","",,
"react-baseline-vs-ccrs-v1-t2","002-ccrs","react_ccrs_mazeV1_t2","react_ccrs_mazeV1_t2_20260625_141909.log","35538","react.ccrs.contingency.escalation.considered","","729",,,,,,,,,,,,,,,,,"","","","","","","","",,
"react-baseline-vs-ccrs-v1-t2","002-ccrs","react_ccrs_mazeV1_t2","react_ccrs_mazeV1_t2_20260625_141909.log","35539","react.ccrs.contingency.escalation.skipped","","729",,,,,,"no_escalation_condition_met",,,,,,,,,,,"","","","","","","","",,
"react-baseline-vs-ccrs-v1-t2","002-ccrs","react_ccrs_mazeV1_t2","react_ccrs_mazeV1_t2_20260625_141909.log","35626","react.ccrs.contingency.escalation.considered","","730",,,,,,,,,,,,,,,,,"","","","","","","","",,
"react-baseline-vs-ccrs-v1-t2","002-ccrs","react_ccrs_mazeV1_t2","react_ccrs_mazeV1_t2_20260625_141909.log","35627","react.ccrs.contingency.escalation.skipped","","730",,,,,,"no_escalation_condition_met",,,,,,,,,,,"","","","","","","","",,
"react-baseline-vs-ccrs-v1-t2","002-ccrs","react_ccrs_mazeV1_t2","react_ccrs_mazeV1_t2_20260625_141909.log","35714","react.ccrs.contingency.escalation.considered","","731",,,,,,,,,,,,,,,,,"","","","","","","","",,
"react-baseline-vs-ccrs-v1-t2","002-ccrs","react_ccrs_mazeV1_t2","react_ccrs_mazeV1_t2_20260625_141909.log","35715","react.ccrs.contingency.escalation.skipped","","731",,,,,,"no_escalation_condition_met",,,,,,,,,,,"","","","","","","","",,
"react-baseline-vs-ccrs-v1-t2","002-ccrs","react_ccrs_mazeV1_t2","react_ccrs_mazeV1_t2_20260625_141909.log","35802","react.ccrs.contingency.escalation.considered","","732",,,,,,,,,,,,,,,,,"","","","","","","","",,
"react-baseline-vs-ccrs-v1-t2","002-ccrs","react_ccrs_mazeV1_t2","react_ccrs_mazeV1_t2_20260625_141909.log","35803","react.ccrs.contingency.escalation.skipped","","732",,,,,,"no_escalation_condition_met",,,,,,,,,,,"","","","","","","","",,
"react-baseline-vs-ccrs-v1-t2","002-ccrs","react_ccrs_mazeV1_t2","react_ccrs_mazeV1_t2_20260625_141909.log","35890","react.ccrs.contingency.escalation.considered","","733",,,,,,,,,,,,,,,,,"","","","","","","","",,
"react-baseline-vs-ccrs-v1-t2","002-ccrs","react_ccrs_mazeV1_t2","react_ccrs_mazeV1_t2_20260625_141909.log","35891","react.ccrs.contingency.escalation.skipped","","733",,,,,,"no_escalation_condition_met",,,,,,,,,,,"","","","","","","","",,
"react-baseline-vs-ccrs-v1-t2","002-ccrs","react_ccrs_mazeV1_t2","react_ccrs_mazeV1_t2_20260625_141909.log","35978","react.ccrs.contingency.escalation.considered","","734",,,,,,,,,,,,,,,,,"","","","","","","","",,
"react-baseline-vs-ccrs-v1-t2","002-ccrs","react_ccrs_mazeV1_t2","react_ccrs_mazeV1_t2_20260625_141909.log","35979","react.ccrs.contingency.escalation.skipped","","734",,,,,,"no_escalation_condition_met",,,,,,,,,,,"","","","","","","","",,
"react-baseline-vs-ccrs-v1-t2","002-ccrs","react_ccrs_mazeV1_t2","react_ccrs_mazeV1_t2_20260625_141909.log","36066","react.ccrs.contingency.escalation.considered","","735",,,,,,,,,,,,,,,,,"","","","","","","","",,
"react-baseline-vs-ccrs-v1-t2","002-ccrs","react_ccrs_mazeV1_t2","react_ccrs_mazeV1_t2_20260625_141909.log","36067","react.ccrs.contingency.escalation.skipped","","735",,,,,,"no_escalation_condition_met",,,,,,,,,,,"","","","","","","","",,
"react-baseline-vs-ccrs-v1-t2","002-ccrs","react_ccrs_mazeV1_t2","react_ccrs_mazeV1_t2_20260625_141909.log","36083","react.ccrs.contingency.escalation.considered","","736",,,,,,,,,,,,,,,,,"","","","","","","","",,
"react-baseline-vs-ccrs-v1-t2","002-ccrs","react_ccrs_mazeV1_t2","react_ccrs_mazeV1_t2_20260625_141909.log","36084","react.ccrs.contingency.escalation.skipped","","736",,,,,,"no_escalation_condition_met",,,,,,,,,,,"","","","","","","","",,
"react-baseline-vs-ccrs-v1-t2","002-ccrs","react_ccrs_mazeV1_t2","react_ccrs_mazeV1_t2_20260625_141909.log","36171","react.ccrs.contingency.escalation.considered","","737",,,,,,,,,,,,,,,,,"","","","","","","","",,
"react-baseline-vs-ccrs-v1-t2","002-ccrs","react_ccrs_mazeV1_t2","react_ccrs_mazeV1_t2_20260625_141909.log","36172","react.ccrs.contingency.escalation.skipped","","737",,,,,,"no_escalation_condition_met",,,,,,,,,,,"","","","","","","","",,
"react-baseline-vs-ccrs-v1-t2","002-ccrs","react_ccrs_mazeV1_t2","react_ccrs_mazeV1_t2_20260625_141909.log","36259","react.ccrs.contingency.escalation.considered","","738",,,,,,,,,,,,,,,,,"","","","","","","","",,
"react-baseline-vs-ccrs-v1-t2","002-ccrs","react_ccrs_mazeV1_t2","react_ccrs_mazeV1_t2_20260625_141909.log","36260","react.ccrs.contingency.escalation.skipped","","738",,,,,,"no_escalation_condition_met",,,,,,,,,,,"","","","","","","","",,
"react-baseline-vs-ccrs-v1-t2","002-ccrs","react_ccrs_mazeV1_t2","react_ccrs_mazeV1_t2_20260625_141909.log","36347","react.ccrs.contingency.escalation.considered","","739",,,,,,,,,,,,,,,,,"","","","","","","","",,
"react-baseline-vs-ccrs-v1-t2","002-ccrs","react_ccrs_mazeV1_t2","react_ccrs_mazeV1_t2_20260625_141909.log","36348","react.ccrs.contingency.escalation.skipped","","739",,,,,,"no_escalation_condition_met",,,,,,,,,,,"","","","","","","","",,
"react-baseline-vs-ccrs-v1-t2","002-ccrs","react_ccrs_mazeV1_t2","react_ccrs_mazeV1_t2_20260625_141909.log","36435","react.ccrs.contingency.escalation.considered","","740",,,,,,,,,,,,,,,,,"","","","","","","","",,
"react-baseline-vs-ccrs-v1-t2","002-ccrs","react_ccrs_mazeV1_t2","react_ccrs_mazeV1_t2_20260625_141909.log","36436","react.ccrs.contingency.escalation.skipped","","740",,,,,,"no_escalation_condition_met",,,,,,,,,,,"","","","","","","","",,
"react-baseline-vs-ccrs-v1-t2","002-ccrs","react_ccrs_mazeV1_t2","react_ccrs_mazeV1_t2_20260625_141909.log","36523","react.ccrs.contingency.escalation.considered","","741",,,,,,,,,,,,,,,,,"","","","","","","","",,
"react-baseline-vs-ccrs-v1-t2","002-ccrs","react_ccrs_mazeV1_t2","react_ccrs_mazeV1_t2_20260625_141909.log","36524","react.ccrs.contingency.escalation.skipped","","741",,,,,,"no_escalation_condition_met",,,,,,,,,,,"","","","","","","","",,
"react-baseline-vs-ccrs-v1-t2","002-ccrs","react_ccrs_mazeV1_t2","react_ccrs_mazeV1_t2_20260625_141909.log","36540","react.ccrs.contingency.escalation.considered","","742",,,,,,,,,,,,,,,,,"","","","","","","","",,
"react-baseline-vs-ccrs-v1-t2","002-ccrs","react_ccrs_mazeV1_t2","react_ccrs_mazeV1_t2_20260625_141909.log","36541","react.ccrs.contingency.escalation.skipped","","742",,,,,,"no_escalation_condition_met",,,,,,,,,,,"","","","","","","","",,
"react-baseline-vs-ccrs-v1-t2","002-ccrs","react_ccrs_mazeV1_t2","react_ccrs_mazeV1_t2_20260625_141909.log","36628","react.ccrs.contingency.escalation.considered","","743",,,,,,,,,,,,,,,,,"","","","","","","","",,
"react-baseline-vs-ccrs-v1-t2","002-ccrs","react_ccrs_mazeV1_t2","react_ccrs_mazeV1_t2_20260625_141909.log","36629","react.ccrs.contingency.escalation.skipped","","743",,,,,,"no_escalation_condition_met",,,,,,,,,,,"","","","","","","","",,
"react-baseline-vs-ccrs-v1-t2","002-ccrs","react_ccrs_mazeV1_t2","react_ccrs_mazeV1_t2_20260625_141909.log","36716","react.ccrs.contingency.escalation.considered","","744",,,,,,,,,,,,,,,,,"","","","","","","","",,
"react-baseline-vs-ccrs-v1-t2","002-ccrs","react_ccrs_mazeV1_t2","react_ccrs_mazeV1_t2_20260625_141909.log","36717","react.ccrs.contingency.escalation.skipped","","744",,,,,,"no_escalation_condition_met",,,,,,,,,,,"","","","","","","","",,
"react-baseline-vs-ccrs-v1-t2","002-ccrs","react_ccrs_mazeV1_t2","react_ccrs_mazeV1_t2_20260625_141909.log","36804","react.ccrs.contingency.escalation.considered","","745",,,,,,,,,,,,,,,,,"","","","","","","","",,
"react-baseline-vs-ccrs-v1-t2","002-ccrs","react_ccrs_mazeV1_t2","react_ccrs_mazeV1_t2_20260625_141909.log","36805","react.ccrs.contingency.escalation.skipped","","745",,,,,,"no_escalation_condition_met",,,,,,,,,,,"","","","","","","","",,
"react-baseline-vs-ccrs-v1-t2","002-ccrs","react_ccrs_mazeV1_t2","react_ccrs_mazeV1_t2_20260625_141909.log","36892","react.ccrs.contingency.escalation.considered","","746",,,,,,,,,,,,,,,,,"","","","","","","","",,
"react-baseline-vs-ccrs-v1-t2","002-ccrs","react_ccrs_mazeV1_t2","react_ccrs_mazeV1_t2_20260625_141909.log","36893","react.ccrs.contingency.escalation.skipped","","746",,,,,,"no_escalation_condition_met",,,,,,,,,,,"","","","","","","","",,
"react-baseline-vs-ccrs-v1-t2","002-ccrs","react_ccrs_mazeV1_t2","react_ccrs_mazeV1_t2_20260625_141909.log","36980","react.ccrs.contingency.escalation.considered","","747",,,,,,,,,,,,,,,,,"","","","","","","","",,
"react-baseline-vs-ccrs-v1-t2","002-ccrs","react_ccrs_mazeV1_t2","react_ccrs_mazeV1_t2_20260625_141909.log","36981","react.ccrs.contingency.escalation.skipped","","747",,,,,,"no_escalation_condition_met",,,,,,,,,,,"","","","","","","","",,
"react-baseline-vs-ccrs-v1-t2","002-ccrs","react_ccrs_mazeV1_t2","react_ccrs_mazeV1_t2_20260625_141909.log","36997","react.ccrs.contingency.escalation.considered","","748",,,,,,,,,,,,,,,,,"","","","","","","","",,
"react-baseline-vs-ccrs-v1-t2","002-ccrs","react_ccrs_mazeV1_t2","react_ccrs_mazeV1_t2_20260625_141909.log","36998","react.ccrs.contingency.escalation.skipped","","748",,,,,,"no_escalation_condition_met",,,,,,,,,,,"","","","","","","","",,
"react-baseline-vs-ccrs-v1-t2","002-ccrs","react_ccrs_mazeV1_t2","react_ccrs_mazeV1_t2_20260625_141909.log","37085","react.ccrs.contingency.escalation.considered","","749",,,,,,,,,,,,,,,,,"","","","","","","","",,
"react-baseline-vs-ccrs-v1-t2","002-ccrs","react_ccrs_mazeV1_t2","react_ccrs_mazeV1_t2_20260625_141909.log","37086","react.ccrs.contingency.escalation.skipped","","749",,,,,,"no_escalation_condition_met",,,,,,,,,,,"","","","","","","","",,
"react-baseline-vs-ccrs-v1-t2","002-ccrs","react_ccrs_mazeV1_t2","react_ccrs_mazeV1_t2_20260625_141909.log","37173","react.ccrs.contingency.escalation.considered","","750",,,,,,,,,,,,,,,,,"","","","","","","","",,
"react-baseline-vs-ccrs-v1-t2","002-ccrs","react_ccrs_mazeV1_t2","react_ccrs_mazeV1_t2_20260625_141909.log","37174","react.ccrs.contingency.escalation.skipped","","750",,,,,,"no_escalation_condition_met",,,,,,,,,,,"","","","","","","","",,
"react-baseline-vs-ccrs-v1-t2","002-ccrs","react_ccrs_mazeV1_t2","react_ccrs_mazeV1_t2_20260625_141909.log","37261","react.ccrs.contingency.escalation.considered","","751",,,,,,,,,,,,,,,,,"","","","","","","","",,
"react-baseline-vs-ccrs-v1-t2","002-ccrs","react_ccrs_mazeV1_t2","react_ccrs_mazeV1_t2_20260625_141909.log","37262","react.ccrs.contingency.escalation.skipped","","751",,,,,,"no_escalation_condition_met",,,,,,,,,,,"","","","","","","","",,
"react-baseline-vs-ccrs-v1-t2","002-ccrs","react_ccrs_mazeV1_t2","react_ccrs_mazeV1_t2_20260625_141909.log","37349","react.ccrs.contingency.escalation.considered","","752",,,,,,,,,,,,,,,,,"","","","","","","","",,
"react-baseline-vs-ccrs-v1-t2","002-ccrs","react_ccrs_mazeV1_t2","react_ccrs_mazeV1_t2_20260625_141909.log","37350","react.ccrs.contingency.escalation.skipped","","752",,,,,,"no_escalation_condition_met",,,,,,,,,,,"","","","","","","","",,
"react-baseline-vs-ccrs-v1-t2","002-ccrs","react_ccrs_mazeV1_t2","react_ccrs_mazeV1_t2_20260625_141909.log","37437","react.ccrs.contingency.escalation.considered","","753",,,,,,,,,,,,,,,,,"","","","","","","","",,
"react-baseline-vs-ccrs-v1-t2","002-ccrs","react_ccrs_mazeV1_t2","react_ccrs_mazeV1_t2_20260625_141909.log","37438","react.ccrs.contingency.escalation.skipped","","753",,,,,,"no_escalation_condition_met",,,,,,,,,,,"","","","","","","","",,
"react-baseline-vs-ccrs-v1-t2","002-ccrs","react_ccrs_mazeV1_t2","react_ccrs_mazeV1_t2_20260625_141909.log","37454","react.ccrs.contingency.escalation.considered","","754",,,,,,,,,,,,,,,,,"","","","","","","","",,
"react-baseline-vs-ccrs-v1-t2","002-ccrs","react_ccrs_mazeV1_t2","react_ccrs_mazeV1_t2_20260625_141909.log","37455","react.ccrs.contingency.escalation.skipped","","754",,,,,,"no_escalation_condition_met",,,,,,,,,,,"","","","","","","","",,
"react-baseline-vs-ccrs-v1-t2","002-ccrs","react_ccrs_mazeV1_t2","react_ccrs_mazeV1_t2_20260625_141909.log","37466","react.ccrs.contingency.escalation.considered","","755",,,,,,,,,,,,,,,,,"","","","","","","","",,
"react-baseline-vs-ccrs-v1-t2","002-ccrs","react_ccrs_mazeV1_t2","react_ccrs_mazeV1_t2_20260625_141909.log","37467","react.ccrs.contingency.escalation.skipped","","755",,,,,,"no_escalation_condition_met",,,,,,,,,,,"","","","","","","","",,
"react-baseline-vs-ccrs-v1-t2","002-ccrs","react_ccrs_mazeV1_t2","react_ccrs_mazeV1_t2_20260625_141909.log","37554","react.ccrs.contingency.escalation.considered","","756",,,,,,,,,,,,,,,,,"","","","","","","","",,
"react-baseline-vs-ccrs-v1-t2","002-ccrs","react_ccrs_mazeV1_t2","react_ccrs_mazeV1_t2_20260625_141909.log","37555","react.ccrs.contingency.escalation.skipped","","756",,,,,,"no_escalation_condition_met",,,,,,,,,,,"","","","","","","","",,
"react-baseline-vs-ccrs-v1-t2","002-ccrs","react_ccrs_mazeV1_t2","react_ccrs_mazeV1_t2_20260625_141909.log","37566","react.ccrs.contingency.escalation.considered","","757",,,,,,,,,,,,,,,,,"","","","","","","","",,
"react-baseline-vs-ccrs-v1-t2","002-ccrs","react_ccrs_mazeV1_t2","react_ccrs_mazeV1_t2_20260625_141909.log","37567","react.ccrs.contingency.escalation.skipped","","757",,,,,,"no_escalation_condition_met",,,,,,,,,,,"","","","","","","","",,
"react-baseline-vs-ccrs-v1-t2","002-ccrs","react_ccrs_mazeV1_t2","react_ccrs_mazeV1_t2_20260625_141909.log","37635","react.ccrs.contingency.escalation.considered","","758",,,,,,,,,,,,,,,,,"","","","","","","","",,
"react-baseline-vs-ccrs-v1-t2","002-ccrs","react_ccrs_mazeV1_t2","react_ccrs_mazeV1_t2_20260625_141909.log","37636","react.ccrs.contingency.escalation.skipped","","758",,,,,,"no_escalation_condition_met",,,,,,,,,,,"","","","","","","","",,
"react-baseline-vs-ccrs-v1-t2","002-ccrs","react_ccrs_mazeV1_t2","react_ccrs_mazeV1_t2_20260625_141909.log","37704","react.ccrs.contingency.escalation.considered","","759",,,,,,,,,,,,,,,,,"","","","","","","","",,
"react-baseline-vs-ccrs-v1-t2","002-ccrs","react_ccrs_mazeV1_t2","react_ccrs_mazeV1_t2_20260625_141909.log","37705","react.ccrs.contingency.escalation.skipped","","759",,,,,,"no_escalation_condition_met",,,,,,,,,,,"","","","","","","","",,
"react-baseline-vs-ccrs-v1-t2","002-ccrs","react_ccrs_mazeV1_t2","react_ccrs_mazeV1_t2_20260625_141909.log","37773","react.ccrs.contingency.escalation.considered","","760",,,,,,,,,,,,,,,,,"","","","","","","","",,
"react-baseline-vs-ccrs-v1-t2","002-ccrs","react_ccrs_mazeV1_t2","react_ccrs_mazeV1_t2_20260625_141909.log","37774","react.ccrs.contingency.escalation.skipped","","760",,,,,,"no_escalation_condition_met",,,,,,,,,,,"","","","","","","","",,
"react-baseline-vs-ccrs-v1-t2","002-ccrs","react_ccrs_mazeV1_t2","react_ccrs_mazeV1_t2_20260625_141909.log","37842","react.ccrs.contingency.escalation.considered","","761",,,,,,,,,,,,,,,,,"","","","","","","","",,
"react-baseline-vs-ccrs-v1-t2","002-ccrs","react_ccrs_mazeV1_t2","react_ccrs_mazeV1_t2_20260625_141909.log","37843","react.ccrs.contingency.escalation.skipped","","761",,,,,,"no_escalation_condition_met",,,,,,,,,,,"","","","","","","","",,
"react-baseline-vs-ccrs-v1-t2","002-ccrs","react_ccrs_mazeV1_t2","react_ccrs_mazeV1_t2_20260625_141909.log","37911","react.ccrs.contingency.escalation.considered","","762",,,,,,,,,,,,,,,,,"","","","","","","","",,
"react-baseline-vs-ccrs-v1-t2","002-ccrs","react_ccrs_mazeV1_t2","react_ccrs_mazeV1_t2_20260625_141909.log","37912","react.ccrs.contingency.escalation.skipped","","762",,,,,,"no_escalation_condition_met",,,,,,,,,,,"","","","","","","","",,
"react-baseline-vs-ccrs-v1-t2","002-ccrs","react_ccrs_mazeV1_t2","react_ccrs_mazeV1_t2_20260625_141909.log","37980","react.ccrs.contingency.escalation.considered","","763",,,,,,,,,,,,,,,,,"","","","","","","","",,
"react-baseline-vs-ccrs-v1-t2","002-ccrs","react_ccrs_mazeV1_t2","react_ccrs_mazeV1_t2_20260625_141909.log","37981","react.ccrs.contingency.escalation.skipped","","763",,,,,,"no_escalation_condition_met",,,,,,,,,,,"","","","","","","","",,
"react-baseline-vs-ccrs-v1-t2","002-ccrs","react_ccrs_mazeV1_t2","react_ccrs_mazeV1_t2_20260625_141909.log","38049","react.ccrs.contingency.escalation.considered","","764",,,,,,,,,,,,,,,,,"","","","","","","","",,
"react-baseline-vs-ccrs-v1-t2","002-ccrs","react_ccrs_mazeV1_t2","react_ccrs_mazeV1_t2_20260625_141909.log","38050","react.ccrs.contingency.escalation.skipped","","764",,,,,,"no_escalation_condition_met",,,,,,,,,,,"","","","","","","","",,
"react-baseline-vs-ccrs-v1-t2","002-ccrs","react_ccrs_mazeV1_t2","react_ccrs_mazeV1_t2_20260625_141909.log","38118","react.ccrs.contingency.escalation.considered","","765",,,,,,,,,,,,,,,,,"","","","","","","","",,
"react-baseline-vs-ccrs-v1-t2","002-ccrs","react_ccrs_mazeV1_t2","react_ccrs_mazeV1_t2_20260625_141909.log","38119","react.ccrs.contingency.escalation.skipped","","765",,,,,,"no_escalation_condition_met",,,,,,,,,,,"","","","","","","","",,
"react-baseline-vs-ccrs-v1-t2","002-ccrs","react_ccrs_mazeV1_t2","react_ccrs_mazeV1_t2_20260625_141909.log","38187","react.ccrs.contingency.escalation.considered","","766",,,,,,,,,,,,,,,,,"","","","","","","","",,
"react-baseline-vs-ccrs-v1-t2","002-ccrs","react_ccrs_mazeV1_t2","react_ccrs_mazeV1_t2_20260625_141909.log","38188","react.ccrs.contingency.escalation.skipped","","766",,,,,,"no_escalation_condition_met",,,,,,,,,,,"","","","","","","","",,
"react-baseline-vs-ccrs-v1-t2","002-ccrs","react_ccrs_mazeV1_t2","react_ccrs_mazeV1_t2_20260625_141909.log","38256","react.ccrs.contingency.escalation.considered","","767",,,,,,,,,,,,,,,,,"","","","","","","","",,
"react-baseline-vs-ccrs-v1-t2","002-ccrs","react_ccrs_mazeV1_t2","react_ccrs_mazeV1_t2_20260625_141909.log","38257","react.ccrs.contingency.escalation.skipped","","767",,,,,,"no_escalation_condition_met",,,,,,,,,,,"","","","","","","","",,
"react-baseline-vs-ccrs-v1-t2","002-ccrs","react_ccrs_mazeV1_t2","react_ccrs_mazeV1_t2_20260625_141909.log","38325","react.ccrs.contingency.escalation.considered","","768",,,,,,,,,,,,,,,,,"","","","","","","","",,
"react-baseline-vs-ccrs-v1-t2","002-ccrs","react_ccrs_mazeV1_t2","react_ccrs_mazeV1_t2_20260625_141909.log","38326","react.ccrs.contingency.escalation.skipped","","768",,,,,,"no_escalation_condition_met",,,,,,,,,,,"","","","","","","","",,
"react-baseline-vs-ccrs-v1-t2","002-ccrs","react_ccrs_mazeV1_t2","react_ccrs_mazeV1_t2_20260625_141909.log","38342","react.ccrs.contingency.escalation.considered","","769",,,,,,,,,,,,,,,,,"","","","","","","","",,
"react-baseline-vs-ccrs-v1-t2","002-ccrs","react_ccrs_mazeV1_t2","react_ccrs_mazeV1_t2_20260625_141909.log","38343","react.ccrs.contingency.escalation.skipped","","769",,,,,,"no_escalation_condition_met",,,,,,,,,,,"","","","","","","","",,
"react-baseline-vs-ccrs-v1-t2","002-ccrs","react_ccrs_mazeV1_t2","react_ccrs_mazeV1_t2_20260625_141909.log","38354","react.ccrs.contingency.escalation.considered","","770",,,,,,,,,,,,,,,,,"","","","","","","","",,
"react-baseline-vs-ccrs-v1-t2","002-ccrs","react_ccrs_mazeV1_t2","react_ccrs_mazeV1_t2_20260625_141909.log","38355","react.ccrs.contingency.escalation.skipped","","770",,,,,,"no_escalation_condition_met",,,,,,,,,,,"","","","","","","","",,
"react-baseline-vs-ccrs-v1-t2","002-ccrs","react_ccrs_mazeV1_t2","react_ccrs_mazeV1_t2_20260625_141909.log","38423","react.ccrs.contingency.escalation.considered","","771",,,,,,,,,,,,,,,,,"","","","","","","","",,
"react-baseline-vs-ccrs-v1-t2","002-ccrs","react_ccrs_mazeV1_t2","react_ccrs_mazeV1_t2_20260625_141909.log","38424","react.ccrs.contingency.escalation.skipped","","771",,,,,,"no_escalation_condition_met",,,,,,,,,,,"","","","","","","","",,
"react-baseline-vs-ccrs-v1-t2","002-ccrs","react_ccrs_mazeV1_t2","react_ccrs_mazeV1_t2_20260625_141909.log","38492","react.ccrs.contingency.escalation.considered","","772",,,,,,,,,,,,,,,,,"","","","","","","","",,
"react-baseline-vs-ccrs-v1-t2","002-ccrs","react_ccrs_mazeV1_t2","react_ccrs_mazeV1_t2_20260625_141909.log","38493","react.ccrs.contingency.escalation.skipped","","772",,,,,,"no_escalation_condition_met",,,,,,,,,,,"","","","","","","","",,
"react-baseline-vs-ccrs-v1-t2","002-ccrs","react_ccrs_mazeV1_t2","react_ccrs_mazeV1_t2_20260625_141909.log","38561","react.ccrs.contingency.escalation.considered","","773",,,,,,,,,,,,,,,,,"","","","","","","","",,
"react-baseline-vs-ccrs-v1-t2","002-ccrs","react_ccrs_mazeV1_t2","react_ccrs_mazeV1_t2_20260625_141909.log","38562","react.ccrs.contingency.escalation.skipped","","773",,,,,,"no_escalation_condition_met",,,,,,,,,,,"","","","","","","","",,
"react-baseline-vs-ccrs-v1-t2","002-ccrs","react_ccrs_mazeV1_t2","react_ccrs_mazeV1_t2_20260625_141909.log","38630","react.ccrs.contingency.escalation.considered","","774",,,,,,,,,,,,,,,,,"","","","","","","","",,
"react-baseline-vs-ccrs-v1-t2","002-ccrs","react_ccrs_mazeV1_t2","react_ccrs_mazeV1_t2_20260625_141909.log","38631","react.ccrs.contingency.escalation.skipped","","774",,,,,,"no_escalation_condition_met",,,,,,,,,,,"","","","","","","","",,
"react-baseline-vs-ccrs-v1-t2","002-ccrs","react_ccrs_mazeV1_t2","react_ccrs_mazeV1_t2_20260625_141909.log","38699","react.ccrs.contingency.escalation.considered","","775",,,,,,,,,,,,,,,,,"","","","","","","","",,
"react-baseline-vs-ccrs-v1-t2","002-ccrs","react_ccrs_mazeV1_t2","react_ccrs_mazeV1_t2_20260625_141909.log","38700","react.ccrs.contingency.escalation.skipped","","775",,,,,,"no_escalation_condition_met",,,,,,,,,,,"","","","","","","","",,
"react-baseline-vs-ccrs-v1-t2","002-ccrs","react_ccrs_mazeV1_t2","react_ccrs_mazeV1_t2_20260625_141909.log","38716","react.ccrs.contingency.escalation.considered","","776",,,,,,,,,,,,,,,,,"","","","","","","","",,
"react-baseline-vs-ccrs-v1-t2","002-ccrs","react_ccrs_mazeV1_t2","react_ccrs_mazeV1_t2_20260625_141909.log","38717","react.ccrs.contingency.escalation.skipped","","776",,,,,,"no_escalation_condition_met",,,,,,,,,,,"","","","","","","","",,
"react-baseline-vs-ccrs-v1-t2","002-ccrs","react_ccrs_mazeV1_t2","react_ccrs_mazeV1_t2_20260625_141909.log","38728","react.ccrs.contingency.escalation.considered","","777",,,,,,,,,,,,,,,,,"","","","","","","","",,
"react-baseline-vs-ccrs-v1-t2","002-ccrs","react_ccrs_mazeV1_t2","react_ccrs_mazeV1_t2_20260625_141909.log","38729","react.ccrs.contingency.escalation.skipped","","777",,,,,,"no_escalation_condition_met",,,,,,,,,,,"","","","","","","","",,
"react-baseline-vs-ccrs-v1-t2","002-ccrs","react_ccrs_mazeV1_t2","react_ccrs_mazeV1_t2_20260625_141909.log","38797","react.ccrs.contingency.escalation.considered","","778",,,,,,,,,,,,,,,,,"","","","","","","","",,
"react-baseline-vs-ccrs-v1-t2","002-ccrs","react_ccrs_mazeV1_t2","react_ccrs_mazeV1_t2_20260625_141909.log","38798","react.ccrs.contingency.escalation.skipped","","778",,,,,,"no_escalation_condition_met",,,,,,,,,,,"","","","","","","","",,
"react-baseline-vs-ccrs-v1-t2","002-ccrs","react_ccrs_mazeV1_t2","react_ccrs_mazeV1_t2_20260625_141909.log","38814","react.ccrs.contingency.escalation.considered","","779",,,,,,,,,,,,,,,,,"","","","","","","","",,
"react-baseline-vs-ccrs-v1-t2","002-ccrs","react_ccrs_mazeV1_t2","react_ccrs_mazeV1_t2_20260625_141909.log","38815","react.ccrs.contingency.escalation.skipped","","779",,,,,,"no_escalation_condition_met",,,,,,,,,,,"","","","","","","","",,
"react-baseline-vs-ccrs-v1-t2","002-ccrs","react_ccrs_mazeV1_t2","react_ccrs_mazeV1_t2_20260625_141909.log","38826","react.ccrs.contingency.escalation.considered","","780",,,,,,,,,,,,,,,,,"","","","","","","","",,
"react-baseline-vs-ccrs-v1-t2","002-ccrs","react_ccrs_mazeV1_t2","react_ccrs_mazeV1_t2_20260625_141909.log","38827","react.ccrs.contingency.escalation.skipped","","780",,,,,,"no_escalation_condition_met",,,,,,,,,,,"","","","","","","","",,
"react-baseline-vs-ccrs-v1-t2","002-ccrs","react_ccrs_mazeV1_t2","react_ccrs_mazeV1_t2_20260625_141909.log","38895","react.ccrs.contingency.escalation.considered","","781",,,,,,,,,,,,,,,,,"","","","","","","","",,
"react-baseline-vs-ccrs-v1-t2","002-ccrs","react_ccrs_mazeV1_t2","react_ccrs_mazeV1_t2_20260625_141909.log","38896","react.ccrs.contingency.escalation.skipped","","781",,,,,,"no_escalation_condition_met",,,,,,,,,,,"","","","","","","","",,
"react-baseline-vs-ccrs-v1-t2","002-ccrs","react_ccrs_mazeV1_t2","react_ccrs_mazeV1_t2_20260625_141909.log","38907","react.ccrs.contingency.escalation.considered","","782",,,,,,,,,,,,,,,,,"","","","","","","","",,
"react-baseline-vs-ccrs-v1-t2","002-ccrs","react_ccrs_mazeV1_t2","react_ccrs_mazeV1_t2_20260625_141909.log","38908","react.ccrs.contingency.escalation.skipped","","782",,,,,,"no_escalation_condition_met",,,,,,,,,,,"","","","","","","","",,
"react-baseline-vs-ccrs-v1-t2","002-ccrs","react_ccrs_mazeV1_t2","react_ccrs_mazeV1_t2_20260625_141909.log","38995","react.ccrs.contingency.escalation.considered","","783",,,,,,,,,,,,,,,,,"","","","","","","","",,
"react-baseline-vs-ccrs-v1-t2","002-ccrs","react_ccrs_mazeV1_t2","react_ccrs_mazeV1_t2_20260625_141909.log","38996","react.ccrs.contingency.escalation.skipped","","783",,,,,,"no_escalation_condition_met",,,,,,,,,,,"","","","","","","","",,
"react-baseline-vs-ccrs-v1-t2","002-ccrs","react_ccrs_mazeV1_t2","react_ccrs_mazeV1_t2_20260625_141909.log","39083","react.ccrs.contingency.escalation.considered","","784",,,,,,,,,,,,,,,,,"","","","","","","","",,
"react-baseline-vs-ccrs-v1-t2","002-ccrs","react_ccrs_mazeV1_t2","react_ccrs_mazeV1_t2_20260625_141909.log","39084","react.ccrs.contingency.escalation.skipped","","784",,,,,,"no_escalation_condition_met",,,,,,,,,,,"","","","","","","","",,
"react-baseline-vs-ccrs-v1-t2","002-ccrs","react_ccrs_mazeV1_t2","react_ccrs_mazeV1_t2_20260625_141909.log","39171","react.ccrs.contingency.escalation.considered","","785",,,,,,,,,,,,,,,,,"","","","","","","","",,
"react-baseline-vs-ccrs-v1-t2","002-ccrs","react_ccrs_mazeV1_t2","react_ccrs_mazeV1_t2_20260625_141909.log","39172","react.ccrs.contingency.escalation.skipped","","785",,,,,,"no_escalation_condition_met",,,,,,,,,,,"","","","","","","","",,
"react-baseline-vs-ccrs-v1-t2","002-ccrs","react_ccrs_mazeV1_t2","react_ccrs_mazeV1_t2_20260625_141909.log","39259","react.ccrs.contingency.escalation.considered","","786",,,,,,,,,,,,,,,,,"","","","","","","","",,
"react-baseline-vs-ccrs-v1-t2","002-ccrs","react_ccrs_mazeV1_t2","react_ccrs_mazeV1_t2_20260625_141909.log","39260","react.ccrs.contingency.escalation.skipped","","786",,,,,,"no_escalation_condition_met",,,,,,,,,,,"","","","","","","","",,
"react-baseline-vs-ccrs-v1-t2","002-ccrs","react_ccrs_mazeV1_t2","react_ccrs_mazeV1_t2_20260625_141909.log","39347","react.ccrs.contingency.escalation.considered","","787",,,,,,,,,,,,,,,,,"","","","","","","","",,
"react-baseline-vs-ccrs-v1-t2","002-ccrs","react_ccrs_mazeV1_t2","react_ccrs_mazeV1_t2_20260625_141909.log","39348","react.ccrs.contingency.escalation.skipped","","787",,,,,,"no_escalation_condition_met",,,,,,,,,,,"","","","","","","","",,
"react-baseline-vs-ccrs-v1-t2","002-ccrs","react_ccrs_mazeV1_t2","react_ccrs_mazeV1_t2_20260625_141909.log","39435","react.ccrs.contingency.escalation.considered","","788",,,,,,,,,,,,,,,,,"","","","","","","","",,
"react-baseline-vs-ccrs-v1-t2","002-ccrs","react_ccrs_mazeV1_t2","react_ccrs_mazeV1_t2_20260625_141909.log","39436","react.ccrs.contingency.escalation.skipped","","788",,,,,,"no_escalation_condition_met",,,,,,,,,,,"","","","","","","","",,
"react-baseline-vs-ccrs-v1-t2","002-ccrs","react_ccrs_mazeV1_t2","react_ccrs_mazeV1_t2_20260625_141909.log","39523","react.ccrs.contingency.escalation.considered","","789",,,,,,,,,,,,,,,,,"","","","","","","","",,
"react-baseline-vs-ccrs-v1-t2","002-ccrs","react_ccrs_mazeV1_t2","react_ccrs_mazeV1_t2_20260625_141909.log","39524","react.ccrs.contingency.escalation.skipped","","789",,,,,,"no_escalation_condition_met",,,,,,,,,,,"","","","","","","","",,
"react-baseline-vs-ccrs-v1-t2","002-ccrs","react_ccrs_mazeV1_t2","react_ccrs_mazeV1_t2_20260625_141909.log","39540","react.ccrs.contingency.escalation.considered","","790",,,,,,,,,,,,,,,,,"","","","","","","","",,
"react-baseline-vs-ccrs-v1-t2","002-ccrs","react_ccrs_mazeV1_t2","react_ccrs_mazeV1_t2_20260625_141909.log","39541","react.ccrs.contingency.escalation.skipped","","790",,,,,,"no_escalation_condition_met",,,,,,,,,,,"","","","","","","","",,
"react-baseline-vs-ccrs-v1-t2","002-ccrs","react_ccrs_mazeV1_t2","react_ccrs_mazeV1_t2_20260625_141909.log","39628","react.ccrs.contingency.escalation.considered","","791",,,,,,,,,,,,,,,,,"","","","","","","","",,
"react-baseline-vs-ccrs-v1-t2","002-ccrs","react_ccrs_mazeV1_t2","react_ccrs_mazeV1_t2_20260625_141909.log","39629","react.ccrs.contingency.escalation.skipped","","791",,,,,,"no_escalation_condition_met",,,,,,,,,,,"","","","","","","","",,
"react-baseline-vs-ccrs-v1-t2","002-ccrs","react_ccrs_mazeV1_t2","react_ccrs_mazeV1_t2_20260625_141909.log","39716","react.ccrs.contingency.escalation.considered","","792",,,,,,,,,,,,,,,,,"","","","","","","","",,
"react-baseline-vs-ccrs-v1-t2","002-ccrs","react_ccrs_mazeV1_t2","react_ccrs_mazeV1_t2_20260625_141909.log","39717","react.ccrs.contingency.escalation.skipped","","792",,,,,,"no_escalation_condition_met",,,,,,,,,,,"","","","","","","","",,
"react-baseline-vs-ccrs-v1-t2","002-ccrs","react_ccrs_mazeV1_t2","react_ccrs_mazeV1_t2_20260625_141909.log","39733","react.ccrs.contingency.escalation.considered","","793",,,,,,,,,,,,,,,,,"","","","","","","","",,
"react-baseline-vs-ccrs-v1-t2","002-ccrs","react_ccrs_mazeV1_t2","react_ccrs_mazeV1_t2_20260625_141909.log","39734","react.ccrs.contingency.escalation.skipped","","793",,,,,,"no_escalation_condition_met",,,,,,,,,,,"","","","","","","","",,
"react-baseline-vs-ccrs-v1-t2","002-ccrs","react_ccrs_mazeV1_t2","react_ccrs_mazeV1_t2_20260625_141909.log","39750","react.ccrs.contingency.escalation.considered","","794",,,,,,,,,,,,,,,,,"","","","","","","","",,
"react-baseline-vs-ccrs-v1-t2","002-ccrs","react_ccrs_mazeV1_t2","react_ccrs_mazeV1_t2_20260625_141909.log","39751","react.ccrs.contingency.escalation.skipped","","794",,,,,,"no_escalation_condition_met",,,,,,,,,,,"","","","","","","","",,
"react-baseline-vs-ccrs-v1-t2","002-ccrs","react_ccrs_mazeV1_t2","react_ccrs_mazeV1_t2_20260625_141909.log","39767","react.ccrs.contingency.escalation.considered","","795",,,,,,,,,,,,,,,,,"","","","","","","","",,
"react-baseline-vs-ccrs-v1-t2","002-ccrs","react_ccrs_mazeV1_t2","react_ccrs_mazeV1_t2_20260625_141909.log","39768","react.ccrs.contingency.escalation.skipped","","795",,,,,,"no_escalation_condition_met",,,,,,,,,,,"","","","","","","","",,
"react-baseline-vs-ccrs-v1-t2","002-ccrs","react_ccrs_mazeV1_t2","react_ccrs_mazeV1_t2_20260625_141909.log","39855","react.ccrs.contingency.escalation.considered","","796",,,,,,,,,,,,,,,,,"","","","","","","","",,
"react-baseline-vs-ccrs-v1-t2","002-ccrs","react_ccrs_mazeV1_t2","react_ccrs_mazeV1_t2_20260625_141909.log","39856","react.ccrs.contingency.escalation.skipped","","796",,,,,,"no_escalation_condition_met",,,,,,,,,,,"","","","","","","","",,
"react-baseline-vs-ccrs-v1-t2","002-ccrs","react_ccrs_mazeV1_t2","react_ccrs_mazeV1_t2_20260625_141909.log","39943","react.ccrs.contingency.escalation.considered","","797",,,,,,,,,,,,,,,,,"","","","","","","","",,
"react-baseline-vs-ccrs-v1-t2","002-ccrs","react_ccrs_mazeV1_t2","react_ccrs_mazeV1_t2_20260625_141909.log","39944","react.ccrs.contingency.escalation.skipped","","797",,,,,,"no_escalation_condition_met",,,,,,,,,,,"","","","","","","","",,
"react-baseline-vs-ccrs-v1-t2","002-ccrs","react_ccrs_mazeV1_t2","react_ccrs_mazeV1_t2_20260625_141909.log","40031","react.ccrs.contingency.escalation.considered","","798",,,,,,,,,,,,,,,,,"","","","","","","","",,
"react-baseline-vs-ccrs-v1-t2","002-ccrs","react_ccrs_mazeV1_t2","react_ccrs_mazeV1_t2_20260625_141909.log","40032","react.ccrs.contingency.escalation.skipped","","798",,,,,,"no_escalation_condition_met",,,,,,,,,,,"","","","","","","","",,
"react-baseline-vs-ccrs-v1-t2","002-ccrs","react_ccrs_mazeV1_t2","react_ccrs_mazeV1_t2_20260625_141909.log","40119","react.ccrs.contingency.escalation.considered","","799",,,,,,,,,,,,,,,,,"","","","","","","","",,
"react-baseline-vs-ccrs-v1-t2","002-ccrs","react_ccrs_mazeV1_t2","react_ccrs_mazeV1_t2_20260625_141909.log","40120","react.ccrs.contingency.escalation.skipped","","799",,,,,,"no_escalation_condition_met",,,,,,,,,,,"","","","","","","","",,
"react-baseline-vs-ccrs-v1-t2","002-ccrs","react_ccrs_mazeV1_t2","react_ccrs_mazeV1_t2_20260625_141909.log","40207","react.ccrs.contingency.escalation.considered","","800",,,,,,,,,,,,,,,,,"","","","","","","","",,
"react-baseline-vs-ccrs-v1-t2","002-ccrs","react_ccrs_mazeV1_t2","react_ccrs_mazeV1_t2_20260625_141909.log","40208","react.ccrs.contingency.escalation.skipped","","800",,,,,,"no_escalation_condition_met",,,,,,,,,,,"","","","","","","","",,
"react-baseline-vs-ccrs-v1-t2","002-ccrs","react_ccrs_mazeV1_t2","react_ccrs_mazeV1_t2_20260625_141909.log","40224","react.ccrs.contingency.escalation.considered","","801",,,,,,,,,,,,,,,,,"","","","","","","","",,
"react-baseline-vs-ccrs-v1-t2","002-ccrs","react_ccrs_mazeV1_t2","react_ccrs_mazeV1_t2_20260625_141909.log","40225","react.ccrs.contingency.escalation.skipped","","801",,,,,,"no_escalation_condition_met",,,,,,,,,,,"","","","","","","","",,
"react-baseline-vs-ccrs-v1-t2","002-ccrs","react_ccrs_mazeV1_t2","react_ccrs_mazeV1_t2_20260625_141909.log","40312","react.ccrs.contingency.escalation.considered","","802",,,,,,,,,,,,,,,,,"","","","","","","","",,
"react-baseline-vs-ccrs-v1-t2","002-ccrs","react_ccrs_mazeV1_t2","react_ccrs_mazeV1_t2_20260625_141909.log","40313","react.ccrs.contingency.escalation.skipped","","802",,,,,,"no_escalation_condition_met",,,,,,,,,,,"","","","","","","","",,
"react-baseline-vs-ccrs-v1-t2","002-ccrs","react_ccrs_mazeV1_t2","react_ccrs_mazeV1_t2_20260625_141909.log","40329","react.ccrs.contingency.escalation.considered","","803",,,,,,,,,,,,,,,,,"","","","","","","","",,
"react-baseline-vs-ccrs-v1-t2","002-ccrs","react_ccrs_mazeV1_t2","react_ccrs_mazeV1_t2_20260625_141909.log","40330","react.ccrs.contingency.escalation.skipped","","803",,,,,,"no_escalation_condition_met",,,,,,,,,,,"","","","","","","","",,
"react-baseline-vs-ccrs-v1-t2","002-ccrs","react_ccrs_mazeV1_t2","react_ccrs_mazeV1_t2_20260625_141909.log","40417","react.ccrs.contingency.escalation.considered","","804",,,,,,,,,,,,,,,,,"","","","","","","","",,
"react-baseline-vs-ccrs-v1-t2","002-ccrs","react_ccrs_mazeV1_t2","react_ccrs_mazeV1_t2_20260625_141909.log","40418","react.ccrs.contingency.escalation.skipped","","804",,,,,,"no_escalation_condition_met",,,,,,,,,,,"","","","","","","","",,
"react-baseline-vs-ccrs-v1-t2","002-ccrs","react_ccrs_mazeV1_t2","react_ccrs_mazeV1_t2_20260625_141909.log","40429","react.ccrs.contingency.escalation.considered","","805",,,,,,,,,,,,,,,,,"","","","","","","","",,
"react-baseline-vs-ccrs-v1-t2","002-ccrs","react_ccrs_mazeV1_t2","react_ccrs_mazeV1_t2_20260625_141909.log","40430","react.ccrs.contingency.escalation.skipped","","805",,,,,,"no_escalation_condition_met",,,,,,,,,,,"","","","","","","","",,
"react-baseline-vs-ccrs-v1-t2","002-ccrs","react_ccrs_mazeV1_t2","react_ccrs_mazeV1_t2_20260625_141909.log","40498","react.ccrs.contingency.escalation.considered","","806",,,,,,,,,,,,,,,,,"","","","","","","","",,
"react-baseline-vs-ccrs-v1-t2","002-ccrs","react_ccrs_mazeV1_t2","react_ccrs_mazeV1_t2_20260625_141909.log","40499","react.ccrs.contingency.escalation.skipped","","806",,,,,,"no_escalation_condition_met",,,,,,,,,,,"","","","","","","","",,
"react-baseline-vs-ccrs-v1-t2","002-ccrs","react_ccrs_mazeV1_t2","react_ccrs_mazeV1_t2_20260625_141909.log","40567","react.ccrs.contingency.escalation.considered","","807",,,,,,,,,,,,,,,,,"","","","","","","","",,
"react-baseline-vs-ccrs-v1-t2","002-ccrs","react_ccrs_mazeV1_t2","react_ccrs_mazeV1_t2_20260625_141909.log","40568","react.ccrs.contingency.escalation.skipped","","807",,,,,,"no_escalation_condition_met",,,,,,,,,,,"","","","","","","","",,
"react-baseline-vs-ccrs-v1-t2","002-ccrs","react_ccrs_mazeV1_t2","react_ccrs_mazeV1_t2_20260625_141909.log","40636","react.ccrs.contingency.escalation.considered","","808",,,,,,,,,,,,,,,,,"","","","","","","","",,
"react-baseline-vs-ccrs-v1-t2","002-ccrs","react_ccrs_mazeV1_t2","react_ccrs_mazeV1_t2_20260625_141909.log","40637","react.ccrs.contingency.escalation.skipped","","808",,,,,,"no_escalation_condition_met",,,,,,,,,,,"","","","","","","","",,
"react-baseline-vs-ccrs-v1-t2","002-ccrs","react_ccrs_mazeV1_t2","react_ccrs_mazeV1_t2_20260625_141909.log","40705","react.ccrs.contingency.escalation.considered","","809",,,,,,,,,,,,,,,,,"","","","","","","","",,
"react-baseline-vs-ccrs-v1-t2","002-ccrs","react_ccrs_mazeV1_t2","react_ccrs_mazeV1_t2_20260625_141909.log","40706","react.ccrs.contingency.escalation.skipped","","809",,,,,,"no_escalation_condition_met",,,,,,,,,,,"","","","","","","","",,
"react-baseline-vs-ccrs-v1-t2","002-ccrs","react_ccrs_mazeV1_t2","react_ccrs_mazeV1_t2_20260625_141909.log","40774","react.ccrs.contingency.escalation.considered","","810",,,,,,,,,,,,,,,,,"","","","","","","","",,
"react-baseline-vs-ccrs-v1-t2","002-ccrs","react_ccrs_mazeV1_t2","react_ccrs_mazeV1_t2_20260625_141909.log","40775","react.ccrs.contingency.escalation.skipped","","810",,,,,,"no_escalation_condition_met",,,,,,,,,,,"","","","","","","","",,
"react-baseline-vs-ccrs-v1-t2","002-ccrs","react_ccrs_mazeV1_t2","react_ccrs_mazeV1_t2_20260625_141909.log","40843","react.ccrs.contingency.escalation.considered","","811",,,,,,,,,,,,,,,,,"","","","","","","","",,
"react-baseline-vs-ccrs-v1-t2","002-ccrs","react_ccrs_mazeV1_t2","react_ccrs_mazeV1_t2_20260625_141909.log","40844","react.ccrs.contingency.escalation.skipped","","811",,,,,,"no_escalation_condition_met",,,,,,,,,,,"","","","","","","","",,
"react-baseline-vs-ccrs-v1-t2","002-ccrs","react_ccrs_mazeV1_t2","react_ccrs_mazeV1_t2_20260625_141909.log","40912","react.ccrs.contingency.escalation.considered","","812",,,,,,,,,,,,,,,,,"","","","","","","","",,
"react-baseline-vs-ccrs-v1-t2","002-ccrs","react_ccrs_mazeV1_t2","react_ccrs_mazeV1_t2_20260625_141909.log","40913","react.ccrs.contingency.escalation.skipped","","812",,,,,,"no_escalation_condition_met",,,,,,,,,,,"","","","","","","","",,
"react-baseline-vs-ccrs-v1-t2","002-ccrs","react_ccrs_mazeV1_t2","react_ccrs_mazeV1_t2_20260625_141909.log","40981","react.ccrs.contingency.escalation.considered","","813",,,,,,,,,,,,,,,,,"","","","","","","","",,
"react-baseline-vs-ccrs-v1-t2","002-ccrs","react_ccrs_mazeV1_t2","react_ccrs_mazeV1_t2_20260625_141909.log","40982","react.ccrs.contingency.escalation.skipped","","813",,,,,,"no_escalation_condition_met",,,,,,,,,,,"","","","","","","","",,
"react-baseline-vs-ccrs-v1-t2","002-ccrs","react_ccrs_mazeV1_t2","react_ccrs_mazeV1_t2_20260625_141909.log","41050","react.ccrs.contingency.escalation.considered","","814",,,,,,,,,,,,,,,,,"","","","","","","","",,
"react-baseline-vs-ccrs-v1-t2","002-ccrs","react_ccrs_mazeV1_t2","react_ccrs_mazeV1_t2_20260625_141909.log","41051","react.ccrs.contingency.escalation.skipped","","814",,,,,,"no_escalation_condition_met",,,,,,,,,,,"","","","","","","","",,
"react-baseline-vs-ccrs-v1-t2","002-ccrs","react_ccrs_mazeV1_t2","react_ccrs_mazeV1_t2_20260625_141909.log","41067","react.ccrs.contingency.escalation.considered","","815",,,,,,,,,,,,,,,,,"","","","","","","","",,
"react-baseline-vs-ccrs-v1-t2","002-ccrs","react_ccrs_mazeV1_t2","react_ccrs_mazeV1_t2_20260625_141909.log","41068","react.ccrs.contingency.escalation.skipped","","815",,,,,,"no_escalation_condition_met",,,,,,,,,,,"","","","","","","","",,
"react-baseline-vs-ccrs-v1-t2","002-ccrs","react_ccrs_mazeV1_t2","react_ccrs_mazeV1_t2_20260625_141909.log","41136","react.ccrs.contingency.escalation.considered","","816",,,,,,,,,,,,,,,,,"","","","","","","","",,
"react-baseline-vs-ccrs-v1-t2","002-ccrs","react_ccrs_mazeV1_t2","react_ccrs_mazeV1_t2_20260625_141909.log","41137","react.ccrs.contingency.escalation.skipped","","816",,,,,,"no_escalation_condition_met",,,,,,,,,,,"","","","","","","","",,
"react-baseline-vs-ccrs-v1-t2","002-ccrs","react_ccrs_mazeV1_t2","react_ccrs_mazeV1_t2_20260625_141909.log","41148","react.ccrs.contingency.escalation.considered","","817",,,,,,,,,,,,,,,,,"","","","","","","","",,
"react-baseline-vs-ccrs-v1-t2","002-ccrs","react_ccrs_mazeV1_t2","react_ccrs_mazeV1_t2_20260625_141909.log","41149","react.ccrs.contingency.escalation.skipped","","817",,,,,,"no_escalation_condition_met",,,,,,,,,,,"","","","","","","","",,
"react-baseline-vs-ccrs-v1-t2","002-ccrs","react_ccrs_mazeV1_t2","react_ccrs_mazeV1_t2_20260625_141909.log","41236","react.ccrs.contingency.escalation.considered","","818",,,,,,,,,,,,,,,,,"","","","","","","","",,
"react-baseline-vs-ccrs-v1-t2","002-ccrs","react_ccrs_mazeV1_t2","react_ccrs_mazeV1_t2_20260625_141909.log","41237","react.ccrs.contingency.escalation.skipped","","818",,,,,,"no_escalation_condition_met",,,,,,,,,,,"","","","","","","","",,
"react-baseline-vs-ccrs-v1-t2","002-ccrs","react_ccrs_mazeV1_t2","react_ccrs_mazeV1_t2_20260625_141909.log","41253","react.ccrs.contingency.escalation.considered","","819",,,,,,,,,,,,,,,,,"","","","","","","","",,
"react-baseline-vs-ccrs-v1-t2","002-ccrs","react_ccrs_mazeV1_t2","react_ccrs_mazeV1_t2_20260625_141909.log","41254","react.ccrs.contingency.escalation.skipped","","819",,,,,,"no_escalation_condition_met",,,,,,,,,,,"","","","","","","","",,
"react-baseline-vs-ccrs-v1-t2","002-ccrs","react_ccrs_mazeV1_t2","react_ccrs_mazeV1_t2_20260625_141909.log","41265","react.ccrs.contingency.escalation.considered","","820",,,,,,,,,,,,,,,,,"","","","","","","","",,
"react-baseline-vs-ccrs-v1-t2","002-ccrs","react_ccrs_mazeV1_t2","react_ccrs_mazeV1_t2_20260625_141909.log","41266","react.ccrs.contingency.escalation.skipped","","820",,,,,,"no_escalation_condition_met",,,,,,,,,,,"","","","","","","","",,
"react-baseline-vs-ccrs-v1-t2","002-ccrs","react_ccrs_mazeV1_t2","react_ccrs_mazeV1_t2_20260625_141909.log","41334","react.ccrs.contingency.escalation.considered","","821",,,,,,,,,,,,,,,,,"","","","","","","","",,
"react-baseline-vs-ccrs-v1-t2","002-ccrs","react_ccrs_mazeV1_t2","react_ccrs_mazeV1_t2_20260625_141909.log","41335","react.ccrs.contingency.escalation.skipped","","821",,,,,,"no_escalation_condition_met",,,,,,,,,,,"","","","","","","","",,
"react-baseline-vs-ccrs-v1-t2","002-ccrs","react_ccrs_mazeV1_t2","react_ccrs_mazeV1_t2_20260625_141909.log","41351","react.ccrs.contingency.escalation.considered","","822",,,,,,,,,,,,,,,,,"","","","","","","","",,
"react-baseline-vs-ccrs-v1-t2","002-ccrs","react_ccrs_mazeV1_t2","react_ccrs_mazeV1_t2_20260625_141909.log","41352","react.ccrs.contingency.escalation.skipped","","822",,,,,,"no_escalation_condition_met",,,,,,,,,,,"","","","","","","","",,
"react-baseline-vs-ccrs-v1-t2","002-ccrs","react_ccrs_mazeV1_t2","react_ccrs_mazeV1_t2_20260625_141909.log","41368","react.ccrs.contingency.escalation.considered","","823",,,,,,,,,,,,,,,,,"","","","","","","","",,
"react-baseline-vs-ccrs-v1-t2","002-ccrs","react_ccrs_mazeV1_t2","react_ccrs_mazeV1_t2_20260625_141909.log","41369","react.ccrs.contingency.escalation.skipped","","823",,,,,,"no_escalation_condition_met",,,,,,,,,,,"","","","","","","","",,
"react-baseline-vs-ccrs-v1-t2","002-ccrs","react_ccrs_mazeV1_t2","react_ccrs_mazeV1_t2_20260625_141909.log","41437","react.ccrs.contingency.escalation.considered","","824",,,,,,,,,,,,,,,,,"","","","","","","","",,
"react-baseline-vs-ccrs-v1-t2","002-ccrs","react_ccrs_mazeV1_t2","react_ccrs_mazeV1_t2_20260625_141909.log","41438","react.ccrs.contingency.escalation.skipped","","824",,,,,,"no_escalation_condition_met",,,,,,,,,,,"","","","","","","","",,
"react-baseline-vs-ccrs-v1-t2","002-ccrs","react_ccrs_mazeV1_t2","react_ccrs_mazeV1_t2_20260625_141909.log","41506","react.ccrs.contingency.escalation.considered","","825",,,,,,,,,,,,,,,,,"","","","","","","","",,
"react-baseline-vs-ccrs-v1-t2","002-ccrs","react_ccrs_mazeV1_t2","react_ccrs_mazeV1_t2_20260625_141909.log","41507","react.ccrs.contingency.escalation.skipped","","825",,,,,,"no_escalation_condition_met",,,,,,,,,,,"","","","","","","","",,
"react-baseline-vs-ccrs-v1-t2","002-ccrs","react_ccrs_mazeV1_t2","react_ccrs_mazeV1_t2_20260625_141909.log","41575","react.ccrs.contingency.escalation.considered","","826",,,,,,,,,,,,,,,,,"","","","","","","","",,
"react-baseline-vs-ccrs-v1-t2","002-ccrs","react_ccrs_mazeV1_t2","react_ccrs_mazeV1_t2_20260625_141909.log","41576","react.ccrs.contingency.escalation.skipped","","826",,,,,,"no_escalation_condition_met",,,,,,,,,,,"","","","","","","","",,
"react-baseline-vs-ccrs-v1-t2","002-ccrs","react_ccrs_mazeV1_t2","react_ccrs_mazeV1_t2_20260625_141909.log","41644","react.ccrs.contingency.escalation.considered","","827",,,,,,,,,,,,,,,,,"","","","","","","","",,
"react-baseline-vs-ccrs-v1-t2","002-ccrs","react_ccrs_mazeV1_t2","react_ccrs_mazeV1_t2_20260625_141909.log","41645","react.ccrs.contingency.escalation.skipped","","827",,,,,,"no_escalation_condition_met",,,,,,,,,,,"","","","","","","","",,
"react-baseline-vs-ccrs-v1-t2","002-ccrs","react_ccrs_mazeV1_t2","react_ccrs_mazeV1_t2_20260625_141909.log","41713","react.ccrs.contingency.escalation.considered","","828",,,,,,,,,,,,,,,,,"","","","","","","","",,
"react-baseline-vs-ccrs-v1-t2","002-ccrs","react_ccrs_mazeV1_t2","react_ccrs_mazeV1_t2_20260625_141909.log","41714","react.ccrs.contingency.escalation.skipped","","828",,,,,,"no_escalation_condition_met",,,,,,,,,,,"","","","","","","","",,
"react-baseline-vs-ccrs-v1-t2","002-ccrs","react_ccrs_mazeV1_t2","react_ccrs_mazeV1_t2_20260625_141909.log","41782","react.ccrs.contingency.escalation.considered","","829",,,,,,,,,,,,,,,,,"","","","","","","","",,
"react-baseline-vs-ccrs-v1-t2","002-ccrs","react_ccrs_mazeV1_t2","react_ccrs_mazeV1_t2_20260625_141909.log","41783","react.ccrs.contingency.escalation.skipped","","829",,,,,,"no_escalation_condition_met",,,,,,,,,,,"","","","","","","","",,
"react-baseline-vs-ccrs-v1-t2","002-ccrs","react_ccrs_mazeV1_t2","react_ccrs_mazeV1_t2_20260625_141909.log","41851","react.ccrs.contingency.escalation.considered","","830",,,,,,,,,,,,,,,,,"","","","","","","","",,
"react-baseline-vs-ccrs-v1-t2","002-ccrs","react_ccrs_mazeV1_t2","react_ccrs_mazeV1_t2_20260625_141909.log","41852","react.ccrs.contingency.escalation.skipped","","830",,,,,,"no_escalation_condition_met",,,,,,,,,,,"","","","","","","","",,
"react-baseline-vs-ccrs-v1-t2","002-ccrs","react_ccrs_mazeV1_t2","react_ccrs_mazeV1_t2_20260625_141909.log","41920","react.ccrs.contingency.escalation.considered","","831",,,,,,,,,,,,,,,,,"","","","","","","","",,
"react-baseline-vs-ccrs-v1-t2","002-ccrs","react_ccrs_mazeV1_t2","react_ccrs_mazeV1_t2_20260625_141909.log","41921","react.ccrs.contingency.escalation.skipped","","831",,,,,,"no_escalation_condition_met",,,,,,,,,,,"","","","","","","","",,
"react-baseline-vs-ccrs-v1-t2","002-ccrs","react_ccrs_mazeV1_t2","react_ccrs_mazeV1_t2_20260625_141909.log","41932","react.ccrs.contingency.escalation.considered","","832",,,,,,,,,,,,,,,,,"","","","","","","","",,
"react-baseline-vs-ccrs-v1-t2","002-ccrs","react_ccrs_mazeV1_t2","react_ccrs_mazeV1_t2_20260625_141909.log","41933","react.ccrs.contingency.escalation.skipped","","832",,,,,,"no_escalation_condition_met",,,,,,,,,,,"","","","","","","","",,
"react-baseline-vs-ccrs-v1-t2","002-ccrs","react_ccrs_mazeV1_t2","react_ccrs_mazeV1_t2_20260625_141909.log","42001","react.ccrs.contingency.escalation.considered","","833",,,,,,,,,,,,,,,,,"","","","","","","","",,
"react-baseline-vs-ccrs-v1-t2","002-ccrs","react_ccrs_mazeV1_t2","react_ccrs_mazeV1_t2_20260625_141909.log","42002","react.ccrs.contingency.escalation.skipped","","833",,,,,,"no_escalation_condition_met",,,,,,,,,,,"","","","","","","","",,
"react-baseline-vs-ccrs-v1-t2","002-ccrs","react_ccrs_mazeV1_t2","react_ccrs_mazeV1_t2_20260625_141909.log","42070","react.ccrs.contingency.escalation.considered","","834",,,,,,,,,,,,,,,,,"","","","","","","","",,
"react-baseline-vs-ccrs-v1-t2","002-ccrs","react_ccrs_mazeV1_t2","react_ccrs_mazeV1_t2_20260625_141909.log","42071","react.ccrs.contingency.escalation.skipped","","834",,,,,,"no_escalation_condition_met",,,,,,,,,,,"","","","","","","","",,
"react-baseline-vs-ccrs-v1-t2","002-ccrs","react_ccrs_mazeV1_t2","react_ccrs_mazeV1_t2_20260625_141909.log","42139","react.ccrs.contingency.escalation.considered","","835",,,,,,,,,,,,,,,,,"","","","","","","","",,
"react-baseline-vs-ccrs-v1-t2","002-ccrs","react_ccrs_mazeV1_t2","react_ccrs_mazeV1_t2_20260625_141909.log","42140","react.ccrs.contingency.escalation.skipped","","835",,,,,,"no_escalation_condition_met",,,,,,,,,,,"","","","","","","","",,
"react-baseline-vs-ccrs-v1-t2","002-ccrs","react_ccrs_mazeV1_t2","react_ccrs_mazeV1_t2_20260625_141909.log","42208","react.ccrs.contingency.escalation.considered","","836",,,,,,,,,,,,,,,,,"","","","","","","","",,
"react-baseline-vs-ccrs-v1-t2","002-ccrs","react_ccrs_mazeV1_t2","react_ccrs_mazeV1_t2_20260625_141909.log","42209","react.ccrs.contingency.escalation.skipped","","836",,,,,,"no_escalation_condition_met",,,,,,,,,,,"","","","","","","","",,
"react-baseline-vs-ccrs-v1-t2","002-ccrs","react_ccrs_mazeV1_t2","react_ccrs_mazeV1_t2_20260625_141909.log","42277","react.ccrs.contingency.escalation.considered","","837",,,,,,,,,,,,,,,,,"","","","","","","","",,
"react-baseline-vs-ccrs-v1-t2","002-ccrs","react_ccrs_mazeV1_t2","react_ccrs_mazeV1_t2_20260625_141909.log","42278","react.ccrs.contingency.escalation.skipped","","837",,,,,,"no_escalation_condition_met",,,,,,,,,,,"","","","","","","","",,
"react-baseline-vs-ccrs-v1-t2","002-ccrs","react_ccrs_mazeV1_t2","react_ccrs_mazeV1_t2_20260625_141909.log","42346","react.ccrs.contingency.escalation.considered","","838",,,,,,,,,,,,,,,,,"","","","","","","","",,
"react-baseline-vs-ccrs-v1-t2","002-ccrs","react_ccrs_mazeV1_t2","react_ccrs_mazeV1_t2_20260625_141909.log","42347","react.ccrs.contingency.escalation.skipped","","838",,,,,,"no_escalation_condition_met",,,,,,,,,,,"","","","","","","","",,
"react-baseline-vs-ccrs-v1-t2","002-ccrs","react_ccrs_mazeV1_t2","react_ccrs_mazeV1_t2_20260625_141909.log","42415","react.ccrs.contingency.escalation.considered","","839",,,,,,,,,,,,,,,,,"","","","","","","","",,
"react-baseline-vs-ccrs-v1-t2","002-ccrs","react_ccrs_mazeV1_t2","react_ccrs_mazeV1_t2_20260625_141909.log","42416","react.ccrs.contingency.escalation.skipped","","839",,,,,,"no_escalation_condition_met",,,,,,,,,,,"","","","","","","","",,
"react-baseline-vs-ccrs-v1-t2","002-ccrs","react_ccrs_mazeV1_t2","react_ccrs_mazeV1_t2_20260625_141909.log","42484","react.ccrs.contingency.escalation.considered","","840",,,,,,,,,,,,,,,,,"","","","","","","","",,
"react-baseline-vs-ccrs-v1-t2","002-ccrs","react_ccrs_mazeV1_t2","react_ccrs_mazeV1_t2_20260625_141909.log","42485","react.ccrs.contingency.escalation.skipped","","840",,,,,,"no_escalation_condition_met",,,,,,,,,,,"","","","","","","","",,
"react-baseline-vs-ccrs-v1-t2","002-ccrs","react_ccrs_mazeV1_t2","react_ccrs_mazeV1_t2_20260625_141909.log","42553","react.ccrs.contingency.escalation.considered","","841",,,,,,,,,,,,,,,,,"","","","","","","","",,
"react-baseline-vs-ccrs-v1-t2","002-ccrs","react_ccrs_mazeV1_t2","react_ccrs_mazeV1_t2_20260625_141909.log","42554","react.ccrs.contingency.escalation.skipped","","841",,,,,,"no_escalation_condition_met",,,,,,,,,,,"","","","","","","","",,
"react-baseline-vs-ccrs-v1-t2","002-ccrs","react_ccrs_mazeV1_t2","react_ccrs_mazeV1_t2_20260625_141909.log","42622","react.ccrs.contingency.escalation.considered","","842",,,,,,,,,,,,,,,,,"","","","","","","","",,
"react-baseline-vs-ccrs-v1-t2","002-ccrs","react_ccrs_mazeV1_t2","react_ccrs_mazeV1_t2_20260625_141909.log","42623","react.ccrs.contingency.escalation.skipped","","842",,,,,,"no_escalation_condition_met",,,,,,,,,,,"","","","","","","","",,
"react-baseline-vs-ccrs-v1-t2","002-ccrs","react_ccrs_mazeV1_t2","react_ccrs_mazeV1_t2_20260625_141909.log","42691","react.ccrs.contingency.escalation.considered","","843",,,,,,,,,,,,,,,,,"","","","","","","","",,
"react-baseline-vs-ccrs-v1-t2","002-ccrs","react_ccrs_mazeV1_t2","react_ccrs_mazeV1_t2_20260625_141909.log","42692","react.ccrs.contingency.escalation.skipped","","843",,,,,,"no_escalation_condition_met",,,,,,,,,,,"","","","","","","","",,
"react-baseline-vs-ccrs-v1-t2","002-ccrs","react_ccrs_mazeV1_t2","react_ccrs_mazeV1_t2_20260625_141909.log","42760","react.ccrs.contingency.escalation.considered","","844",,,,,,,,,,,,,,,,,"","","","","","","","",,
"react-baseline-vs-ccrs-v1-t2","002-ccrs","react_ccrs_mazeV1_t2","react_ccrs_mazeV1_t2_20260625_141909.log","42761","react.ccrs.contingency.escalation.skipped","","844",,,,,,"no_escalation_condition_met",,,,,,,,,,,"","","","","","","","",,
"react-baseline-vs-ccrs-v1-t2","002-ccrs","react_ccrs_mazeV1_t2","react_ccrs_mazeV1_t2_20260625_141909.log","42829","react.ccrs.contingency.escalation.considered","","845",,,,,,,,,,,,,,,,,"","","","","","","","",,
"react-baseline-vs-ccrs-v1-t2","002-ccrs","react_ccrs_mazeV1_t2","react_ccrs_mazeV1_t2_20260625_141909.log","42830","react.ccrs.contingency.escalation.skipped","","845",,,,,,"no_escalation_condition_met",,,,,,,,,,,"","","","","","","","",,
"react-baseline-vs-ccrs-v1-t2","002-ccrs","react_ccrs_mazeV1_t2","react_ccrs_mazeV1_t2_20260625_141909.log","42898","react.ccrs.contingency.escalation.considered","","846",,,,,,,,,,,,,,,,,"","","","","","","","",,
"react-baseline-vs-ccrs-v1-t2","002-ccrs","react_ccrs_mazeV1_t2","react_ccrs_mazeV1_t2_20260625_141909.log","42899","react.ccrs.contingency.escalation.skipped","","846",,,,,,"no_escalation_condition_met",,,,,,,,,,,"","","","","","","","",,
"react-baseline-vs-ccrs-v1-t2","002-ccrs","react_ccrs_mazeV1_t2","react_ccrs_mazeV1_t2_20260625_141909.log","42967","react.ccrs.contingency.escalation.considered","","847",,,,,,,,,,,,,,,,,"","","","","","","","",,
"react-baseline-vs-ccrs-v1-t2","002-ccrs","react_ccrs_mazeV1_t2","react_ccrs_mazeV1_t2_20260625_141909.log","42968","react.ccrs.contingency.escalation.skipped","","847",,,,,,"no_escalation_condition_met",,,,,,,,,,,"","","","","","","","",,
"react-baseline-vs-ccrs-v1-t2","002-ccrs","react_ccrs_mazeV1_t2","react_ccrs_mazeV1_t2_20260625_141909.log","43036","react.ccrs.contingency.escalation.considered","","848",,,,,,,,,,,,,,,,,"","","","","","","","",,
"react-baseline-vs-ccrs-v1-t2","002-ccrs","react_ccrs_mazeV1_t2","react_ccrs_mazeV1_t2_20260625_141909.log","43037","react.ccrs.contingency.escalation.skipped","","848",,,,,,"no_escalation_condition_met",,,,,,,,,,,"","","","","","","","",,
"react-baseline-vs-ccrs-v1-t2","002-ccrs","react_ccrs_mazeV1_t2","react_ccrs_mazeV1_t2_20260625_141909.log","43105","react.ccrs.contingency.escalation.considered","","849",,,,,,,,,,,,,,,,,"","","","","","","","",,
"react-baseline-vs-ccrs-v1-t2","002-ccrs","react_ccrs_mazeV1_t2","react_ccrs_mazeV1_t2_20260625_141909.log","43106","react.ccrs.contingency.escalation.skipped","","849",,,,,,"no_escalation_condition_met",,,,,,,,,,,"","","","","","","","",,
"react-baseline-vs-ccrs-v1-t2","002-ccrs","react_ccrs_mazeV1_t2","react_ccrs_mazeV1_t2_20260625_141909.log","43174","react.ccrs.contingency.escalation.considered","","850",,,,,,,,,,,,,,,,,"","","","","","","","",,
"react-baseline-vs-ccrs-v1-t2","002-ccrs","react_ccrs_mazeV1_t2","react_ccrs_mazeV1_t2_20260625_141909.log","43175","react.ccrs.contingency.escalation.skipped","","850",,,,,,"no_escalation_condition_met",,,,,,,,,,,"","","","","","","","",,
"react-baseline-vs-ccrs-v1-t2","002-ccrs","react_ccrs_mazeV1_t2","react_ccrs_mazeV1_t2_20260625_141909.log","43186","react.ccrs.contingency.escalation.considered","","851",,,,,,,,,,,,,,,,,"","","","","","","","",,
"react-baseline-vs-ccrs-v1-t2","002-ccrs","react_ccrs_mazeV1_t2","react_ccrs_mazeV1_t2_20260625_141909.log","43187","react.ccrs.contingency.escalation.skipped","","851",,,,,,"no_escalation_condition_met",,,,,,,,,,,"","","","","","","","",,
"react-baseline-vs-ccrs-v1-t2","002-ccrs","react_ccrs_mazeV1_t2","react_ccrs_mazeV1_t2_20260625_141909.log","43255","react.ccrs.contingency.escalation.considered","","852",,,,,,,,,,,,,,,,,"","","","","","","","",,
"react-baseline-vs-ccrs-v1-t2","002-ccrs","react_ccrs_mazeV1_t2","react_ccrs_mazeV1_t2_20260625_141909.log","43256","react.ccrs.contingency.escalation.skipped","","852",,,,,,"no_escalation_condition_met",,,,,,,,,,,"","","","","","","","",,
"react-baseline-vs-ccrs-v1-t2","002-ccrs","react_ccrs_mazeV1_t2","react_ccrs_mazeV1_t2_20260625_141909.log","43324","react.ccrs.contingency.escalation.considered","","853",,,,,,,,,,,,,,,,,"","","","","","","","",,
"react-baseline-vs-ccrs-v1-t2","002-ccrs","react_ccrs_mazeV1_t2","react_ccrs_mazeV1_t2_20260625_141909.log","43325","react.ccrs.contingency.escalation.skipped","","853",,,,,,"no_escalation_condition_met",,,,,,,,,,,"","","","","","","","",,
"react-baseline-vs-ccrs-v1-t2","002-ccrs","react_ccrs_mazeV1_t2","react_ccrs_mazeV1_t2_20260625_141909.log","43393","react.ccrs.contingency.escalation.considered","","854",,,,,,,,,,,,,,,,,"","","","","","","","",,
"react-baseline-vs-ccrs-v1-t2","002-ccrs","react_ccrs_mazeV1_t2","react_ccrs_mazeV1_t2_20260625_141909.log","43394","react.ccrs.contingency.escalation.skipped","","854",,,,,,"no_escalation_condition_met",,,,,,,,,,,"","","","","","","","",,
"react-baseline-vs-ccrs-v1-t2","002-ccrs","react_ccrs_mazeV1_t2","react_ccrs_mazeV1_t2_20260625_141909.log","43462","react.ccrs.contingency.escalation.considered","","855",,,,,,,,,,,,,,,,,"","","","","","","","",,
"react-baseline-vs-ccrs-v1-t2","002-ccrs","react_ccrs_mazeV1_t2","react_ccrs_mazeV1_t2_20260625_141909.log","43463","react.ccrs.contingency.escalation.skipped","","855",,,,,,"no_escalation_condition_met",,,,,,,,,,,"","","","","","","","",,
"react-baseline-vs-ccrs-v1-t2","002-ccrs","react_ccrs_mazeV1_t2","react_ccrs_mazeV1_t2_20260625_141909.log","43531","react.ccrs.contingency.escalation.considered","","856",,,,,,,,,,,,,,,,,"","","","","","","","",,
"react-baseline-vs-ccrs-v1-t2","002-ccrs","react_ccrs_mazeV1_t2","react_ccrs_mazeV1_t2_20260625_141909.log","43532","react.ccrs.contingency.escalation.skipped","","856",,,,,,"no_escalation_condition_met",,,,,,,,,,,"","","","","","","","",,
"react-baseline-vs-ccrs-v1-t2","002-ccrs","react_ccrs_mazeV1_t2","react_ccrs_mazeV1_t2_20260625_141909.log","43600","react.ccrs.contingency.escalation.considered","","857",,,,,,,,,,,,,,,,,"","","","","","","","",,
"react-baseline-vs-ccrs-v1-t2","002-ccrs","react_ccrs_mazeV1_t2","react_ccrs_mazeV1_t2_20260625_141909.log","43601","react.ccrs.contingency.escalation.skipped","","857",,,,,,"no_escalation_condition_met",,,,,,,,,,,"","","","","","","","",,
"react-baseline-vs-ccrs-v1-t2","002-ccrs","react_ccrs_mazeV1_t2","react_ccrs_mazeV1_t2_20260625_141909.log","43669","react.ccrs.contingency.escalation.considered","","858",,,,,,,,,,,,,,,,,"","","","","","","","",,
"react-baseline-vs-ccrs-v1-t2","002-ccrs","react_ccrs_mazeV1_t2","react_ccrs_mazeV1_t2_20260625_141909.log","43670","react.ccrs.contingency.escalation.skipped","","858",,,,,,"no_escalation_condition_met",,,,,,,,,,,"","","","","","","","",,
"react-baseline-vs-ccrs-v1-t2","002-ccrs","react_ccrs_mazeV1_t2","react_ccrs_mazeV1_t2_20260625_141909.log","43738","react.ccrs.contingency.escalation.considered","","859",,,,,,,,,,,,,,,,,"","","","","","","","",,
"react-baseline-vs-ccrs-v1-t2","002-ccrs","react_ccrs_mazeV1_t2","react_ccrs_mazeV1_t2_20260625_141909.log","43739","react.ccrs.contingency.escalation.skipped","","859",,,,,,"no_escalation_condition_met",,,,,,,,,,,"","","","","","","","",,
"react-baseline-vs-ccrs-v1-t2","002-ccrs","react_ccrs_mazeV1_t2","react_ccrs_mazeV1_t2_20260625_141909.log","43807","react.ccrs.contingency.escalation.considered","","860",,,,,,,,,,,,,,,,,"","","","","","","","",,
"react-baseline-vs-ccrs-v1-t2","002-ccrs","react_ccrs_mazeV1_t2","react_ccrs_mazeV1_t2_20260625_141909.log","43808","react.ccrs.contingency.escalation.skipped","","860",,,,,,"no_escalation_condition_met",,,,,,,,,,,"","","","","","","","",,
"react-baseline-vs-ccrs-v1-t2","002-ccrs","react_ccrs_mazeV1_t2","react_ccrs_mazeV1_t2_20260625_141909.log","43876","react.ccrs.contingency.escalation.considered","","861",,,,,,,,,,,,,,,,,"","","","","","","","",,
"react-baseline-vs-ccrs-v1-t2","002-ccrs","react_ccrs_mazeV1_t2","react_ccrs_mazeV1_t2_20260625_141909.log","43877","react.ccrs.contingency.escalation.skipped","","861",,,,,,"no_escalation_condition_met",,,,,,,,,,,"","","","","","","","",,
"react-baseline-vs-ccrs-v1-t2","002-ccrs","react_ccrs_mazeV1_t2","react_ccrs_mazeV1_t2_20260625_141909.log","43945","react.ccrs.contingency.escalation.considered","","862",,,,,,,,,,,,,,,,,"","","","","","","","",,
"react-baseline-vs-ccrs-v1-t2","002-ccrs","react_ccrs_mazeV1_t2","react_ccrs_mazeV1_t2_20260625_141909.log","43946","react.ccrs.contingency.escalation.skipped","","862",,,,,,"no_escalation_condition_met",,,,,,,,,,,"","","","","","","","",,
"react-baseline-vs-ccrs-v1-t2","002-ccrs","react_ccrs_mazeV1_t2","react_ccrs_mazeV1_t2_20260625_141909.log","44014","react.ccrs.contingency.escalation.considered","","863",,,,,,,,,,,,,,,,,"","","","","","","","",,
"react-baseline-vs-ccrs-v1-t2","002-ccrs","react_ccrs_mazeV1_t2","react_ccrs_mazeV1_t2_20260625_141909.log","44015","react.ccrs.contingency.escalation.skipped","","863",,,,,,"no_escalation_condition_met",,,,,,,,,,,"","","","","","","","",,
"react-baseline-vs-ccrs-v1-t2","002-ccrs","react_ccrs_mazeV1_t2","react_ccrs_mazeV1_t2_20260625_141909.log","44026","react.ccrs.contingency.escalation.considered","","864",,,,,,,,,,,,,,,,,"","","","","","","","",,
"react-baseline-vs-ccrs-v1-t2","002-ccrs","react_ccrs_mazeV1_t2","react_ccrs_mazeV1_t2_20260625_141909.log","44027","react.ccrs.contingency.escalation.skipped","","864",,,,,,"no_escalation_condition_met",,,,,,,,,,,"","","","","","","","",,
"react-baseline-vs-ccrs-v1-t2","002-ccrs","react_ccrs_mazeV1_t2","react_ccrs_mazeV1_t2_20260625_141909.log","44114","react.ccrs.contingency.escalation.considered","","865",,,,,,,,,,,,,,,,,"","","","","","","","",,
"react-baseline-vs-ccrs-v1-t2","002-ccrs","react_ccrs_mazeV1_t2","react_ccrs_mazeV1_t2_20260625_141909.log","44115","react.ccrs.contingency.escalation.skipped","","865",,,,,,"no_escalation_condition_met",,,,,,,,,,,"","","","","","","","",,
"react-baseline-vs-ccrs-v1-t2","002-ccrs","react_ccrs_mazeV1_t2","react_ccrs_mazeV1_t2_20260625_141909.log","44202","react.ccrs.contingency.escalation.considered","","866",,,,,,,,,,,,,,,,,"","","","","","","","",,
"react-baseline-vs-ccrs-v1-t2","002-ccrs","react_ccrs_mazeV1_t2","react_ccrs_mazeV1_t2_20260625_141909.log","44203","react.ccrs.contingency.escalation.skipped","","866",,,,,,"no_escalation_condition_met",,,,,,,,,,,"","","","","","","","",,
"react-baseline-vs-ccrs-v1-t2","002-ccrs","react_ccrs_mazeV1_t2","react_ccrs_mazeV1_t2_20260625_141909.log","44290","react.ccrs.contingency.escalation.considered","","867",,,,,,,,,,,,,,,,,"","","","","","","","",,
"react-baseline-vs-ccrs-v1-t2","002-ccrs","react_ccrs_mazeV1_t2","react_ccrs_mazeV1_t2_20260625_141909.log","44291","react.ccrs.contingency.escalation.skipped","","867",,,,,,"no_escalation_condition_met",,,,,,,,,,,"","","","","","","","",,
"react-baseline-vs-ccrs-v1-t2","002-ccrs","react_ccrs_mazeV1_t2","react_ccrs_mazeV1_t2_20260625_141909.log","44378","react.ccrs.contingency.escalation.considered","","868",,,,,,,,,,,,,,,,,"","","","","","","","",,
"react-baseline-vs-ccrs-v1-t2","002-ccrs","react_ccrs_mazeV1_t2","react_ccrs_mazeV1_t2_20260625_141909.log","44379","react.ccrs.contingency.escalation.skipped","","868",,,,,,"no_escalation_condition_met",,,,,,,,,,,"","","","","","","","",,
"react-baseline-vs-ccrs-v1-t2","002-ccrs","react_ccrs_mazeV1_t2","react_ccrs_mazeV1_t2_20260625_141909.log","44466","react.ccrs.contingency.escalation.considered","","869",,,,,,,,,,,,,,,,,"","","","","","","","",,
"react-baseline-vs-ccrs-v1-t2","002-ccrs","react_ccrs_mazeV1_t2","react_ccrs_mazeV1_t2_20260625_141909.log","44467","react.ccrs.contingency.escalation.skipped","","869",,,,,,"no_escalation_condition_met",,,,,,,,,,,"","","","","","","","",,
"react-baseline-vs-ccrs-v1-t2","002-ccrs","react_ccrs_mazeV1_t2","react_ccrs_mazeV1_t2_20260625_141909.log","44554","react.ccrs.contingency.escalation.considered","","870",,,,,,,,,,,,,,,,,"","","","","","","","",,
"react-baseline-vs-ccrs-v1-t2","002-ccrs","react_ccrs_mazeV1_t2","react_ccrs_mazeV1_t2_20260625_141909.log","44555","react.ccrs.contingency.escalation.skipped","","870",,,,,,"no_escalation_condition_met",,,,,,,,,,,"","","","","","","","",,
"react-baseline-vs-ccrs-v1-t2","002-ccrs","react_ccrs_mazeV1_t2","react_ccrs_mazeV1_t2_20260625_141909.log","44642","react.ccrs.contingency.escalation.considered","","871",,,,,,,,,,,,,,,,,"","","","","","","","",,
"react-baseline-vs-ccrs-v1-t2","002-ccrs","react_ccrs_mazeV1_t2","react_ccrs_mazeV1_t2_20260625_141909.log","44643","react.ccrs.contingency.escalation.skipped","","871",,,,,,"no_escalation_condition_met",,,,,,,,,,,"","","","","","","","",,
"react-baseline-vs-ccrs-v1-t2","002-ccrs","react_ccrs_mazeV1_t2","react_ccrs_mazeV1_t2_20260625_141909.log","44730","react.ccrs.contingency.escalation.considered","","872",,,,,,,,,,,,,,,,,"","","","","","","","",,
"react-baseline-vs-ccrs-v1-t2","002-ccrs","react_ccrs_mazeV1_t2","react_ccrs_mazeV1_t2_20260625_141909.log","44731","react.ccrs.contingency.escalation.skipped","","872",,,,,,"no_escalation_condition_met",,,,,,,,,,,"","","","","","","","",,
"react-baseline-vs-ccrs-v1-t2","002-ccrs","react_ccrs_mazeV1_t2","react_ccrs_mazeV1_t2_20260625_141909.log","44818","react.ccrs.contingency.escalation.considered","","873",,,,,,,,,,,,,,,,,"","","","","","","","",,
"react-baseline-vs-ccrs-v1-t2","002-ccrs","react_ccrs_mazeV1_t2","react_ccrs_mazeV1_t2_20260625_141909.log","44819","react.ccrs.contingency.escalation.skipped","","873",,,,,,"no_escalation_condition_met",,,,,,,,,,,"","","","","","","","",,
"react-baseline-vs-ccrs-v1-t2","002-ccrs","react_ccrs_mazeV1_t2","react_ccrs_mazeV1_t2_20260625_141909.log","44906","react.ccrs.contingency.escalation.considered","","874",,,,,,,,,,,,,,,,,"","","","","","","","",,
"react-baseline-vs-ccrs-v1-t2","002-ccrs","react_ccrs_mazeV1_t2","react_ccrs_mazeV1_t2_20260625_141909.log","44907","react.ccrs.contingency.escalation.skipped","","874",,,,,,"no_escalation_condition_met",,,,,,,,,,,"","","","","","","","",,
"react-baseline-vs-ccrs-v1-t2","002-ccrs","react_ccrs_mazeV1_t2","react_ccrs_mazeV1_t2_20260625_141909.log","44994","react.ccrs.contingency.escalation.considered","","875",,,,,,,,,,,,,,,,,"","","","","","","","",,
"react-baseline-vs-ccrs-v1-t2","002-ccrs","react_ccrs_mazeV1_t2","react_ccrs_mazeV1_t2_20260625_141909.log","44995","react.ccrs.contingency.escalation.skipped","","875",,,,,,"no_escalation_condition_met",,,,,,,,,,,"","","","","","","","",,
"react-baseline-vs-ccrs-v1-t2","002-ccrs","react_ccrs_mazeV1_t2","react_ccrs_mazeV1_t2_20260625_141909.log","45082","react.ccrs.contingency.escalation.considered","","876",,,,,,,,,,,,,,,,,"","","","","","","","",,
"react-baseline-vs-ccrs-v1-t2","002-ccrs","react_ccrs_mazeV1_t2","react_ccrs_mazeV1_t2_20260625_141909.log","45083","react.ccrs.contingency.escalation.skipped","","876",,,,,,"no_escalation_condition_met",,,,,,,,,,,"","","","","","","","",,
"react-baseline-vs-ccrs-v1-t2","002-ccrs","react_ccrs_mazeV1_t2","react_ccrs_mazeV1_t2_20260625_141909.log","45170","react.ccrs.contingency.escalation.considered","","877",,,,,,,,,,,,,,,,,"","","","","","","","",,
"react-baseline-vs-ccrs-v1-t2","002-ccrs","react_ccrs_mazeV1_t2","react_ccrs_mazeV1_t2_20260625_141909.log","45171","react.ccrs.contingency.escalation.skipped","","877",,,,,,"no_escalation_condition_met",,,,,,,,,,,"","","","","","","","",,
"react-baseline-vs-ccrs-v1-t2","002-ccrs","react_ccrs_mazeV1_t2","react_ccrs_mazeV1_t2_20260625_141909.log","45258","react.ccrs.contingency.escalation.considered","","878",,,,,,,,,,,,,,,,,"","","","","","","","",,
"react-baseline-vs-ccrs-v1-t2","002-ccrs","react_ccrs_mazeV1_t2","react_ccrs_mazeV1_t2_20260625_141909.log","45259","react.ccrs.contingency.escalation.skipped","","878",,,,,,"no_escalation_condition_met",,,,,,,,,,,"","","","","","","","",,
"react-baseline-vs-ccrs-v1-t2","002-ccrs","react_ccrs_mazeV1_t2","react_ccrs_mazeV1_t2_20260625_141909.log","45346","react.ccrs.contingency.escalation.considered","","879",,,,,,,,,,,,,,,,,"","","","","","","","",,
"react-baseline-vs-ccrs-v1-t2","002-ccrs","react_ccrs_mazeV1_t2","react_ccrs_mazeV1_t2_20260625_141909.log","45347","react.ccrs.contingency.escalation.skipped","","879",,,,,,"no_escalation_condition_met",,,,,,,,,,,"","","","","","","","",,
"react-baseline-vs-ccrs-v1-t2","002-ccrs","react_ccrs_mazeV1_t2","react_ccrs_mazeV1_t2_20260625_141909.log","45434","react.ccrs.contingency.escalation.considered","","880",,,,,,,,,,,,,,,,,"","","","","","","","",,
"react-baseline-vs-ccrs-v1-t2","002-ccrs","react_ccrs_mazeV1_t2","react_ccrs_mazeV1_t2_20260625_141909.log","45435","react.ccrs.contingency.escalation.skipped","","880",,,,,,"no_escalation_condition_met",,,,,,,,,,,"","","","","","","","",,
"react-baseline-vs-ccrs-v1-t2","002-ccrs","react_ccrs_mazeV1_t2","react_ccrs_mazeV1_t2_20260625_141909.log","45522","react.ccrs.contingency.escalation.considered","","881",,,,,,,,,,,,,,,,,"","","","","","","","",,
"react-baseline-vs-ccrs-v1-t2","002-ccrs","react_ccrs_mazeV1_t2","react_ccrs_mazeV1_t2_20260625_141909.log","45523","react.ccrs.contingency.escalation.skipped","","881",,,,,,"no_escalation_condition_met",,,,,,,,,,,"","","","","","","","",,
"react-baseline-vs-ccrs-v1-t2","002-ccrs","react_ccrs_mazeV1_t2","react_ccrs_mazeV1_t2_20260625_141909.log","45610","react.ccrs.contingency.escalation.considered","","882",,,,,,,,,,,,,,,,,"","","","","","","","",,
"react-baseline-vs-ccrs-v1-t2","002-ccrs","react_ccrs_mazeV1_t2","react_ccrs_mazeV1_t2_20260625_141909.log","45611","react.ccrs.contingency.escalation.skipped","","882",,,,,,"no_escalation_condition_met",,,,,,,,,,,"","","","","","","","",,
"react-baseline-vs-ccrs-v1-t2","002-ccrs","react_ccrs_mazeV1_t2","react_ccrs_mazeV1_t2_20260625_141909.log","45698","react.ccrs.contingency.escalation.considered","","883",,,,,,,,,,,,,,,,,"","","","","","","","",,
"react-baseline-vs-ccrs-v1-t2","002-ccrs","react_ccrs_mazeV1_t2","react_ccrs_mazeV1_t2_20260625_141909.log","45699","react.ccrs.contingency.escalation.skipped","","883",,,,,,"no_escalation_condition_met",,,,,,,,,,,"","","","","","","","",,
"react-baseline-vs-ccrs-v1-t2","002-ccrs","react_ccrs_mazeV1_t2","react_ccrs_mazeV1_t2_20260625_141909.log","45786","react.ccrs.contingency.escalation.considered","","884",,,,,,,,,,,,,,,,,"","","","","","","","",,
"react-baseline-vs-ccrs-v1-t2","002-ccrs","react_ccrs_mazeV1_t2","react_ccrs_mazeV1_t2_20260625_141909.log","45787","react.ccrs.contingency.escalation.skipped","","884",,,,,,"no_escalation_condition_met",,,,,,,,,,,"","","","","","","","",,
"react-baseline-vs-ccrs-v1-t2","002-ccrs","react_ccrs_mazeV1_t2","react_ccrs_mazeV1_t2_20260625_141909.log","45874","react.ccrs.contingency.escalation.considered","","885",,,,,,,,,,,,,,,,,"","","","","","","","",,
"react-baseline-vs-ccrs-v1-t2","002-ccrs","react_ccrs_mazeV1_t2","react_ccrs_mazeV1_t2_20260625_141909.log","45875","react.ccrs.contingency.escalation.skipped","","885",,,,,,"no_escalation_condition_met",,,,,,,,,,,"","","","","","","","",,
"react-baseline-vs-ccrs-v1-t2","002-ccrs","react_ccrs_mazeV1_t2","react_ccrs_mazeV1_t2_20260625_141909.log","45962","react.ccrs.contingency.escalation.considered","","886",,,,,,,,,,,,,,,,,"","","","","","","","",,
"react-baseline-vs-ccrs-v1-t2","002-ccrs","react_ccrs_mazeV1_t2","react_ccrs_mazeV1_t2_20260625_141909.log","45963","react.ccrs.contingency.escalation.skipped","","886",,,,,,"no_escalation_condition_met",,,,,,,,,,,"","","","","","","","",,
"react-baseline-vs-ccrs-v1-t2","002-ccrs","react_ccrs_mazeV1_t2","react_ccrs_mazeV1_t2_20260625_141909.log","46050","react.ccrs.contingency.escalation.considered","","887",,,,,,,,,,,,,,,,,"","","","","","","","",,
"react-baseline-vs-ccrs-v1-t2","002-ccrs","react_ccrs_mazeV1_t2","react_ccrs_mazeV1_t2_20260625_141909.log","46051","react.ccrs.contingency.escalation.skipped","","887",,,,,,"no_escalation_condition_met",,,,,,,,,,,"","","","","","","","",,
"react-baseline-vs-ccrs-v1-t2","002-ccrs","react_ccrs_mazeV1_t2","react_ccrs_mazeV1_t2_20260625_141909.log","46138","react.ccrs.contingency.escalation.considered","","888",,,,,,,,,,,,,,,,,"","","","","","","","",,
"react-baseline-vs-ccrs-v1-t2","002-ccrs","react_ccrs_mazeV1_t2","react_ccrs_mazeV1_t2_20260625_141909.log","46139","react.ccrs.contingency.escalation.skipped","","888",,,,,,"no_escalation_condition_met",,,,,,,,,,,"","","","","","","","",,
"react-baseline-vs-ccrs-v1-t2","002-ccrs","react_ccrs_mazeV1_t2","react_ccrs_mazeV1_t2_20260625_141909.log","46150","react.ccrs.contingency.escalation.considered","","889",,,,,,,,,,,,,,,,,"","","","","","","","",,
"react-baseline-vs-ccrs-v1-t2","002-ccrs","react_ccrs_mazeV1_t2","react_ccrs_mazeV1_t2_20260625_141909.log","46151","react.ccrs.contingency.escalation.skipped","","889",,,,,,"no_escalation_condition_met",,,,,,,,,,,"","","","","","","","",,
"react-baseline-vs-ccrs-v1-t2","002-ccrs","react_ccrs_mazeV1_t2","react_ccrs_mazeV1_t2_20260625_141909.log","46219","react.ccrs.contingency.escalation.considered","","890",,,,,,,,,,,,,,,,,"","","","","","","","",,
"react-baseline-vs-ccrs-v1-t2","002-ccrs","react_ccrs_mazeV1_t2","react_ccrs_mazeV1_t2_20260625_141909.log","46220","react.ccrs.contingency.escalation.skipped","","890",,,,,,"no_escalation_condition_met",,,,,,,,,,,"","","","","","","","",,
"react-baseline-vs-ccrs-v1-t2","002-ccrs","react_ccrs_mazeV1_t2","react_ccrs_mazeV1_t2_20260625_141909.log","46288","react.ccrs.contingency.escalation.considered","","891",,,,,,,,,,,,,,,,,"","","","","","","","",,
"react-baseline-vs-ccrs-v1-t2","002-ccrs","react_ccrs_mazeV1_t2","react_ccrs_mazeV1_t2_20260625_141909.log","46289","react.ccrs.contingency.escalation.skipped","","891",,,,,,"no_escalation_condition_met",,,,,,,,,,,"","","","","","","","",,
"react-baseline-vs-ccrs-v1-t2","002-ccrs","react_ccrs_mazeV1_t2","react_ccrs_mazeV1_t2_20260625_141909.log","46357","react.ccrs.contingency.escalation.considered","","892",,,,,,,,,,,,,,,,,"","","","","","","","",,
"react-baseline-vs-ccrs-v1-t2","002-ccrs","react_ccrs_mazeV1_t2","react_ccrs_mazeV1_t2_20260625_141909.log","46358","react.ccrs.contingency.escalation.skipped","","892",,,,,,"no_escalation_condition_met",,,,,,,,,,,"","","","","","","","",,
"react-baseline-vs-ccrs-v1-t2","002-ccrs","react_ccrs_mazeV1_t2","react_ccrs_mazeV1_t2_20260625_141909.log","46426","react.ccrs.contingency.escalation.considered","","893",,,,,,,,,,,,,,,,,"","","","","","","","",,
"react-baseline-vs-ccrs-v1-t2","002-ccrs","react_ccrs_mazeV1_t2","react_ccrs_mazeV1_t2_20260625_141909.log","46427","react.ccrs.contingency.escalation.skipped","","893",,,,,,"no_escalation_condition_met",,,,,,,,,,,"","","","","","","","",,
"react-baseline-vs-ccrs-v1-t2","002-ccrs","react_ccrs_mazeV1_t2","react_ccrs_mazeV1_t2_20260625_141909.log","46495","react.ccrs.contingency.escalation.considered","","894",,,,,,,,,,,,,,,,,"","","","","","","","",,
"react-baseline-vs-ccrs-v1-t2","002-ccrs","react_ccrs_mazeV1_t2","react_ccrs_mazeV1_t2_20260625_141909.log","46496","react.ccrs.contingency.escalation.skipped","","894",,,,,,"no_escalation_condition_met",,,,,,,,,,,"","","","","","","","",,
"react-baseline-vs-ccrs-v1-t2","002-ccrs","react_ccrs_mazeV1_t2","react_ccrs_mazeV1_t2_20260625_141909.log","46507","react.ccrs.contingency.escalation.considered","","895",,,,,,,,,,,,,,,,,"","","","","","","","",,
"react-baseline-vs-ccrs-v1-t2","002-ccrs","react_ccrs_mazeV1_t2","react_ccrs_mazeV1_t2_20260625_141909.log","46508","react.ccrs.contingency.escalation.skipped","","895",,,,,,"no_escalation_condition_met",,,,,,,,,,,"","","","","","","","",,
"react-baseline-vs-ccrs-v1-t2","002-ccrs","react_ccrs_mazeV1_t2","react_ccrs_mazeV1_t2_20260625_141909.log","46576","react.ccrs.contingency.escalation.considered","","896",,,,,,,,,,,,,,,,,"","","","","","","","",,
"react-baseline-vs-ccrs-v1-t2","002-ccrs","react_ccrs_mazeV1_t2","react_ccrs_mazeV1_t2_20260625_141909.log","46577","react.ccrs.contingency.escalation.skipped","","896",,,,,,"no_escalation_condition_met",,,,,,,,,,,"","","","","","","","",,
"react-baseline-vs-ccrs-v1-t2","002-ccrs","react_ccrs_mazeV1_t2","react_ccrs_mazeV1_t2_20260625_141909.log","46645","react.ccrs.contingency.escalation.considered","","897",,,,,,,,,,,,,,,,,"","","","","","","","",,
"react-baseline-vs-ccrs-v1-t2","002-ccrs","react_ccrs_mazeV1_t2","react_ccrs_mazeV1_t2_20260625_141909.log","46646","react.ccrs.contingency.escalation.skipped","","897",,,,,,"no_escalation_condition_met",,,,,,,,,,,"","","","","","","","",,
"react-baseline-vs-ccrs-v1-t2","002-ccrs","react_ccrs_mazeV1_t2","react_ccrs_mazeV1_t2_20260625_141909.log","46714","react.ccrs.contingency.escalation.considered","","898",,,,,,,,,,,,,,,,,"","","","","","","","",,
"react-baseline-vs-ccrs-v1-t2","002-ccrs","react_ccrs_mazeV1_t2","react_ccrs_mazeV1_t2_20260625_141909.log","46715","react.ccrs.contingency.escalation.skipped","","898",,,,,,"no_escalation_condition_met",,,,,,,,,,,"","","","","","","","",,
"react-baseline-vs-ccrs-v1-t2","002-ccrs","react_ccrs_mazeV1_t2","react_ccrs_mazeV1_t2_20260625_141909.log","46783","react.ccrs.contingency.escalation.considered","","899",,,,,,,,,,,,,,,,,"","","","","","","","",,
"react-baseline-vs-ccrs-v1-t2","002-ccrs","react_ccrs_mazeV1_t2","react_ccrs_mazeV1_t2_20260625_141909.log","46784","react.ccrs.contingency.escalation.skipped","","899",,,,,,"no_escalation_condition_met",,,,,,,,,,,"","","","","","","","",,
"react-baseline-vs-ccrs-v1-t2","002-ccrs","react_ccrs_mazeV1_t2","react_ccrs_mazeV1_t2_20260625_141909.log","46852","react.ccrs.contingency.escalation.considered","","900",,,,,,,,,,,,,,,,,"","","","","","","","",,
"react-baseline-vs-ccrs-v1-t2","002-ccrs","react_ccrs_mazeV1_t2","react_ccrs_mazeV1_t2_20260625_141909.log","46853","react.ccrs.contingency.escalation.skipped","","900",,,,,,"no_escalation_condition_met",,,,,,,,,,,"","","","","","","","",,
"react-baseline-vs-ccrs-v1-t2","002-ccrs","react_ccrs_mazeV1_t2","react_ccrs_mazeV1_t2_20260625_141909.log","46869","react.ccrs.contingency.escalation.considered","","901",,,,,,,,,,,,,,,,,"","","","","","","","",,
"react-baseline-vs-ccrs-v1-t2","002-ccrs","react_ccrs_mazeV1_t2","react_ccrs_mazeV1_t2_20260625_141909.log","46870","react.ccrs.contingency.escalation.skipped","","901",,,,,,"no_escalation_condition_met",,,,,,,,,,,"","","","","","","","",,
"react-baseline-vs-ccrs-v1-t2","002-ccrs","react_ccrs_mazeV1_t2","react_ccrs_mazeV1_t2_20260625_141909.log","46938","react.ccrs.contingency.escalation.considered","","902",,,,,,,,,,,,,,,,,"","","","","","","","",,
"react-baseline-vs-ccrs-v1-t2","002-ccrs","react_ccrs_mazeV1_t2","react_ccrs_mazeV1_t2_20260625_141909.log","46939","react.ccrs.contingency.escalation.skipped","","902",,,,,,"no_escalation_condition_met",,,,,,,,,,,"","","","","","","","",,
"react-baseline-vs-ccrs-v1-t2","002-ccrs","react_ccrs_mazeV1_t2","react_ccrs_mazeV1_t2_20260625_141909.log","47007","react.ccrs.contingency.escalation.considered","","903",,,,,,,,,,,,,,,,,"","","","","","","","",,
"react-baseline-vs-ccrs-v1-t2","002-ccrs","react_ccrs_mazeV1_t2","react_ccrs_mazeV1_t2_20260625_141909.log","47008","react.ccrs.contingency.escalation.skipped","","903",,,,,,"no_escalation_condition_met",,,,,,,,,,,"","","","","","","","",,
"react-baseline-vs-ccrs-v1-t2","002-ccrs","react_ccrs_mazeV1_t2","react_ccrs_mazeV1_t2_20260625_141909.log","47076","react.ccrs.contingency.escalation.considered","","904",,,,,,,,,,,,,,,,,"","","","","","","","",,
"react-baseline-vs-ccrs-v1-t2","002-ccrs","react_ccrs_mazeV1_t2","react_ccrs_mazeV1_t2_20260625_141909.log","47077","react.ccrs.contingency.escalation.skipped","","904",,,,,,"no_escalation_condition_met",,,,,,,,,,,"","","","","","","","",,
"react-baseline-vs-ccrs-v1-t2","002-ccrs","react_ccrs_mazeV1_t2","react_ccrs_mazeV1_t2_20260625_141909.log","47145","react.ccrs.contingency.escalation.considered","","905",,,,,,,,,,,,,,,,,"","","","","","","","",,
"react-baseline-vs-ccrs-v1-t2","002-ccrs","react_ccrs_mazeV1_t2","react_ccrs_mazeV1_t2_20260625_141909.log","47146","react.ccrs.contingency.escalation.skipped","","905",,,,,,"no_escalation_condition_met",,,,,,,,,,,"","","","","","","","",,
"react-baseline-vs-ccrs-v1-t2","002-ccrs","react_ccrs_mazeV1_t2","react_ccrs_mazeV1_t2_20260625_141909.log","47214","react.ccrs.contingency.escalation.considered","","906",,,,,,,,,,,,,,,,,"","","","","","","","",,
"react-baseline-vs-ccrs-v1-t2","002-ccrs","react_ccrs_mazeV1_t2","react_ccrs_mazeV1_t2_20260625_141909.log","47215","react.ccrs.contingency.escalation.skipped","","906",,,,,,"no_escalation_condition_met",,,,,,,,,,,"","","","","","","","",,
"react-baseline-vs-ccrs-v1-t2","002-ccrs","react_ccrs_mazeV1_t2","react_ccrs_mazeV1_t2_20260625_141909.log","47226","react.ccrs.contingency.escalation.considered","","907",,,,,,,,,,,,,,,,,"","","","","","","","",,
"react-baseline-vs-ccrs-v1-t2","002-ccrs","react_ccrs_mazeV1_t2","react_ccrs_mazeV1_t2_20260625_141909.log","47227","react.ccrs.contingency.escalation.skipped","","907",,,,,,"no_escalation_condition_met",,,,,,,,,,,"","","","","","","","",,
"react-baseline-vs-ccrs-v1-t2","002-ccrs","react_ccrs_mazeV1_t2","react_ccrs_mazeV1_t2_20260625_141909.log","47314","react.ccrs.contingency.escalation.considered","","908",,,,,,,,,,,,,,,,,"","","","","","","","",,
"react-baseline-vs-ccrs-v1-t2","002-ccrs","react_ccrs_mazeV1_t2","react_ccrs_mazeV1_t2_20260625_141909.log","47315","react.ccrs.contingency.escalation.skipped","","908",,,,,,"no_escalation_condition_met",,,,,,,,,,,"","","","","","","","",,
"react-baseline-vs-ccrs-v1-t2","002-ccrs","react_ccrs_mazeV1_t2","react_ccrs_mazeV1_t2_20260625_141909.log","47402","react.ccrs.contingency.escalation.considered","","909",,,,,,,,,,,,,,,,,"","","","","","","","",,
"react-baseline-vs-ccrs-v1-t2","002-ccrs","react_ccrs_mazeV1_t2","react_ccrs_mazeV1_t2_20260625_141909.log","47403","react.ccrs.contingency.escalation.skipped","","909",,,,,,"no_escalation_condition_met",,,,,,,,,,,"","","","","","","","",,
"react-baseline-vs-ccrs-v1-t2","002-ccrs","react_ccrs_mazeV1_t2","react_ccrs_mazeV1_t2_20260625_141909.log","47490","react.ccrs.contingency.escalation.considered","","910",,,,,,,,,,,,,,,,,"","","","","","","","",,
"react-baseline-vs-ccrs-v1-t2","002-ccrs","react_ccrs_mazeV1_t2","react_ccrs_mazeV1_t2_20260625_141909.log","47491","react.ccrs.contingency.escalation.skipped","","910",,,,,,"no_escalation_condition_met",,,,,,,,,,,"","","","","","","","",,
"react-baseline-vs-ccrs-v1-t2","002-ccrs","react_ccrs_mazeV1_t2","react_ccrs_mazeV1_t2_20260625_141909.log","47578","react.ccrs.contingency.escalation.considered","","911",,,,,,,,,,,,,,,,,"","","","","","","","",,
"react-baseline-vs-ccrs-v1-t2","002-ccrs","react_ccrs_mazeV1_t2","react_ccrs_mazeV1_t2_20260625_141909.log","47579","react.ccrs.contingency.escalation.skipped","","911",,,,,,"no_escalation_condition_met",,,,,,,,,,,"","","","","","","","",,
"react-baseline-vs-ccrs-v1-t2","002-ccrs","react_ccrs_mazeV1_t2","react_ccrs_mazeV1_t2_20260625_141909.log","47666","react.ccrs.contingency.escalation.considered","","912",,,,,,,,,,,,,,,,,"","","","","","","","",,
"react-baseline-vs-ccrs-v1-t2","002-ccrs","react_ccrs_mazeV1_t2","react_ccrs_mazeV1_t2_20260625_141909.log","47667","react.ccrs.contingency.escalation.skipped","","912",,,,,,"no_escalation_condition_met",,,,,,,,,,,"","","","","","","","",,
"react-baseline-vs-ccrs-v1-t2","002-ccrs","react_ccrs_mazeV1_t2","react_ccrs_mazeV1_t2_20260625_141909.log","47754","react.ccrs.contingency.escalation.considered","","913",,,,,,,,,,,,,,,,,"","","","","","","","",,
"react-baseline-vs-ccrs-v1-t2","002-ccrs","react_ccrs_mazeV1_t2","react_ccrs_mazeV1_t2_20260625_141909.log","47755","react.ccrs.contingency.escalation.skipped","","913",,,,,,"no_escalation_condition_met",,,,,,,,,,,"","","","","","","","",,
"react-baseline-vs-ccrs-v1-t2","002-ccrs","react_ccrs_mazeV1_t2","react_ccrs_mazeV1_t2_20260625_141909.log","47842","react.ccrs.contingency.escalation.considered","","914",,,,,,,,,,,,,,,,,"","","","","","","","",,
"react-baseline-vs-ccrs-v1-t2","002-ccrs","react_ccrs_mazeV1_t2","react_ccrs_mazeV1_t2_20260625_141909.log","47843","react.ccrs.contingency.escalation.skipped","","914",,,,,,"no_escalation_condition_met",,,,,,,,,,,"","","","","","","","",,
"react-baseline-vs-ccrs-v1-t2","002-ccrs","react_ccrs_mazeV1_t2","react_ccrs_mazeV1_t2_20260625_141909.log","47930","react.ccrs.contingency.escalation.considered","","915",,,,,,,,,,,,,,,,,"","","","","","","","",,
"react-baseline-vs-ccrs-v1-t2","002-ccrs","react_ccrs_mazeV1_t2","react_ccrs_mazeV1_t2_20260625_141909.log","47931","react.ccrs.contingency.escalation.skipped","","915",,,,,,"no_escalation_condition_met",,,,,,,,,,,"","","","","","","","",,
"react-baseline-vs-ccrs-v1-t2","002-ccrs","react_ccrs_mazeV1_t2","react_ccrs_mazeV1_t2_20260625_141909.log","47947","react.ccrs.contingency.escalation.considered","","916",,,,,,,,,,,,,,,,,"","","","","","","","",,
"react-baseline-vs-ccrs-v1-t2","002-ccrs","react_ccrs_mazeV1_t2","react_ccrs_mazeV1_t2_20260625_141909.log","47948","react.ccrs.contingency.escalation.skipped","","916",,,,,,"no_escalation_condition_met",,,,,,,,,,,"","","","","","","","",,
"react-baseline-vs-ccrs-v1-t2","002-ccrs","react_ccrs_mazeV1_t2","react_ccrs_mazeV1_t2_20260625_141909.log","48035","react.ccrs.contingency.escalation.considered","","917",,,,,,,,,,,,,,,,,"","","","","","","","",,
"react-baseline-vs-ccrs-v1-t2","002-ccrs","react_ccrs_mazeV1_t2","react_ccrs_mazeV1_t2_20260625_141909.log","48036","react.ccrs.contingency.escalation.skipped","","917",,,,,,"no_escalation_condition_met",,,,,,,,,,,"","","","","","","","",,
"react-baseline-vs-ccrs-v1-t2","002-ccrs","react_ccrs_mazeV1_t2","react_ccrs_mazeV1_t2_20260625_141909.log","48123","react.ccrs.contingency.escalation.considered","","918",,,,,,,,,,,,,,,,,"","","","","","","","",,
"react-baseline-vs-ccrs-v1-t2","002-ccrs","react_ccrs_mazeV1_t2","react_ccrs_mazeV1_t2_20260625_141909.log","48124","react.ccrs.contingency.escalation.skipped","","918",,,,,,"no_escalation_condition_met",,,,,,,,,,,"","","","","","","","",,
"react-baseline-vs-ccrs-v1-t2","002-ccrs","react_ccrs_mazeV1_t2","react_ccrs_mazeV1_t2_20260625_141909.log","48211","react.ccrs.contingency.escalation.considered","","919",,,,,,,,,,,,,,,,,"","","","","","","","",,
"react-baseline-vs-ccrs-v1-t2","002-ccrs","react_ccrs_mazeV1_t2","react_ccrs_mazeV1_t2_20260625_141909.log","48212","react.ccrs.contingency.escalation.skipped","","919",,,,,,"no_escalation_condition_met",,,,,,,,,,,"","","","","","","","",,
"react-baseline-vs-ccrs-v1-t2","002-ccrs","react_ccrs_mazeV1_t2","react_ccrs_mazeV1_t2_20260625_141909.log","48299","react.ccrs.contingency.escalation.considered","","920",,,,,,,,,,,,,,,,,"","","","","","","","",,
"react-baseline-vs-ccrs-v1-t2","002-ccrs","react_ccrs_mazeV1_t2","react_ccrs_mazeV1_t2_20260625_141909.log","48300","react.ccrs.contingency.escalation.skipped","","920",,,,,,"no_escalation_condition_met",,,,,,,,,,,"","","","","","","","",,
"react-baseline-vs-ccrs-v1-t2","002-ccrs","react_ccrs_mazeV1_t2","react_ccrs_mazeV1_t2_20260625_141909.log","48387","react.ccrs.contingency.escalation.considered","","921",,,,,,,,,,,,,,,,,"","","","","","","","",,
"react-baseline-vs-ccrs-v1-t2","002-ccrs","react_ccrs_mazeV1_t2","react_ccrs_mazeV1_t2_20260625_141909.log","48388","react.ccrs.contingency.escalation.skipped","","921",,,,,,"no_escalation_condition_met",,,,,,,,,,,"","","","","","","","",,
"react-baseline-vs-ccrs-v1-t2","002-ccrs","react_ccrs_mazeV1_t2","react_ccrs_mazeV1_t2_20260625_141909.log","48475","react.ccrs.contingency.escalation.considered","","922",,,,,,,,,,,,,,,,,"","","","","","","","",,
"react-baseline-vs-ccrs-v1-t2","002-ccrs","react_ccrs_mazeV1_t2","react_ccrs_mazeV1_t2_20260625_141909.log","48476","react.ccrs.contingency.escalation.skipped","","922",,,,,,"no_escalation_condition_met",,,,,,,,,,,"","","","","","","","",,
"react-baseline-vs-ccrs-v1-t2","002-ccrs","react_ccrs_mazeV1_t2","react_ccrs_mazeV1_t2_20260625_141909.log","48563","react.ccrs.contingency.escalation.considered","","923",,,,,,,,,,,,,,,,,"","","","","","","","",,
"react-baseline-vs-ccrs-v1-t2","002-ccrs","react_ccrs_mazeV1_t2","react_ccrs_mazeV1_t2_20260625_141909.log","48564","react.ccrs.contingency.escalation.skipped","","923",,,,,,"no_escalation_condition_met",,,,,,,,,,,"","","","","","","","",,
"react-baseline-vs-ccrs-v1-t2","002-ccrs","react_ccrs_mazeV1_t2","react_ccrs_mazeV1_t2_20260625_141909.log","48651","react.ccrs.contingency.escalation.considered","","924",,,,,,,,,,,,,,,,,"","","","","","","","",,
"react-baseline-vs-ccrs-v1-t2","002-ccrs","react_ccrs_mazeV1_t2","react_ccrs_mazeV1_t2_20260625_141909.log","48652","react.ccrs.contingency.escalation.skipped","","924",,,,,,"no_escalation_condition_met",,,,,,,,,,,"","","","","","","","",,
"react-baseline-vs-ccrs-v1-t2","002-ccrs","react_ccrs_mazeV1_t2","react_ccrs_mazeV1_t2_20260625_141909.log","48739","react.ccrs.contingency.escalation.considered","","925",,,,,,,,,,,,,,,,,"","","","","","","","",,
"react-baseline-vs-ccrs-v1-t2","002-ccrs","react_ccrs_mazeV1_t2","react_ccrs_mazeV1_t2_20260625_141909.log","48740","react.ccrs.contingency.escalation.skipped","","925",,,,,,"no_escalation_condition_met",,,,,,,,,,,"","","","","","","","",,
"react-baseline-vs-ccrs-v1-t2","002-ccrs","react_ccrs_mazeV1_t2","react_ccrs_mazeV1_t2_20260625_141909.log","48827","react.ccrs.contingency.escalation.considered","","926",,,,,,,,,,,,,,,,,"","","","","","","","",,
"react-baseline-vs-ccrs-v1-t2","002-ccrs","react_ccrs_mazeV1_t2","react_ccrs_mazeV1_t2_20260625_141909.log","48828","react.ccrs.contingency.escalation.skipped","","926",,,,,,"no_escalation_condition_met",,,,,,,,,,,"","","","","","","","",,
"react-baseline-vs-ccrs-v1-t2","002-ccrs","react_ccrs_mazeV1_t2","react_ccrs_mazeV1_t2_20260625_141909.log","48844","react.ccrs.contingency.escalation.considered","","927",,,,,,,,,,,,,,,,,"","","","","","","","",,
"react-baseline-vs-ccrs-v1-t2","002-ccrs","react_ccrs_mazeV1_t2","react_ccrs_mazeV1_t2_20260625_141909.log","48845","react.ccrs.contingency.escalation.skipped","","927",,,,,,"no_escalation_condition_met",,,,,,,,,,,"","","","","","","","",,
"react-baseline-vs-ccrs-v1-t2","002-ccrs","react_ccrs_mazeV1_t2","react_ccrs_mazeV1_t2_20260625_141909.log","48932","react.ccrs.contingency.escalation.considered","","928",,,,,,,,,,,,,,,,,"","","","","","","","",,
"react-baseline-vs-ccrs-v1-t2","002-ccrs","react_ccrs_mazeV1_t2","react_ccrs_mazeV1_t2_20260625_141909.log","48933","react.ccrs.contingency.escalation.skipped","","928",,,,,,"no_escalation_condition_met",,,,,,,,,,,"","","","","","","","",,
"react-baseline-vs-ccrs-v1-t2","002-ccrs","react_ccrs_mazeV1_t2","react_ccrs_mazeV1_t2_20260625_141909.log","49020","react.ccrs.contingency.escalation.considered","","929",,,,,,,,,,,,,,,,,"","","","","","","","",,
"react-baseline-vs-ccrs-v1-t2","002-ccrs","react_ccrs_mazeV1_t2","react_ccrs_mazeV1_t2_20260625_141909.log","49021","react.ccrs.contingency.escalation.skipped","","929",,,,,,"no_escalation_condition_met",,,,,,,,,,,"","","","","","","","",,
"react-baseline-vs-ccrs-v1-t2","002-ccrs","react_ccrs_mazeV1_t2","react_ccrs_mazeV1_t2_20260625_141909.log","49108","react.ccrs.contingency.escalation.considered","","930",,,,,,,,,,,,,,,,,"","","","","","","","",,
"react-baseline-vs-ccrs-v1-t2","002-ccrs","react_ccrs_mazeV1_t2","react_ccrs_mazeV1_t2_20260625_141909.log","49109","react.ccrs.contingency.escalation.skipped","","930",,,,,,"no_escalation_condition_met",,,,,,,,,,,"","","","","","","","",,
"react-baseline-vs-ccrs-v1-t2","002-ccrs","react_ccrs_mazeV1_t2","react_ccrs_mazeV1_t2_20260625_141909.log","49196","react.ccrs.contingency.escalation.considered","","931",,,,,,,,,,,,,,,,,"","","","","","","","",,
"react-baseline-vs-ccrs-v1-t2","002-ccrs","react_ccrs_mazeV1_t2","react_ccrs_mazeV1_t2_20260625_141909.log","49197","react.ccrs.contingency.escalation.skipped","","931",,,,,,"no_escalation_condition_met",,,,,,,,,,,"","","","","","","","",,
"react-baseline-vs-ccrs-v1-t2","002-ccrs","react_ccrs_mazeV1_t2","react_ccrs_mazeV1_t2_20260625_141909.log","49284","react.ccrs.contingency.escalation.considered","","932",,,,,,,,,,,,,,,,,"","","","","","","","",,
"react-baseline-vs-ccrs-v1-t2","002-ccrs","react_ccrs_mazeV1_t2","react_ccrs_mazeV1_t2_20260625_141909.log","49285","react.ccrs.contingency.escalation.skipped","","932",,,,,,"no_escalation_condition_met",,,,,,,,,,,"","","","","","","","",,
"react-baseline-vs-ccrs-v1-t2","002-ccrs","react_ccrs_mazeV1_t2","react_ccrs_mazeV1_t2_20260625_141909.log","49296","react.ccrs.contingency.escalation.considered","","933",,,,,,,,,,,,,,,,,"","","","","","","","",,
"react-baseline-vs-ccrs-v1-t2","002-ccrs","react_ccrs_mazeV1_t2","react_ccrs_mazeV1_t2_20260625_141909.log","49297","react.ccrs.contingency.escalation.skipped","","933",,,,,,"no_escalation_condition_met",,,,,,,,,,,"","","","","","","","",,
"react-baseline-vs-ccrs-v1-t2","002-ccrs","react_ccrs_mazeV1_t2","react_ccrs_mazeV1_t2_20260625_141909.log","49384","react.ccrs.contingency.escalation.considered","","934",,,,,,,,,,,,,,,,,"","","","","","","","",,
"react-baseline-vs-ccrs-v1-t2","002-ccrs","react_ccrs_mazeV1_t2","react_ccrs_mazeV1_t2_20260625_141909.log","49385","react.ccrs.contingency.escalation.skipped","","934",,,,,,"no_escalation_condition_met",,,,,,,,,,,"","","","","","","","",,
"react-baseline-vs-ccrs-v1-t2","002-ccrs","react_ccrs_mazeV1_t2","react_ccrs_mazeV1_t2_20260625_141909.log","49472","react.ccrs.contingency.escalation.considered","","935",,,,,,,,,,,,,,,,,"","","","","","","","",,
"react-baseline-vs-ccrs-v1-t2","002-ccrs","react_ccrs_mazeV1_t2","react_ccrs_mazeV1_t2_20260625_141909.log","49473","react.ccrs.contingency.escalation.skipped","","935",,,,,,"no_escalation_condition_met",,,,,,,,,,,"","","","","","","","",,
"react-baseline-vs-ccrs-v1-t2","002-ccrs","react_ccrs_mazeV1_t2","react_ccrs_mazeV1_t2_20260625_141909.log","49560","react.ccrs.contingency.escalation.considered","","936",,,,,,,,,,,,,,,,,"","","","","","","","",,
"react-baseline-vs-ccrs-v1-t2","002-ccrs","react_ccrs_mazeV1_t2","react_ccrs_mazeV1_t2_20260625_141909.log","49561","react.ccrs.contingency.escalation.skipped","","936",,,,,,"no_escalation_condition_met",,,,,,,,,,,"","","","","","","","",,
"react-baseline-vs-ccrs-v1-t2","002-ccrs","react_ccrs_mazeV1_t2","react_ccrs_mazeV1_t2_20260625_141909.log","49648","react.ccrs.contingency.escalation.considered","","937",,,,,,,,,,,,,,,,,"","","","","","","","",,
"react-baseline-vs-ccrs-v1-t2","002-ccrs","react_ccrs_mazeV1_t2","react_ccrs_mazeV1_t2_20260625_141909.log","49649","react.ccrs.contingency.escalation.skipped","","937",,,,,,"no_escalation_condition_met",,,,,,,,,,,"","","","","","","","",,
"react-baseline-vs-ccrs-v1-t2","002-ccrs","react_ccrs_mazeV1_t2","react_ccrs_mazeV1_t2_20260625_141909.log","49736","react.ccrs.contingency.escalation.considered","","938",,,,,,,,,,,,,,,,,"","","","","","","","",,
"react-baseline-vs-ccrs-v1-t2","002-ccrs","react_ccrs_mazeV1_t2","react_ccrs_mazeV1_t2_20260625_141909.log","49737","react.ccrs.contingency.escalation.skipped","","938",,,,,,"no_escalation_condition_met",,,,,,,,,,,"","","","","","","","",,
"react-baseline-vs-ccrs-v1-t2","002-ccrs","react_ccrs_mazeV1_t2","react_ccrs_mazeV1_t2_20260625_141909.log","49824","react.ccrs.contingency.escalation.considered","","939",,,,,,,,,,,,,,,,,"","","","","","","","",,
"react-baseline-vs-ccrs-v1-t2","002-ccrs","react_ccrs_mazeV1_t2","react_ccrs_mazeV1_t2_20260625_141909.log","49825","react.ccrs.contingency.escalation.skipped","","939",,,,,,"no_escalation_condition_met",,,,,,,,,,,"","","","","","","","",,
"react-baseline-vs-ccrs-v1-t2","002-ccrs","react_ccrs_mazeV1_t2","react_ccrs_mazeV1_t2_20260625_141909.log","49841","react.ccrs.contingency.escalation.considered","","940",,,,,,,,,,,,,,,,,"","","","","","","","",,
"react-baseline-vs-ccrs-v1-t2","002-ccrs","react_ccrs_mazeV1_t2","react_ccrs_mazeV1_t2_20260625_141909.log","49842","react.ccrs.contingency.escalation.skipped","","940",,,,,,"no_escalation_condition_met",,,,,,,,,,,"","","","","","","","",,
"react-baseline-vs-ccrs-v1-t2","002-ccrs","react_ccrs_mazeV1_t2","react_ccrs_mazeV1_t2_20260625_141909.log","49853","react.ccrs.contingency.escalation.considered","","941",,,,,,,,,,,,,,,,,"","","","","","","","",,
"react-baseline-vs-ccrs-v1-t2","002-ccrs","react_ccrs_mazeV1_t2","react_ccrs_mazeV1_t2_20260625_141909.log","49854","react.ccrs.contingency.escalation.skipped","","941",,,,,,"no_escalation_condition_met",,,,,,,,,,,"","","","","","","","",,
"react-baseline-vs-ccrs-v1-t2","002-ccrs","react_ccrs_mazeV1_t2","react_ccrs_mazeV1_t2_20260625_141909.log","49941","react.ccrs.contingency.escalation.considered","","942",,,,,,,,,,,,,,,,,"","","","","","","","",,
"react-baseline-vs-ccrs-v1-t2","002-ccrs","react_ccrs_mazeV1_t2","react_ccrs_mazeV1_t2_20260625_141909.log","49942","react.ccrs.contingency.escalation.skipped","","942",,,,,,"no_escalation_condition_met",,,,,,,,,,,"","","","","","","","",,
"react-baseline-vs-ccrs-v1-t2","002-ccrs","react_ccrs_mazeV1_t2","react_ccrs_mazeV1_t2_20260625_141909.log","50029","react.ccrs.contingency.escalation.considered","","943",,,,,,,,,,,,,,,,,"","","","","","","","",,
"react-baseline-vs-ccrs-v1-t2","002-ccrs","react_ccrs_mazeV1_t2","react_ccrs_mazeV1_t2_20260625_141909.log","50030","react.ccrs.contingency.escalation.skipped","","943",,,,,,"no_escalation_condition_met",,,,,,,,,,,"","","","","","","","",,
"react-baseline-vs-ccrs-v1-t2","002-ccrs","react_ccrs_mazeV1_t2","react_ccrs_mazeV1_t2_20260625_141909.log","50117","react.ccrs.contingency.escalation.considered","","944",,,,,,,,,,,,,,,,,"","","","","","","","",,
"react-baseline-vs-ccrs-v1-t2","002-ccrs","react_ccrs_mazeV1_t2","react_ccrs_mazeV1_t2_20260625_141909.log","50118","react.ccrs.contingency.escalation.skipped","","944",,,,,,"no_escalation_condition_met",,,,,,,,,,,"","","","","","","","",,
"react-baseline-vs-ccrs-v1-t2","002-ccrs","react_ccrs_mazeV1_t2","react_ccrs_mazeV1_t2_20260625_141909.log","50205","react.ccrs.contingency.escalation.considered","","945",,,,,,,,,,,,,,,,,"","","","","","","","",,
"react-baseline-vs-ccrs-v1-t2","002-ccrs","react_ccrs_mazeV1_t2","react_ccrs_mazeV1_t2_20260625_141909.log","50206","react.ccrs.contingency.escalation.skipped","","945",,,,,,"no_escalation_condition_met",,,,,,,,,,,"","","","","","","","",,
"react-baseline-vs-ccrs-v1-t2","002-ccrs","react_ccrs_mazeV1_t2","react_ccrs_mazeV1_t2_20260625_141909.log","50293","react.ccrs.contingency.escalation.considered","","946",,,,,,,,,,,,,,,,,"","","","","","","","",,
"react-baseline-vs-ccrs-v1-t2","002-ccrs","react_ccrs_mazeV1_t2","react_ccrs_mazeV1_t2_20260625_141909.log","50294","react.ccrs.contingency.escalation.skipped","","946",,,,,,"no_escalation_condition_met",,,,,,,,,,,"","","","","","","","",,
"react-baseline-vs-ccrs-v1-t2","002-ccrs","react_ccrs_mazeV1_t2","react_ccrs_mazeV1_t2_20260625_141909.log","50381","react.ccrs.contingency.escalation.considered","","947",,,,,,,,,,,,,,,,,"","","","","","","","",,
"react-baseline-vs-ccrs-v1-t2","002-ccrs","react_ccrs_mazeV1_t2","react_ccrs_mazeV1_t2_20260625_141909.log","50382","react.ccrs.contingency.escalation.skipped","","947",,,,,,"no_escalation_condition_met",,,,,,,,,,,"","","","","","","","",,
"react-baseline-vs-ccrs-v1-t2","002-ccrs","react_ccrs_mazeV1_t2","react_ccrs_mazeV1_t2_20260625_141909.log","50398","react.ccrs.contingency.escalation.considered","","948",,,,,,,,,,,,,,,,,"","","","","","","","",,
"react-baseline-vs-ccrs-v1-t2","002-ccrs","react_ccrs_mazeV1_t2","react_ccrs_mazeV1_t2_20260625_141909.log","50399","react.ccrs.contingency.escalation.skipped","","948",,,,,,"no_escalation_condition_met",,,,,,,,,,,"","","","","","","","",,
"react-baseline-vs-ccrs-v1-t2","002-ccrs","react_ccrs_mazeV1_t2","react_ccrs_mazeV1_t2_20260625_141909.log","50486","react.ccrs.contingency.escalation.considered","","949",,,,,,,,,,,,,,,,,"","","","","","","","",,
"react-baseline-vs-ccrs-v1-t2","002-ccrs","react_ccrs_mazeV1_t2","react_ccrs_mazeV1_t2_20260625_141909.log","50487","react.ccrs.contingency.escalation.skipped","","949",,,,,,"no_escalation_condition_met",,,,,,,,,,,"","","","","","","","",,
"react-baseline-vs-ccrs-v1-t2","002-ccrs","react_ccrs_mazeV1_t2","react_ccrs_mazeV1_t2_20260625_141909.log","50503","react.ccrs.contingency.escalation.considered","","950",,,,,,,,,,,,,,,,,"","","","","","","","",,
"react-baseline-vs-ccrs-v1-t2","002-ccrs","react_ccrs_mazeV1_t2","react_ccrs_mazeV1_t2_20260625_141909.log","50504","react.ccrs.contingency.escalation.skipped","","950",,,,,,"no_escalation_condition_met",,,,,,,,,,,"","","","","","","","",,
"react-baseline-vs-ccrs-v1-t2","002-ccrs","react_ccrs_mazeV1_t2","react_ccrs_mazeV1_t2_20260625_141909.log","50591","react.ccrs.contingency.escalation.considered","","951",,,,,,,,,,,,,,,,,"","","","","","","","",,
"react-baseline-vs-ccrs-v1-t2","002-ccrs","react_ccrs_mazeV1_t2","react_ccrs_mazeV1_t2_20260625_141909.log","50592","react.ccrs.contingency.escalation.skipped","","951",,,,,,"no_escalation_condition_met",,,,,,,,,,,"","","","","","","","",,
"react-baseline-vs-ccrs-v1-t2","002-ccrs","react_ccrs_mazeV1_t2","react_ccrs_mazeV1_t2_20260625_141909.log","50679","react.ccrs.contingency.escalation.considered","","952",,,,,,,,,,,,,,,,,"","","","","","","","",,
"react-baseline-vs-ccrs-v1-t2","002-ccrs","react_ccrs_mazeV1_t2","react_ccrs_mazeV1_t2_20260625_141909.log","50680","react.ccrs.contingency.escalation.skipped","","952",,,,,,"no_escalation_condition_met",,,,,,,,,,,"","","","","","","","",,
"react-baseline-vs-ccrs-v1-t2","002-ccrs","react_ccrs_mazeV1_t2","react_ccrs_mazeV1_t2_20260625_141909.log","50696","react.ccrs.contingency.escalation.considered","","953",,,,,,,,,,,,,,,,,"","","","","","","","",,
"react-baseline-vs-ccrs-v1-t2","002-ccrs","react_ccrs_mazeV1_t2","react_ccrs_mazeV1_t2_20260625_141909.log","50697","react.ccrs.contingency.escalation.skipped","","953",,,,,,"no_escalation_condition_met",,,,,,,,,,,"","","","","","","","",,
"react-baseline-vs-ccrs-v1-t2","002-ccrs","react_ccrs_mazeV1_t2","react_ccrs_mazeV1_t2_20260625_141909.log","50713","react.ccrs.contingency.escalation.considered","","954",,,,,,,,,,,,,,,,,"","","","","","","","",,
"react-baseline-vs-ccrs-v1-t2","002-ccrs","react_ccrs_mazeV1_t2","react_ccrs_mazeV1_t2_20260625_141909.log","50714","react.ccrs.contingency.escalation.skipped","","954",,,,,,"no_escalation_condition_met",,,,,,,,,,,"","","","","","","","",,
"react-baseline-vs-ccrs-v1-t2","002-ccrs","react_ccrs_mazeV1_t2","react_ccrs_mazeV1_t2_20260625_141909.log","50801","react.ccrs.contingency.escalation.considered","","955",,,,,,,,,,,,,,,,,"","","","","","","","",,
"react-baseline-vs-ccrs-v1-t2","002-ccrs","react_ccrs_mazeV1_t2","react_ccrs_mazeV1_t2_20260625_141909.log","50802","react.ccrs.contingency.escalation.skipped","","955",,,,,,"no_escalation_condition_met",,,,,,,,,,,"","","","","","","","",,
"react-baseline-vs-ccrs-v1-t2","002-ccrs","react_ccrs_mazeV1_t2","react_ccrs_mazeV1_t2_20260625_141909.log","50889","react.ccrs.contingency.escalation.considered","","956",,,,,,,,,,,,,,,,,"","","","","","","","",,
"react-baseline-vs-ccrs-v1-t2","002-ccrs","react_ccrs_mazeV1_t2","react_ccrs_mazeV1_t2_20260625_141909.log","50890","react.ccrs.contingency.escalation.skipped","","956",,,,,,"no_escalation_condition_met",,,,,,,,,,,"","","","","","","","",,
"react-baseline-vs-ccrs-v1-t2","002-ccrs","react_ccrs_mazeV1_t2","react_ccrs_mazeV1_t2_20260625_141909.log","50977","react.ccrs.contingency.escalation.considered","","957",,,,,,,,,,,,,,,,,"","","","","","","","",,
"react-baseline-vs-ccrs-v1-t2","002-ccrs","react_ccrs_mazeV1_t2","react_ccrs_mazeV1_t2_20260625_141909.log","50978","react.ccrs.contingency.escalation.skipped","","957",,,,,,"no_escalation_condition_met",,,,,,,,,,,"","","","","","","","",,
"react-baseline-vs-ccrs-v1-t2","002-ccrs","react_ccrs_mazeV1_t2","react_ccrs_mazeV1_t2_20260625_141909.log","51065","react.ccrs.contingency.escalation.considered","","958",,,,,,,,,,,,,,,,,"","","","","","","","",,
"react-baseline-vs-ccrs-v1-t2","002-ccrs","react_ccrs_mazeV1_t2","react_ccrs_mazeV1_t2_20260625_141909.log","51066","react.ccrs.contingency.escalation.skipped","","958",,,,,,"no_escalation_condition_met",,,,,,,,,,,"","","","","","","","",,
"react-baseline-vs-ccrs-v1-t2","002-ccrs","react_ccrs_mazeV1_t2","react_ccrs_mazeV1_t2_20260625_141909.log","51153","react.ccrs.contingency.escalation.considered","","959",,,,,,,,,,,,,,,,,"","","","","","","","",,
"react-baseline-vs-ccrs-v1-t2","002-ccrs","react_ccrs_mazeV1_t2","react_ccrs_mazeV1_t2_20260625_141909.log","51154","react.ccrs.contingency.escalation.skipped","","959",,,,,,"no_escalation_condition_met",,,,,,,,,,,"","","","","","","","",,
"react-baseline-vs-ccrs-v1-t2","002-ccrs","react_ccrs_mazeV1_t2","react_ccrs_mazeV1_t2_20260625_141909.log","51241","react.ccrs.contingency.escalation.considered","","960",,,,,,,,,,,,,,,,,"","","","","","","","",,
"react-baseline-vs-ccrs-v1-t2","002-ccrs","react_ccrs_mazeV1_t2","react_ccrs_mazeV1_t2_20260625_141909.log","51242","react.ccrs.contingency.escalation.skipped","","960",,,,,,"no_escalation_condition_met",,,,,,,,,,,"","","","","","","","",,
"react-baseline-vs-ccrs-v1-t2","002-ccrs","react_ccrs_mazeV1_t2","react_ccrs_mazeV1_t2_20260625_141909.log","51329","react.ccrs.contingency.escalation.considered","","961",,,,,,,,,,,,,,,,,"","","","","","","","",,
"react-baseline-vs-ccrs-v1-t2","002-ccrs","react_ccrs_mazeV1_t2","react_ccrs_mazeV1_t2_20260625_141909.log","51330","react.ccrs.contingency.escalation.skipped","","961",,,,,,"no_escalation_condition_met",,,,,,,,,,,"","","","","","","","",,
"react-baseline-vs-ccrs-v1-t2","002-ccrs","react_ccrs_mazeV1_t2","react_ccrs_mazeV1_t2_20260625_141909.log","51417","react.ccrs.contingency.escalation.considered","","962",,,,,,,,,,,,,,,,,"","","","","","","","",,
"react-baseline-vs-ccrs-v1-t2","002-ccrs","react_ccrs_mazeV1_t2","react_ccrs_mazeV1_t2_20260625_141909.log","51418","react.ccrs.contingency.escalation.skipped","","962",,,,,,"no_escalation_condition_met",,,,,,,,,,,"","","","","","","","",,
"react-baseline-vs-ccrs-v1-t2","002-ccrs","react_ccrs_mazeV1_t2","react_ccrs_mazeV1_t2_20260625_141909.log","51505","react.ccrs.contingency.escalation.considered","","963",,,,,,,,,,,,,,,,,"","","","","","","","",,
"react-baseline-vs-ccrs-v1-t2","002-ccrs","react_ccrs_mazeV1_t2","react_ccrs_mazeV1_t2_20260625_141909.log","51506","react.ccrs.contingency.escalation.skipped","","963",,,,,,"no_escalation_condition_met",,,,,,,,,,,"","","","","","","","",,
"react-baseline-vs-ccrs-v1-t2","002-ccrs","react_ccrs_mazeV1_t2","react_ccrs_mazeV1_t2_20260625_141909.log","51593","react.ccrs.contingency.escalation.considered","","964",,,,,,,,,,,,,,,,,"","","","","","","","",,
"react-baseline-vs-ccrs-v1-t2","002-ccrs","react_ccrs_mazeV1_t2","react_ccrs_mazeV1_t2_20260625_141909.log","51594","react.ccrs.contingency.escalation.skipped","","964",,,,,,"no_escalation_condition_met",,,,,,,,,,,"","","","","","","","",,
"react-baseline-vs-ccrs-v1-t2","002-ccrs","react_ccrs_mazeV1_t2","react_ccrs_mazeV1_t2_20260625_141909.log","51681","react.ccrs.contingency.escalation.considered","","965",,,,,,,,,,,,,,,,,"","","","","","","","",,
"react-baseline-vs-ccrs-v1-t2","002-ccrs","react_ccrs_mazeV1_t2","react_ccrs_mazeV1_t2_20260625_141909.log","51682","react.ccrs.contingency.escalation.skipped","","965",,,,,,"no_escalation_condition_met",,,,,,,,,,,"","","","","","","","",,
"react-baseline-vs-ccrs-v1-t2","002-ccrs","react_ccrs_mazeV1_t2","react_ccrs_mazeV1_t2_20260625_141909.log","51769","react.ccrs.contingency.escalation.considered","","966",,,,,,,,,,,,,,,,,"","","","","","","","",,
"react-baseline-vs-ccrs-v1-t2","002-ccrs","react_ccrs_mazeV1_t2","react_ccrs_mazeV1_t2_20260625_141909.log","51770","react.ccrs.contingency.escalation.skipped","","966",,,,,,"no_escalation_condition_met",,,,,,,,,,,"","","","","","","","",,
"react-baseline-vs-ccrs-v1-t2","002-ccrs","react_ccrs_mazeV1_t2","react_ccrs_mazeV1_t2_20260625_141909.log","51857","react.ccrs.contingency.escalation.considered","","967",,,,,,,,,,,,,,,,,"","","","","","","","",,
"react-baseline-vs-ccrs-v1-t2","002-ccrs","react_ccrs_mazeV1_t2","react_ccrs_mazeV1_t2_20260625_141909.log","51858","react.ccrs.contingency.escalation.skipped","","967",,,,,,"no_escalation_condition_met",,,,,,,,,,,"","","","","","","","",,
"react-baseline-vs-ccrs-v1-t2","002-ccrs","react_ccrs_mazeV1_t2","react_ccrs_mazeV1_t2_20260625_141909.log","51945","react.ccrs.contingency.escalation.considered","","968",,,,,,,,,,,,,,,,,"","","","","","","","",,
"react-baseline-vs-ccrs-v1-t2","002-ccrs","react_ccrs_mazeV1_t2","react_ccrs_mazeV1_t2_20260625_141909.log","51946","react.ccrs.contingency.escalation.skipped","","968",,,,,,"no_escalation_condition_met",,,,,,,,,,,"","","","","","","","",,
"react-baseline-vs-ccrs-v1-t2","002-ccrs","react_ccrs_mazeV1_t2","react_ccrs_mazeV1_t2_20260625_141909.log","52033","react.ccrs.contingency.escalation.considered","","969",,,,,,,,,,,,,,,,,"","","","","","","","",,
"react-baseline-vs-ccrs-v1-t2","002-ccrs","react_ccrs_mazeV1_t2","react_ccrs_mazeV1_t2_20260625_141909.log","52034","react.ccrs.contingency.escalation.skipped","","969",,,,,,"no_escalation_condition_met",,,,,,,,,,,"","","","","","","","",,
"react-baseline-vs-ccrs-v1-t2","002-ccrs","react_ccrs_mazeV1_t2","react_ccrs_mazeV1_t2_20260625_141909.log","52045","react.ccrs.contingency.escalation.considered","","970",,,,,,,,,,,,,,,,,"","","","","","","","",,
"react-baseline-vs-ccrs-v1-t2","002-ccrs","react_ccrs_mazeV1_t2","react_ccrs_mazeV1_t2_20260625_141909.log","52046","react.ccrs.contingency.escalation.skipped","","970",,,,,,"no_escalation_condition_met",,,,,,,,,,,"","","","","","","","",,
"react-baseline-vs-ccrs-v1-t2","002-ccrs","react_ccrs_mazeV1_t2","react_ccrs_mazeV1_t2_20260625_141909.log","52133","react.ccrs.contingency.escalation.considered","","971",,,,,,,,,,,,,,,,,"","","","","","","","",,
"react-baseline-vs-ccrs-v1-t2","002-ccrs","react_ccrs_mazeV1_t2","react_ccrs_mazeV1_t2_20260625_141909.log","52134","react.ccrs.contingency.escalation.skipped","","971",,,,,,"no_escalation_condition_met",,,,,,,,,,,"","","","","","","","",,
"react-baseline-vs-ccrs-v1-t2","002-ccrs","react_ccrs_mazeV1_t2","react_ccrs_mazeV1_t2_20260625_141909.log","52221","react.ccrs.contingency.escalation.considered","","972",,,,,,,,,,,,,,,,,"","","","","","","","",,
"react-baseline-vs-ccrs-v1-t2","002-ccrs","react_ccrs_mazeV1_t2","react_ccrs_mazeV1_t2_20260625_141909.log","52222","react.ccrs.contingency.escalation.skipped","","972",,,,,,"no_escalation_condition_met",,,,,,,,,,,"","","","","","","","",,
"react-baseline-vs-ccrs-v1-t2","002-ccrs","react_ccrs_mazeV1_t2","react_ccrs_mazeV1_t2_20260625_141909.log","52233","react.ccrs.contingency.escalation.considered","","973",,,,,,,,,,,,,,,,,"","","","","","","","",,
"react-baseline-vs-ccrs-v1-t2","002-ccrs","react_ccrs_mazeV1_t2","react_ccrs_mazeV1_t2_20260625_141909.log","52234","react.ccrs.contingency.escalation.skipped","","973",,,,,,"no_escalation_condition_met",,,,,,,,,,,"","","","","","","","",,
"react-baseline-vs-ccrs-v1-t2","002-ccrs","react_ccrs_mazeV1_t2","react_ccrs_mazeV1_t2_20260625_141909.log","52321","react.ccrs.contingency.escalation.considered","","974",,,,,,,,,,,,,,,,,"","","","","","","","",,
"react-baseline-vs-ccrs-v1-t2","002-ccrs","react_ccrs_mazeV1_t2","react_ccrs_mazeV1_t2_20260625_141909.log","52322","react.ccrs.contingency.escalation.skipped","","974",,,,,,"no_escalation_condition_met",,,,,,,,,,,"","","","","","","","",,
"react-baseline-vs-ccrs-v1-t2","002-ccrs","react_ccrs_mazeV1_t2","react_ccrs_mazeV1_t2_20260625_141909.log","52409","react.ccrs.contingency.escalation.considered","","975",,,,,,,,,,,,,,,,,"","","","","","","","",,
"react-baseline-vs-ccrs-v1-t2","002-ccrs","react_ccrs_mazeV1_t2","react_ccrs_mazeV1_t2_20260625_141909.log","52410","react.ccrs.contingency.escalation.skipped","","975",,,,,,"no_escalation_condition_met",,,,,,,,,,,"","","","","","","","",,
"react-baseline-vs-ccrs-v1-t2","002-ccrs","react_ccrs_mazeV1_t2","react_ccrs_mazeV1_t2_20260625_141909.log","52497","react.ccrs.contingency.escalation.considered","","976",,,,,,,,,,,,,,,,,"","","","","","","","",,
"react-baseline-vs-ccrs-v1-t2","002-ccrs","react_ccrs_mazeV1_t2","react_ccrs_mazeV1_t2_20260625_141909.log","52498","react.ccrs.contingency.escalation.skipped","","976",,,,,,"no_escalation_condition_met",,,,,,,,,,,"","","","","","","","",,
"react-baseline-vs-ccrs-v1-t2","002-ccrs","react_ccrs_mazeV1_t2","react_ccrs_mazeV1_t2_20260625_141909.log","52585","react.ccrs.contingency.escalation.considered","","977",,,,,,,,,,,,,,,,,"","","","","","","","",,
"react-baseline-vs-ccrs-v1-t2","002-ccrs","react_ccrs_mazeV1_t2","react_ccrs_mazeV1_t2_20260625_141909.log","52586","react.ccrs.contingency.escalation.skipped","","977",,,,,,"no_escalation_condition_met",,,,,,,,,,,"","","","","","","","",,
"react-baseline-vs-ccrs-v1-t2","002-ccrs","react_ccrs_mazeV1_t2","react_ccrs_mazeV1_t2_20260625_141909.log","52673","react.ccrs.contingency.escalation.considered","","978",,,,,,,,,,,,,,,,,"","","","","","","","",,
"react-baseline-vs-ccrs-v1-t2","002-ccrs","react_ccrs_mazeV1_t2","react_ccrs_mazeV1_t2_20260625_141909.log","52674","react.ccrs.contingency.escalation.skipped","","978",,,,,,"no_escalation_condition_met",,,,,,,,,,,"","","","","","","","",,
"react-baseline-vs-ccrs-v1-t2","002-ccrs","react_ccrs_mazeV1_t2","react_ccrs_mazeV1_t2_20260625_141909.log","52761","react.ccrs.contingency.escalation.considered","","979",,,,,,,,,,,,,,,,,"","","","","","","","",,
"react-baseline-vs-ccrs-v1-t2","002-ccrs","react_ccrs_mazeV1_t2","react_ccrs_mazeV1_t2_20260625_141909.log","52762","react.ccrs.contingency.escalation.skipped","","979",,,,,,"no_escalation_condition_met",,,,,,,,,,,"","","","","","","","",,
"react-baseline-vs-ccrs-v1-t2","002-ccrs","react_ccrs_mazeV1_t2","react_ccrs_mazeV1_t2_20260625_141909.log","52849","react.ccrs.contingency.escalation.considered","","980",,,,,,,,,,,,,,,,,"","","","","","","","",,
"react-baseline-vs-ccrs-v1-t2","002-ccrs","react_ccrs_mazeV1_t2","react_ccrs_mazeV1_t2_20260625_141909.log","52850","react.ccrs.contingency.escalation.skipped","","980",,,,,,"no_escalation_condition_met",,,,,,,,,,,"","","","","","","","",,
"react-baseline-vs-ccrs-v1-t2","002-ccrs","react_ccrs_mazeV1_t2","react_ccrs_mazeV1_t2_20260625_141909.log","52937","react.ccrs.contingency.escalation.considered","","981",,,,,,,,,,,,,,,,,"","","","","","","","",,
"react-baseline-vs-ccrs-v1-t2","002-ccrs","react_ccrs_mazeV1_t2","react_ccrs_mazeV1_t2_20260625_141909.log","52938","react.ccrs.contingency.escalation.skipped","","981",,,,,,"no_escalation_condition_met",,,,,,,,,,,"","","","","","","","",,
"react-baseline-vs-ccrs-v1-t2","002-ccrs","react_ccrs_mazeV1_t2","react_ccrs_mazeV1_t2_20260625_141909.log","53025","react.ccrs.contingency.escalation.considered","","982",,,,,,,,,,,,,,,,,"","","","","","","","",,
"react-baseline-vs-ccrs-v1-t2","002-ccrs","react_ccrs_mazeV1_t2","react_ccrs_mazeV1_t2_20260625_141909.log","53026","react.ccrs.contingency.escalation.skipped","","982",,,,,,"no_escalation_condition_met",,,,,,,,,,,"","","","","","","","",,
"react-baseline-vs-ccrs-v1-t2","002-ccrs","react_ccrs_mazeV1_t2","react_ccrs_mazeV1_t2_20260625_141909.log","53113","react.ccrs.contingency.escalation.considered","","983",,,,,,,,,,,,,,,,,"","","","","","","","",,
"react-baseline-vs-ccrs-v1-t2","002-ccrs","react_ccrs_mazeV1_t2","react_ccrs_mazeV1_t2_20260625_141909.log","53114","react.ccrs.contingency.escalation.skipped","","983",,,,,,"no_escalation_condition_met",,,,,,,,,,,"","","","","","","","",,
"react-baseline-vs-ccrs-v1-t2","002-ccrs","react_ccrs_mazeV1_t2","react_ccrs_mazeV1_t2_20260625_141909.log","53201","react.ccrs.contingency.escalation.considered","","984",,,,,,,,,,,,,,,,,"","","","","","","","",,
"react-baseline-vs-ccrs-v1-t2","002-ccrs","react_ccrs_mazeV1_t2","react_ccrs_mazeV1_t2_20260625_141909.log","53202","react.ccrs.contingency.escalation.skipped","","984",,,,,,"no_escalation_condition_met",,,,,,,,,,,"","","","","","","","",,
"react-baseline-vs-ccrs-v1-t2","002-ccrs","react_ccrs_mazeV1_t2","react_ccrs_mazeV1_t2_20260625_141909.log","53289","react.ccrs.contingency.escalation.considered","","985",,,,,,,,,,,,,,,,,"","","","","","","","",,
"react-baseline-vs-ccrs-v1-t2","002-ccrs","react_ccrs_mazeV1_t2","react_ccrs_mazeV1_t2_20260625_141909.log","53290","react.ccrs.contingency.escalation.skipped","","985",,,,,,"no_escalation_condition_met",,,,,,,,,,,"","","","","","","","",,
"react-baseline-vs-ccrs-v1-t2","002-ccrs","react_ccrs_mazeV1_t2","react_ccrs_mazeV1_t2_20260625_141909.log","53377","react.ccrs.contingency.escalation.considered","","986",,,,,,,,,,,,,,,,,"","","","","","","","",,
"react-baseline-vs-ccrs-v1-t2","002-ccrs","react_ccrs_mazeV1_t2","react_ccrs_mazeV1_t2_20260625_141909.log","53378","react.ccrs.contingency.escalation.skipped","","986",,,,,,"no_escalation_condition_met",,,,,,,,,,,"","","","","","","","",,
"react-baseline-vs-ccrs-v1-t2","002-ccrs","react_ccrs_mazeV1_t2","react_ccrs_mazeV1_t2_20260625_141909.log","53465","react.ccrs.contingency.escalation.considered","","987",,,,,,,,,,,,,,,,,"","","","","","","","",,
"react-baseline-vs-ccrs-v1-t2","002-ccrs","react_ccrs_mazeV1_t2","react_ccrs_mazeV1_t2_20260625_141909.log","53466","react.ccrs.contingency.escalation.skipped","","987",,,,,,"no_escalation_condition_met",,,,,,,,,,,"","","","","","","","",,
"react-baseline-vs-ccrs-v1-t2","002-ccrs","react_ccrs_mazeV1_t2","react_ccrs_mazeV1_t2_20260625_141909.log","53553","react.ccrs.contingency.escalation.considered","","988",,,,,,,,,,,,,,,,,"","","","","","","","",,
"react-baseline-vs-ccrs-v1-t2","002-ccrs","react_ccrs_mazeV1_t2","react_ccrs_mazeV1_t2_20260625_141909.log","53554","react.ccrs.contingency.escalation.skipped","","988",,,,,,"no_escalation_condition_met",,,,,,,,,,,"","","","","","","","",,
"react-baseline-vs-ccrs-v1-t2","002-ccrs","react_ccrs_mazeV1_t2","react_ccrs_mazeV1_t2_20260625_141909.log","53641","react.ccrs.contingency.escalation.considered","","989",,,,,,,,,,,,,,,,,"","","","","","","","",,
"react-baseline-vs-ccrs-v1-t2","002-ccrs","react_ccrs_mazeV1_t2","react_ccrs_mazeV1_t2_20260625_141909.log","53642","react.ccrs.contingency.escalation.skipped","","989",,,,,,"no_escalation_condition_met",,,,,,,,,,,"","","","","","","","",,
"react-baseline-vs-ccrs-v1-t2","002-ccrs","react_ccrs_mazeV1_t2","react_ccrs_mazeV1_t2_20260625_141909.log","53729","react.ccrs.contingency.escalation.considered","","990",,,,,,,,,,,,,,,,,"","","","","","","","",,
"react-baseline-vs-ccrs-v1-t2","002-ccrs","react_ccrs_mazeV1_t2","react_ccrs_mazeV1_t2_20260625_141909.log","53730","react.ccrs.contingency.escalation.skipped","","990",,,,,,"no_escalation_condition_met",,,,,,,,,,,"","","","","","","","",,
"react-baseline-vs-ccrs-v1-t2","002-ccrs","react_ccrs_mazeV1_t2","react_ccrs_mazeV1_t2_20260625_141909.log","53817","react.ccrs.contingency.escalation.considered","","991",,,,,,,,,,,,,,,,,"","","","","","","","",,
"react-baseline-vs-ccrs-v1-t2","002-ccrs","react_ccrs_mazeV1_t2","react_ccrs_mazeV1_t2_20260625_141909.log","53818","react.ccrs.contingency.escalation.skipped","","991",,,,,,"no_escalation_condition_met",,,,,,,,,,,"","","","","","","","",,
"react-baseline-vs-ccrs-v1-t2","002-ccrs","react_ccrs_mazeV1_t2","react_ccrs_mazeV1_t2_20260625_141909.log","53905","react.ccrs.contingency.escalation.considered","","992",,,,,,,,,,,,,,,,,"","","","","","","","",,
"react-baseline-vs-ccrs-v1-t2","002-ccrs","react_ccrs_mazeV1_t2","react_ccrs_mazeV1_t2_20260625_141909.log","53906","react.ccrs.contingency.escalation.skipped","","992",,,,,,"no_escalation_condition_met",,,,,,,,,,,"","","","","","","","",,
"react-baseline-vs-ccrs-v1-t2","002-ccrs","react_ccrs_mazeV1_t2","react_ccrs_mazeV1_t2_20260625_141909.log","53993","react.ccrs.contingency.escalation.considered","","993",,,,,,,,,,,,,,,,,"","","","","","","","",,
"react-baseline-vs-ccrs-v1-t2","002-ccrs","react_ccrs_mazeV1_t2","react_ccrs_mazeV1_t2_20260625_141909.log","53994","react.ccrs.contingency.escalation.skipped","","993",,,,,,"no_escalation_condition_met",,,,,,,,,,,"","","","","","","","",,
"react-baseline-vs-ccrs-v1-t2","002-ccrs","react_ccrs_mazeV1_t2","react_ccrs_mazeV1_t2_20260625_141909.log","54081","react.ccrs.contingency.escalation.considered","","994",,,,,,,,,,,,,,,,,"","","","","","","","",,
"react-baseline-vs-ccrs-v1-t2","002-ccrs","react_ccrs_mazeV1_t2","react_ccrs_mazeV1_t2_20260625_141909.log","54082","react.ccrs.contingency.escalation.skipped","","994",,,,,,"no_escalation_condition_met",,,,,,,,,,,"","","","","","","","",,
"react-baseline-vs-ccrs-v1-t2","002-ccrs","react_ccrs_mazeV1_t2","react_ccrs_mazeV1_t2_20260625_141909.log","54169","react.ccrs.contingency.escalation.considered","","995",,,,,,,,,,,,,,,,,"","","","","","","","",,
"react-baseline-vs-ccrs-v1-t2","002-ccrs","react_ccrs_mazeV1_t2","react_ccrs_mazeV1_t2_20260625_141909.log","54170","react.ccrs.contingency.escalation.skipped","","995",,,,,,"no_escalation_condition_met",,,,,,,,,,,"","","","","","","","",,
"react-baseline-vs-ccrs-v1-t2","002-ccrs","react_ccrs_mazeV1_t2","react_ccrs_mazeV1_t2_20260625_141909.log","54257","react.ccrs.contingency.escalation.considered","","996",,,,,,,,,,,,,,,,,"","","","","","","","",,
"react-baseline-vs-ccrs-v1-t2","002-ccrs","react_ccrs_mazeV1_t2","react_ccrs_mazeV1_t2_20260625_141909.log","54258","react.ccrs.contingency.escalation.skipped","","996",,,,,,"no_escalation_condition_met",,,,,,,,,,,"","","","","","","","",,
"react-baseline-vs-ccrs-v1-t2","002-ccrs","react_ccrs_mazeV1_t2","react_ccrs_mazeV1_t2_20260625_141909.log","54345","react.ccrs.contingency.escalation.considered","","997",,,,,,,,,,,,,,,,,"","","","","","","","",,
"react-baseline-vs-ccrs-v1-t2","002-ccrs","react_ccrs_mazeV1_t2","react_ccrs_mazeV1_t2_20260625_141909.log","54346","react.ccrs.contingency.escalation.skipped","","997",,,,,,"no_escalation_condition_met",,,,,,,,,,,"","","","","","","","",,
"react-baseline-vs-ccrs-v1-t2","002-ccrs","react_ccrs_mazeV1_t2","react_ccrs_mazeV1_t2_20260625_141909.log","54433","react.ccrs.contingency.escalation.considered","","998",,,,,,,,,,,,,,,,,"","","","","","","","",,
"react-baseline-vs-ccrs-v1-t2","002-ccrs","react_ccrs_mazeV1_t2","react_ccrs_mazeV1_t2_20260625_141909.log","54434","react.ccrs.contingency.escalation.skipped","","998",,,,,,"no_escalation_condition_met",,,,,,,,,,,"","","","","","","","",,
"react-baseline-vs-ccrs-v1-t2","002-ccrs","react_ccrs_mazeV1_t2","react_ccrs_mazeV1_t2_20260625_141909.log","54521","react.ccrs.contingency.escalation.considered","","999",,,,,,,,,,,,,,,,,"","","","","","","","",,
"react-baseline-vs-ccrs-v1-t2","002-ccrs","react_ccrs_mazeV1_t2","react_ccrs_mazeV1_t2_20260625_141909.log","54522","react.ccrs.contingency.escalation.skipped","","999",,,,,,"no_escalation_condition_met",,,,,,,,,,,"","","","","","","","",,
"react-baseline-vs-ccrs-v1-t2","002-ccrs","react_ccrs_mazeV1_t2","react_ccrs_mazeV1_t2_20260625_141909.log","54609","react.ccrs.contingency.escalation.considered","","1000",,,,,,,,,,,,,,,,,"","","","","","","","",,
"react-baseline-vs-ccrs-v1-t2","002-ccrs","react_ccrs_mazeV1_t2","react_ccrs_mazeV1_t2_20260625_141909.log","54610","react.ccrs.contingency.escalation.skipped","","1000",,,,,,"no_escalation_condition_met",,,,,,,,,,,"","","","","","","","",,
"react-baseline-vs-ccrs-v1-t2","002-ccrs","react_ccrs_mazeV1_t2","react_ccrs_mazeV1_t2_20260625_141909.log","54626","react.ccrs.contingency.escalation.considered","","1001",,,,,,,,,,,,,,,,,"","","","","","","","",,
"react-baseline-vs-ccrs-v1-t2","002-ccrs","react_ccrs_mazeV1_t2","react_ccrs_mazeV1_t2_20260625_141909.log","54627","react.ccrs.contingency.escalation.skipped","","1001",,,,,,"no_escalation_condition_met",,,,,,,,,,,"","","","","","","","",,
"react-baseline-vs-ccrs-v1-t2","002-ccrs","react_ccrs_mazeV1_t2","react_ccrs_mazeV1_t2_20260625_141909.log","54638","react.ccrs.contingency.escalation.considered","","1002",,,,,,,,,,,,,,,,,"","","","","","","","",,
"react-baseline-vs-ccrs-v1-t2","002-ccrs","react_ccrs_mazeV1_t2","react_ccrs_mazeV1_t2_20260625_141909.log","54639","react.ccrs.contingency.escalation.skipped","","1002",,,,,,"no_escalation_condition_met",,,,,,,,,,,"","","","","","","","",,
"react-baseline-vs-ccrs-v1-t2","002-ccrs","react_ccrs_mazeV1_t2","react_ccrs_mazeV1_t2_20260625_141909.log","54707","react.ccrs.contingency.escalation.considered","","1003",,,,,,,,,,,,,,,,,"","","","","","","","",,
"react-baseline-vs-ccrs-v1-t2","002-ccrs","react_ccrs_mazeV1_t2","react_ccrs_mazeV1_t2_20260625_141909.log","54708","react.ccrs.contingency.escalation.skipped","","1003",,,,,,"no_escalation_condition_met",,,,,,,,,,,"","","","","","","","",,
"react-baseline-vs-ccrs-v1-t2","002-ccrs","react_ccrs_mazeV1_t2","react_ccrs_mazeV1_t2_20260625_141909.log","54724","react.ccrs.contingency.escalation.considered","","1004",,,,,,,,,,,,,,,,,"","","","","","","","",,
"react-baseline-vs-ccrs-v1-t2","002-ccrs","react_ccrs_mazeV1_t2","react_ccrs_mazeV1_t2_20260625_141909.log","54725","react.ccrs.contingency.escalation.skipped","","1004",,,,,,"no_escalation_condition_met",,,,,,,,,,,"","","","","","","","",,
"react-baseline-vs-ccrs-v1-t2","002-ccrs","react_ccrs_mazeV1_t2","react_ccrs_mazeV1_t2_20260625_141909.log","54741","react.ccrs.contingency.escalation.considered","","1005",,,,,,,,,,,,,,,,,"","","","","","","","",,
"react-baseline-vs-ccrs-v1-t2","002-ccrs","react_ccrs_mazeV1_t2","react_ccrs_mazeV1_t2_20260625_141909.log","54742","react.ccrs.contingency.escalation.skipped","","1005",,,,,,"no_escalation_condition_met",,,,,,,,,,,"","","","","","","","",,
"react-baseline-vs-ccrs-v1-t2","002-ccrs","react_ccrs_mazeV1_t2","react_ccrs_mazeV1_t2_20260625_141909.log","54810","react.ccrs.contingency.escalation.considered","","1006",,,,,,,,,,,,,,,,,"","","","","","","","",,
"react-baseline-vs-ccrs-v1-t2","002-ccrs","react_ccrs_mazeV1_t2","react_ccrs_mazeV1_t2_20260625_141909.log","54811","react.ccrs.contingency.escalation.skipped","","1006",,,,,,"no_escalation_condition_met",,,,,,,,,,,"","","","","","","","",,
"react-baseline-vs-ccrs-v1-t2","002-ccrs","react_ccrs_mazeV1_t2","react_ccrs_mazeV1_t2_20260625_141909.log","54879","react.ccrs.contingency.escalation.considered","","1007",,,,,,,,,,,,,,,,,"","","","","","","","",,
"react-baseline-vs-ccrs-v1-t2","002-ccrs","react_ccrs_mazeV1_t2","react_ccrs_mazeV1_t2_20260625_141909.log","54880","react.ccrs.contingency.escalation.skipped","","1007",,,,,,"no_escalation_condition_met",,,,,,,,,,,"","","","","","","","",,
"react-baseline-vs-ccrs-v1-t2","002-ccrs","react_ccrs_mazeV1_t2","react_ccrs_mazeV1_t2_20260625_141909.log","54948","react.ccrs.contingency.escalation.considered","","1008",,,,,,,,,,,,,,,,,"","","","","","","","",,
"react-baseline-vs-ccrs-v1-t2","002-ccrs","react_ccrs_mazeV1_t2","react_ccrs_mazeV1_t2_20260625_141909.log","54949","react.ccrs.contingency.escalation.skipped","","1008",,,,,,"no_escalation_condition_met",,,,,,,,,,,"","","","","","","","",,
"react-baseline-vs-ccrs-v1-t2","002-ccrs","react_ccrs_mazeV1_t2","react_ccrs_mazeV1_t2_20260625_141909.log","54960","react.ccrs.contingency.escalation.considered","","1009",,,,,,,,,,,,,,,,,"","","","","","","","",,
"react-baseline-vs-ccrs-v1-t2","002-ccrs","react_ccrs_mazeV1_t2","react_ccrs_mazeV1_t2_20260625_141909.log","54961","react.ccrs.contingency.escalation.skipped","","1009",,,,,,"no_escalation_condition_met",,,,,,,,,,,"","","","","","","","",,
"react-baseline-vs-ccrs-v1-t2","002-ccrs","react_ccrs_mazeV1_t2","react_ccrs_mazeV1_t2_20260625_141909.log","55029","react.ccrs.contingency.escalation.considered","","1010",,,,,,,,,,,,,,,,,"","","","","","","","",,
"react-baseline-vs-ccrs-v1-t2","002-ccrs","react_ccrs_mazeV1_t2","react_ccrs_mazeV1_t2_20260625_141909.log","55030","react.ccrs.contingency.escalation.skipped","","1010",,,,,,"no_escalation_condition_met",,,,,,,,,,,"","","","","","","","",,
"react-baseline-vs-ccrs-v1-t2","002-ccrs","react_ccrs_mazeV1_t2","react_ccrs_mazeV1_t2_20260625_141909.log","55098","react.ccrs.contingency.escalation.considered","","1011",,,,,,,,,,,,,,,,,"","","","","","","","",,
"react-baseline-vs-ccrs-v1-t2","002-ccrs","react_ccrs_mazeV1_t2","react_ccrs_mazeV1_t2_20260625_141909.log","55099","react.ccrs.contingency.escalation.skipped","","1011",,,,,,"no_escalation_condition_met",,,,,,,,,,,"","","","","","","","",,
"react-baseline-vs-ccrs-v1-t2","002-ccrs","react_ccrs_mazeV1_t2","react_ccrs_mazeV1_t2_20260625_141909.log","55167","react.ccrs.contingency.escalation.considered","","1012",,,,,,,,,,,,,,,,,"","","","","","","","",,
"react-baseline-vs-ccrs-v1-t2","002-ccrs","react_ccrs_mazeV1_t2","react_ccrs_mazeV1_t2_20260625_141909.log","55168","react.ccrs.contingency.escalation.skipped","","1012",,,,,,"no_escalation_condition_met",,,,,,,,,,,"","","","","","","","",,
"react-baseline-vs-ccrs-v1-t2","002-ccrs","react_ccrs_mazeV1_t2","react_ccrs_mazeV1_t2_20260625_141909.log","55236","react.ccrs.contingency.escalation.considered","","1013",,,,,,,,,,,,,,,,,"","","","","","","","",,
"react-baseline-vs-ccrs-v1-t2","002-ccrs","react_ccrs_mazeV1_t2","react_ccrs_mazeV1_t2_20260625_141909.log","55237","react.ccrs.contingency.escalation.skipped","","1013",,,,,,"no_escalation_condition_met",,,,,,,,,,,"","","","","","","","",,
"react-baseline-vs-ccrs-v1-t2","002-ccrs","react_ccrs_mazeV1_t2","react_ccrs_mazeV1_t2_20260625_141909.log","55305","react.ccrs.contingency.escalation.considered","","1014",,,,,,,,,,,,,,,,,"","","","","","","","",,
"react-baseline-vs-ccrs-v1-t2","002-ccrs","react_ccrs_mazeV1_t2","react_ccrs_mazeV1_t2_20260625_141909.log","55306","react.ccrs.contingency.escalation.skipped","","1014",,,,,,"no_escalation_condition_met",,,,,,,,,,,"","","","","","","","",,
"react-baseline-vs-ccrs-v1-t2","002-ccrs","react_ccrs_mazeV1_t2","react_ccrs_mazeV1_t2_20260625_141909.log","55374","react.ccrs.contingency.escalation.considered","","1015",,,,,,,,,,,,,,,,,"","","","","","","","",,
"react-baseline-vs-ccrs-v1-t2","002-ccrs","react_ccrs_mazeV1_t2","react_ccrs_mazeV1_t2_20260625_141909.log","55375","react.ccrs.contingency.escalation.skipped","","1015",,,,,,"no_escalation_condition_met",,,,,,,,,,,"","","","","","","","",,
"react-baseline-vs-ccrs-v1-t2","002-ccrs","react_ccrs_mazeV1_t2","react_ccrs_mazeV1_t2_20260625_141909.log","55443","react.ccrs.contingency.escalation.considered","","1016",,,,,,,,,,,,,,,,,"","","","","","","","",,
"react-baseline-vs-ccrs-v1-t2","002-ccrs","react_ccrs_mazeV1_t2","react_ccrs_mazeV1_t2_20260625_141909.log","55444","react.ccrs.contingency.escalation.skipped","","1016",,,,,,"no_escalation_condition_met",,,,,,,,,,,"","","","","","","","",,
"react-baseline-vs-ccrs-v1-t2","002-ccrs","react_ccrs_mazeV1_t2","react_ccrs_mazeV1_t2_20260625_141909.log","55512","react.ccrs.contingency.escalation.considered","","1017",,,,,,,,,,,,,,,,,"","","","","","","","",,
"react-baseline-vs-ccrs-v1-t2","002-ccrs","react_ccrs_mazeV1_t2","react_ccrs_mazeV1_t2_20260625_141909.log","55513","react.ccrs.contingency.escalation.skipped","","1017",,,,,,"no_escalation_condition_met",,,,,,,,,,,"","","","","","","","",,
"react-baseline-vs-ccrs-v1-t2","002-ccrs","react_ccrs_mazeV1_t2","react_ccrs_mazeV1_t2_20260625_141909.log","55581","react.ccrs.contingency.escalation.considered","","1018",,,,,,,,,,,,,,,,,"","","","","","","","",,
"react-baseline-vs-ccrs-v1-t2","002-ccrs","react_ccrs_mazeV1_t2","react_ccrs_mazeV1_t2_20260625_141909.log","55582","react.ccrs.contingency.escalation.skipped","","1018",,,,,,"no_escalation_condition_met",,,,,,,,,,,"","","","","","","","",,
"react-baseline-vs-ccrs-v1-t2","002-ccrs","react_ccrs_mazeV1_t2","react_ccrs_mazeV1_t2_20260625_141909.log","55650","react.ccrs.contingency.escalation.considered","","1019",,,,,,,,,,,,,,,,,"","","","","","","","",,
"react-baseline-vs-ccrs-v1-t2","002-ccrs","react_ccrs_mazeV1_t2","react_ccrs_mazeV1_t2_20260625_141909.log","55651","react.ccrs.contingency.escalation.skipped","","1019",,,,,,"no_escalation_condition_met",,,,,,,,,,,"","","","","","","","",,
"react-baseline-vs-ccrs-v1-t2","002-ccrs","react_ccrs_mazeV1_t2","react_ccrs_mazeV1_t2_20260625_141909.log","55719","react.ccrs.contingency.escalation.considered","","1020",,,,,,,,,,,,,,,,,"","","","","","","","",,
"react-baseline-vs-ccrs-v1-t2","002-ccrs","react_ccrs_mazeV1_t2","react_ccrs_mazeV1_t2_20260625_141909.log","55720","react.ccrs.contingency.escalation.skipped","","1020",,,,,,"no_escalation_condition_met",,,,,,,,,,,"","","","","","","","",,
"react-baseline-vs-ccrs-v1-t2","002-ccrs","react_ccrs_mazeV1_t2","react_ccrs_mazeV1_t2_20260625_141909.log","55788","react.ccrs.contingency.escalation.considered","","1021",,,,,,,,,,,,,,,,,"","","","","","","","",,
"react-baseline-vs-ccrs-v1-t2","002-ccrs","react_ccrs_mazeV1_t2","react_ccrs_mazeV1_t2_20260625_141909.log","55789","react.ccrs.contingency.escalation.skipped","","1021",,,,,,"no_escalation_condition_met",,,,,,,,,,,"","","","","","","","",,
"react-baseline-vs-ccrs-v1-t2","002-ccrs","react_ccrs_mazeV1_t2","react_ccrs_mazeV1_t2_20260625_141909.log","55857","react.ccrs.contingency.escalation.considered","","1022",,,,,,,,,,,,,,,,,"","","","","","","","",,
"react-baseline-vs-ccrs-v1-t2","002-ccrs","react_ccrs_mazeV1_t2","react_ccrs_mazeV1_t2_20260625_141909.log","55858","react.ccrs.contingency.escalation.skipped","","1022",,,,,,"no_escalation_condition_met",,,,,,,,,,,"","","","","","","","",,
"react-baseline-vs-ccrs-v1-t2","002-ccrs","react_ccrs_mazeV1_t2","react_ccrs_mazeV1_t2_20260625_141909.log","55926","react.ccrs.contingency.escalation.considered","","1023",,,,,,,,,,,,,,,,,"","","","","","","","",,
"react-baseline-vs-ccrs-v1-t2","002-ccrs","react_ccrs_mazeV1_t2","react_ccrs_mazeV1_t2_20260625_141909.log","55927","react.ccrs.contingency.escalation.skipped","","1023",,,,,,"no_escalation_condition_met",,,,,,,,,,,"","","","","","","","",,
"react-baseline-vs-ccrs-v1-t2","002-ccrs","react_ccrs_mazeV1_t2","react_ccrs_mazeV1_t2_20260625_141909.log","55995","react.ccrs.contingency.escalation.considered","","1024",,,,,,,,,,,,,,,,,"","","","","","","","",,
"react-baseline-vs-ccrs-v1-t2","002-ccrs","react_ccrs_mazeV1_t2","react_ccrs_mazeV1_t2_20260625_141909.log","55996","react.ccrs.contingency.escalation.skipped","","1024",,,,,,"no_escalation_condition_met",,,,,,,,,,,"","","","","","","","",,
"react-baseline-vs-ccrs-v1-t2","002-ccrs","react_ccrs_mazeV1_t2","react_ccrs_mazeV1_t2_20260625_141909.log","56064","react.ccrs.contingency.escalation.considered","","1025",,,,,,,,,,,,,,,,,"","","","","","","","",,
"react-baseline-vs-ccrs-v1-t2","002-ccrs","react_ccrs_mazeV1_t2","react_ccrs_mazeV1_t2_20260625_141909.log","56065","react.ccrs.contingency.escalation.skipped","","1025",,,,,,"no_escalation_condition_met",,,,,,,,,,,"","","","","","","","",,
"react-baseline-vs-ccrs-v1-t2","002-ccrs","react_ccrs_mazeV1_t2","react_ccrs_mazeV1_t2_20260625_141909.log","56133","react.ccrs.contingency.escalation.considered","","1026",,,,,,,,,,,,,,,,,"","","","","","","","",,
"react-baseline-vs-ccrs-v1-t2","002-ccrs","react_ccrs_mazeV1_t2","react_ccrs_mazeV1_t2_20260625_141909.log","56134","react.ccrs.contingency.escalation.skipped","","1026",,,,,,"no_escalation_condition_met",,,,,,,,,,,"","","","","","","","",,
"react-baseline-vs-ccrs-v1-t2","002-ccrs","react_ccrs_mazeV1_t2","react_ccrs_mazeV1_t2_20260625_141909.log","56202","react.ccrs.contingency.escalation.considered","","1027",,,,,,,,,,,,,,,,,"","","","","","","","",,
"react-baseline-vs-ccrs-v1-t2","002-ccrs","react_ccrs_mazeV1_t2","react_ccrs_mazeV1_t2_20260625_141909.log","56203","react.ccrs.contingency.escalation.skipped","","1027",,,,,,"no_escalation_condition_met",,,,,,,,,,,"","","","","","","","",,
"react-baseline-vs-ccrs-v1-t2","002-ccrs","react_ccrs_mazeV1_t2","react_ccrs_mazeV1_t2_20260625_141909.log","56271","react.ccrs.contingency.escalation.considered","","1028",,,,,,,,,,,,,,,,,"","","","","","","","",,
"react-baseline-vs-ccrs-v1-t2","002-ccrs","react_ccrs_mazeV1_t2","react_ccrs_mazeV1_t2_20260625_141909.log","56272","react.ccrs.contingency.escalation.skipped","","1028",,,,,,"no_escalation_condition_met",,,,,,,,,,,"","","","","","","","",,
"react-baseline-vs-ccrs-v1-t2","002-ccrs","react_ccrs_mazeV1_t2","react_ccrs_mazeV1_t2_20260625_141909.log","56340","react.ccrs.contingency.escalation.considered","","1029",,,,,,,,,,,,,,,,,"","","","","","","","",,
"react-baseline-vs-ccrs-v1-t2","002-ccrs","react_ccrs_mazeV1_t2","react_ccrs_mazeV1_t2_20260625_141909.log","56341","react.ccrs.contingency.escalation.skipped","","1029",,,,,,"no_escalation_condition_met",,,,,,,,,,,"","","","","","","","",,
"react-baseline-vs-ccrs-v1-t2","002-ccrs","react_ccrs_mazeV1_t2","react_ccrs_mazeV1_t2_20260625_141909.log","56409","react.ccrs.contingency.escalation.considered","","1030",,,,,,,,,,,,,,,,,"","","","","","","","",,
"react-baseline-vs-ccrs-v1-t2","002-ccrs","react_ccrs_mazeV1_t2","react_ccrs_mazeV1_t2_20260625_141909.log","56410","react.ccrs.contingency.escalation.skipped","","1030",,,,,,"no_escalation_condition_met",,,,,,,,,,,"","","","","","","","",,
"react-baseline-vs-ccrs-v1-t2","002-ccrs","react_ccrs_mazeV1_t2","react_ccrs_mazeV1_t2_20260625_141909.log","56478","react.ccrs.contingency.escalation.considered","","1031",,,,,,,,,,,,,,,,,"","","","","","","","",,
"react-baseline-vs-ccrs-v1-t2","002-ccrs","react_ccrs_mazeV1_t2","react_ccrs_mazeV1_t2_20260625_141909.log","56479","react.ccrs.contingency.escalation.skipped","","1031",,,,,,"no_escalation_condition_met",,,,,,,,,,,"","","","","","","","",,
"react-baseline-vs-ccrs-v1-t2","002-ccrs","react_ccrs_mazeV1_t2","react_ccrs_mazeV1_t2_20260625_141909.log","56547","react.ccrs.contingency.escalation.considered","","1032",,,,,,,,,,,,,,,,,"","","","","","","","",,
"react-baseline-vs-ccrs-v1-t2","002-ccrs","react_ccrs_mazeV1_t2","react_ccrs_mazeV1_t2_20260625_141909.log","56548","react.ccrs.contingency.escalation.skipped","","1032",,,,,,"no_escalation_condition_met",,,,,,,,,,,"","","","","","","","",,
"react-baseline-vs-ccrs-v1-t2","002-ccrs","react_ccrs_mazeV1_t2","react_ccrs_mazeV1_t2_20260625_141909.log","56564","react.ccrs.contingency.escalation.considered","","1033",,,,,,,,,,,,,,,,,"","","","","","","","",,
"react-baseline-vs-ccrs-v1-t2","002-ccrs","react_ccrs_mazeV1_t2","react_ccrs_mazeV1_t2_20260625_141909.log","56565","react.ccrs.contingency.escalation.skipped","","1033",,,,,,"no_escalation_condition_met",,,,,,,,,,,"","","","","","","","",,
"react-baseline-vs-ccrs-v1-t2","002-ccrs","react_ccrs_mazeV1_t2","react_ccrs_mazeV1_t2_20260625_141909.log","56633","react.ccrs.contingency.escalation.considered","","1034",,,,,,,,,,,,,,,,,"","","","","","","","",,
"react-baseline-vs-ccrs-v1-t2","002-ccrs","react_ccrs_mazeV1_t2","react_ccrs_mazeV1_t2_20260625_141909.log","56634","react.ccrs.contingency.escalation.skipped","","1034",,,,,,"no_escalation_condition_met",,,,,,,,,,,"","","","","","","","",,
"react-baseline-vs-ccrs-v1-t2","002-ccrs","react_ccrs_mazeV1_t2","react_ccrs_mazeV1_t2_20260625_141909.log","56702","react.ccrs.contingency.escalation.considered","","1035",,,,,,,,,,,,,,,,,"","","","","","","","",,
"react-baseline-vs-ccrs-v1-t2","002-ccrs","react_ccrs_mazeV1_t2","react_ccrs_mazeV1_t2_20260625_141909.log","56703","react.ccrs.contingency.escalation.skipped","","1035",,,,,,"no_escalation_condition_met",,,,,,,,,,,"","","","","","","","",,
"react-baseline-vs-ccrs-v1-t2","002-ccrs","react_ccrs_mazeV1_t2","react_ccrs_mazeV1_t2_20260625_141909.log","56714","react.ccrs.contingency.escalation.considered","","1036",,,,,,,,,,,,,,,,,"","","","","","","","",,
"react-baseline-vs-ccrs-v1-t2","002-ccrs","react_ccrs_mazeV1_t2","react_ccrs_mazeV1_t2_20260625_141909.log","56715","react.ccrs.contingency.escalation.skipped","","1036",,,,,,"no_escalation_condition_met",,,,,,,,,,,"","","","","","","","",,
"react-baseline-vs-ccrs-v1-t2","002-ccrs","react_ccrs_mazeV1_t2","react_ccrs_mazeV1_t2_20260625_141909.log","56802","react.ccrs.contingency.escalation.considered","","1037",,,,,,,,,,,,,,,,,"","","","","","","","",,
"react-baseline-vs-ccrs-v1-t2","002-ccrs","react_ccrs_mazeV1_t2","react_ccrs_mazeV1_t2_20260625_141909.log","56803","react.ccrs.contingency.escalation.skipped","","1037",,,,,,"no_escalation_condition_met",,,,,,,,,,,"","","","","","","","",,
"react-baseline-vs-ccrs-v1-t2","002-ccrs","react_ccrs_mazeV1_t2","react_ccrs_mazeV1_t2_20260625_141909.log","56814","react.ccrs.contingency.escalation.considered","","1038",,,,,,,,,,,,,,,,,"","","","","","","","",,
"react-baseline-vs-ccrs-v1-t2","002-ccrs","react_ccrs_mazeV1_t2","react_ccrs_mazeV1_t2_20260625_141909.log","56815","react.ccrs.contingency.escalation.skipped","","1038",,,,,,"no_escalation_condition_met",,,,,,,,,,,"","","","","","","","",,
"react-baseline-vs-ccrs-v1-t2","002-ccrs","react_ccrs_mazeV1_t2","react_ccrs_mazeV1_t2_20260625_141909.log","56921","react.ccrs.contingency.escalation.considered","","1039",,,,,,,,,,,,,,,,,"","","","","","","","",,
"react-baseline-vs-ccrs-v1-t2","002-ccrs","react_ccrs_mazeV1_t2","react_ccrs_mazeV1_t2_20260625_141909.log","56922","react.ccrs.contingency.escalation.skipped","","1039",,,,,,"no_escalation_condition_met",,,,,,,,,,,"","","","","","","","",,
"react-baseline-vs-ccrs-v1-t2","002-ccrs","react_ccrs_mazeV1_t2","react_ccrs_mazeV1_t2_20260625_141909.log","56933","react.ccrs.contingency.escalation.considered","","1040",,,,,,,,,,,,,,,,,"","","","","","","","",,
"react-baseline-vs-ccrs-v1-t2","002-ccrs","react_ccrs_mazeV1_t2","react_ccrs_mazeV1_t2_20260625_141909.log","56934","react.ccrs.contingency.escalation.skipped","","1040",,,,,,"no_escalation_condition_met",,,,,,,,,,,"","","","","","","","",,
"react-baseline-vs-ccrs-v1-t2","002-ccrs","react_ccrs_mazeV1_t2","react_ccrs_mazeV1_t2_20260625_141909.log","57002","react.ccrs.contingency.escalation.considered","","1041",,,,,,,,,,,,,,,,,"","","","","","","","",,
"react-baseline-vs-ccrs-v1-t2","002-ccrs","react_ccrs_mazeV1_t2","react_ccrs_mazeV1_t2_20260625_141909.log","57003","react.ccrs.contingency.escalation.skipped","","1041",,,,,,"no_escalation_condition_met",,,,,,,,,,,"","","","","","","","",,
"react-baseline-vs-ccrs-v1-t2","002-ccrs","react_ccrs_mazeV1_t2","react_ccrs_mazeV1_t2_20260625_141909.log","57071","react.ccrs.contingency.escalation.considered","","1042",,,,,,,,,,,,,,,,,"","","","","","","","",,
"react-baseline-vs-ccrs-v1-t2","002-ccrs","react_ccrs_mazeV1_t2","react_ccrs_mazeV1_t2_20260625_141909.log","57072","react.ccrs.contingency.escalation.skipped","","1042",,,,,,"no_escalation_condition_met",,,,,,,,,,,"","","","","","","","",,
"react-baseline-vs-ccrs-v1-t2","002-ccrs","react_ccrs_mazeV1_t2","react_ccrs_mazeV1_t2_20260625_141909.log","57088","react.ccrs.contingency.escalation.considered","","1043",,,,,,,,,,,,,,,,,"","","","","","","","",,
"react-baseline-vs-ccrs-v1-t2","002-ccrs","react_ccrs_mazeV1_t2","react_ccrs_mazeV1_t2_20260625_141909.log","57089","react.ccrs.contingency.escalation.skipped","","1043",,,,,,"no_escalation_condition_met",,,,,,,,,,,"","","","","","","","",,
"react-baseline-vs-ccrs-v1-t2","002-ccrs","react_ccrs_mazeV1_t2","react_ccrs_mazeV1_t2_20260625_141909.log","57157","react.ccrs.contingency.escalation.considered","","1044",,,,,,,,,,,,,,,,,"","","","","","","","",,
"react-baseline-vs-ccrs-v1-t2","002-ccrs","react_ccrs_mazeV1_t2","react_ccrs_mazeV1_t2_20260625_141909.log","57158","react.ccrs.contingency.escalation.skipped","","1044",,,,,,"no_escalation_condition_met",,,,,,,,,,,"","","","","","","","",,
"react-baseline-vs-ccrs-v1-t2","002-ccrs","react_ccrs_mazeV1_t2","react_ccrs_mazeV1_t2_20260625_141909.log","57226","react.ccrs.contingency.escalation.considered","","1045",,,,,,,,,,,,,,,,,"","","","","","","","",,
"react-baseline-vs-ccrs-v1-t2","002-ccrs","react_ccrs_mazeV1_t2","react_ccrs_mazeV1_t2_20260625_141909.log","57227","react.ccrs.contingency.escalation.skipped","","1045",,,,,,"no_escalation_condition_met",,,,,,,,,,,"","","","","","","","",,
"react-baseline-vs-ccrs-v1-t2","002-ccrs","react_ccrs_mazeV1_t2","react_ccrs_mazeV1_t2_20260625_141909.log","57295","react.ccrs.contingency.escalation.considered","","1046",,,,,,,,,,,,,,,,,"","","","","","","","",,
"react-baseline-vs-ccrs-v1-t2","002-ccrs","react_ccrs_mazeV1_t2","react_ccrs_mazeV1_t2_20260625_141909.log","57296","react.ccrs.contingency.escalation.skipped","","1046",,,,,,"no_escalation_condition_met",,,,,,,,,,,"","","","","","","","",,
"react-baseline-vs-ccrs-v1-t2","002-ccrs","react_ccrs_mazeV1_t2","react_ccrs_mazeV1_t2_20260625_141909.log","57364","react.ccrs.contingency.escalation.considered","","1047",,,,,,,,,,,,,,,,,"","","","","","","","",,
"react-baseline-vs-ccrs-v1-t2","002-ccrs","react_ccrs_mazeV1_t2","react_ccrs_mazeV1_t2_20260625_141909.log","57365","react.ccrs.contingency.escalation.skipped","","1047",,,,,,"no_escalation_condition_met",,,,,,,,,,,"","","","","","","","",,
"react-baseline-vs-ccrs-v1-t2","002-ccrs","react_ccrs_mazeV1_t2","react_ccrs_mazeV1_t2_20260625_141909.log","57433","react.ccrs.contingency.escalation.considered","","1048",,,,,,,,,,,,,,,,,"","","","","","","","",,
"react-baseline-vs-ccrs-v1-t2","002-ccrs","react_ccrs_mazeV1_t2","react_ccrs_mazeV1_t2_20260625_141909.log","57434","react.ccrs.contingency.escalation.skipped","","1048",,,,,,"no_escalation_condition_met",,,,,,,,,,,"","","","","","","","",,
"react-baseline-vs-ccrs-v1-t2","002-ccrs","react_ccrs_mazeV1_t2","react_ccrs_mazeV1_t2_20260625_141909.log","57502","react.ccrs.contingency.escalation.considered","","1049",,,,,,,,,,,,,,,,,"","","","","","","","",,
"react-baseline-vs-ccrs-v1-t2","002-ccrs","react_ccrs_mazeV1_t2","react_ccrs_mazeV1_t2_20260625_141909.log","57503","react.ccrs.contingency.escalation.skipped","","1049",,,,,,"no_escalation_condition_met",,,,,,,,,,,"","","","","","","","",,
"react-baseline-vs-ccrs-v1-t2","002-ccrs","react_ccrs_mazeV1_t2","react_ccrs_mazeV1_t2_20260625_141909.log","57571","react.ccrs.contingency.escalation.considered","","1050",,,,,,,,,,,,,,,,,"","","","","","","","",,
"react-baseline-vs-ccrs-v1-t2","002-ccrs","react_ccrs_mazeV1_t2","react_ccrs_mazeV1_t2_20260625_141909.log","57572","react.ccrs.contingency.escalation.skipped","","1050",,,,,,"no_escalation_condition_met",,,,,,,,,,,"","","","","","","","",,
"react-baseline-vs-ccrs-v1-t2","002-ccrs","react_ccrs_mazeV1_t2","react_ccrs_mazeV1_t2_20260625_141909.log","57640","react.ccrs.contingency.escalation.considered","","1051",,,,,,,,,,,,,,,,,"","","","","","","","",,
"react-baseline-vs-ccrs-v1-t2","002-ccrs","react_ccrs_mazeV1_t2","react_ccrs_mazeV1_t2_20260625_141909.log","57641","react.ccrs.contingency.escalation.skipped","","1051",,,,,,"no_escalation_condition_met",,,,,,,,,,,"","","","","","","","",,
"react-baseline-vs-ccrs-v1-t2","002-ccrs","react_ccrs_mazeV1_t2","react_ccrs_mazeV1_t2_20260625_141909.log","57709","react.ccrs.contingency.escalation.considered","","1052",,,,,,,,,,,,,,,,,"","","","","","","","",,
"react-baseline-vs-ccrs-v1-t2","002-ccrs","react_ccrs_mazeV1_t2","react_ccrs_mazeV1_t2_20260625_141909.log","57710","react.ccrs.contingency.escalation.skipped","","1052",,,,,,"no_escalation_condition_met",,,,,,,,,,,"","","","","","","","",,
"react-baseline-vs-ccrs-v1-t2","002-ccrs","react_ccrs_mazeV1_t2","react_ccrs_mazeV1_t2_20260625_141909.log","57726","react.ccrs.contingency.escalation.considered","","1053",,,,,,,,,,,,,,,,,"","","","","","","","",,
"react-baseline-vs-ccrs-v1-t2","002-ccrs","react_ccrs_mazeV1_t2","react_ccrs_mazeV1_t2_20260625_141909.log","57727","react.ccrs.contingency.escalation.skipped","","1053",,,,,,"no_escalation_condition_met",,,,,,,,,,,"","","","","","","","",,
"react-baseline-vs-ccrs-v1-t2","002-ccrs","react_ccrs_mazeV1_t2","react_ccrs_mazeV1_t2_20260625_141909.log","57795","react.ccrs.contingency.escalation.considered","","1054",,,,,,,,,,,,,,,,,"","","","","","","","",,
"react-baseline-vs-ccrs-v1-t2","002-ccrs","react_ccrs_mazeV1_t2","react_ccrs_mazeV1_t2_20260625_141909.log","57796","react.ccrs.contingency.escalation.skipped","","1054",,,,,,"no_escalation_condition_met",,,,,,,,,,,"","","","","","","","",,
"react-baseline-vs-ccrs-v1-t2","002-ccrs","react_ccrs_mazeV1_t2","react_ccrs_mazeV1_t2_20260625_141909.log","57864","react.ccrs.contingency.escalation.considered","","1055",,,,,,,,,,,,,,,,,"","","","","","","","",,
"react-baseline-vs-ccrs-v1-t2","002-ccrs","react_ccrs_mazeV1_t2","react_ccrs_mazeV1_t2_20260625_141909.log","57865","react.ccrs.contingency.escalation.skipped","","1055",,,,,,"no_escalation_condition_met",,,,,,,,,,,"","","","","","","","",,
"react-baseline-vs-ccrs-v1-t2","002-ccrs","react_ccrs_mazeV1_t2","react_ccrs_mazeV1_t2_20260625_141909.log","57933","react.ccrs.contingency.escalation.considered","","1056",,,,,,,,,,,,,,,,,"","","","","","","","",,
"react-baseline-vs-ccrs-v1-t2","002-ccrs","react_ccrs_mazeV1_t2","react_ccrs_mazeV1_t2_20260625_141909.log","57934","react.ccrs.contingency.escalation.skipped","","1056",,,,,,"no_escalation_condition_met",,,,,,,,,,,"","","","","","","","",,
"react-baseline-vs-ccrs-v1-t2","002-ccrs","react_ccrs_mazeV1_t2","react_ccrs_mazeV1_t2_20260625_141909.log","58002","react.ccrs.contingency.escalation.considered","","1057",,,,,,,,,,,,,,,,,"","","","","","","","",,
"react-baseline-vs-ccrs-v1-t2","002-ccrs","react_ccrs_mazeV1_t2","react_ccrs_mazeV1_t2_20260625_141909.log","58003","react.ccrs.contingency.escalation.skipped","","1057",,,,,,"no_escalation_condition_met",,,,,,,,,,,"","","","","","","","",,
"react-baseline-vs-ccrs-v1-t2","002-ccrs","react_ccrs_mazeV1_t2","react_ccrs_mazeV1_t2_20260625_141909.log","58071","react.ccrs.contingency.escalation.considered","","1058",,,,,,,,,,,,,,,,,"","","","","","","","",,
"react-baseline-vs-ccrs-v1-t2","002-ccrs","react_ccrs_mazeV1_t2","react_ccrs_mazeV1_t2_20260625_141909.log","58072","react.ccrs.contingency.escalation.skipped","","1058",,,,,,"no_escalation_condition_met",,,,,,,,,,,"","","","","","","","",,
"react-baseline-vs-ccrs-v1-t2","002-ccrs","react_ccrs_mazeV1_t2","react_ccrs_mazeV1_t2_20260625_141909.log","58140","react.ccrs.contingency.escalation.considered","","1059",,,,,,,,,,,,,,,,,"","","","","","","","",,
"react-baseline-vs-ccrs-v1-t2","002-ccrs","react_ccrs_mazeV1_t2","react_ccrs_mazeV1_t2_20260625_141909.log","58141","react.ccrs.contingency.escalation.skipped","","1059",,,,,,"no_escalation_condition_met",,,,,,,,,,,"","","","","","","","",,
"react-baseline-vs-ccrs-v1-t2","002-ccrs","react_ccrs_mazeV1_t2","react_ccrs_mazeV1_t2_20260625_141909.log","58209","react.ccrs.contingency.escalation.considered","","1060",,,,,,,,,,,,,,,,,"","","","","","","","",,
"react-baseline-vs-ccrs-v1-t2","002-ccrs","react_ccrs_mazeV1_t2","react_ccrs_mazeV1_t2_20260625_141909.log","58210","react.ccrs.contingency.escalation.skipped","","1060",,,,,,"no_escalation_condition_met",,,,,,,,,,,"","","","","","","","",,
"react-baseline-vs-ccrs-v1-t2","002-ccrs","react_ccrs_mazeV1_t2","react_ccrs_mazeV1_t2_20260625_141909.log","58278","react.ccrs.contingency.escalation.considered","","1061",,,,,,,,,,,,,,,,,"","","","","","","","",,
"react-baseline-vs-ccrs-v1-t2","002-ccrs","react_ccrs_mazeV1_t2","react_ccrs_mazeV1_t2_20260625_141909.log","58279","react.ccrs.contingency.escalation.skipped","","1061",,,,,,"no_escalation_condition_met",,,,,,,,,,,"","","","","","","","",,
"react-baseline-vs-ccrs-v1-t2","002-ccrs","react_ccrs_mazeV1_t2","react_ccrs_mazeV1_t2_20260625_141909.log","58347","react.ccrs.contingency.escalation.considered","","1062",,,,,,,,,,,,,,,,,"","","","","","","","",,
"react-baseline-vs-ccrs-v1-t2","002-ccrs","react_ccrs_mazeV1_t2","react_ccrs_mazeV1_t2_20260625_141909.log","58348","react.ccrs.contingency.escalation.skipped","","1062",,,,,,"no_escalation_condition_met",,,,,,,,,,,"","","","","","","","",,
"react-baseline-vs-ccrs-v1-t2","002-ccrs","react_ccrs_mazeV1_t2","react_ccrs_mazeV1_t2_20260625_141909.log","58416","react.ccrs.contingency.escalation.considered","","1063",,,,,,,,,,,,,,,,,"","","","","","","","",,
"react-baseline-vs-ccrs-v1-t2","002-ccrs","react_ccrs_mazeV1_t2","react_ccrs_mazeV1_t2_20260625_141909.log","58417","react.ccrs.contingency.escalation.skipped","","1063",,,,,,"no_escalation_condition_met",,,,,,,,,,,"","","","","","","","",,
"react-baseline-vs-ccrs-v1-t2","002-ccrs","react_ccrs_mazeV1_t2","react_ccrs_mazeV1_t2_20260625_141909.log","58485","react.ccrs.contingency.escalation.considered","","1064",,,,,,,,,,,,,,,,,"","","","","","","","",,
"react-baseline-vs-ccrs-v1-t2","002-ccrs","react_ccrs_mazeV1_t2","react_ccrs_mazeV1_t2_20260625_141909.log","58486","react.ccrs.contingency.escalation.skipped","","1064",,,,,,"no_escalation_condition_met",,,,,,,,,,,"","","","","","","","",,
"react-baseline-vs-ccrs-v1-t2","002-ccrs","react_ccrs_mazeV1_t2","react_ccrs_mazeV1_t2_20260625_141909.log","58554","react.ccrs.contingency.escalation.considered","","1065",,,,,,,,,,,,,,,,,"","","","","","","","",,
"react-baseline-vs-ccrs-v1-t2","002-ccrs","react_ccrs_mazeV1_t2","react_ccrs_mazeV1_t2_20260625_141909.log","58555","react.ccrs.contingency.escalation.skipped","","1065",,,,,,"no_escalation_condition_met",,,,,,,,,,,"","","","","","","","",,
"react-baseline-vs-ccrs-v1-t2","002-ccrs","react_ccrs_mazeV1_t2","react_ccrs_mazeV1_t2_20260625_141909.log","58623","react.ccrs.contingency.escalation.considered","","1066",,,,,,,,,,,,,,,,,"","","","","","","","",,
"react-baseline-vs-ccrs-v1-t2","002-ccrs","react_ccrs_mazeV1_t2","react_ccrs_mazeV1_t2_20260625_141909.log","58624","react.ccrs.contingency.escalation.skipped","","1066",,,,,,"no_escalation_condition_met",,,,,,,,,,,"","","","","","","","",,
"react-baseline-vs-ccrs-v1-t2","002-ccrs","react_ccrs_mazeV1_t2","react_ccrs_mazeV1_t2_20260625_141909.log","58692","react.ccrs.contingency.escalation.considered","","1067",,,,,,,,,,,,,,,,,"","","","","","","","",,
"react-baseline-vs-ccrs-v1-t2","002-ccrs","react_ccrs_mazeV1_t2","react_ccrs_mazeV1_t2_20260625_141909.log","58693","react.ccrs.contingency.escalation.skipped","","1067",,,,,,"no_escalation_condition_met",,,,,,,,,,,"","","","","","","","",,
"react-baseline-vs-ccrs-v1-t2","002-ccrs","react_ccrs_mazeV1_t2","react_ccrs_mazeV1_t2_20260625_141909.log","58761","react.ccrs.contingency.escalation.considered","","1068",,,,,,,,,,,,,,,,,"","","","","","","","",,
"react-baseline-vs-ccrs-v1-t2","002-ccrs","react_ccrs_mazeV1_t2","react_ccrs_mazeV1_t2_20260625_141909.log","58762","react.ccrs.contingency.escalation.skipped","","1068",,,,,,"no_escalation_condition_met",,,,,,,,,,,"","","","","","","","",,
"react-baseline-vs-ccrs-v1-t2","002-ccrs","react_ccrs_mazeV1_t2","react_ccrs_mazeV1_t2_20260625_141909.log","58830","react.ccrs.contingency.escalation.considered","","1069",,,,,,,,,,,,,,,,,"","","","","","","","",,
"react-baseline-vs-ccrs-v1-t2","002-ccrs","react_ccrs_mazeV1_t2","react_ccrs_mazeV1_t2_20260625_141909.log","58831","react.ccrs.contingency.escalation.skipped","","1069",,,,,,"no_escalation_condition_met",,,,,,,,,,,"","","","","","","","",,
"react-baseline-vs-ccrs-v1-t2","002-ccrs","react_ccrs_mazeV1_t2","react_ccrs_mazeV1_t2_20260625_141909.log","58842","react.ccrs.contingency.escalation.considered","","1070",,,,,,,,,,,,,,,,,"","","","","","","","",,
"react-baseline-vs-ccrs-v1-t2","002-ccrs","react_ccrs_mazeV1_t2","react_ccrs_mazeV1_t2_20260625_141909.log","58843","react.ccrs.contingency.escalation.skipped","","1070",,,,,,"no_escalation_condition_met",,,,,,,,,,,"","","","","","","","",,
"react-baseline-vs-ccrs-v1-t2","002-ccrs","react_ccrs_mazeV1_t2","react_ccrs_mazeV1_t2_20260625_141909.log","58911","react.ccrs.contingency.escalation.considered","","1071",,,,,,,,,,,,,,,,,"","","","","","","","",,
"react-baseline-vs-ccrs-v1-t2","002-ccrs","react_ccrs_mazeV1_t2","react_ccrs_mazeV1_t2_20260625_141909.log","58912","react.ccrs.contingency.escalation.skipped","","1071",,,,,,"no_escalation_condition_met",,,,,,,,,,,"","","","","","","","",,
"react-baseline-vs-ccrs-v1-t2","002-ccrs","react_ccrs_mazeV1_t2","react_ccrs_mazeV1_t2_20260625_141909.log","58923","react.ccrs.contingency.escalation.considered","","1072",,,,,,,,,,,,,,,,,"","","","","","","","",,
"react-baseline-vs-ccrs-v1-t2","002-ccrs","react_ccrs_mazeV1_t2","react_ccrs_mazeV1_t2_20260625_141909.log","58924","react.ccrs.contingency.escalation.skipped","","1072",,,,,,"no_escalation_condition_met",,,,,,,,,,,"","","","","","","","",,
"react-baseline-vs-ccrs-v1-t2","002-ccrs","react_ccrs_mazeV1_t2","react_ccrs_mazeV1_t2_20260625_141909.log","59008","react.ccrs.contingency.escalation.considered","","1073",,,,,,,,,,,,,,,,,"","","","","","","","",,
"react-baseline-vs-ccrs-v1-t2","002-ccrs","react_ccrs_mazeV1_t2","react_ccrs_mazeV1_t2_20260625_141909.log","59009","react.ccrs.contingency.escalation.skipped","","1073",,,,,,"no_escalation_condition_met",,,,,,,,,,,"","","","","","","","",,
"react-baseline-vs-ccrs-v1-t2","002-ccrs","react_ccrs_mazeV1_t2","react_ccrs_mazeV1_t2_20260625_141909.log","59093","react.ccrs.contingency.escalation.considered","","1074",,,,,,,,,,,,,,,,,"","","","","","","","",,
"react-baseline-vs-ccrs-v1-t2","002-ccrs","react_ccrs_mazeV1_t2","react_ccrs_mazeV1_t2_20260625_141909.log","59094","react.ccrs.contingency.escalation.skipped","","1074",,,,,,"no_escalation_condition_met",,,,,,,,,,,"","","","","","","","",,
"react-baseline-vs-ccrs-v1-t2","002-ccrs","react_ccrs_mazeV1_t2","react_ccrs_mazeV1_t2_20260625_141909.log","59178","react.ccrs.contingency.escalation.considered","","1075",,,,,,,,,,,,,,,,,"","","","","","","","",,
"react-baseline-vs-ccrs-v1-t2","002-ccrs","react_ccrs_mazeV1_t2","react_ccrs_mazeV1_t2_20260625_141909.log","59179","react.ccrs.contingency.escalation.skipped","","1075",,,,,,"no_escalation_condition_met",,,,,,,,,,,"","","","","","","","",,
"react-baseline-vs-ccrs-v1-t2","002-ccrs","react_ccrs_mazeV1_t2","react_ccrs_mazeV1_t2_20260625_141909.log","59263","react.ccrs.contingency.escalation.considered","","1076",,,,,,,,,,,,,,,,,"","","","","","","","",,
"react-baseline-vs-ccrs-v1-t2","002-ccrs","react_ccrs_mazeV1_t2","react_ccrs_mazeV1_t2_20260625_141909.log","59264","react.ccrs.contingency.escalation.skipped","","1076",,,,,,"no_escalation_condition_met",,,,,,,,,,,"","","","","","","","",,
"react-baseline-vs-ccrs-v1-t2","002-ccrs","react_ccrs_mazeV1_t2","react_ccrs_mazeV1_t2_20260625_141909.log","59348","react.ccrs.contingency.escalation.considered","","1077",,,,,,,,,,,,,,,,,"","","","","","","","",,
"react-baseline-vs-ccrs-v1-t2","002-ccrs","react_ccrs_mazeV1_t2","react_ccrs_mazeV1_t2_20260625_141909.log","59349","react.ccrs.contingency.escalation.skipped","","1077",,,,,,"no_escalation_condition_met",,,,,,,,,,,"","","","","","","","",,
"react-baseline-vs-ccrs-v1-t2","002-ccrs","react_ccrs_mazeV1_t2","react_ccrs_mazeV1_t2_20260625_141909.log","59433","react.ccrs.contingency.escalation.considered","","1078",,,,,,,,,,,,,,,,,"","","","","","","","",,
"react-baseline-vs-ccrs-v1-t2","002-ccrs","react_ccrs_mazeV1_t2","react_ccrs_mazeV1_t2_20260625_141909.log","59434","react.ccrs.contingency.escalation.skipped","","1078",,,,,,"no_escalation_condition_met",,,,,,,,,,,"","","","","","","","",,
"react-baseline-vs-ccrs-v1-t2","002-ccrs","react_ccrs_mazeV1_t2","react_ccrs_mazeV1_t2_20260625_141909.log","59518","react.ccrs.contingency.escalation.considered","","1079",,,,,,,,,,,,,,,,,"","","","","","","","",,
"react-baseline-vs-ccrs-v1-t2","002-ccrs","react_ccrs_mazeV1_t2","react_ccrs_mazeV1_t2_20260625_141909.log","59519","react.ccrs.contingency.escalation.skipped","","1079",,,,,,"no_escalation_condition_met",,,,,,,,,,,"","","","","","","","",,
"react-baseline-vs-ccrs-v1-t2","002-ccrs","react_ccrs_mazeV1_t2","react_ccrs_mazeV1_t2_20260625_141909.log","59603","react.ccrs.contingency.escalation.considered","","1080",,,,,,,,,,,,,,,,,"","","","","","","","",,
"react-baseline-vs-ccrs-v1-t2","002-ccrs","react_ccrs_mazeV1_t2","react_ccrs_mazeV1_t2_20260625_141909.log","59604","react.ccrs.contingency.escalation.skipped","","1080",,,,,,"no_escalation_condition_met",,,,,,,,,,,"","","","","","","","",,
"react-baseline-vs-ccrs-v1-t2","002-ccrs","react_ccrs_mazeV1_t2","react_ccrs_mazeV1_t2_20260625_141909.log","59615","react.ccrs.contingency.escalation.considered","","1081",,,,,,,,,,,,,,,,,"","","","","","","","",,
"react-baseline-vs-ccrs-v1-t2","002-ccrs","react_ccrs_mazeV1_t2","react_ccrs_mazeV1_t2_20260625_141909.log","59616","react.ccrs.contingency.escalation.skipped","","1081",,,,,,"no_escalation_condition_met",,,,,,,,,,,"","","","","","","","",,
"react-baseline-vs-ccrs-v1-t2","002-ccrs","react_ccrs_mazeV1_t2","react_ccrs_mazeV1_t2_20260625_141909.log","59700","react.ccrs.contingency.escalation.considered","","1082",,,,,,,,,,,,,,,,,"","","","","","","","",,
"react-baseline-vs-ccrs-v1-t2","002-ccrs","react_ccrs_mazeV1_t2","react_ccrs_mazeV1_t2_20260625_141909.log","59701","react.ccrs.contingency.escalation.skipped","","1082",,,,,,"no_escalation_condition_met",,,,,,,,,,,"","","","","","","","",,
"react-baseline-vs-ccrs-v1-t2","002-ccrs","react_ccrs_mazeV1_t2","react_ccrs_mazeV1_t2_20260625_141909.log","59785","react.ccrs.contingency.escalation.considered","","1083",,,,,,,,,,,,,,,,,"","","","","","","","",,
"react-baseline-vs-ccrs-v1-t2","002-ccrs","react_ccrs_mazeV1_t2","react_ccrs_mazeV1_t2_20260625_141909.log","59786","react.ccrs.contingency.escalation.skipped","","1083",,,,,,"no_escalation_condition_met",,,,,,,,,,,"","","","","","","","",,
"react-baseline-vs-ccrs-v1-t2","002-ccrs","react_ccrs_mazeV1_t2","react_ccrs_mazeV1_t2_20260625_141909.log","59870","react.ccrs.contingency.escalation.considered","","1084",,,,,,,,,,,,,,,,,"","","","","","","","",,
"react-baseline-vs-ccrs-v1-t2","002-ccrs","react_ccrs_mazeV1_t2","react_ccrs_mazeV1_t2_20260625_141909.log","59871","react.ccrs.contingency.escalation.skipped","","1084",,,,,,"no_escalation_condition_met",,,,,,,,,,,"","","","","","","","",,
"react-baseline-vs-ccrs-v1-t2","002-ccrs","react_ccrs_mazeV1_t2","react_ccrs_mazeV1_t2_20260625_141909.log","59955","react.ccrs.contingency.escalation.considered","","1085",,,,,,,,,,,,,,,,,"","","","","","","","",,
"react-baseline-vs-ccrs-v1-t2","002-ccrs","react_ccrs_mazeV1_t2","react_ccrs_mazeV1_t2_20260625_141909.log","59956","react.ccrs.contingency.escalation.skipped","","1085",,,,,,"no_escalation_condition_met",,,,,,,,,,,"","","","","","","","",,
"react-baseline-vs-ccrs-v1-t2","002-ccrs","react_ccrs_mazeV1_t2","react_ccrs_mazeV1_t2_20260625_141909.log","60040","react.ccrs.contingency.escalation.considered","","1086",,,,,,,,,,,,,,,,,"","","","","","","","",,
"react-baseline-vs-ccrs-v1-t2","002-ccrs","react_ccrs_mazeV1_t2","react_ccrs_mazeV1_t2_20260625_141909.log","60041","react.ccrs.contingency.escalation.skipped","","1086",,,,,,"no_escalation_condition_met",,,,,,,,,,,"","","","","","","","",,
"react-baseline-vs-ccrs-v1-t2","002-ccrs","react_ccrs_mazeV1_t2","react_ccrs_mazeV1_t2_20260625_141909.log","60125","react.ccrs.contingency.escalation.considered","","1087",,,,,,,,,,,,,,,,,"","","","","","","","",,
"react-baseline-vs-ccrs-v1-t2","002-ccrs","react_ccrs_mazeV1_t2","react_ccrs_mazeV1_t2_20260625_141909.log","60126","react.ccrs.contingency.escalation.skipped","","1087",,,,,,"no_escalation_condition_met",,,,,,,,,,,"","","","","","","","",,
"react-baseline-vs-ccrs-v1-t2","002-ccrs","react_ccrs_mazeV1_t2","react_ccrs_mazeV1_t2_20260625_141909.log","60210","react.ccrs.contingency.escalation.considered","","1088",,,,,,,,,,,,,,,,,"","","","","","","","",,
"react-baseline-vs-ccrs-v1-t2","002-ccrs","react_ccrs_mazeV1_t2","react_ccrs_mazeV1_t2_20260625_141909.log","60211","react.ccrs.contingency.escalation.skipped","","1088",,,,,,"no_escalation_condition_met",,,,,,,,,,,"","","","","","","","",,
"react-baseline-vs-ccrs-v1-t2","002-ccrs","react_ccrs_mazeV1_t2","react_ccrs_mazeV1_t2_20260625_141909.log","60295","react.ccrs.contingency.escalation.considered","","1089",,,,,,,,,,,,,,,,,"","","","","","","","",,
"react-baseline-vs-ccrs-v1-t2","002-ccrs","react_ccrs_mazeV1_t2","react_ccrs_mazeV1_t2_20260625_141909.log","60296","react.ccrs.contingency.escalation.skipped","","1089",,,,,,"no_escalation_condition_met",,,,,,,,,,,"","","","","","","","",,
"react-baseline-vs-ccrs-v1-t2","002-ccrs","react_ccrs_mazeV1_t2","react_ccrs_mazeV1_t2_20260625_141909.log","60380","react.ccrs.contingency.escalation.considered","","1090",,,,,,,,,,,,,,,,,"","","","","","","","",,
"react-baseline-vs-ccrs-v1-t2","002-ccrs","react_ccrs_mazeV1_t2","react_ccrs_mazeV1_t2_20260625_141909.log","60381","react.ccrs.contingency.escalation.skipped","","1090",,,,,,"no_escalation_condition_met",,,,,,,,,,,"","","","","","","","",,
"react-baseline-vs-ccrs-v1-t2","002-ccrs","react_ccrs_mazeV1_t2","react_ccrs_mazeV1_t2_20260625_141909.log","60465","react.ccrs.contingency.escalation.considered","","1091",,,,,,,,,,,,,,,,,"","","","","","","","",,
"react-baseline-vs-ccrs-v1-t2","002-ccrs","react_ccrs_mazeV1_t2","react_ccrs_mazeV1_t2_20260625_141909.log","60466","react.ccrs.contingency.escalation.skipped","","1091",,,,,,"no_escalation_condition_met",,,,,,,,,,,"","","","","","","","",,
"react-baseline-vs-ccrs-v1-t2","002-ccrs","react_ccrs_mazeV1_t2","react_ccrs_mazeV1_t2_20260625_141909.log","60550","react.ccrs.contingency.escalation.considered","","1092",,,,,,,,,,,,,,,,,"","","","","","","","",,
"react-baseline-vs-ccrs-v1-t2","002-ccrs","react_ccrs_mazeV1_t2","react_ccrs_mazeV1_t2_20260625_141909.log","60551","react.ccrs.contingency.escalation.skipped","","1092",,,,,,"no_escalation_condition_met",,,,,,,,,,,"","","","","","","","",,
"react-baseline-vs-ccrs-v1-t2","002-ccrs","react_ccrs_mazeV1_t2","react_ccrs_mazeV1_t2_20260625_141909.log","60567","react.ccrs.contingency.escalation.considered","","1093",,,,,,,,,,,,,,,,,"","","","","","","","",,
"react-baseline-vs-ccrs-v1-t2","002-ccrs","react_ccrs_mazeV1_t2","react_ccrs_mazeV1_t2_20260625_141909.log","60568","react.ccrs.contingency.escalation.skipped","","1093",,,,,,"no_escalation_condition_met",,,,,,,,,,,"","","","","","","","",,
"react-baseline-vs-ccrs-v1-t2","002-ccrs","react_ccrs_mazeV1_t2","react_ccrs_mazeV1_t2_20260625_141909.log","60579","react.ccrs.contingency.escalation.considered","","1094",,,,,,,,,,,,,,,,,"","","","","","","","",,
"react-baseline-vs-ccrs-v1-t2","002-ccrs","react_ccrs_mazeV1_t2","react_ccrs_mazeV1_t2_20260625_141909.log","60580","react.ccrs.contingency.escalation.skipped","","1094",,,,,,"no_escalation_condition_met",,,,,,,,,,,"","","","","","","","",,
"react-baseline-vs-ccrs-v1-t2","002-ccrs","react_ccrs_mazeV1_t2","react_ccrs_mazeV1_t2_20260625_141909.log","60664","react.ccrs.contingency.escalation.considered","","1095",,,,,,,,,,,,,,,,,"","","","","","","","",,
"react-baseline-vs-ccrs-v1-t2","002-ccrs","react_ccrs_mazeV1_t2","react_ccrs_mazeV1_t2_20260625_141909.log","60665","react.ccrs.contingency.escalation.skipped","","1095",,,,,,"no_escalation_condition_met",,,,,,,,,,,"","","","","","","","",,
"react-baseline-vs-ccrs-v1-t2","002-ccrs","react_ccrs_mazeV1_t2","react_ccrs_mazeV1_t2_20260625_141909.log","60749","react.ccrs.contingency.escalation.considered","","1096",,,,,,,,,,,,,,,,,"","","","","","","","",,
"react-baseline-vs-ccrs-v1-t2","002-ccrs","react_ccrs_mazeV1_t2","react_ccrs_mazeV1_t2_20260625_141909.log","60750","react.ccrs.contingency.escalation.skipped","","1096",,,,,,"no_escalation_condition_met",,,,,,,,,,,"","","","","","","","",,
"react-baseline-vs-ccrs-v1-t2","002-ccrs","react_ccrs_mazeV1_t2","react_ccrs_mazeV1_t2_20260625_141909.log","60834","react.ccrs.contingency.escalation.considered","","1097",,,,,,,,,,,,,,,,,"","","","","","","","",,
"react-baseline-vs-ccrs-v1-t2","002-ccrs","react_ccrs_mazeV1_t2","react_ccrs_mazeV1_t2_20260625_141909.log","60835","react.ccrs.contingency.escalation.skipped","","1097",,,,,,"no_escalation_condition_met",,,,,,,,,,,"","","","","","","","",,
"react-baseline-vs-ccrs-v1-t2","002-ccrs","react_ccrs_mazeV1_t2","react_ccrs_mazeV1_t2_20260625_141909.log","60919","react.ccrs.contingency.escalation.considered","","1098",,,,,,,,,,,,,,,,,"","","","","","","","",,
"react-baseline-vs-ccrs-v1-t2","002-ccrs","react_ccrs_mazeV1_t2","react_ccrs_mazeV1_t2_20260625_141909.log","60920","react.ccrs.contingency.escalation.skipped","","1098",,,,,,"no_escalation_condition_met",,,,,,,,,,,"","","","","","","","",,
"react-baseline-vs-ccrs-v1-t2","002-ccrs","react_ccrs_mazeV1_t2","react_ccrs_mazeV1_t2_20260625_141909.log","61004","react.ccrs.contingency.escalation.considered","","1099",,,,,,,,,,,,,,,,,"","","","","","","","",,
"react-baseline-vs-ccrs-v1-t2","002-ccrs","react_ccrs_mazeV1_t2","react_ccrs_mazeV1_t2_20260625_141909.log","61005","react.ccrs.contingency.escalation.skipped","","1099",,,,,,"no_escalation_condition_met",,,,,,,,,,,"","","","","","","","",,
"react-baseline-vs-ccrs-v1-t2","002-ccrs","react_ccrs_mazeV1_t2","react_ccrs_mazeV1_t2_20260625_141909.log","61089","react.ccrs.contingency.escalation.considered","","1100",,,,,,,,,,,,,,,,,"","","","","","","","",,
"react-baseline-vs-ccrs-v1-t2","002-ccrs","react_ccrs_mazeV1_t2","react_ccrs_mazeV1_t2_20260625_141909.log","61090","react.ccrs.contingency.escalation.skipped","","1100",,,,,,"no_escalation_condition_met",,,,,,,,,,,"","","","","","","","",,
"react-baseline-vs-ccrs-v1-t2","002-ccrs","react_ccrs_mazeV1_t2","react_ccrs_mazeV1_t2_20260625_141909.log","61106","react.ccrs.contingency.escalation.considered","","1101",,,,,,,,,,,,,,,,,"","","","","","","","",,
"react-baseline-vs-ccrs-v1-t2","002-ccrs","react_ccrs_mazeV1_t2","react_ccrs_mazeV1_t2_20260625_141909.log","61107","react.ccrs.contingency.escalation.skipped","","1101",,,,,,"no_escalation_condition_met",,,,,,,,,,,"","","","","","","","",,
"react-baseline-vs-ccrs-v1-t2","002-ccrs","react_ccrs_mazeV1_t2","react_ccrs_mazeV1_t2_20260625_141909.log","61118","react.ccrs.contingency.escalation.considered","","1102",,,,,,,,,,,,,,,,,"","","","","","","","",,
"react-baseline-vs-ccrs-v1-t2","002-ccrs","react_ccrs_mazeV1_t2","react_ccrs_mazeV1_t2_20260625_141909.log","61119","react.ccrs.contingency.escalation.skipped","","1102",,,,,,"no_escalation_condition_met",,,,,,,,,,,"","","","","","","","",,
"react-baseline-vs-ccrs-v1-t2","002-ccrs","react_ccrs_mazeV1_t2","react_ccrs_mazeV1_t2_20260625_141909.log","61203","react.ccrs.contingency.escalation.considered","","1103",,,,,,,,,,,,,,,,,"","","","","","","","",,
"react-baseline-vs-ccrs-v1-t2","002-ccrs","react_ccrs_mazeV1_t2","react_ccrs_mazeV1_t2_20260625_141909.log","61204","react.ccrs.contingency.escalation.skipped","","1103",,,,,,"no_escalation_condition_met",,,,,,,,,,,"","","","","","","","",,
"react-baseline-vs-ccrs-v1-t2","002-ccrs","react_ccrs_mazeV1_t2","react_ccrs_mazeV1_t2_20260625_141909.log","61288","react.ccrs.contingency.escalation.considered","","1104",,,,,,,,,,,,,,,,,"","","","","","","","",,
"react-baseline-vs-ccrs-v1-t2","002-ccrs","react_ccrs_mazeV1_t2","react_ccrs_mazeV1_t2_20260625_141909.log","61289","react.ccrs.contingency.escalation.skipped","","1104",,,,,,"no_escalation_condition_met",,,,,,,,,,,"","","","","","","","",,
"react-baseline-vs-ccrs-v1-t2","002-ccrs","react_ccrs_mazeV1_t2","react_ccrs_mazeV1_t2_20260625_141909.log","61373","react.ccrs.contingency.escalation.considered","","1105",,,,,,,,,,,,,,,,,"","","","","","","","",,
"react-baseline-vs-ccrs-v1-t2","002-ccrs","react_ccrs_mazeV1_t2","react_ccrs_mazeV1_t2_20260625_141909.log","61374","react.ccrs.contingency.escalation.skipped","","1105",,,,,,"no_escalation_condition_met",,,,,,,,,,,"","","","","","","","",,
"react-baseline-vs-ccrs-v1-t2","002-ccrs","react_ccrs_mazeV1_t2","react_ccrs_mazeV1_t2_20260625_141909.log","61458","react.ccrs.contingency.escalation.considered","","1106",,,,,,,,,,,,,,,,,"","","","","","","","",,
"react-baseline-vs-ccrs-v1-t2","002-ccrs","react_ccrs_mazeV1_t2","react_ccrs_mazeV1_t2_20260625_141909.log","61459","react.ccrs.contingency.escalation.skipped","","1106",,,,,,"no_escalation_condition_met",,,,,,,,,,,"","","","","","","","",,
"react-baseline-vs-ccrs-v1-t2","002-ccrs","react_ccrs_mazeV1_t2","react_ccrs_mazeV1_t2_20260625_141909.log","61543","react.ccrs.contingency.escalation.considered","","1107",,,,,,,,,,,,,,,,,"","","","","","","","",,
"react-baseline-vs-ccrs-v1-t2","002-ccrs","react_ccrs_mazeV1_t2","react_ccrs_mazeV1_t2_20260625_141909.log","61544","react.ccrs.contingency.escalation.skipped","","1107",,,,,,"no_escalation_condition_met",,,,,,,,,,,"","","","","","","","",,
"react-baseline-vs-ccrs-v1-t2","002-ccrs","react_ccrs_mazeV1_t2","react_ccrs_mazeV1_t2_20260625_141909.log","61628","react.ccrs.contingency.escalation.considered","","1108",,,,,,,,,,,,,,,,,"","","","","","","","",,
"react-baseline-vs-ccrs-v1-t2","002-ccrs","react_ccrs_mazeV1_t2","react_ccrs_mazeV1_t2_20260625_141909.log","61629","react.ccrs.contingency.escalation.skipped","","1108",,,,,,"no_escalation_condition_met",,,,,,,,,,,"","","","","","","","",,
"react-baseline-vs-ccrs-v1-t2","002-ccrs","react_ccrs_mazeV1_t2","react_ccrs_mazeV1_t2_20260625_141909.log","61713","react.ccrs.contingency.escalation.considered","","1109",,,,,,,,,,,,,,,,,"","","","","","","","",,
"react-baseline-vs-ccrs-v1-t2","002-ccrs","react_ccrs_mazeV1_t2","react_ccrs_mazeV1_t2_20260625_141909.log","61714","react.ccrs.contingency.escalation.skipped","","1109",,,,,,"no_escalation_condition_met",,,,,,,,,,,"","","","","","","","",,
"react-baseline-vs-ccrs-v1-t2","002-ccrs","react_ccrs_mazeV1_t2","react_ccrs_mazeV1_t2_20260625_141909.log","61798","react.ccrs.contingency.escalation.considered","","1110",,,,,,,,,,,,,,,,,"","","","","","","","",,
"react-baseline-vs-ccrs-v1-t2","002-ccrs","react_ccrs_mazeV1_t2","react_ccrs_mazeV1_t2_20260625_141909.log","61799","react.ccrs.contingency.escalation.skipped","","1110",,,,,,"no_escalation_condition_met",,,,,,,,,,,"","","","","","","","",,
"react-baseline-vs-ccrs-v1-t2","002-ccrs","react_ccrs_mazeV1_t2","react_ccrs_mazeV1_t2_20260625_141909.log","61883","react.ccrs.contingency.escalation.considered","","1111",,,,,,,,,,,,,,,,,"","","","","","","","",,
"react-baseline-vs-ccrs-v1-t2","002-ccrs","react_ccrs_mazeV1_t2","react_ccrs_mazeV1_t2_20260625_141909.log","61884","react.ccrs.contingency.escalation.skipped","","1111",,,,,,"no_escalation_condition_met",,,,,,,,,,,"","","","","","","","",,
"react-baseline-vs-ccrs-v1-t2","002-ccrs","react_ccrs_mazeV1_t2","react_ccrs_mazeV1_t2_20260625_141909.log","61968","react.ccrs.contingency.escalation.considered","","1112",,,,,,,,,,,,,,,,,"","","","","","","","",,
"react-baseline-vs-ccrs-v1-t2","002-ccrs","react_ccrs_mazeV1_t2","react_ccrs_mazeV1_t2_20260625_141909.log","61969","react.ccrs.contingency.escalation.skipped","","1112",,,,,,"no_escalation_condition_met",,,,,,,,,,,"","","","","","","","",,
"react-baseline-vs-ccrs-v1-t2","002-ccrs","react_ccrs_mazeV1_t2","react_ccrs_mazeV1_t2_20260625_141909.log","62053","react.ccrs.contingency.escalation.considered","","1113",,,,,,,,,,,,,,,,,"","","","","","","","",,
"react-baseline-vs-ccrs-v1-t2","002-ccrs","react_ccrs_mazeV1_t2","react_ccrs_mazeV1_t2_20260625_141909.log","62054","react.ccrs.contingency.escalation.skipped","","1113",,,,,,"no_escalation_condition_met",,,,,,,,,,,"","","","","","","","",,
"react-baseline-vs-ccrs-v1-t2","002-ccrs","react_ccrs_mazeV1_t2","react_ccrs_mazeV1_t2_20260625_141909.log","62138","react.ccrs.contingency.escalation.considered","","1114",,,,,,,,,,,,,,,,,"","","","","","","","",,
"react-baseline-vs-ccrs-v1-t2","002-ccrs","react_ccrs_mazeV1_t2","react_ccrs_mazeV1_t2_20260625_141909.log","62139","react.ccrs.contingency.escalation.skipped","","1114",,,,,,"no_escalation_condition_met",,,,,,,,,,,"","","","","","","","",,
"react-baseline-vs-ccrs-v1-t2","002-ccrs","react_ccrs_mazeV1_t2","react_ccrs_mazeV1_t2_20260625_141909.log","62223","react.ccrs.contingency.escalation.considered","","1115",,,,,,,,,,,,,,,,,"","","","","","","","",,
"react-baseline-vs-ccrs-v1-t2","002-ccrs","react_ccrs_mazeV1_t2","react_ccrs_mazeV1_t2_20260625_141909.log","62224","react.ccrs.contingency.escalation.skipped","","1115",,,,,,"no_escalation_condition_met",,,,,,,,,,,"","","","","","","","",,
"react-baseline-vs-ccrs-v1-t2","002-ccrs","react_ccrs_mazeV1_t2","react_ccrs_mazeV1_t2_20260625_141909.log","62308","react.ccrs.contingency.escalation.considered","","1116",,,,,,,,,,,,,,,,,"","","","","","","","",,
"react-baseline-vs-ccrs-v1-t2","002-ccrs","react_ccrs_mazeV1_t2","react_ccrs_mazeV1_t2_20260625_141909.log","62309","react.ccrs.contingency.escalation.skipped","","1116",,,,,,"no_escalation_condition_met",,,,,,,,,,,"","","","","","","","",,
"react-baseline-vs-ccrs-v1-t2","002-ccrs","react_ccrs_mazeV1_t2","react_ccrs_mazeV1_t2_20260625_141909.log","62393","react.ccrs.contingency.escalation.considered","","1117",,,,,,,,,,,,,,,,,"","","","","","","","",,
"react-baseline-vs-ccrs-v1-t2","002-ccrs","react_ccrs_mazeV1_t2","react_ccrs_mazeV1_t2_20260625_141909.log","62394","react.ccrs.contingency.escalation.skipped","","1117",,,,,,"no_escalation_condition_met",,,,,,,,,,,"","","","","","","","",,
"react-baseline-vs-ccrs-v1-t2","002-ccrs","react_ccrs_mazeV1_t2","react_ccrs_mazeV1_t2_20260625_141909.log","62478","react.ccrs.contingency.escalation.considered","","1118",,,,,,,,,,,,,,,,,"","","","","","","","",,
"react-baseline-vs-ccrs-v1-t2","002-ccrs","react_ccrs_mazeV1_t2","react_ccrs_mazeV1_t2_20260625_141909.log","62479","react.ccrs.contingency.escalation.skipped","","1118",,,,,,"no_escalation_condition_met",,,,,,,,,,,"","","","","","","","",,
"react-baseline-vs-ccrs-v1-t2","002-ccrs","react_ccrs_mazeV1_t2","react_ccrs_mazeV1_t2_20260625_141909.log","62490","react.ccrs.contingency.escalation.considered","","1119",,,,,,,,,,,,,,,,,"","","","","","","","",,
"react-baseline-vs-ccrs-v1-t2","002-ccrs","react_ccrs_mazeV1_t2","react_ccrs_mazeV1_t2_20260625_141909.log","62491","react.ccrs.contingency.escalation.skipped","","1119",,,,,,"no_escalation_condition_met",,,,,,,,,,,"","","","","","","","",,
"react-baseline-vs-ccrs-v1-t2","002-ccrs","react_ccrs_mazeV1_t2","react_ccrs_mazeV1_t2_20260625_141909.log","62575","react.ccrs.contingency.escalation.considered","","1120",,,,,,,,,,,,,,,,,"","","","","","","","",,
"react-baseline-vs-ccrs-v1-t2","002-ccrs","react_ccrs_mazeV1_t2","react_ccrs_mazeV1_t2_20260625_141909.log","62576","react.ccrs.contingency.escalation.skipped","","1120",,,,,,"no_escalation_condition_met",,,,,,,,,,,"","","","","","","","",,
"react-baseline-vs-ccrs-v1-t2","002-ccrs","react_ccrs_mazeV1_t2","react_ccrs_mazeV1_t2_20260625_141909.log","62660","react.ccrs.contingency.escalation.considered","","1121",,,,,,,,,,,,,,,,,"","","","","","","","",,
"react-baseline-vs-ccrs-v1-t2","002-ccrs","react_ccrs_mazeV1_t2","react_ccrs_mazeV1_t2_20260625_141909.log","62661","react.ccrs.contingency.escalation.skipped","","1121",,,,,,"no_escalation_condition_met",,,,,,,,,,,"","","","","","","","",,
"react-baseline-vs-ccrs-v1-t2","002-ccrs","react_ccrs_mazeV1_t2","react_ccrs_mazeV1_t2_20260625_141909.log","62745","react.ccrs.contingency.escalation.considered","","1122",,,,,,,,,,,,,,,,,"","","","","","","","",,
"react-baseline-vs-ccrs-v1-t2","002-ccrs","react_ccrs_mazeV1_t2","react_ccrs_mazeV1_t2_20260625_141909.log","62746","react.ccrs.contingency.escalation.skipped","","1122",,,,,,"no_escalation_condition_met",,,,,,,,,,,"","","","","","","","",,
"react-baseline-vs-ccrs-v1-t2","002-ccrs","react_ccrs_mazeV1_t2","react_ccrs_mazeV1_t2_20260625_141909.log","62830","react.ccrs.contingency.escalation.considered","","1123",,,,,,,,,,,,,,,,,"","","","","","","","",,
"react-baseline-vs-ccrs-v1-t2","002-ccrs","react_ccrs_mazeV1_t2","react_ccrs_mazeV1_t2_20260625_141909.log","62831","react.ccrs.contingency.escalation.skipped","","1123",,,,,,"no_escalation_condition_met",,,,,,,,,,,"","","","","","","","",,
"react-baseline-vs-ccrs-v1-t2","002-ccrs","react_ccrs_mazeV1_t2","react_ccrs_mazeV1_t2_20260625_141909.log","62915","react.ccrs.contingency.escalation.considered","","1124",,,,,,,,,,,,,,,,,"","","","","","","","",,
"react-baseline-vs-ccrs-v1-t2","002-ccrs","react_ccrs_mazeV1_t2","react_ccrs_mazeV1_t2_20260625_141909.log","62916","react.ccrs.contingency.escalation.skipped","","1124",,,,,,"no_escalation_condition_met",,,,,,,,,,,"","","","","","","","",,
"react-baseline-vs-ccrs-v1-t2","002-ccrs","react_ccrs_mazeV1_t2","react_ccrs_mazeV1_t2_20260625_141909.log","63000","react.ccrs.contingency.escalation.considered","","1125",,,,,,,,,,,,,,,,,"","","","","","","","",,
"react-baseline-vs-ccrs-v1-t2","002-ccrs","react_ccrs_mazeV1_t2","react_ccrs_mazeV1_t2_20260625_141909.log","63001","react.ccrs.contingency.escalation.skipped","","1125",,,,,,"no_escalation_condition_met",,,,,,,,,,,"","","","","","","","",,
"react-baseline-vs-ccrs-v1-t2","002-ccrs","react_ccrs_mazeV1_t2","react_ccrs_mazeV1_t2_20260625_141909.log","63085","react.ccrs.contingency.escalation.considered","","1126",,,,,,,,,,,,,,,,,"","","","","","","","",,
"react-baseline-vs-ccrs-v1-t2","002-ccrs","react_ccrs_mazeV1_t2","react_ccrs_mazeV1_t2_20260625_141909.log","63086","react.ccrs.contingency.escalation.skipped","","1126",,,,,,"no_escalation_condition_met",,,,,,,,,,,"","","","","","","","",,
"react-baseline-vs-ccrs-v1-t2","002-ccrs","react_ccrs_mazeV1_t2","react_ccrs_mazeV1_t2_20260625_141909.log","63170","react.ccrs.contingency.escalation.considered","","1127",,,,,,,,,,,,,,,,,"","","","","","","","",,
"react-baseline-vs-ccrs-v1-t2","002-ccrs","react_ccrs_mazeV1_t2","react_ccrs_mazeV1_t2_20260625_141909.log","63171","react.ccrs.contingency.escalation.skipped","","1127",,,,,,"no_escalation_condition_met",,,,,,,,,,,"","","","","","","","",,
"react-baseline-vs-ccrs-v1-t2","002-ccrs","react_ccrs_mazeV1_t2","react_ccrs_mazeV1_t2_20260625_141909.log","63255","react.ccrs.contingency.escalation.considered","","1128",,,,,,,,,,,,,,,,,"","","","","","","","",,
"react-baseline-vs-ccrs-v1-t2","002-ccrs","react_ccrs_mazeV1_t2","react_ccrs_mazeV1_t2_20260625_141909.log","63256","react.ccrs.contingency.escalation.skipped","","1128",,,,,,"no_escalation_condition_met",,,,,,,,,,,"","","","","","","","",,
"react-baseline-vs-ccrs-v1-t2","002-ccrs","react_ccrs_mazeV1_t2","react_ccrs_mazeV1_t2_20260625_141909.log","63340","react.ccrs.contingency.escalation.considered","","1129",,,,,,,,,,,,,,,,,"","","","","","","","",,
"react-baseline-vs-ccrs-v1-t2","002-ccrs","react_ccrs_mazeV1_t2","react_ccrs_mazeV1_t2_20260625_141909.log","63341","react.ccrs.contingency.escalation.skipped","","1129",,,,,,"no_escalation_condition_met",,,,,,,,,,,"","","","","","","","",,
"react-baseline-vs-ccrs-v1-t2","002-ccrs","react_ccrs_mazeV1_t2","react_ccrs_mazeV1_t2_20260625_141909.log","63425","react.ccrs.contingency.escalation.considered","","1130",,,,,,,,,,,,,,,,,"","","","","","","","",,
"react-baseline-vs-ccrs-v1-t2","002-ccrs","react_ccrs_mazeV1_t2","react_ccrs_mazeV1_t2_20260625_141909.log","63426","react.ccrs.contingency.escalation.skipped","","1130",,,,,,"no_escalation_condition_met",,,,,,,,,,,"","","","","","","","",,
"react-baseline-vs-ccrs-v1-t2","002-ccrs","react_ccrs_mazeV1_t2","react_ccrs_mazeV1_t2_20260625_141909.log","63442","react.ccrs.contingency.escalation.considered","","1131",,,,,,,,,,,,,,,,,"","","","","","","","",,
"react-baseline-vs-ccrs-v1-t2","002-ccrs","react_ccrs_mazeV1_t2","react_ccrs_mazeV1_t2_20260625_141909.log","63443","react.ccrs.contingency.escalation.skipped","","1131",,,,,,"no_escalation_condition_met",,,,,,,,,,,"","","","","","","","",,
"react-baseline-vs-ccrs-v1-t2","002-ccrs","react_ccrs_mazeV1_t2","react_ccrs_mazeV1_t2_20260625_141909.log","63527","react.ccrs.contingency.escalation.considered","","1132",,,,,,,,,,,,,,,,,"","","","","","","","",,
"react-baseline-vs-ccrs-v1-t2","002-ccrs","react_ccrs_mazeV1_t2","react_ccrs_mazeV1_t2_20260625_141909.log","63528","react.ccrs.contingency.escalation.skipped","","1132",,,,,,"no_escalation_condition_met",,,,,,,,,,,"","","","","","","","",,
"react-baseline-vs-ccrs-v1-t2","002-ccrs","react_ccrs_mazeV1_t2","react_ccrs_mazeV1_t2_20260625_141909.log","63612","react.ccrs.contingency.escalation.considered","","1133",,,,,,,,,,,,,,,,,"","","","","","","","",,
"react-baseline-vs-ccrs-v1-t2","002-ccrs","react_ccrs_mazeV1_t2","react_ccrs_mazeV1_t2_20260625_141909.log","63613","react.ccrs.contingency.escalation.skipped","","1133",,,,,,"no_escalation_condition_met",,,,,,,,,,,"","","","","","","","",,
"react-baseline-vs-ccrs-v1-t2","002-ccrs","react_ccrs_mazeV1_t2","react_ccrs_mazeV1_t2_20260625_141909.log","63697","react.ccrs.contingency.escalation.considered","","1134",,,,,,,,,,,,,,,,,"","","","","","","","",,
"react-baseline-vs-ccrs-v1-t2","002-ccrs","react_ccrs_mazeV1_t2","react_ccrs_mazeV1_t2_20260625_141909.log","63698","react.ccrs.contingency.escalation.skipped","","1134",,,,,,"no_escalation_condition_met",,,,,,,,,,,"","","","","","","","",,
"react-baseline-vs-ccrs-v1-t2","002-ccrs","react_ccrs_mazeV1_t2","react_ccrs_mazeV1_t2_20260625_141909.log","63782","react.ccrs.contingency.escalation.considered","","1135",,,,,,,,,,,,,,,,,"","","","","","","","",,
"react-baseline-vs-ccrs-v1-t2","002-ccrs","react_ccrs_mazeV1_t2","react_ccrs_mazeV1_t2_20260625_141909.log","63783","react.ccrs.contingency.escalation.skipped","","1135",,,,,,"no_escalation_condition_met",,,,,,,,,,,"","","","","","","","",,
"react-baseline-vs-ccrs-v1-t2","002-ccrs","react_ccrs_mazeV1_t2","react_ccrs_mazeV1_t2_20260625_141909.log","63794","react.ccrs.contingency.escalation.considered","","1136",,,,,,,,,,,,,,,,,"","","","","","","","",,
"react-baseline-vs-ccrs-v1-t2","002-ccrs","react_ccrs_mazeV1_t2","react_ccrs_mazeV1_t2_20260625_141909.log","63795","react.ccrs.contingency.escalation.skipped","","1136",,,,,,"no_escalation_condition_met",,,,,,,,,,,"","","","","","","","",,
"react-baseline-vs-ccrs-v1-t2","002-ccrs","react_ccrs_mazeV1_t2","react_ccrs_mazeV1_t2_20260625_141909.log","63898","react.ccrs.contingency.escalation.considered","","1137",,,,,,,,,,,,,,,,,"","","","","","","","",,
"react-baseline-vs-ccrs-v1-t2","002-ccrs","react_ccrs_mazeV1_t2","react_ccrs_mazeV1_t2_20260625_141909.log","63899","react.ccrs.contingency.escalation.skipped","","1137",,,,,,"no_escalation_condition_met",,,,,,,,,,,"","","","","","","","",,
"react-baseline-vs-ccrs-v1-t2","002-ccrs","react_ccrs_mazeV1_t2","react_ccrs_mazeV1_t2_20260625_141909.log","64002","react.ccrs.contingency.escalation.considered","","1138",,,,,,,,,,,,,,,,,"","","","","","","","",,
"react-baseline-vs-ccrs-v1-t2","002-ccrs","react_ccrs_mazeV1_t2","react_ccrs_mazeV1_t2_20260625_141909.log","64003","react.ccrs.contingency.escalation.skipped","","1138",,,,,,"no_escalation_condition_met",,,,,,,,,,,"","","","","","","","",,
"react-baseline-vs-ccrs-v1-t2","002-ccrs","react_ccrs_mazeV1_t2","react_ccrs_mazeV1_t2_20260625_141909.log","64106","react.ccrs.contingency.escalation.considered","","1139",,,,,,,,,,,,,,,,,"","","","","","","","",,
"react-baseline-vs-ccrs-v1-t2","002-ccrs","react_ccrs_mazeV1_t2","react_ccrs_mazeV1_t2_20260625_141909.log","64107","react.ccrs.contingency.escalation.skipped","","1139",,,,,,"no_escalation_condition_met",,,,,,,,,,,"","","","","","","","",,
"react-baseline-vs-ccrs-v1-t2","002-ccrs","react_ccrs_mazeV1_t2","react_ccrs_mazeV1_t2_20260625_141909.log","64210","react.ccrs.contingency.escalation.considered","","1140",,,,,,,,,,,,,,,,,"","","","","","","","",,
"react-baseline-vs-ccrs-v1-t2","002-ccrs","react_ccrs_mazeV1_t2","react_ccrs_mazeV1_t2_20260625_141909.log","64211","react.ccrs.contingency.escalation.skipped","","1140",,,,,,"no_escalation_condition_met",,,,,,,,,,,"","","","","","","","",,
"react-baseline-vs-ccrs-v1-t2","002-ccrs","react_ccrs_mazeV1_t2","react_ccrs_mazeV1_t2_20260625_141909.log","64314","react.ccrs.contingency.escalation.considered","","1141",,,,,,,,,,,,,,,,,"","","","","","","","",,
"react-baseline-vs-ccrs-v1-t2","002-ccrs","react_ccrs_mazeV1_t2","react_ccrs_mazeV1_t2_20260625_141909.log","64315","react.ccrs.contingency.escalation.skipped","","1141",,,,,,"no_escalation_condition_met",,,,,,,,,,,"","","","","","","","",,
"react-baseline-vs-ccrs-v1-t2","002-ccrs","react_ccrs_mazeV1_t2","react_ccrs_mazeV1_t2_20260625_141909.log","64418","react.ccrs.contingency.escalation.considered","","1142",,,,,,,,,,,,,,,,,"","","","","","","","",,
"react-baseline-vs-ccrs-v1-t2","002-ccrs","react_ccrs_mazeV1_t2","react_ccrs_mazeV1_t2_20260625_141909.log","64419","react.ccrs.contingency.escalation.skipped","","1142",,,,,,"no_escalation_condition_met",,,,,,,,,,,"","","","","","","","",,
"react-baseline-vs-ccrs-v1-t2","002-ccrs","react_ccrs_mazeV1_t2","react_ccrs_mazeV1_t2_20260625_141909.log","64522","react.ccrs.contingency.escalation.considered","","1143",,,,,,,,,,,,,,,,,"","","","","","","","",,
"react-baseline-vs-ccrs-v1-t2","002-ccrs","react_ccrs_mazeV1_t2","react_ccrs_mazeV1_t2_20260625_141909.log","64523","react.ccrs.contingency.escalation.skipped","","1143",,,,,,"no_escalation_condition_met",,,,,,,,,,,"","","","","","","","",,
"react-baseline-vs-ccrs-v1-t2","002-ccrs","react_ccrs_mazeV1_t2","react_ccrs_mazeV1_t2_20260625_141909.log","64539","react.ccrs.contingency.escalation.considered","","1144",,,,,,,,,,,,,,,,,"","","","","","","","",,
"react-baseline-vs-ccrs-v1-t2","002-ccrs","react_ccrs_mazeV1_t2","react_ccrs_mazeV1_t2_20260625_141909.log","64540","react.ccrs.contingency.escalation.skipped","","1144",,,,,,"no_escalation_condition_met",,,,,,,,,,,"","","","","","","","",,
"react-baseline-vs-ccrs-v1-t2","002-ccrs","react_ccrs_mazeV1_t2","react_ccrs_mazeV1_t2_20260625_141909.log","64643","react.ccrs.contingency.escalation.considered","","1145",,,,,,,,,,,,,,,,,"","","","","","","","",,
"react-baseline-vs-ccrs-v1-t2","002-ccrs","react_ccrs_mazeV1_t2","react_ccrs_mazeV1_t2_20260625_141909.log","64644","react.ccrs.contingency.escalation.skipped","","1145",,,,,,"no_escalation_condition_met",,,,,,,,,,,"","","","","","","","",,
"react-baseline-vs-ccrs-v1-t2","002-ccrs","react_ccrs_mazeV1_t2","react_ccrs_mazeV1_t2_20260625_141909.log","64747","react.ccrs.contingency.escalation.considered","","1146",,,,,,,,,,,,,,,,,"","","","","","","","",,
"react-baseline-vs-ccrs-v1-t2","002-ccrs","react_ccrs_mazeV1_t2","react_ccrs_mazeV1_t2_20260625_141909.log","64748","react.ccrs.contingency.escalation.skipped","","1146",,,,,,"no_escalation_condition_met",,,,,,,,,,,"","","","","","","","",,
"react-baseline-vs-ccrs-v1-t2","002-ccrs","react_ccrs_mazeV1_t2","react_ccrs_mazeV1_t2_20260625_141909.log","64851","react.ccrs.contingency.escalation.considered","","1147",,,,,,,,,,,,,,,,,"","","","","","","","",,
"react-baseline-vs-ccrs-v1-t2","002-ccrs","react_ccrs_mazeV1_t2","react_ccrs_mazeV1_t2_20260625_141909.log","64852","react.ccrs.contingency.escalation.skipped","","1147",,,,,,"no_escalation_condition_met",,,,,,,,,,,"","","","","","","","",,
"react-baseline-vs-ccrs-v1-t2","002-ccrs","react_ccrs_mazeV1_t2","react_ccrs_mazeV1_t2_20260625_141909.log","64868","react.ccrs.contingency.escalation.considered","","1148",,,,,,,,,,,,,,,,,"","","","","","","","",,
"react-baseline-vs-ccrs-v1-t2","002-ccrs","react_ccrs_mazeV1_t2","react_ccrs_mazeV1_t2_20260625_141909.log","64869","react.ccrs.contingency.escalation.skipped","","1148",,,,,,"no_escalation_condition_met",,,,,,,,,,,"","","","","","","","",,
"react-baseline-vs-ccrs-v1-t2","002-ccrs","react_ccrs_mazeV1_t2","react_ccrs_mazeV1_t2_20260625_141909.log","64972","react.ccrs.contingency.escalation.considered","","1149",,,,,,,,,,,,,,,,,"","","","","","","","",,
"react-baseline-vs-ccrs-v1-t2","002-ccrs","react_ccrs_mazeV1_t2","react_ccrs_mazeV1_t2_20260625_141909.log","64973","react.ccrs.contingency.escalation.skipped","","1149",,,,,,"no_escalation_condition_met",,,,,,,,,,,"","","","","","","","",,
"react-baseline-vs-ccrs-v1-t2","002-ccrs","react_ccrs_mazeV1_t2","react_ccrs_mazeV1_t2_20260625_141909.log","65076","react.ccrs.contingency.escalation.considered","","1150",,,,,,,,,,,,,,,,,"","","","","","","","",,
"react-baseline-vs-ccrs-v1-t2","002-ccrs","react_ccrs_mazeV1_t2","react_ccrs_mazeV1_t2_20260625_141909.log","65077","react.ccrs.contingency.escalation.skipped","","1150",,,,,,"no_escalation_condition_met",,,,,,,,,,,"","","","","","","","",,
"react-baseline-vs-ccrs-v1-t2","002-ccrs","react_ccrs_mazeV1_t2","react_ccrs_mazeV1_t2_20260625_141909.log","65180","react.ccrs.contingency.escalation.considered","","1151",,,,,,,,,,,,,,,,,"","","","","","","","",,
"react-baseline-vs-ccrs-v1-t2","002-ccrs","react_ccrs_mazeV1_t2","react_ccrs_mazeV1_t2_20260625_141909.log","65181","react.ccrs.contingency.escalation.skipped","","1151",,,,,,"no_escalation_condition_met",,,,,,,,,,,"","","","","","","","",,
"react-baseline-vs-ccrs-v1-t2","002-ccrs","react_ccrs_mazeV1_t2","react_ccrs_mazeV1_t2_20260625_141909.log","65284","react.ccrs.contingency.escalation.considered","","1152",,,,,,,,,,,,,,,,,"","","","","","","","",,
"react-baseline-vs-ccrs-v1-t2","002-ccrs","react_ccrs_mazeV1_t2","react_ccrs_mazeV1_t2_20260625_141909.log","65285","react.ccrs.contingency.escalation.skipped","","1152",,,,,,"no_escalation_condition_met",,,,,,,,,,,"","","","","","","","",,
"react-baseline-vs-ccrs-v1-t2","002-ccrs","react_ccrs_mazeV1_t2","react_ccrs_mazeV1_t2_20260625_141909.log","65296","react.ccrs.contingency.escalation.considered","","1153",,,,,,,,,,,,,,,,,"","","","","","","","",,
"react-baseline-vs-ccrs-v1-t2","002-ccrs","react_ccrs_mazeV1_t2","react_ccrs_mazeV1_t2_20260625_141909.log","65297","react.ccrs.contingency.escalation.skipped","","1153",,,,,,"no_escalation_condition_met",,,,,,,,,,,"","","","","","","","",,
"react-baseline-vs-ccrs-v1-t2","002-ccrs","react_ccrs_mazeV1_t2","react_ccrs_mazeV1_t2_20260625_141909.log","65381","react.ccrs.contingency.escalation.considered","","1154",,,,,,,,,,,,,,,,,"","","","","","","","",,
"react-baseline-vs-ccrs-v1-t2","002-ccrs","react_ccrs_mazeV1_t2","react_ccrs_mazeV1_t2_20260625_141909.log","65382","react.ccrs.contingency.escalation.skipped","","1154",,,,,,"no_escalation_condition_met",,,,,,,,,,,"","","","","","","","",,
"react-baseline-vs-ccrs-v1-t2","002-ccrs","react_ccrs_mazeV1_t2","react_ccrs_mazeV1_t2_20260625_141909.log","65466","react.ccrs.contingency.escalation.considered","","1155",,,,,,,,,,,,,,,,,"","","","","","","","",,
"react-baseline-vs-ccrs-v1-t2","002-ccrs","react_ccrs_mazeV1_t2","react_ccrs_mazeV1_t2_20260625_141909.log","65467","react.ccrs.contingency.escalation.skipped","","1155",,,,,,"no_escalation_condition_met",,,,,,,,,,,"","","","","","","","",,
"react-baseline-vs-ccrs-v1-t2","002-ccrs","react_ccrs_mazeV1_t2","react_ccrs_mazeV1_t2_20260625_141909.log","65551","react.ccrs.contingency.escalation.considered","","1156",,,,,,,,,,,,,,,,,"","","","","","","","",,
"react-baseline-vs-ccrs-v1-t2","002-ccrs","react_ccrs_mazeV1_t2","react_ccrs_mazeV1_t2_20260625_141909.log","65552","react.ccrs.contingency.escalation.skipped","","1156",,,,,,"no_escalation_condition_met",,,,,,,,,,,"","","","","","","","",,
"react-baseline-vs-ccrs-v1-t2","002-ccrs","react_ccrs_mazeV1_t2","react_ccrs_mazeV1_t2_20260625_141909.log","65636","react.ccrs.contingency.escalation.considered","","1157",,,,,,,,,,,,,,,,,"","","","","","","","",,
"react-baseline-vs-ccrs-v1-t2","002-ccrs","react_ccrs_mazeV1_t2","react_ccrs_mazeV1_t2_20260625_141909.log","65637","react.ccrs.contingency.escalation.skipped","","1157",,,,,,"no_escalation_condition_met",,,,,,,,,,,"","","","","","","","",,
"react-baseline-vs-ccrs-v1-t2","002-ccrs","react_ccrs_mazeV1_t2","react_ccrs_mazeV1_t2_20260625_141909.log","65721","react.ccrs.contingency.escalation.considered","","1158",,,,,,,,,,,,,,,,,"","","","","","","","",,
"react-baseline-vs-ccrs-v1-t2","002-ccrs","react_ccrs_mazeV1_t2","react_ccrs_mazeV1_t2_20260625_141909.log","65722","react.ccrs.contingency.escalation.skipped","","1158",,,,,,"no_escalation_condition_met",,,,,,,,,,,"","","","","","","","",,
"react-baseline-vs-ccrs-v1-t2","002-ccrs","react_ccrs_mazeV1_t2","react_ccrs_mazeV1_t2_20260625_141909.log","65806","react.ccrs.contingency.escalation.considered","","1159",,,,,,,,,,,,,,,,,"","","","","","","","",,
"react-baseline-vs-ccrs-v1-t2","002-ccrs","react_ccrs_mazeV1_t2","react_ccrs_mazeV1_t2_20260625_141909.log","65807","react.ccrs.contingency.escalation.skipped","","1159",,,,,,"no_escalation_condition_met",,,,,,,,,,,"","","","","","","","",,
"react-baseline-vs-ccrs-v1-t2","002-ccrs","react_ccrs_mazeV1_t2","react_ccrs_mazeV1_t2_20260625_141909.log","65891","react.ccrs.contingency.escalation.considered","","1160",,,,,,,,,,,,,,,,,"","","","","","","","",,
"react-baseline-vs-ccrs-v1-t2","002-ccrs","react_ccrs_mazeV1_t2","react_ccrs_mazeV1_t2_20260625_141909.log","65892","react.ccrs.contingency.escalation.skipped","","1160",,,,,,"no_escalation_condition_met",,,,,,,,,,,"","","","","","","","",,
"react-baseline-vs-ccrs-v1-t2","002-ccrs","react_ccrs_mazeV1_t2","react_ccrs_mazeV1_t2_20260625_141909.log","65976","react.ccrs.contingency.escalation.considered","","1161",,,,,,,,,,,,,,,,,"","","","","","","","",,
"react-baseline-vs-ccrs-v1-t2","002-ccrs","react_ccrs_mazeV1_t2","react_ccrs_mazeV1_t2_20260625_141909.log","65977","react.ccrs.contingency.escalation.skipped","","1161",,,,,,"no_escalation_condition_met",,,,,,,,,,,"","","","","","","","",,
"react-baseline-vs-ccrs-v1-t2","002-ccrs","react_ccrs_mazeV1_t2","react_ccrs_mazeV1_t2_20260625_141909.log","66061","react.ccrs.contingency.escalation.considered","","1162",,,,,,,,,,,,,,,,,"","","","","","","","",,
"react-baseline-vs-ccrs-v1-t2","002-ccrs","react_ccrs_mazeV1_t2","react_ccrs_mazeV1_t2_20260625_141909.log","66062","react.ccrs.contingency.escalation.skipped","","1162",,,,,,"no_escalation_condition_met",,,,,,,,,,,"","","","","","","","",,
"react-baseline-vs-ccrs-v1-t2","002-ccrs","react_ccrs_mazeV1_t2","react_ccrs_mazeV1_t2_20260625_141909.log","66146","react.ccrs.contingency.escalation.considered","","1163",,,,,,,,,,,,,,,,,"","","","","","","","",,
"react-baseline-vs-ccrs-v1-t2","002-ccrs","react_ccrs_mazeV1_t2","react_ccrs_mazeV1_t2_20260625_141909.log","66147","react.ccrs.contingency.escalation.skipped","","1163",,,,,,"no_escalation_condition_met",,,,,,,,,,,"","","","","","","","",,
"react-baseline-vs-ccrs-v1-t2","002-ccrs","react_ccrs_mazeV1_t2","react_ccrs_mazeV1_t2_20260625_141909.log","66231","react.ccrs.contingency.escalation.considered","","1164",,,,,,,,,,,,,,,,,"","","","","","","","",,
"react-baseline-vs-ccrs-v1-t2","002-ccrs","react_ccrs_mazeV1_t2","react_ccrs_mazeV1_t2_20260625_141909.log","66232","react.ccrs.contingency.escalation.skipped","","1164",,,,,,"no_escalation_condition_met",,,,,,,,,,,"","","","","","","","",,
"react-baseline-vs-ccrs-v1-t2","002-ccrs","react_ccrs_mazeV1_t2","react_ccrs_mazeV1_t2_20260625_141909.log","66316","react.ccrs.contingency.escalation.considered","","1165",,,,,,,,,,,,,,,,,"","","","","","","","",,
"react-baseline-vs-ccrs-v1-t2","002-ccrs","react_ccrs_mazeV1_t2","react_ccrs_mazeV1_t2_20260625_141909.log","66317","react.ccrs.contingency.escalation.skipped","","1165",,,,,,"no_escalation_condition_met",,,,,,,,,,,"","","","","","","","",,
"react-baseline-vs-ccrs-v1-t2","002-ccrs","react_ccrs_mazeV1_t2","react_ccrs_mazeV1_t2_20260625_141909.log","66401","react.ccrs.contingency.escalation.considered","","1166",,,,,,,,,,,,,,,,,"","","","","","","","",,
"react-baseline-vs-ccrs-v1-t2","002-ccrs","react_ccrs_mazeV1_t2","react_ccrs_mazeV1_t2_20260625_141909.log","66402","react.ccrs.contingency.escalation.skipped","","1166",,,,,,"no_escalation_condition_met",,,,,,,,,,,"","","","","","","","",,
"react-baseline-vs-ccrs-v1-t2","002-ccrs","react_ccrs_mazeV1_t2","react_ccrs_mazeV1_t2_20260625_141909.log","66413","react.ccrs.contingency.escalation.considered","","1167",,,,,,,,,,,,,,,,,"","","","","","","","",,
"react-baseline-vs-ccrs-v1-t2","002-ccrs","react_ccrs_mazeV1_t2","react_ccrs_mazeV1_t2_20260625_141909.log","66414","react.ccrs.contingency.escalation.skipped","","1167",,,,,,"no_escalation_condition_met",,,,,,,,,,,"","","","","","","","",,
"react-baseline-vs-ccrs-v1-t2","002-ccrs","react_ccrs_mazeV1_t2","react_ccrs_mazeV1_t2_20260625_141909.log","66498","react.ccrs.contingency.escalation.considered","","1168",,,,,,,,,,,,,,,,,"","","","","","","","",,
"react-baseline-vs-ccrs-v1-t2","002-ccrs","react_ccrs_mazeV1_t2","react_ccrs_mazeV1_t2_20260625_141909.log","66499","react.ccrs.contingency.escalation.skipped","","1168",,,,,,"no_escalation_condition_met",,,,,,,,,,,"","","","","","","","",,
"react-baseline-vs-ccrs-v1-t2","002-ccrs","react_ccrs_mazeV1_t2","react_ccrs_mazeV1_t2_20260625_141909.log","66583","react.ccrs.contingency.escalation.considered","","1169",,,,,,,,,,,,,,,,,"","","","","","","","",,
"react-baseline-vs-ccrs-v1-t2","002-ccrs","react_ccrs_mazeV1_t2","react_ccrs_mazeV1_t2_20260625_141909.log","66584","react.ccrs.contingency.escalation.skipped","","1169",,,,,,"no_escalation_condition_met",,,,,,,,,,,"","","","","","","","",,
"react-baseline-vs-ccrs-v1-t2","002-ccrs","react_ccrs_mazeV1_t2","react_ccrs_mazeV1_t2_20260625_141909.log","66668","react.ccrs.contingency.escalation.considered","","1170",,,,,,,,,,,,,,,,,"","","","","","","","",,
"react-baseline-vs-ccrs-v1-t2","002-ccrs","react_ccrs_mazeV1_t2","react_ccrs_mazeV1_t2_20260625_141909.log","66669","react.ccrs.contingency.escalation.skipped","","1170",,,,,,"no_escalation_condition_met",,,,,,,,,,,"","","","","","","","",,
"react-baseline-vs-ccrs-v1-t2","002-ccrs","react_ccrs_mazeV1_t2","react_ccrs_mazeV1_t2_20260625_141909.log","66685","react.ccrs.contingency.escalation.considered","","1171",,,,,,,,,,,,,,,,,"","","","","","","","",,
"react-baseline-vs-ccrs-v1-t2","002-ccrs","react_ccrs_mazeV1_t2","react_ccrs_mazeV1_t2_20260625_141909.log","66686","react.ccrs.contingency.escalation.skipped","","1171",,,,,,"no_escalation_condition_met",,,,,,,,,,,"","","","","","","","",,
"react-baseline-vs-ccrs-v1-t2","002-ccrs","react_ccrs_mazeV1_t2","react_ccrs_mazeV1_t2_20260625_141909.log","66770","react.ccrs.contingency.escalation.considered","","1172",,,,,,,,,,,,,,,,,"","","","","","","","",,
"react-baseline-vs-ccrs-v1-t2","002-ccrs","react_ccrs_mazeV1_t2","react_ccrs_mazeV1_t2_20260625_141909.log","66771","react.ccrs.contingency.escalation.skipped","","1172",,,,,,"no_escalation_condition_met",,,,,,,,,,,"","","","","","","","",,
"react-baseline-vs-ccrs-v1-t2","002-ccrs","react_ccrs_mazeV1_t2","react_ccrs_mazeV1_t2_20260625_141909.log","66855","react.ccrs.contingency.escalation.considered","","1173",,,,,,,,,,,,,,,,,"","","","","","","","",,
"react-baseline-vs-ccrs-v1-t2","002-ccrs","react_ccrs_mazeV1_t2","react_ccrs_mazeV1_t2_20260625_141909.log","66856","react.ccrs.contingency.escalation.skipped","","1173",,,,,,"no_escalation_condition_met",,,,,,,,,,,"","","","","","","","",,
"react-baseline-vs-ccrs-v1-t2","002-ccrs","react_ccrs_mazeV1_t2","react_ccrs_mazeV1_t2_20260625_141909.log","66940","react.ccrs.contingency.escalation.considered","","1174",,,,,,,,,,,,,,,,,"","","","","","","","",,
"react-baseline-vs-ccrs-v1-t2","002-ccrs","react_ccrs_mazeV1_t2","react_ccrs_mazeV1_t2_20260625_141909.log","66941","react.ccrs.contingency.escalation.skipped","","1174",,,,,,"no_escalation_condition_met",,,,,,,,,,,"","","","","","","","",,
"react-baseline-vs-ccrs-v1-t2","002-ccrs","react_ccrs_mazeV1_t2","react_ccrs_mazeV1_t2_20260625_141909.log","66957","react.ccrs.contingency.escalation.considered","","1175",,,,,,,,,,,,,,,,,"","","","","","","","",,
"react-baseline-vs-ccrs-v1-t2","002-ccrs","react_ccrs_mazeV1_t2","react_ccrs_mazeV1_t2_20260625_141909.log","66958","react.ccrs.contingency.escalation.skipped","","1175",,,,,,"no_escalation_condition_met",,,,,,,,,,,"","","","","","","","",,
"react-baseline-vs-ccrs-v1-t2","002-ccrs","react_ccrs_mazeV1_t2","react_ccrs_mazeV1_t2_20260625_141909.log","67042","react.ccrs.contingency.escalation.considered","","1176",,,,,,,,,,,,,,,,,"","","","","","","","",,
"react-baseline-vs-ccrs-v1-t2","002-ccrs","react_ccrs_mazeV1_t2","react_ccrs_mazeV1_t2_20260625_141909.log","67043","react.ccrs.contingency.escalation.skipped","","1176",,,,,,"no_escalation_condition_met",,,,,,,,,,,"","","","","","","","",,
"react-baseline-vs-ccrs-v1-t2","002-ccrs","react_ccrs_mazeV1_t2","react_ccrs_mazeV1_t2_20260625_141909.log","67127","react.ccrs.contingency.escalation.considered","","1177",,,,,,,,,,,,,,,,,"","","","","","","","",,
"react-baseline-vs-ccrs-v1-t2","002-ccrs","react_ccrs_mazeV1_t2","react_ccrs_mazeV1_t2_20260625_141909.log","67128","react.ccrs.contingency.escalation.skipped","","1177",,,,,,"no_escalation_condition_met",,,,,,,,,,,"","","","","","","","",,
"react-baseline-vs-ccrs-v1-t2","002-ccrs","react_ccrs_mazeV1_t2","react_ccrs_mazeV1_t2_20260625_141909.log","67212","react.ccrs.contingency.escalation.considered","","1178",,,,,,,,,,,,,,,,,"","","","","","","","",,
"react-baseline-vs-ccrs-v1-t2","002-ccrs","react_ccrs_mazeV1_t2","react_ccrs_mazeV1_t2_20260625_141909.log","67213","react.ccrs.contingency.escalation.skipped","","1178",,,,,,"no_escalation_condition_met",,,,,,,,,,,"","","","","","","","",,
"react-baseline-vs-ccrs-v1-t2","002-ccrs","react_ccrs_mazeV1_t2","react_ccrs_mazeV1_t2_20260625_141909.log","67224","react.ccrs.contingency.escalation.considered","","1179",,,,,,,,,,,,,,,,,"","","","","","","","",,
"react-baseline-vs-ccrs-v1-t2","002-ccrs","react_ccrs_mazeV1_t2","react_ccrs_mazeV1_t2_20260625_141909.log","67225","react.ccrs.contingency.escalation.skipped","","1179",,,,,,"no_escalation_condition_met",,,,,,,,,,,"","","","","","","","",,
"react-baseline-vs-ccrs-v1-t2","002-ccrs","react_ccrs_mazeV1_t2","react_ccrs_mazeV1_t2_20260625_141909.log","67309","react.ccrs.contingency.escalation.considered","","1180",,,,,,,,,,,,,,,,,"","","","","","","","",,
"react-baseline-vs-ccrs-v1-t2","002-ccrs","react_ccrs_mazeV1_t2","react_ccrs_mazeV1_t2_20260625_141909.log","67310","react.ccrs.contingency.escalation.skipped","","1180",,,,,,"no_escalation_condition_met",,,,,,,,,,,"","","","","","","","",,
"react-baseline-vs-ccrs-v1-t2","002-ccrs","react_ccrs_mazeV1_t2","react_ccrs_mazeV1_t2_20260625_141909.log","67394","react.ccrs.contingency.escalation.considered","","1181",,,,,,,,,,,,,,,,,"","","","","","","","",,
"react-baseline-vs-ccrs-v1-t2","002-ccrs","react_ccrs_mazeV1_t2","react_ccrs_mazeV1_t2_20260625_141909.log","67395","react.ccrs.contingency.escalation.skipped","","1181",,,,,,"no_escalation_condition_met",,,,,,,,,,,"","","","","","","","",,
"react-baseline-vs-ccrs-v1-t2","002-ccrs","react_ccrs_mazeV1_t2","react_ccrs_mazeV1_t2_20260625_141909.log","67479","react.ccrs.contingency.escalation.considered","","1182",,,,,,,,,,,,,,,,,"","","","","","","","",,
"react-baseline-vs-ccrs-v1-t2","002-ccrs","react_ccrs_mazeV1_t2","react_ccrs_mazeV1_t2_20260625_141909.log","67480","react.ccrs.contingency.escalation.skipped","","1182",,,,,,"no_escalation_condition_met",,,,,,,,,,,"","","","","","","","",,
"react-baseline-vs-ccrs-v1-t2","002-ccrs","react_ccrs_mazeV1_t2","react_ccrs_mazeV1_t2_20260625_141909.log","67564","react.ccrs.contingency.escalation.considered","","1183",,,,,,,,,,,,,,,,,"","","","","","","","",,
"react-baseline-vs-ccrs-v1-t2","002-ccrs","react_ccrs_mazeV1_t2","react_ccrs_mazeV1_t2_20260625_141909.log","67565","react.ccrs.contingency.escalation.skipped","","1183",,,,,,"no_escalation_condition_met",,,,,,,,,,,"","","","","","","","",,
"react-baseline-vs-ccrs-v1-t2","002-ccrs","react_ccrs_mazeV1_t2","react_ccrs_mazeV1_t2_20260625_141909.log","67649","react.ccrs.contingency.escalation.considered","","1184",,,,,,,,,,,,,,,,,"","","","","","","","",,
"react-baseline-vs-ccrs-v1-t2","002-ccrs","react_ccrs_mazeV1_t2","react_ccrs_mazeV1_t2_20260625_141909.log","67650","react.ccrs.contingency.escalation.skipped","","1184",,,,,,"no_escalation_condition_met",,,,,,,,,,,"","","","","","","","",,
"react-baseline-vs-ccrs-v1-t2","002-ccrs","react_ccrs_mazeV1_t2","react_ccrs_mazeV1_t2_20260625_141909.log","67734","react.ccrs.contingency.escalation.considered","","1185",,,,,,,,,,,,,,,,,"","","","","","","","",,
"react-baseline-vs-ccrs-v1-t2","002-ccrs","react_ccrs_mazeV1_t2","react_ccrs_mazeV1_t2_20260625_141909.log","67735","react.ccrs.contingency.escalation.skipped","","1185",,,,,,"no_escalation_condition_met",,,,,,,,,,,"","","","","","","","",,
"react-baseline-vs-ccrs-v1-t2","002-ccrs","react_ccrs_mazeV1_t2","react_ccrs_mazeV1_t2_20260625_141909.log","67819","react.ccrs.contingency.escalation.considered","","1186",,,,,,,,,,,,,,,,,"","","","","","","","",,
"react-baseline-vs-ccrs-v1-t2","002-ccrs","react_ccrs_mazeV1_t2","react_ccrs_mazeV1_t2_20260625_141909.log","67820","react.ccrs.contingency.escalation.skipped","","1186",,,,,,"no_escalation_condition_met",,,,,,,,,,,"","","","","","","","",,
"react-baseline-vs-ccrs-v1-t2","002-ccrs","react_ccrs_mazeV1_t2","react_ccrs_mazeV1_t2_20260625_141909.log","67904","react.ccrs.contingency.escalation.considered","","1187",,,,,,,,,,,,,,,,,"","","","","","","","",,
"react-baseline-vs-ccrs-v1-t2","002-ccrs","react_ccrs_mazeV1_t2","react_ccrs_mazeV1_t2_20260625_141909.log","67905","react.ccrs.contingency.escalation.skipped","","1187",,,,,,"no_escalation_condition_met",,,,,,,,,,,"","","","","","","","",,
"react-baseline-vs-ccrs-v1-t2","002-ccrs","react_ccrs_mazeV1_t2","react_ccrs_mazeV1_t2_20260625_141909.log","67989","react.ccrs.contingency.escalation.considered","","1188",,,,,,,,,,,,,,,,,"","","","","","","","",,
"react-baseline-vs-ccrs-v1-t2","002-ccrs","react_ccrs_mazeV1_t2","react_ccrs_mazeV1_t2_20260625_141909.log","67990","react.ccrs.contingency.escalation.skipped","","1188",,,,,,"no_escalation_condition_met",,,,,,,,,,,"","","","","","","","",,
"react-baseline-vs-ccrs-v1-t2","002-ccrs","react_ccrs_mazeV1_t2","react_ccrs_mazeV1_t2_20260625_141909.log","68074","react.ccrs.contingency.escalation.considered","","1189",,,,,,,,,,,,,,,,,"","","","","","","","",,
"react-baseline-vs-ccrs-v1-t2","002-ccrs","react_ccrs_mazeV1_t2","react_ccrs_mazeV1_t2_20260625_141909.log","68075","react.ccrs.contingency.escalation.skipped","","1189",,,,,,"no_escalation_condition_met",,,,,,,,,,,"","","","","","","","",,
"react-baseline-vs-ccrs-v1-t2","002-ccrs","react_ccrs_mazeV1_t2","react_ccrs_mazeV1_t2_20260625_141909.log","68159","react.ccrs.contingency.escalation.considered","","1190",,,,,,,,,,,,,,,,,"","","","","","","","",,
"react-baseline-vs-ccrs-v1-t2","002-ccrs","react_ccrs_mazeV1_t2","react_ccrs_mazeV1_t2_20260625_141909.log","68160","react.ccrs.contingency.escalation.skipped","","1190",,,,,,"no_escalation_condition_met",,,,,,,,,,,"","","","","","","","",,
"react-baseline-vs-ccrs-v1-t2","002-ccrs","react_ccrs_mazeV1_t2","react_ccrs_mazeV1_t2_20260625_141909.log","68244","react.ccrs.contingency.escalation.considered","","1191",,,,,,,,,,,,,,,,,"","","","","","","","",,
"react-baseline-vs-ccrs-v1-t2","002-ccrs","react_ccrs_mazeV1_t2","react_ccrs_mazeV1_t2_20260625_141909.log","68245","react.ccrs.contingency.escalation.skipped","","1191",,,,,,"no_escalation_condition_met",,,,,,,,,,,"","","","","","","","",,
"react-baseline-vs-ccrs-v1-t2","002-ccrs","react_ccrs_mazeV1_t2","react_ccrs_mazeV1_t2_20260625_141909.log","68256","react.ccrs.contingency.escalation.considered","","1192",,,,,,,,,,,,,,,,,"","","","","","","","",,
"react-baseline-vs-ccrs-v1-t2","002-ccrs","react_ccrs_mazeV1_t2","react_ccrs_mazeV1_t2_20260625_141909.log","68257","react.ccrs.contingency.escalation.skipped","","1192",,,,,,"no_escalation_condition_met",,,,,,,,,,,"","","","","","","","",,
"react-baseline-vs-ccrs-v1-t2","002-ccrs","react_ccrs_mazeV1_t2","react_ccrs_mazeV1_t2_20260625_141909.log","68341","react.ccrs.contingency.escalation.considered","","1193",,,,,,,,,,,,,,,,,"","","","","","","","",,
"react-baseline-vs-ccrs-v1-t2","002-ccrs","react_ccrs_mazeV1_t2","react_ccrs_mazeV1_t2_20260625_141909.log","68342","react.ccrs.contingency.escalation.skipped","","1193",,,,,,"no_escalation_condition_met",,,,,,,,,,,"","","","","","","","",,
"react-baseline-vs-ccrs-v1-t2","002-ccrs","react_ccrs_mazeV1_t2","react_ccrs_mazeV1_t2_20260625_141909.log","68426","react.ccrs.contingency.escalation.considered","","1194",,,,,,,,,,,,,,,,,"","","","","","","","",,
"react-baseline-vs-ccrs-v1-t2","002-ccrs","react_ccrs_mazeV1_t2","react_ccrs_mazeV1_t2_20260625_141909.log","68427","react.ccrs.contingency.escalation.skipped","","1194",,,,,,"no_escalation_condition_met",,,,,,,,,,,"","","","","","","","",,
"react-baseline-vs-ccrs-v1-t2","002-ccrs","react_ccrs_mazeV1_t2","react_ccrs_mazeV1_t2_20260625_141909.log","68511","react.ccrs.contingency.escalation.considered","","1195",,,,,,,,,,,,,,,,,"","","","","","","","",,
"react-baseline-vs-ccrs-v1-t2","002-ccrs","react_ccrs_mazeV1_t2","react_ccrs_mazeV1_t2_20260625_141909.log","68512","react.ccrs.contingency.escalation.skipped","","1195",,,,,,"no_escalation_condition_met",,,,,,,,,,,"","","","","","","","",,
"react-baseline-vs-ccrs-v1-t2","002-ccrs","react_ccrs_mazeV1_t2","react_ccrs_mazeV1_t2_20260625_141909.log","68596","react.ccrs.contingency.escalation.considered","","1196",,,,,,,,,,,,,,,,,"","","","","","","","",,
"react-baseline-vs-ccrs-v1-t2","002-ccrs","react_ccrs_mazeV1_t2","react_ccrs_mazeV1_t2_20260625_141909.log","68597","react.ccrs.contingency.escalation.skipped","","1196",,,,,,"no_escalation_condition_met",,,,,,,,,,,"","","","","","","","",,
"react-baseline-vs-ccrs-v1-t2","002-ccrs","react_ccrs_mazeV1_t2","react_ccrs_mazeV1_t2_20260625_141909.log","68681","react.ccrs.contingency.escalation.considered","","1197",,,,,,,,,,,,,,,,,"","","","","","","","",,
"react-baseline-vs-ccrs-v1-t2","002-ccrs","react_ccrs_mazeV1_t2","react_ccrs_mazeV1_t2_20260625_141909.log","68682","react.ccrs.contingency.escalation.skipped","","1197",,,,,,"no_escalation_condition_met",,,,,,,,,,,"","","","","","","","",,
"react-baseline-vs-ccrs-v1-t2","002-ccrs","react_ccrs_mazeV1_t2","react_ccrs_mazeV1_t2_20260625_141909.log","68766","react.ccrs.contingency.escalation.considered","","1198",,,,,,,,,,,,,,,,,"","","","","","","","",,
"react-baseline-vs-ccrs-v1-t2","002-ccrs","react_ccrs_mazeV1_t2","react_ccrs_mazeV1_t2_20260625_141909.log","68767","react.ccrs.contingency.escalation.skipped","","1198",,,,,,"no_escalation_condition_met",,,,,,,,,,,"","","","","","","","",,
"react-baseline-vs-ccrs-v1-t2","002-ccrs","react_ccrs_mazeV1_t2","react_ccrs_mazeV1_t2_20260625_141909.log","68783","react.ccrs.contingency.escalation.considered","","1199",,,,,,,,,,,,,,,,,"","","","","","","","",,
"react-baseline-vs-ccrs-v1-t2","002-ccrs","react_ccrs_mazeV1_t2","react_ccrs_mazeV1_t2_20260625_141909.log","68784","react.ccrs.contingency.escalation.skipped","","1199",,,,,,"no_escalation_condition_met",,,,,,,,,,,"","","","","","","","",,
"react-baseline-vs-ccrs-v1-t2","002-ccrs","react_ccrs_mazeV1_t2","react_ccrs_mazeV1_t2_20260625_141909.log","68795","react.ccrs.contingency.escalation.considered","","1200",,,,,,,,,,,,,,,,,"","","","","","","","",,
"react-baseline-vs-ccrs-v1-t2","002-ccrs","react_ccrs_mazeV1_t2","react_ccrs_mazeV1_t2_20260625_141909.log","68796","react.ccrs.contingency.escalation.skipped","","1200",,,,,,"no_escalation_condition_met",,,,,,,,,,,"","","","","","","","",,
"react-baseline-vs-ccrs-v1-t2","002-ccrs","react_ccrs_mazeV1_t2","react_ccrs_mazeV1_t2_20260625_141909.log","68880","react.ccrs.contingency.escalation.considered","","1201",,,,,,,,,,,,,,,,,"","","","","","","","",,
"react-baseline-vs-ccrs-v1-t2","002-ccrs","react_ccrs_mazeV1_t2","react_ccrs_mazeV1_t2_20260625_141909.log","68881","react.ccrs.contingency.escalation.skipped","","1201",,,,,,"no_escalation_condition_met",,,,,,,,,,,"","","","","","","","",,
"react-baseline-vs-ccrs-v1-t2","002-ccrs","react_ccrs_mazeV1_t2","react_ccrs_mazeV1_t2_20260625_141909.log","68965","react.ccrs.contingency.escalation.considered","","1202",,,,,,,,,,,,,,,,,"","","","","","","","",,
"react-baseline-vs-ccrs-v1-t2","002-ccrs","react_ccrs_mazeV1_t2","react_ccrs_mazeV1_t2_20260625_141909.log","68966","react.ccrs.contingency.escalation.skipped","","1202",,,,,,"no_escalation_condition_met",,,,,,,,,,,"","","","","","","","",,
"react-baseline-vs-ccrs-v1-t2","002-ccrs","react_ccrs_mazeV1_t2","react_ccrs_mazeV1_t2_20260625_141909.log","69050","react.ccrs.contingency.escalation.considered","","1203",,,,,,,,,,,,,,,,,"","","","","","","","",,
"react-baseline-vs-ccrs-v1-t2","002-ccrs","react_ccrs_mazeV1_t2","react_ccrs_mazeV1_t2_20260625_141909.log","69051","react.ccrs.contingency.escalation.skipped","","1203",,,,,,"no_escalation_condition_met",,,,,,,,,,,"","","","","","","","",,
"react-baseline-vs-ccrs-v1-t2","002-ccrs","react_ccrs_mazeV1_t2","react_ccrs_mazeV1_t2_20260625_141909.log","69135","react.ccrs.contingency.escalation.considered","","1204",,,,,,,,,,,,,,,,,"","","","","","","","",,
"react-baseline-vs-ccrs-v1-t2","002-ccrs","react_ccrs_mazeV1_t2","react_ccrs_mazeV1_t2_20260625_141909.log","69136","react.ccrs.contingency.escalation.skipped","","1204",,,,,,"no_escalation_condition_met",,,,,,,,,,,"","","","","","","","",,
"react-baseline-vs-ccrs-v1-t2","002-ccrs","react_ccrs_mazeV1_t2","react_ccrs_mazeV1_t2_20260625_141909.log","69220","react.ccrs.contingency.escalation.considered","","1205",,,,,,,,,,,,,,,,,"","","","","","","","",,
"react-baseline-vs-ccrs-v1-t2","002-ccrs","react_ccrs_mazeV1_t2","react_ccrs_mazeV1_t2_20260625_141909.log","69221","react.ccrs.contingency.escalation.skipped","","1205",,,,,,"no_escalation_condition_met",,,,,,,,,,,"","","","","","","","",,
"react-baseline-vs-ccrs-v1-t2","002-ccrs","react_ccrs_mazeV1_t2","react_ccrs_mazeV1_t2_20260625_141909.log","69305","react.ccrs.contingency.escalation.considered","","1206",,,,,,,,,,,,,,,,,"","","","","","","","",,
"react-baseline-vs-ccrs-v1-t2","002-ccrs","react_ccrs_mazeV1_t2","react_ccrs_mazeV1_t2_20260625_141909.log","69306","react.ccrs.contingency.escalation.skipped","","1206",,,,,,"no_escalation_condition_met",,,,,,,,,,,"","","","","","","","",,
"react-baseline-vs-ccrs-v1-t2","002-ccrs","react_ccrs_mazeV1_t2","react_ccrs_mazeV1_t2_20260625_141909.log","69390","react.ccrs.contingency.escalation.considered","","1207",,,,,,,,,,,,,,,,,"","","","","","","","",,
"react-baseline-vs-ccrs-v1-t2","002-ccrs","react_ccrs_mazeV1_t2","react_ccrs_mazeV1_t2_20260625_141909.log","69391","react.ccrs.contingency.escalation.skipped","","1207",,,,,,"no_escalation_condition_met",,,,,,,,,,,"","","","","","","","",,
"react-baseline-vs-ccrs-v1-t2","002-ccrs","react_ccrs_mazeV1_t2","react_ccrs_mazeV1_t2_20260625_141909.log","69475","react.ccrs.contingency.escalation.considered","","1208",,,,,,,,,,,,,,,,,"","","","","","","","",,
"react-baseline-vs-ccrs-v1-t2","002-ccrs","react_ccrs_mazeV1_t2","react_ccrs_mazeV1_t2_20260625_141909.log","69476","react.ccrs.contingency.escalation.skipped","","1208",,,,,,"no_escalation_condition_met",,,,,,,,,,,"","","","","","","","",,
"react-baseline-vs-ccrs-v1-t2","002-ccrs","react_ccrs_mazeV1_t2","react_ccrs_mazeV1_t2_20260625_141909.log","69560","react.ccrs.contingency.escalation.considered","","1209",,,,,,,,,,,,,,,,,"","","","","","","","",,
"react-baseline-vs-ccrs-v1-t2","002-ccrs","react_ccrs_mazeV1_t2","react_ccrs_mazeV1_t2_20260625_141909.log","69561","react.ccrs.contingency.escalation.skipped","","1209",,,,,,"no_escalation_condition_met",,,,,,,,,,,"","","","","","","","",,
"react-baseline-vs-ccrs-v1-t2","002-ccrs","react_ccrs_mazeV1_t2","react_ccrs_mazeV1_t2_20260625_141909.log","69645","react.ccrs.contingency.escalation.considered","","1210",,,,,,,,,,,,,,,,,"","","","","","","","",,
"react-baseline-vs-ccrs-v1-t2","002-ccrs","react_ccrs_mazeV1_t2","react_ccrs_mazeV1_t2_20260625_141909.log","69646","react.ccrs.contingency.escalation.skipped","","1210",,,,,,"no_escalation_condition_met",,,,,,,,,,,"","","","","","","","",,
"react-baseline-vs-ccrs-v1-t2","002-ccrs","react_ccrs_mazeV1_t2","react_ccrs_mazeV1_t2_20260625_141909.log","69730","react.ccrs.contingency.escalation.considered","","1211",,,,,,,,,,,,,,,,,"","","","","","","","",,
"react-baseline-vs-ccrs-v1-t2","002-ccrs","react_ccrs_mazeV1_t2","react_ccrs_mazeV1_t2_20260625_141909.log","69731","react.ccrs.contingency.escalation.skipped","","1211",,,,,,"no_escalation_condition_met",,,,,,,,,,,"","","","","","","","",,
"react-baseline-vs-ccrs-v1-t2","002-ccrs","react_ccrs_mazeV1_t2","react_ccrs_mazeV1_t2_20260625_141909.log","69815","react.ccrs.contingency.escalation.considered","","1212",,,,,,,,,,,,,,,,,"","","","","","","","",,
"react-baseline-vs-ccrs-v1-t2","002-ccrs","react_ccrs_mazeV1_t2","react_ccrs_mazeV1_t2_20260625_141909.log","69816","react.ccrs.contingency.escalation.skipped","","1212",,,,,,"no_escalation_condition_met",,,,,,,,,,,"","","","","","","","",,
"react-baseline-vs-ccrs-v1-t2","002-ccrs","react_ccrs_mazeV1_t2","react_ccrs_mazeV1_t2_20260625_141909.log","69827","react.ccrs.contingency.escalation.considered","","1213",,,,,,,,,,,,,,,,,"","","","","","","","",,
"react-baseline-vs-ccrs-v1-t2","002-ccrs","react_ccrs_mazeV1_t2","react_ccrs_mazeV1_t2_20260625_141909.log","69828","react.ccrs.contingency.escalation.skipped","","1213",,,,,,"no_escalation_condition_met",,,,,,,,,,,"","","","","","","","",,
"react-baseline-vs-ccrs-v1-t2","002-ccrs","react_ccrs_mazeV1_t2","react_ccrs_mazeV1_t2_20260625_141909.log","69931","react.ccrs.contingency.escalation.considered","","1214",,,,,,,,,,,,,,,,,"","","","","","","","",,
"react-baseline-vs-ccrs-v1-t2","002-ccrs","react_ccrs_mazeV1_t2","react_ccrs_mazeV1_t2_20260625_141909.log","69932","react.ccrs.contingency.escalation.skipped","","1214",,,,,,"no_escalation_condition_met",,,,,,,,,,,"","","","","","","","",,
"react-baseline-vs-ccrs-v1-t2","002-ccrs","react_ccrs_mazeV1_t2","react_ccrs_mazeV1_t2_20260625_141909.log","70035","react.ccrs.contingency.escalation.considered","","1215",,,,,,,,,,,,,,,,,"","","","","","","","",,
"react-baseline-vs-ccrs-v1-t2","002-ccrs","react_ccrs_mazeV1_t2","react_ccrs_mazeV1_t2_20260625_141909.log","70036","react.ccrs.contingency.escalation.skipped","","1215",,,,,,"no_escalation_condition_met",,,,,,,,,,,"","","","","","","","",,
"react-baseline-vs-ccrs-v1-t2","002-ccrs","react_ccrs_mazeV1_t2","react_ccrs_mazeV1_t2_20260625_141909.log","70139","react.ccrs.contingency.escalation.considered","","1216",,,,,,,,,,,,,,,,,"","","","","","","","",,
"react-baseline-vs-ccrs-v1-t2","002-ccrs","react_ccrs_mazeV1_t2","react_ccrs_mazeV1_t2_20260625_141909.log","70140","react.ccrs.contingency.escalation.skipped","","1216",,,,,,"no_escalation_condition_met",,,,,,,,,,,"","","","","","","","",,
"react-baseline-vs-ccrs-v1-t2","002-ccrs","react_ccrs_mazeV1_t2","react_ccrs_mazeV1_t2_20260625_141909.log","70243","react.ccrs.contingency.escalation.considered","","1217",,,,,,,,,,,,,,,,,"","","","","","","","",,
"react-baseline-vs-ccrs-v1-t2","002-ccrs","react_ccrs_mazeV1_t2","react_ccrs_mazeV1_t2_20260625_141909.log","70244","react.ccrs.contingency.escalation.skipped","","1217",,,,,,"no_escalation_condition_met",,,,,,,,,,,"","","","","","","","",,
"react-baseline-vs-ccrs-v1-t2","002-ccrs","react_ccrs_mazeV1_t2","react_ccrs_mazeV1_t2_20260625_141909.log","70347","react.ccrs.contingency.escalation.considered","","1218",,,,,,,,,,,,,,,,,"","","","","","","","",,
"react-baseline-vs-ccrs-v1-t2","002-ccrs","react_ccrs_mazeV1_t2","react_ccrs_mazeV1_t2_20260625_141909.log","70348","react.ccrs.contingency.escalation.skipped","","1218",,,,,,"no_escalation_condition_met",,,,,,,,,,,"","","","","","","","",,
"react-baseline-vs-ccrs-v1-t2","002-ccrs","react_ccrs_mazeV1_t2","react_ccrs_mazeV1_t2_20260625_141909.log","70451","react.ccrs.contingency.escalation.considered","","1219",,,,,,,,,,,,,,,,,"","","","","","","","",,
"react-baseline-vs-ccrs-v1-t2","002-ccrs","react_ccrs_mazeV1_t2","react_ccrs_mazeV1_t2_20260625_141909.log","70452","react.ccrs.contingency.escalation.skipped","","1219",,,,,,"no_escalation_condition_met",,,,,,,,,,,"","","","","","","","",,
"react-baseline-vs-ccrs-v1-t2","002-ccrs","react_ccrs_mazeV1_t2","react_ccrs_mazeV1_t2_20260625_141909.log","70468","react.ccrs.contingency.escalation.considered","","1220",,,,,,,,,,,,,,,,,"","","","","","","","",,
"react-baseline-vs-ccrs-v1-t2","002-ccrs","react_ccrs_mazeV1_t2","react_ccrs_mazeV1_t2_20260625_141909.log","70469","react.ccrs.contingency.escalation.skipped","","1220",,,,,,"no_escalation_condition_met",,,,,,,,,,,"","","","","","","","",,
"react-baseline-vs-ccrs-v1-t2","002-ccrs","react_ccrs_mazeV1_t2","react_ccrs_mazeV1_t2_20260625_141909.log","70480","react.ccrs.contingency.escalation.considered","","1221",,,,,,,,,,,,,,,,,"","","","","","","","",,
"react-baseline-vs-ccrs-v1-t2","002-ccrs","react_ccrs_mazeV1_t2","react_ccrs_mazeV1_t2_20260625_141909.log","70481","react.ccrs.contingency.escalation.skipped","","1221",,,,,,"no_escalation_condition_met",,,,,,,,,,,"","","","","","","","",,
"react-baseline-vs-ccrs-v1-t2","002-ccrs","react_ccrs_mazeV1_t2","react_ccrs_mazeV1_t2_20260625_141909.log","70565","react.ccrs.contingency.escalation.considered","","1222",,,,,,,,,,,,,,,,,"","","","","","","","",,
"react-baseline-vs-ccrs-v1-t2","002-ccrs","react_ccrs_mazeV1_t2","react_ccrs_mazeV1_t2_20260625_141909.log","70566","react.ccrs.contingency.escalation.skipped","","1222",,,,,,"no_escalation_condition_met",,,,,,,,,,,"","","","","","","","",,
"react-baseline-vs-ccrs-v1-t2","002-ccrs","react_ccrs_mazeV1_t2","react_ccrs_mazeV1_t2_20260625_141909.log","70650","react.ccrs.contingency.escalation.considered","","1223",,,,,,,,,,,,,,,,,"","","","","","","","",,
"react-baseline-vs-ccrs-v1-t2","002-ccrs","react_ccrs_mazeV1_t2","react_ccrs_mazeV1_t2_20260625_141909.log","70651","react.ccrs.contingency.escalation.skipped","","1223",,,,,,"no_escalation_condition_met",,,,,,,,,,,"","","","","","","","",,
"react-baseline-vs-ccrs-v1-t2","002-ccrs","react_ccrs_mazeV1_t2","react_ccrs_mazeV1_t2_20260625_141909.log","70735","react.ccrs.contingency.escalation.considered","","1224",,,,,,,,,,,,,,,,,"","","","","","","","",,
"react-baseline-vs-ccrs-v1-t2","002-ccrs","react_ccrs_mazeV1_t2","react_ccrs_mazeV1_t2_20260625_141909.log","70736","react.ccrs.contingency.escalation.skipped","","1224",,,,,,"no_escalation_condition_met",,,,,,,,,,,"","","","","","","","",,
"react-baseline-vs-ccrs-v1-t2","002-ccrs","react_ccrs_mazeV1_t2","react_ccrs_mazeV1_t2_20260625_141909.log","70820","react.ccrs.contingency.escalation.considered","","1225",,,,,,,,,,,,,,,,,"","","","","","","","",,
"react-baseline-vs-ccrs-v1-t2","002-ccrs","react_ccrs_mazeV1_t2","react_ccrs_mazeV1_t2_20260625_141909.log","70821","react.ccrs.contingency.escalation.skipped","","1225",,,,,,"no_escalation_condition_met",,,,,,,,,,,"","","","","","","","",,
"react-baseline-vs-ccrs-v1-t2","002-ccrs","react_ccrs_mazeV1_t2","react_ccrs_mazeV1_t2_20260625_141909.log","70905","react.ccrs.contingency.escalation.considered","","1226",,,,,,,,,,,,,,,,,"","","","","","","","",,
"react-baseline-vs-ccrs-v1-t2","002-ccrs","react_ccrs_mazeV1_t2","react_ccrs_mazeV1_t2_20260625_141909.log","70906","react.ccrs.contingency.escalation.skipped","","1226",,,,,,"no_escalation_condition_met",,,,,,,,,,,"","","","","","","","",,
"react-baseline-vs-ccrs-v1-t2","002-ccrs","react_ccrs_mazeV1_t2","react_ccrs_mazeV1_t2_20260625_141909.log","70990","react.ccrs.contingency.escalation.considered","","1227",,,,,,,,,,,,,,,,,"","","","","","","","",,
"react-baseline-vs-ccrs-v1-t2","002-ccrs","react_ccrs_mazeV1_t2","react_ccrs_mazeV1_t2_20260625_141909.log","70991","react.ccrs.contingency.escalation.skipped","","1227",,,,,,"no_escalation_condition_met",,,,,,,,,,,"","","","","","","","",,
"react-baseline-vs-ccrs-v1-t2","002-ccrs","react_ccrs_mazeV1_t2","react_ccrs_mazeV1_t2_20260625_141909.log","71075","react.ccrs.contingency.escalation.considered","","1228",,,,,,,,,,,,,,,,,"","","","","","","","",,
"react-baseline-vs-ccrs-v1-t2","002-ccrs","react_ccrs_mazeV1_t2","react_ccrs_mazeV1_t2_20260625_141909.log","71076","react.ccrs.contingency.escalation.skipped","","1228",,,,,,"no_escalation_condition_met",,,,,,,,,,,"","","","","","","","",,
"react-baseline-vs-ccrs-v1-t2","002-ccrs","react_ccrs_mazeV1_t2","react_ccrs_mazeV1_t2_20260625_141909.log","71160","react.ccrs.contingency.escalation.considered","","1229",,,,,,,,,,,,,,,,,"","","","","","","","",,
"react-baseline-vs-ccrs-v1-t2","002-ccrs","react_ccrs_mazeV1_t2","react_ccrs_mazeV1_t2_20260625_141909.log","71161","react.ccrs.contingency.escalation.skipped","","1229",,,,,,"no_escalation_condition_met",,,,,,,,,,,"","","","","","","","",,
"react-baseline-vs-ccrs-v1-t2","002-ccrs","react_ccrs_mazeV1_t2","react_ccrs_mazeV1_t2_20260625_141909.log","71245","react.ccrs.contingency.escalation.considered","","1230",,,,,,,,,,,,,,,,,"","","","","","","","",,
"react-baseline-vs-ccrs-v1-t2","002-ccrs","react_ccrs_mazeV1_t2","react_ccrs_mazeV1_t2_20260625_141909.log","71246","react.ccrs.contingency.escalation.skipped","","1230",,,,,,"no_escalation_condition_met",,,,,,,,,,,"","","","","","","","",,
"react-baseline-vs-ccrs-v1-t2","002-ccrs","react_ccrs_mazeV1_t2","react_ccrs_mazeV1_t2_20260625_141909.log","71330","react.ccrs.contingency.escalation.considered","","1231",,,,,,,,,,,,,,,,,"","","","","","","","",,
"react-baseline-vs-ccrs-v1-t2","002-ccrs","react_ccrs_mazeV1_t2","react_ccrs_mazeV1_t2_20260625_141909.log","71331","react.ccrs.contingency.escalation.skipped","","1231",,,,,,"no_escalation_condition_met",,,,,,,,,,,"","","","","","","","",,
"react-baseline-vs-ccrs-v1-t2","002-ccrs","react_ccrs_mazeV1_t2","react_ccrs_mazeV1_t2_20260625_141909.log","71415","react.ccrs.contingency.escalation.considered","","1232",,,,,,,,,,,,,,,,,"","","","","","","","",,
"react-baseline-vs-ccrs-v1-t2","002-ccrs","react_ccrs_mazeV1_t2","react_ccrs_mazeV1_t2_20260625_141909.log","71416","react.ccrs.contingency.escalation.skipped","","1232",,,,,,"no_escalation_condition_met",,,,,,,,,,,"","","","","","","","",,
"react-baseline-vs-ccrs-v1-t2","002-ccrs","react_ccrs_mazeV1_t2","react_ccrs_mazeV1_t2_20260625_141909.log","71500","react.ccrs.contingency.escalation.considered","","1233",,,,,,,,,,,,,,,,,"","","","","","","","",,
"react-baseline-vs-ccrs-v1-t2","002-ccrs","react_ccrs_mazeV1_t2","react_ccrs_mazeV1_t2_20260625_141909.log","71501","react.ccrs.contingency.escalation.skipped","","1233",,,,,,"no_escalation_condition_met",,,,,,,,,,,"","","","","","","","",,
"react-baseline-vs-ccrs-v1-t2","002-ccrs","react_ccrs_mazeV1_t2","react_ccrs_mazeV1_t2_20260625_141909.log","71585","react.ccrs.contingency.escalation.considered","","1234",,,,,,,,,,,,,,,,,"","","","","","","","",,
"react-baseline-vs-ccrs-v1-t2","002-ccrs","react_ccrs_mazeV1_t2","react_ccrs_mazeV1_t2_20260625_141909.log","71586","react.ccrs.contingency.escalation.skipped","","1234",,,,,,"no_escalation_condition_met",,,,,,,,,,,"","","","","","","","",,
"react-baseline-vs-ccrs-v1-t2","002-ccrs","react_ccrs_mazeV1_t2","react_ccrs_mazeV1_t2_20260625_141909.log","71670","react.ccrs.contingency.escalation.considered","","1235",,,,,,,,,,,,,,,,,"","","","","","","","",,
"react-baseline-vs-ccrs-v1-t2","002-ccrs","react_ccrs_mazeV1_t2","react_ccrs_mazeV1_t2_20260625_141909.log","71671","react.ccrs.contingency.escalation.skipped","","1235",,,,,,"no_escalation_condition_met",,,,,,,,,,,"","","","","","","","",,
"react-baseline-vs-ccrs-v1-t2","002-ccrs","react_ccrs_mazeV1_t2","react_ccrs_mazeV1_t2_20260625_141909.log","71687","react.ccrs.contingency.escalation.considered","","1236",,,,,,,,,,,,,,,,,"","","","","","","","",,
"react-baseline-vs-ccrs-v1-t2","002-ccrs","react_ccrs_mazeV1_t2","react_ccrs_mazeV1_t2_20260625_141909.log","71688","react.ccrs.contingency.escalation.skipped","","1236",,,,,,"no_escalation_condition_met",,,,,,,,,,,"","","","","","","","",,
"react-baseline-vs-ccrs-v1-t2","002-ccrs","react_ccrs_mazeV1_t2","react_ccrs_mazeV1_t2_20260625_141909.log","71772","react.ccrs.contingency.escalation.considered","","1237",,,,,,,,,,,,,,,,,"","","","","","","","",,
"react-baseline-vs-ccrs-v1-t2","002-ccrs","react_ccrs_mazeV1_t2","react_ccrs_mazeV1_t2_20260625_141909.log","71773","react.ccrs.contingency.escalation.skipped","","1237",,,,,,"no_escalation_condition_met",,,,,,,,,,,"","","","","","","","",,
"react-baseline-vs-ccrs-v1-t2","002-ccrs","react_ccrs_mazeV1_t2","react_ccrs_mazeV1_t2_20260625_141909.log","71857","react.ccrs.contingency.escalation.considered","","1238",,,,,,,,,,,,,,,,,"","","","","","","","",,
"react-baseline-vs-ccrs-v1-t2","002-ccrs","react_ccrs_mazeV1_t2","react_ccrs_mazeV1_t2_20260625_141909.log","71858","react.ccrs.contingency.escalation.skipped","","1238",,,,,,"no_escalation_condition_met",,,,,,,,,,,"","","","","","","","",,
"react-baseline-vs-ccrs-v1-t2","002-ccrs","react_ccrs_mazeV1_t2","react_ccrs_mazeV1_t2_20260625_141909.log","71942","react.ccrs.contingency.escalation.considered","","1239",,,,,,,,,,,,,,,,,"","","","","","","","",,
"react-baseline-vs-ccrs-v1-t2","002-ccrs","react_ccrs_mazeV1_t2","react_ccrs_mazeV1_t2_20260625_141909.log","71943","react.ccrs.contingency.escalation.skipped","","1239",,,,,,"no_escalation_condition_met",,,,,,,,,,,"","","","","","","","",,
"react-baseline-vs-ccrs-v1-t2","002-ccrs","react_ccrs_mazeV1_t2","react_ccrs_mazeV1_t2_20260625_141909.log","72027","react.ccrs.contingency.escalation.considered","","1240",,,,,,,,,,,,,,,,,"","","","","","","","",,
"react-baseline-vs-ccrs-v1-t2","002-ccrs","react_ccrs_mazeV1_t2","react_ccrs_mazeV1_t2_20260625_141909.log","72028","react.ccrs.contingency.escalation.skipped","","1240",,,,,,"no_escalation_condition_met",,,,,,,,,,,"","","","","","","","",,
"react-baseline-vs-ccrs-v1-t2","002-ccrs","react_ccrs_mazeV1_t2","react_ccrs_mazeV1_t2_20260625_141909.log","72112","react.ccrs.contingency.escalation.considered","","1241",,,,,,,,,,,,,,,,,"","","","","","","","",,
"react-baseline-vs-ccrs-v1-t2","002-ccrs","react_ccrs_mazeV1_t2","react_ccrs_mazeV1_t2_20260625_141909.log","72113","react.ccrs.contingency.escalation.skipped","","1241",,,,,,"no_escalation_condition_met",,,,,,,,,,,"","","","","","","","",,
"react-baseline-vs-ccrs-v1-t2","002-ccrs","react_ccrs_mazeV1_t2","react_ccrs_mazeV1_t2_20260625_141909.log","72197","react.ccrs.contingency.escalation.considered","","1242",,,,,,,,,,,,,,,,,"","","","","","","","",,
"react-baseline-vs-ccrs-v1-t2","002-ccrs","react_ccrs_mazeV1_t2","react_ccrs_mazeV1_t2_20260625_141909.log","72198","react.ccrs.contingency.escalation.skipped","","1242",,,,,,"no_escalation_condition_met",,,,,,,,,,,"","","","","","","","",,
"react-baseline-vs-ccrs-v1-t2","002-ccrs","react_ccrs_mazeV1_t2","react_ccrs_mazeV1_t2_20260625_141909.log","72282","react.ccrs.contingency.escalation.considered","","1243",,,,,,,,,,,,,,,,,"","","","","","","","",,
"react-baseline-vs-ccrs-v1-t2","002-ccrs","react_ccrs_mazeV1_t2","react_ccrs_mazeV1_t2_20260625_141909.log","72283","react.ccrs.contingency.escalation.skipped","","1243",,,,,,"no_escalation_condition_met",,,,,,,,,,,"","","","","","","","",,
"react-baseline-vs-ccrs-v1-t2","002-ccrs","react_ccrs_mazeV1_t2","react_ccrs_mazeV1_t2_20260625_141909.log","72367","react.ccrs.contingency.escalation.considered","","1244",,,,,,,,,,,,,,,,,"","","","","","","","",,
"react-baseline-vs-ccrs-v1-t2","002-ccrs","react_ccrs_mazeV1_t2","react_ccrs_mazeV1_t2_20260625_141909.log","72368","react.ccrs.contingency.escalation.skipped","","1244",,,,,,"no_escalation_condition_met",,,,,,,,,,,"","","","","","","","",,
"react-baseline-vs-ccrs-v1-t2","002-ccrs","react_ccrs_mazeV1_t2","react_ccrs_mazeV1_t2_20260625_141909.log","72452","react.ccrs.contingency.escalation.considered","","1245",,,,,,,,,,,,,,,,,"","","","","","","","",,
"react-baseline-vs-ccrs-v1-t2","002-ccrs","react_ccrs_mazeV1_t2","react_ccrs_mazeV1_t2_20260625_141909.log","72453","react.ccrs.contingency.escalation.skipped","","1245",,,,,,"no_escalation_condition_met",,,,,,,,,,,"","","","","","","","",,
"react-baseline-vs-ccrs-v1-t2","002-ccrs","react_ccrs_mazeV1_t2","react_ccrs_mazeV1_t2_20260625_141909.log","72469","react.ccrs.contingency.escalation.considered","","1246",,,,,,,,,,,,,,,,,"","","","","","","","",,
"react-baseline-vs-ccrs-v1-t2","002-ccrs","react_ccrs_mazeV1_t2","react_ccrs_mazeV1_t2_20260625_141909.log","72470","react.ccrs.contingency.escalation.skipped","","1246",,,,,,"no_escalation_condition_met",,,,,,,,,,,"","","","","","","","",,
"react-baseline-vs-ccrs-v1-t2","002-ccrs","react_ccrs_mazeV1_t2","react_ccrs_mazeV1_t2_20260625_141909.log","72481","react.ccrs.contingency.escalation.considered","","1247",,,,,,,,,,,,,,,,,"","","","","","","","",,
"react-baseline-vs-ccrs-v1-t2","002-ccrs","react_ccrs_mazeV1_t2","react_ccrs_mazeV1_t2_20260625_141909.log","72482","react.ccrs.contingency.escalation.skipped","","1247",,,,,,"no_escalation_condition_met",,,,,,,,,,,"","","","","","","","",,
"react-baseline-vs-ccrs-v1-t2","002-ccrs","react_ccrs_mazeV1_t2","react_ccrs_mazeV1_t2_20260625_141909.log","72566","react.ccrs.contingency.escalation.considered","","1248",,,,,,,,,,,,,,,,,"","","","","","","","",,
"react-baseline-vs-ccrs-v1-t2","002-ccrs","react_ccrs_mazeV1_t2","react_ccrs_mazeV1_t2_20260625_141909.log","72567","react.ccrs.contingency.escalation.skipped","","1248",,,,,,"no_escalation_condition_met",,,,,,,,,,,"","","","","","","","",,
"react-baseline-vs-ccrs-v1-t2","002-ccrs","react_ccrs_mazeV1_t2","react_ccrs_mazeV1_t2_20260625_141909.log","72651","react.ccrs.contingency.escalation.considered","","1249",,,,,,,,,,,,,,,,,"","","","","","","","",,
"react-baseline-vs-ccrs-v1-t2","002-ccrs","react_ccrs_mazeV1_t2","react_ccrs_mazeV1_t2_20260625_141909.log","72652","react.ccrs.contingency.escalation.skipped","","1249",,,,,,"no_escalation_condition_met",,,,,,,,,,,"","","","","","","","",,
"react-baseline-vs-ccrs-v1-t2","002-ccrs","react_ccrs_mazeV1_t2","react_ccrs_mazeV1_t2_20260625_141909.log","72663","react.ccrs.contingency.escalation.considered","","1250",,,,,,,,,,,,,,,,,"","","","","","","","",,
"react-baseline-vs-ccrs-v1-t2","002-ccrs","react_ccrs_mazeV1_t2","react_ccrs_mazeV1_t2_20260625_141909.log","72664","react.ccrs.contingency.escalation.skipped","","1250",,,,,,"no_escalation_condition_met",,,,,,,,,,,"","","","","","","","",,
"react-baseline-vs-ccrs-v1-t2","002-ccrs","react_ccrs_mazeV1_t2","react_ccrs_mazeV1_t2_20260625_141909.log","72748","react.ccrs.contingency.escalation.considered","","1251",,,,,,,,,,,,,,,,,"","","","","","","","",,
"react-baseline-vs-ccrs-v1-t2","002-ccrs","react_ccrs_mazeV1_t2","react_ccrs_mazeV1_t2_20260625_141909.log","72749","react.ccrs.contingency.escalation.skipped","","1251",,,,,,"no_escalation_condition_met",,,,,,,,,,,"","","","","","","","",,
"react-baseline-vs-ccrs-v1-t2","002-ccrs","react_ccrs_mazeV1_t2","react_ccrs_mazeV1_t2_20260625_141909.log","72833","react.ccrs.contingency.escalation.considered","","1252",,,,,,,,,,,,,,,,,"","","","","","","","",,
"react-baseline-vs-ccrs-v1-t2","002-ccrs","react_ccrs_mazeV1_t2","react_ccrs_mazeV1_t2_20260625_141909.log","72834","react.ccrs.contingency.escalation.skipped","","1252",,,,,,"no_escalation_condition_met",,,,,,,,,,,"","","","","","","","",,
"react-baseline-vs-ccrs-v1-t2","002-ccrs","react_ccrs_mazeV1_t2","react_ccrs_mazeV1_t2_20260625_141909.log","72918","react.ccrs.contingency.escalation.considered","","1253",,,,,,,,,,,,,,,,,"","","","","","","","",,
"react-baseline-vs-ccrs-v1-t2","002-ccrs","react_ccrs_mazeV1_t2","react_ccrs_mazeV1_t2_20260625_141909.log","72919","react.ccrs.contingency.escalation.skipped","","1253",,,,,,"no_escalation_condition_met",,,,,,,,,,,"","","","","","","","",,
"react-baseline-vs-ccrs-v1-t2","002-ccrs","react_ccrs_mazeV1_t2","react_ccrs_mazeV1_t2_20260625_141909.log","73003","react.ccrs.contingency.escalation.considered","","1254",,,,,,,,,,,,,,,,,"","","","","","","","",,
"react-baseline-vs-ccrs-v1-t2","002-ccrs","react_ccrs_mazeV1_t2","react_ccrs_mazeV1_t2_20260625_141909.log","73004","react.ccrs.contingency.escalation.skipped","","1254",,,,,,"no_escalation_condition_met",,,,,,,,,,,"","","","","","","","",,
"react-baseline-vs-ccrs-v1-t2","002-ccrs","react_ccrs_mazeV1_t2","react_ccrs_mazeV1_t2_20260625_141909.log","73088","react.ccrs.contingency.escalation.considered","","1255",,,,,,,,,,,,,,,,,"","","","","","","","",,
"react-baseline-vs-ccrs-v1-t2","002-ccrs","react_ccrs_mazeV1_t2","react_ccrs_mazeV1_t2_20260625_141909.log","73089","react.ccrs.contingency.escalation.skipped","","1255",,,,,,"no_escalation_condition_met",,,,,,,,,,,"","","","","","","","",,
"react-baseline-vs-ccrs-v1-t2","002-ccrs","react_ccrs_mazeV1_t2","react_ccrs_mazeV1_t2_20260625_141909.log","73173","react.ccrs.contingency.escalation.considered","","1256",,,,,,,,,,,,,,,,,"","","","","","","","",,
"react-baseline-vs-ccrs-v1-t2","002-ccrs","react_ccrs_mazeV1_t2","react_ccrs_mazeV1_t2_20260625_141909.log","73174","react.ccrs.contingency.escalation.skipped","","1256",,,,,,"no_escalation_condition_met",,,,,,,,,,,"","","","","","","","",,
"react-baseline-vs-ccrs-v1-t2","002-ccrs","react_ccrs_mazeV1_t2","react_ccrs_mazeV1_t2_20260625_141909.log","73258","react.ccrs.contingency.escalation.considered","","1257",,,,,,,,,,,,,,,,,"","","","","","","","",,
"react-baseline-vs-ccrs-v1-t2","002-ccrs","react_ccrs_mazeV1_t2","react_ccrs_mazeV1_t2_20260625_141909.log","73259","react.ccrs.contingency.escalation.skipped","","1257",,,,,,"no_escalation_condition_met",,,,,,,,,,,"","","","","","","","",,
"react-baseline-vs-ccrs-v1-t2","002-ccrs","react_ccrs_mazeV1_t2","react_ccrs_mazeV1_t2_20260625_141909.log","73343","react.ccrs.contingency.escalation.considered","","1258",,,,,,,,,,,,,,,,,"","","","","","","","",,
"react-baseline-vs-ccrs-v1-t2","002-ccrs","react_ccrs_mazeV1_t2","react_ccrs_mazeV1_t2_20260625_141909.log","73344","react.ccrs.contingency.escalation.skipped","","1258",,,,,,"no_escalation_condition_met",,,,,,,,,,,"","","","","","","","",,
"react-baseline-vs-ccrs-v1-t2","002-ccrs","react_ccrs_mazeV1_t2","react_ccrs_mazeV1_t2_20260625_141909.log","73428","react.ccrs.contingency.escalation.considered","","1259",,,,,,,,,,,,,,,,,"","","","","","","","",,
"react-baseline-vs-ccrs-v1-t2","002-ccrs","react_ccrs_mazeV1_t2","react_ccrs_mazeV1_t2_20260625_141909.log","73429","react.ccrs.contingency.escalation.skipped","","1259",,,,,,"no_escalation_condition_met",,,,,,,,,,,"","","","","","","","",,
"react-baseline-vs-ccrs-v1-t2","002-ccrs","react_ccrs_mazeV1_t2","react_ccrs_mazeV1_t2_20260625_141909.log","73513","react.ccrs.contingency.escalation.considered","","1260",,,,,,,,,,,,,,,,,"","","","","","","","",,
"react-baseline-vs-ccrs-v1-t2","002-ccrs","react_ccrs_mazeV1_t2","react_ccrs_mazeV1_t2_20260625_141909.log","73514","react.ccrs.contingency.escalation.skipped","","1260",,,,,,"no_escalation_condition_met",,,,,,,,,,,"","","","","","","","",,
"react-baseline-vs-ccrs-v1-t2","002-ccrs","react_ccrs_mazeV1_t2","react_ccrs_mazeV1_t2_20260625_141909.log","73598","react.ccrs.contingency.escalation.considered","","1261",,,,,,,,,,,,,,,,,"","","","","","","","",,
"react-baseline-vs-ccrs-v1-t2","002-ccrs","react_ccrs_mazeV1_t2","react_ccrs_mazeV1_t2_20260625_141909.log","73599","react.ccrs.contingency.escalation.skipped","","1261",,,,,,"no_escalation_condition_met",,,,,,,,,,,"","","","","","","","",,
"react-baseline-vs-ccrs-v1-t2","002-ccrs","react_ccrs_mazeV1_t2","react_ccrs_mazeV1_t2_20260625_141909.log","73683","react.ccrs.contingency.escalation.considered","","1262",,,,,,,,,,,,,,,,,"","","","","","","","",,
"react-baseline-vs-ccrs-v1-t2","002-ccrs","react_ccrs_mazeV1_t2","react_ccrs_mazeV1_t2_20260625_141909.log","73684","react.ccrs.contingency.escalation.skipped","","1262",,,,,,"no_escalation_condition_met",,,,,,,,,,,"","","","","","","","",,
"react-baseline-vs-ccrs-v1-t2","002-ccrs","react_ccrs_mazeV1_t2","react_ccrs_mazeV1_t2_20260625_141909.log","73768","react.ccrs.contingency.escalation.considered","","1263",,,,,,,,,,,,,,,,,"","","","","","","","",,
"react-baseline-vs-ccrs-v1-t2","002-ccrs","react_ccrs_mazeV1_t2","react_ccrs_mazeV1_t2_20260625_141909.log","73769","react.ccrs.contingency.escalation.skipped","","1263",,,,,,"no_escalation_condition_met",,,,,,,,,,,"","","","","","","","",,
"react-baseline-vs-ccrs-v1-t2","002-ccrs","react_ccrs_mazeV1_t2","react_ccrs_mazeV1_t2_20260625_141909.log","73853","react.ccrs.contingency.escalation.considered","","1264",,,,,,,,,,,,,,,,,"","","","","","","","",,
"react-baseline-vs-ccrs-v1-t2","002-ccrs","react_ccrs_mazeV1_t2","react_ccrs_mazeV1_t2_20260625_141909.log","73854","react.ccrs.contingency.escalation.skipped","","1264",,,,,,"no_escalation_condition_met",,,,,,,,,,,"","","","","","","","",,
"react-baseline-vs-ccrs-v1-t2","002-ccrs","react_ccrs_mazeV1_t2","react_ccrs_mazeV1_t2_20260625_141909.log","73938","react.ccrs.contingency.escalation.considered","","1265",,,,,,,,,,,,,,,,,"","","","","","","","",,
"react-baseline-vs-ccrs-v1-t2","002-ccrs","react_ccrs_mazeV1_t2","react_ccrs_mazeV1_t2_20260625_141909.log","73939","react.ccrs.contingency.escalation.skipped","","1265",,,,,,"no_escalation_condition_met",,,,,,,,,,,"","","","","","","","",,
"react-baseline-vs-ccrs-v1-t2","002-ccrs","react_ccrs_mazeV1_t2","react_ccrs_mazeV1_t2_20260625_141909.log","74023","react.ccrs.contingency.escalation.considered","","1266",,,,,,,,,,,,,,,,,"","","","","","","","",,
"react-baseline-vs-ccrs-v1-t2","002-ccrs","react_ccrs_mazeV1_t2","react_ccrs_mazeV1_t2_20260625_141909.log","74024","react.ccrs.contingency.escalation.skipped","","1266",,,,,,"no_escalation_condition_met",,,,,,,,,,,"","","","","","","","",,
"react-baseline-vs-ccrs-v1-t2","002-ccrs","react_ccrs_mazeV1_t2","react_ccrs_mazeV1_t2_20260625_141909.log","74108","react.ccrs.contingency.escalation.considered","","1267",,,,,,,,,,,,,,,,,"","","","","","","","",,
"react-baseline-vs-ccrs-v1-t2","002-ccrs","react_ccrs_mazeV1_t2","react_ccrs_mazeV1_t2_20260625_141909.log","74109","react.ccrs.contingency.escalation.skipped","","1267",,,,,,"no_escalation_condition_met",,,,,,,,,,,"","","","","","","","",,
"react-baseline-vs-ccrs-v1-t2","002-ccrs","react_ccrs_mazeV1_t2","react_ccrs_mazeV1_t2_20260625_141909.log","74193","react.ccrs.contingency.escalation.considered","","1268",,,,,,,,,,,,,,,,,"","","","","","","","",,
"react-baseline-vs-ccrs-v1-t2","002-ccrs","react_ccrs_mazeV1_t2","react_ccrs_mazeV1_t2_20260625_141909.log","74194","react.ccrs.contingency.escalation.skipped","","1268",,,,,,"no_escalation_condition_met",,,,,,,,,,,"","","","","","","","",,
"react-baseline-vs-ccrs-v1-t2","002-ccrs","react_ccrs_mazeV1_t2","react_ccrs_mazeV1_t2_20260625_141909.log","74278","react.ccrs.contingency.escalation.considered","","1269",,,,,,,,,,,,,,,,,"","","","","","","","",,
"react-baseline-vs-ccrs-v1-t2","002-ccrs","react_ccrs_mazeV1_t2","react_ccrs_mazeV1_t2_20260625_141909.log","74279","react.ccrs.contingency.escalation.skipped","","1269",,,,,,"no_escalation_condition_met",,,,,,,,,,,"","","","","","","","",,
"react-baseline-vs-ccrs-v1-t2","002-ccrs","react_ccrs_mazeV1_t2","react_ccrs_mazeV1_t2_20260625_141909.log","74363","react.ccrs.contingency.escalation.considered","","1270",,,,,,,,,,,,,,,,,"","","","","","","","",,
"react-baseline-vs-ccrs-v1-t2","002-ccrs","react_ccrs_mazeV1_t2","react_ccrs_mazeV1_t2_20260625_141909.log","74364","react.ccrs.contingency.escalation.skipped","","1270",,,,,,"no_escalation_condition_met",,,,,,,,,,,"","","","","","","","",,
"react-baseline-vs-ccrs-v1-t2","002-ccrs","react_ccrs_mazeV1_t2","react_ccrs_mazeV1_t2_20260625_141909.log","74375","react.ccrs.contingency.escalation.considered","","1271",,,,,,,,,,,,,,,,,"","","","","","","","",,
"react-baseline-vs-ccrs-v1-t2","002-ccrs","react_ccrs_mazeV1_t2","react_ccrs_mazeV1_t2_20260625_141909.log","74376","react.ccrs.contingency.escalation.skipped","","1271",,,,,,"no_escalation_condition_met",,,,,,,,,,,"","","","","","","","",,
"react-baseline-vs-ccrs-v1-t2","002-ccrs","react_ccrs_mazeV1_t2","react_ccrs_mazeV1_t2_20260625_141909.log","74498","react.ccrs.contingency.escalation.considered","","1272",,,,,,,,,,,,,,,,,"","","","","","","","",,
"react-baseline-vs-ccrs-v1-t2","002-ccrs","react_ccrs_mazeV1_t2","react_ccrs_mazeV1_t2_20260625_141909.log","74499","react.ccrs.contingency.escalation.skipped","","1272",,,,,,"no_escalation_condition_met",,,,,,,,,,,"","","","","","","","",,
"react-baseline-vs-ccrs-v1-t2","002-ccrs","react_ccrs_mazeV1_t2","react_ccrs_mazeV1_t2_20260625_141909.log","74621","react.ccrs.contingency.escalation.considered","","1273",,,,,,,,,,,,,,,,,"","","","","","","","",,
"react-baseline-vs-ccrs-v1-t2","002-ccrs","react_ccrs_mazeV1_t2","react_ccrs_mazeV1_t2_20260625_141909.log","74622","react.ccrs.contingency.escalation.skipped","","1273",,,,,,"no_escalation_condition_met",,,,,,,,,,,"","","","","","","","",,
"react-baseline-vs-ccrs-v1-t2","002-ccrs","react_ccrs_mazeV1_t2","react_ccrs_mazeV1_t2_20260625_141909.log","74744","react.ccrs.contingency.escalation.considered","","1274",,,,,,,,,,,,,,,,,"","","","","","","","",,
"react-baseline-vs-ccrs-v1-t2","002-ccrs","react_ccrs_mazeV1_t2","react_ccrs_mazeV1_t2_20260625_141909.log","74745","react.ccrs.contingency.escalation.skipped","","1274",,,,,,"no_escalation_condition_met",,,,,,,,,,,"","","","","","","","",,
"react-baseline-vs-ccrs-v1-t2","002-ccrs","react_ccrs_mazeV1_t2","react_ccrs_mazeV1_t2_20260625_141909.log","74867","react.ccrs.contingency.escalation.considered","","1275",,,,,,,,,,,,,,,,,"","","","","","","","",,
"react-baseline-vs-ccrs-v1-t2","002-ccrs","react_ccrs_mazeV1_t2","react_ccrs_mazeV1_t2_20260625_141909.log","74868","react.ccrs.contingency.escalation.skipped","","1275",,,,,,"no_escalation_condition_met",,,,,,,,,,,"","","","","","","","",,
"react-baseline-vs-ccrs-v1-t2","002-ccrs","react_ccrs_mazeV1_t2","react_ccrs_mazeV1_t2_20260625_141909.log","74990","react.ccrs.contingency.escalation.considered","","1276",,,,,,,,,,,,,,,,,"","","","","","","","",,
"react-baseline-vs-ccrs-v1-t2","002-ccrs","react_ccrs_mazeV1_t2","react_ccrs_mazeV1_t2_20260625_141909.log","74991","react.ccrs.contingency.escalation.skipped","","1276",,,,,,"no_escalation_condition_met",,,,,,,,,,,"","","","","","","","",,
"react-baseline-vs-ccrs-v1-t2","002-ccrs","react_ccrs_mazeV1_t2","react_ccrs_mazeV1_t2_20260625_141909.log","75113","react.ccrs.contingency.escalation.considered","","1277",,,,,,,,,,,,,,,,,"","","","","","","","",,
"react-baseline-vs-ccrs-v1-t2","002-ccrs","react_ccrs_mazeV1_t2","react_ccrs_mazeV1_t2_20260625_141909.log","75114","react.ccrs.contingency.escalation.skipped","","1277",,,,,,"no_escalation_condition_met",,,,,,,,,,,"","","","","","","","",,
"react-baseline-vs-ccrs-v1-t2","002-ccrs","react_ccrs_mazeV1_t2","react_ccrs_mazeV1_t2_20260625_141909.log","75236","react.ccrs.contingency.escalation.considered","","1278",,,,,,,,,,,,,,,,,"","","","","","","","",,
"react-baseline-vs-ccrs-v1-t2","002-ccrs","react_ccrs_mazeV1_t2","react_ccrs_mazeV1_t2_20260625_141909.log","75237","react.ccrs.contingency.escalation.skipped","","1278",,,,,,"no_escalation_condition_met",,,,,,,,,,,"","","","","","","","",,
"react-baseline-vs-ccrs-v1-t2","002-ccrs","react_ccrs_mazeV1_t2","react_ccrs_mazeV1_t2_20260625_141909.log","75359","react.ccrs.contingency.escalation.considered","","1279",,,,,,,,,,,,,,,,,"","","","","","","","",,
"react-baseline-vs-ccrs-v1-t2","002-ccrs","react_ccrs_mazeV1_t2","react_ccrs_mazeV1_t2_20260625_141909.log","75360","react.ccrs.contingency.escalation.skipped","","1279",,,,,,"no_escalation_condition_met",,,,,,,,,,,"","","","","","","","",,
"react-baseline-vs-ccrs-v1-t2","002-ccrs","react_ccrs_mazeV1_t2","react_ccrs_mazeV1_t2_20260625_141909.log","75482","react.ccrs.contingency.escalation.considered","","1280",,,,,,,,,,,,,,,,,"","","","","","","","",,
"react-baseline-vs-ccrs-v1-t2","002-ccrs","react_ccrs_mazeV1_t2","react_ccrs_mazeV1_t2_20260625_141909.log","75483","react.ccrs.contingency.escalation.skipped","","1280",,,,,,"no_escalation_condition_met",,,,,,,,,,,"","","","","","","","",,
"react-baseline-vs-ccrs-v1-t2","002-ccrs","react_ccrs_mazeV1_t2","react_ccrs_mazeV1_t2_20260625_141909.log","75605","react.ccrs.contingency.escalation.considered","","1281",,,,,,,,,,,,,,,,,"","","","","","","","",,
"react-baseline-vs-ccrs-v1-t2","002-ccrs","react_ccrs_mazeV1_t2","react_ccrs_mazeV1_t2_20260625_141909.log","75606","react.ccrs.contingency.escalation.skipped","","1281",,,,,,"no_escalation_condition_met",,,,,,,,,,,"","","","","","","","",,
"react-baseline-vs-ccrs-v1-t2","002-ccrs","react_ccrs_mazeV1_t2","react_ccrs_mazeV1_t2_20260625_141909.log","75728","react.ccrs.contingency.escalation.considered","","1282",,,,,,,,,,,,,,,,,"","","","","","","","",,
"react-baseline-vs-ccrs-v1-t2","002-ccrs","react_ccrs_mazeV1_t2","react_ccrs_mazeV1_t2_20260625_141909.log","75729","react.ccrs.contingency.escalation.skipped","","1282",,,,,,"no_escalation_condition_met",,,,,,,,,,,"","","","","","","","",,
"react-baseline-vs-ccrs-v1-t2","002-ccrs","react_ccrs_mazeV1_t2","react_ccrs_mazeV1_t2_20260625_141909.log","75851","react.ccrs.contingency.escalation.considered","","1283",,,,,,,,,,,,,,,,,"","","","","","","","",,
"react-baseline-vs-ccrs-v1-t2","002-ccrs","react_ccrs_mazeV1_t2","react_ccrs_mazeV1_t2_20260625_141909.log","75852","react.ccrs.contingency.escalation.skipped","","1283",,,,,,"no_escalation_condition_met",,,,,,,,,,,"","","","","","","","",,
"react-baseline-vs-ccrs-v1-t2","002-ccrs","react_ccrs_mazeV1_t2","react_ccrs_mazeV1_t2_20260625_141909.log","75863","react.ccrs.contingency.escalation.considered","","1284",,,,,,,,,,,,,,,,,"","","","","","","","",,
"react-baseline-vs-ccrs-v1-t2","002-ccrs","react_ccrs_mazeV1_t2","react_ccrs_mazeV1_t2_20260625_141909.log","75864","react.ccrs.contingency.escalation.skipped","","1284",,,,,,"no_escalation_condition_met",,,,,,,,,,,"","","","","","","","",,
"react-baseline-vs-ccrs-v1-t2","002-ccrs","react_ccrs_mazeV1_t2","react_ccrs_mazeV1_t2_20260625_141909.log","75948","react.ccrs.contingency.escalation.considered","","1285",,,,,,,,,,,,,,,,,"","","","","","","","",,
"react-baseline-vs-ccrs-v1-t2","002-ccrs","react_ccrs_mazeV1_t2","react_ccrs_mazeV1_t2_20260625_141909.log","75949","react.ccrs.contingency.escalation.skipped","","1285",,,,,,"no_escalation_condition_met",,,,,,,,,,,"","","","","","","","",,
"react-baseline-vs-ccrs-v1-t2","002-ccrs","react_ccrs_mazeV1_t2","react_ccrs_mazeV1_t2_20260625_141909.log","76033","react.ccrs.contingency.escalation.considered","","1286",,,,,,,,,,,,,,,,,"","","","","","","","",,
"react-baseline-vs-ccrs-v1-t2","002-ccrs","react_ccrs_mazeV1_t2","react_ccrs_mazeV1_t2_20260625_141909.log","76034","react.ccrs.contingency.escalation.skipped","","1286",,,,,,"no_escalation_condition_met",,,,,,,,,,,"","","","","","","","",,
"react-baseline-vs-ccrs-v1-t2","002-ccrs","react_ccrs_mazeV1_t2","react_ccrs_mazeV1_t2_20260625_141909.log","76118","react.ccrs.contingency.escalation.considered","","1287",,,,,,,,,,,,,,,,,"","","","","","","","",,
"react-baseline-vs-ccrs-v1-t2","002-ccrs","react_ccrs_mazeV1_t2","react_ccrs_mazeV1_t2_20260625_141909.log","76119","react.ccrs.contingency.escalation.skipped","","1287",,,,,,"no_escalation_condition_met",,,,,,,,,,,"","","","","","","","",,
"react-baseline-vs-ccrs-v1-t2","002-ccrs","react_ccrs_mazeV1_t2","react_ccrs_mazeV1_t2_20260625_141909.log","76203","react.ccrs.contingency.escalation.considered","","1288",,,,,,,,,,,,,,,,,"","","","","","","","",,
"react-baseline-vs-ccrs-v1-t2","002-ccrs","react_ccrs_mazeV1_t2","react_ccrs_mazeV1_t2_20260625_141909.log","76204","react.ccrs.contingency.escalation.skipped","","1288",,,,,,"no_escalation_condition_met",,,,,,,,,,,"","","","","","","","",,
"react-baseline-vs-ccrs-v1-t2","002-ccrs","react_ccrs_mazeV1_t2","react_ccrs_mazeV1_t2_20260625_141909.log","76288","react.ccrs.contingency.escalation.considered","","1289",,,,,,,,,,,,,,,,,"","","","","","","","",,
"react-baseline-vs-ccrs-v1-t2","002-ccrs","react_ccrs_mazeV1_t2","react_ccrs_mazeV1_t2_20260625_141909.log","76289","react.ccrs.contingency.escalation.skipped","","1289",,,,,,"no_escalation_condition_met",,,,,,,,,,,"","","","","","","","",,
"react-baseline-vs-ccrs-v1-t2","002-ccrs","react_ccrs_mazeV1_t2","react_ccrs_mazeV1_t2_20260625_141909.log","76373","react.ccrs.contingency.escalation.considered","","1290",,,,,,,,,,,,,,,,,"","","","","","","","",,
"react-baseline-vs-ccrs-v1-t2","002-ccrs","react_ccrs_mazeV1_t2","react_ccrs_mazeV1_t2_20260625_141909.log","76374","react.ccrs.contingency.escalation.skipped","","1290",,,,,,"no_escalation_condition_met",,,,,,,,,,,"","","","","","","","",,
"react-baseline-vs-ccrs-v1-t2","002-ccrs","react_ccrs_mazeV1_t2","react_ccrs_mazeV1_t2_20260625_141909.log","76458","react.ccrs.contingency.escalation.considered","","1291",,,,,,,,,,,,,,,,,"","","","","","","","",,
"react-baseline-vs-ccrs-v1-t2","002-ccrs","react_ccrs_mazeV1_t2","react_ccrs_mazeV1_t2_20260625_141909.log","76459","react.ccrs.contingency.escalation.skipped","","1291",,,,,,"no_escalation_condition_met",,,,,,,,,,,"","","","","","","","",,
"react-baseline-vs-ccrs-v1-t2","002-ccrs","react_ccrs_mazeV1_t2","react_ccrs_mazeV1_t2_20260625_141909.log","76475","react.ccrs.contingency.escalation.considered","","1292",,,,,,,,,,,,,,,,,"","","","","","","","",,
"react-baseline-vs-ccrs-v1-t2","002-ccrs","react_ccrs_mazeV1_t2","react_ccrs_mazeV1_t2_20260625_141909.log","76476","react.ccrs.contingency.escalation.skipped","","1292",,,,,,"no_escalation_condition_met",,,,,,,,,,,"","","","","","","","",,
"react-baseline-vs-ccrs-v1-t2","002-ccrs","react_ccrs_mazeV1_t2","react_ccrs_mazeV1_t2_20260625_141909.log","76560","react.ccrs.contingency.escalation.considered","","1293",,,,,,,,,,,,,,,,,"","","","","","","","",,
"react-baseline-vs-ccrs-v1-t2","002-ccrs","react_ccrs_mazeV1_t2","react_ccrs_mazeV1_t2_20260625_141909.log","76561","react.ccrs.contingency.escalation.skipped","","1293",,,,,,"no_escalation_condition_met",,,,,,,,,,,"","","","","","","","",,
"react-baseline-vs-ccrs-v1-t2","002-ccrs","react_ccrs_mazeV1_t2","react_ccrs_mazeV1_t2_20260625_141909.log","76645","react.ccrs.contingency.escalation.considered","","1294",,,,,,,,,,,,,,,,,"","","","","","","","",,
"react-baseline-vs-ccrs-v1-t2","002-ccrs","react_ccrs_mazeV1_t2","react_ccrs_mazeV1_t2_20260625_141909.log","76646","react.ccrs.contingency.escalation.skipped","","1294",,,,,,"no_escalation_condition_met",,,,,,,,,,,"","","","","","","","",,
"react-baseline-vs-ccrs-v1-t2","002-ccrs","react_ccrs_mazeV1_t2","react_ccrs_mazeV1_t2_20260625_141909.log","76730","react.ccrs.contingency.escalation.considered","","1295",,,,,,,,,,,,,,,,,"","","","","","","","",,
"react-baseline-vs-ccrs-v1-t2","002-ccrs","react_ccrs_mazeV1_t2","react_ccrs_mazeV1_t2_20260625_141909.log","76731","react.ccrs.contingency.escalation.skipped","","1295",,,,,,"no_escalation_condition_met",,,,,,,,,,,"","","","","","","","",,
"react-baseline-vs-ccrs-v1-t2","002-ccrs","react_ccrs_mazeV1_t2","react_ccrs_mazeV1_t2_20260625_141909.log","76815","react.ccrs.contingency.escalation.considered","","1296",,,,,,,,,,,,,,,,,"","","","","","","","",,
"react-baseline-vs-ccrs-v1-t2","002-ccrs","react_ccrs_mazeV1_t2","react_ccrs_mazeV1_t2_20260625_141909.log","76816","react.ccrs.contingency.escalation.skipped","","1296",,,,,,"no_escalation_condition_met",,,,,,,,,,,"","","","","","","","",,
"react-baseline-vs-ccrs-v1-t2","002-ccrs","react_ccrs_mazeV1_t2","react_ccrs_mazeV1_t2_20260625_141909.log","76900","react.ccrs.contingency.escalation.considered","","1297",,,,,,,,,,,,,,,,,"","","","","","","","",,
"react-baseline-vs-ccrs-v1-t2","002-ccrs","react_ccrs_mazeV1_t2","react_ccrs_mazeV1_t2_20260625_141909.log","76901","react.ccrs.contingency.escalation.skipped","","1297",,,,,,"no_escalation_condition_met",,,,,,,,,,,"","","","","","","","",,
"react-baseline-vs-ccrs-v1-t2","002-ccrs","react_ccrs_mazeV1_t2","react_ccrs_mazeV1_t2_20260625_141909.log","76985","react.ccrs.contingency.escalation.considered","","1298",,,,,,,,,,,,,,,,,"","","","","","","","",,
"react-baseline-vs-ccrs-v1-t2","002-ccrs","react_ccrs_mazeV1_t2","react_ccrs_mazeV1_t2_20260625_141909.log","76986","react.ccrs.contingency.escalation.skipped","","1298",,,,,,"no_escalation_condition_met",,,,,,,,,,,"","","","","","","","",,
"react-baseline-vs-ccrs-v1-t2","002-ccrs","react_ccrs_mazeV1_t2","react_ccrs_mazeV1_t2_20260625_141909.log","77070","react.ccrs.contingency.escalation.considered","","1299",,,,,,,,,,,,,,,,,"","","","","","","","",,
"react-baseline-vs-ccrs-v1-t2","002-ccrs","react_ccrs_mazeV1_t2","react_ccrs_mazeV1_t2_20260625_141909.log","77071","react.ccrs.contingency.escalation.skipped","","1299",,,,,,"no_escalation_condition_met",,,,,,,,,,,"","","","","","","","",,
"react-baseline-vs-ccrs-v1-t2","002-ccrs","react_ccrs_mazeV1_t2","react_ccrs_mazeV1_t2_20260625_141909.log","77155","react.ccrs.contingency.escalation.considered","","1300",,,,,,,,,,,,,,,,,"","","","","","","","",,
"react-baseline-vs-ccrs-v1-t2","002-ccrs","react_ccrs_mazeV1_t2","react_ccrs_mazeV1_t2_20260625_141909.log","77156","react.ccrs.contingency.escalation.skipped","","1300",,,,,,"no_escalation_condition_met",,,,,,,,,,,"","","","","","","","",,
"react-baseline-vs-ccrs-v1-t2","002-ccrs","react_ccrs_mazeV1_t2","react_ccrs_mazeV1_t2_20260625_141909.log","77172","react.ccrs.contingency.escalation.considered","","1301",,,,,,,,,,,,,,,,,"","","","","","","","",,
"react-baseline-vs-ccrs-v1-t2","002-ccrs","react_ccrs_mazeV1_t2","react_ccrs_mazeV1_t2_20260625_141909.log","77173","react.ccrs.contingency.escalation.skipped","","1301",,,,,,"no_escalation_condition_met",,,,,,,,,,,"","","","","","","","",,
"react-baseline-vs-ccrs-v1-t2","002-ccrs","react_ccrs_mazeV1_t2","react_ccrs_mazeV1_t2_20260625_141909.log","77257","react.ccrs.contingency.escalation.considered","","1302",,,,,,,,,,,,,,,,,"","","","","","","","",,
"react-baseline-vs-ccrs-v1-t2","002-ccrs","react_ccrs_mazeV1_t2","react_ccrs_mazeV1_t2_20260625_141909.log","77258","react.ccrs.contingency.escalation.skipped","","1302",,,,,,"no_escalation_condition_met",,,,,,,,,,,"","","","","","","","",,
"react-baseline-vs-ccrs-v1-t2","002-ccrs","react_ccrs_mazeV1_t2","react_ccrs_mazeV1_t2_20260625_141909.log","77274","react.ccrs.contingency.escalation.considered","","1303",,,,,,,,,,,,,,,,,"","","","","","","","",,
"react-baseline-vs-ccrs-v1-t2","002-ccrs","react_ccrs_mazeV1_t2","react_ccrs_mazeV1_t2_20260625_141909.log","77275","react.ccrs.contingency.escalation.skipped","","1303",,,,,,"no_escalation_condition_met",,,,,,,,,,,"","","","","","","","",,
"react-baseline-vs-ccrs-v1-t2","002-ccrs","react_ccrs_mazeV1_t2","react_ccrs_mazeV1_t2_20260625_141909.log","77359","react.ccrs.contingency.escalation.considered","","1304",,,,,,,,,,,,,,,,,"","","","","","","","",,
"react-baseline-vs-ccrs-v1-t2","002-ccrs","react_ccrs_mazeV1_t2","react_ccrs_mazeV1_t2_20260625_141909.log","77360","react.ccrs.contingency.escalation.skipped","","1304",,,,,,"no_escalation_condition_met",,,,,,,,,,,"","","","","","","","",,
"react-baseline-vs-ccrs-v1-t2","002-ccrs","react_ccrs_mazeV1_t2","react_ccrs_mazeV1_t2_20260625_141909.log","77444","react.ccrs.contingency.escalation.considered","","1305",,,,,,,,,,,,,,,,,"","","","","","","","",,
"react-baseline-vs-ccrs-v1-t2","002-ccrs","react_ccrs_mazeV1_t2","react_ccrs_mazeV1_t2_20260625_141909.log","77445","react.ccrs.contingency.escalation.skipped","","1305",,,,,,"no_escalation_condition_met",,,,,,,,,,,"","","","","","","","",,
"react-baseline-vs-ccrs-v1-t2","002-ccrs","react_ccrs_mazeV1_t2","react_ccrs_mazeV1_t2_20260625_141909.log","77529","react.ccrs.contingency.escalation.considered","","1306",,,,,,,,,,,,,,,,,"","","","","","","","",,
"react-baseline-vs-ccrs-v1-t2","002-ccrs","react_ccrs_mazeV1_t2","react_ccrs_mazeV1_t2_20260625_141909.log","77530","react.ccrs.contingency.escalation.skipped","","1306",,,,,,"no_escalation_condition_met",,,,,,,,,,,"","","","","","","","",,
"react-baseline-vs-ccrs-v1-t2","002-ccrs","react_ccrs_mazeV1_t2","react_ccrs_mazeV1_t2_20260625_141909.log","77614","react.ccrs.contingency.escalation.considered","","1307",,,,,,,,,,,,,,,,,"","","","","","","","",,
"react-baseline-vs-ccrs-v1-t2","002-ccrs","react_ccrs_mazeV1_t2","react_ccrs_mazeV1_t2_20260625_141909.log","77615","react.ccrs.contingency.escalation.skipped","","1307",,,,,,"no_escalation_condition_met",,,,,,,,,,,"","","","","","","","",,
"react-baseline-vs-ccrs-v1-t2","002-ccrs","react_ccrs_mazeV1_t2","react_ccrs_mazeV1_t2_20260625_141909.log","77631","react.ccrs.contingency.escalation.considered","","1308",,,,,,,,,,,,,,,,,"","","","","","","","",,
"react-baseline-vs-ccrs-v1-t2","002-ccrs","react_ccrs_mazeV1_t2","react_ccrs_mazeV1_t2_20260625_141909.log","77632","react.ccrs.contingency.escalation.skipped","","1308",,,,,,"no_escalation_condition_met",,,,,,,,,,,"","","","","","","","",,
"react-baseline-vs-ccrs-v1-t2","002-ccrs","react_ccrs_mazeV1_t2","react_ccrs_mazeV1_t2_20260625_141909.log","77716","react.ccrs.contingency.escalation.considered","","1309",,,,,,,,,,,,,,,,,"","","","","","","","",,
"react-baseline-vs-ccrs-v1-t2","002-ccrs","react_ccrs_mazeV1_t2","react_ccrs_mazeV1_t2_20260625_141909.log","77717","react.ccrs.contingency.escalation.skipped","","1309",,,,,,"no_escalation_condition_met",,,,,,,,,,,"","","","","","","","",,
"react-baseline-vs-ccrs-v1-t2","002-ccrs","react_ccrs_mazeV1_t2","react_ccrs_mazeV1_t2_20260625_141909.log","77728","react.ccrs.contingency.escalation.considered","","1310",,,,,,,,,,,,,,,,,"","","","","","","","",,
"react-baseline-vs-ccrs-v1-t2","002-ccrs","react_ccrs_mazeV1_t2","react_ccrs_mazeV1_t2_20260625_141909.log","77729","react.ccrs.contingency.escalation.skipped","","1310",,,,,,"no_escalation_condition_met",,,,,,,,,,,"","","","","","","","",,
"react-baseline-vs-ccrs-v1-t2","002-ccrs","react_ccrs_mazeV1_t2","react_ccrs_mazeV1_t2_20260625_141909.log","77813","react.ccrs.contingency.escalation.considered","","1311",,,,,,,,,,,,,,,,,"","","","","","","","",,
"react-baseline-vs-ccrs-v1-t2","002-ccrs","react_ccrs_mazeV1_t2","react_ccrs_mazeV1_t2_20260625_141909.log","77814","react.ccrs.contingency.escalation.skipped","","1311",,,,,,"no_escalation_condition_met",,,,,,,,,,,"","","","","","","","",,
"react-baseline-vs-ccrs-v1-t2","002-ccrs","react_ccrs_mazeV1_t2","react_ccrs_mazeV1_t2_20260625_141909.log","77898","react.ccrs.contingency.escalation.considered","","1312",,,,,,,,,,,,,,,,,"","","","","","","","",,
"react-baseline-vs-ccrs-v1-t2","002-ccrs","react_ccrs_mazeV1_t2","react_ccrs_mazeV1_t2_20260625_141909.log","77899","react.ccrs.contingency.escalation.skipped","","1312",,,,,,"no_escalation_condition_met",,,,,,,,,,,"","","","","","","","",,
"react-baseline-vs-ccrs-v1-t2","002-ccrs","react_ccrs_mazeV1_t2","react_ccrs_mazeV1_t2_20260625_141909.log","77983","react.ccrs.contingency.escalation.considered","","1313",,,,,,,,,,,,,,,,,"","","","","","","","",,
"react-baseline-vs-ccrs-v1-t2","002-ccrs","react_ccrs_mazeV1_t2","react_ccrs_mazeV1_t2_20260625_141909.log","77984","react.ccrs.contingency.escalation.skipped","","1313",,,,,,"no_escalation_condition_met",,,,,,,,,,,"","","","","","","","",,
"react-baseline-vs-ccrs-v1-t2","002-ccrs","react_ccrs_mazeV1_t2","react_ccrs_mazeV1_t2_20260625_141909.log","78068","react.ccrs.contingency.escalation.considered","","1314",,,,,,,,,,,,,,,,,"","","","","","","","",,
"react-baseline-vs-ccrs-v1-t2","002-ccrs","react_ccrs_mazeV1_t2","react_ccrs_mazeV1_t2_20260625_141909.log","78069","react.ccrs.contingency.escalation.skipped","","1314",,,,,,"no_escalation_condition_met",,,,,,,,,,,"","","","","","","","",,
"react-baseline-vs-ccrs-v1-t2","002-ccrs","react_ccrs_mazeV1_t2","react_ccrs_mazeV1_t2_20260625_141909.log","78080","react.ccrs.contingency.escalation.considered","","1315",,,,,,,,,,,,,,,,,"","","","","","","","",,
"react-baseline-vs-ccrs-v1-t2","002-ccrs","react_ccrs_mazeV1_t2","react_ccrs_mazeV1_t2_20260625_141909.log","78081","react.ccrs.contingency.escalation.skipped","","1315",,,,,,"no_escalation_condition_met",,,,,,,,,,,"","","","","","","","",,
"react-baseline-vs-ccrs-v1-t2","002-ccrs","react_ccrs_mazeV1_t2","react_ccrs_mazeV1_t2_20260625_141909.log","78165","react.ccrs.contingency.escalation.considered","","1316",,,,,,,,,,,,,,,,,"","","","","","","","",,
"react-baseline-vs-ccrs-v1-t2","002-ccrs","react_ccrs_mazeV1_t2","react_ccrs_mazeV1_t2_20260625_141909.log","78166","react.ccrs.contingency.escalation.skipped","","1316",,,,,,"no_escalation_condition_met",,,,,,,,,,,"","","","","","","","",,
"react-baseline-vs-ccrs-v1-t2","002-ccrs","react_ccrs_mazeV1_t2","react_ccrs_mazeV1_t2_20260625_141909.log","78250","react.ccrs.contingency.escalation.considered","","1317",,,,,,,,,,,,,,,,,"","","","","","","","",,
"react-baseline-vs-ccrs-v1-t2","002-ccrs","react_ccrs_mazeV1_t2","react_ccrs_mazeV1_t2_20260625_141909.log","78251","react.ccrs.contingency.escalation.skipped","","1317",,,,,,"no_escalation_condition_met",,,,,,,,,,,"","","","","","","","",,
"react-baseline-vs-ccrs-v1-t2","002-ccrs","react_ccrs_mazeV1_t2","react_ccrs_mazeV1_t2_20260625_141909.log","78335","react.ccrs.contingency.escalation.considered","","1318",,,,,,,,,,,,,,,,,"","","","","","","","",,
"react-baseline-vs-ccrs-v1-t2","002-ccrs","react_ccrs_mazeV1_t2","react_ccrs_mazeV1_t2_20260625_141909.log","78336","react.ccrs.contingency.escalation.skipped","","1318",,,,,,"no_escalation_condition_met",,,,,,,,,,,"","","","","","","","",,
"react-baseline-vs-ccrs-v1-t2","002-ccrs","react_ccrs_mazeV1_t2","react_ccrs_mazeV1_t2_20260625_141909.log","78420","react.ccrs.contingency.escalation.considered","","1319",,,,,,,,,,,,,,,,,"","","","","","","","",,
"react-baseline-vs-ccrs-v1-t2","002-ccrs","react_ccrs_mazeV1_t2","react_ccrs_mazeV1_t2_20260625_141909.log","78421","react.ccrs.contingency.escalation.skipped","","1319",,,,,,"no_escalation_condition_met",,,,,,,,,,,"","","","","","","","",,
"react-baseline-vs-ccrs-v1-t2","002-ccrs","react_ccrs_mazeV1_t2","react_ccrs_mazeV1_t2_20260625_141909.log","78505","react.ccrs.contingency.escalation.considered","","1320",,,,,,,,,,,,,,,,,"","","","","","","","",,
"react-baseline-vs-ccrs-v1-t2","002-ccrs","react_ccrs_mazeV1_t2","react_ccrs_mazeV1_t2_20260625_141909.log","78506","react.ccrs.contingency.escalation.skipped","","1320",,,,,,"no_escalation_condition_met",,,,,,,,,,,"","","","","","","","",,
"react-baseline-vs-ccrs-v1-t2","002-ccrs","react_ccrs_mazeV1_t2","react_ccrs_mazeV1_t2_20260625_141909.log","78590","react.ccrs.contingency.escalation.considered","","1321",,,,,,,,,,,,,,,,,"","","","","","","","",,
"react-baseline-vs-ccrs-v1-t2","002-ccrs","react_ccrs_mazeV1_t2","react_ccrs_mazeV1_t2_20260625_141909.log","78591","react.ccrs.contingency.escalation.skipped","","1321",,,,,,"no_escalation_condition_met",,,,,,,,,,,"","","","","","","","",,
"react-baseline-vs-ccrs-v1-t2","002-ccrs","react_ccrs_mazeV1_t2","react_ccrs_mazeV1_t2_20260625_141909.log","78607","react.ccrs.contingency.escalation.considered","","1322",,,,,,,,,,,,,,,,,"","","","","","","","",,
"react-baseline-vs-ccrs-v1-t2","002-ccrs","react_ccrs_mazeV1_t2","react_ccrs_mazeV1_t2_20260625_141909.log","78608","react.ccrs.contingency.escalation.skipped","","1322",,,,,,"no_escalation_condition_met",,,,,,,,,,,"","","","","","","","",,
"react-baseline-vs-ccrs-v1-t2","002-ccrs","react_ccrs_mazeV1_t2","react_ccrs_mazeV1_t2_20260625_141909.log","78619","react.ccrs.contingency.escalation.considered","","1323",,,,,,,,,,,,,,,,,"","","","","","","","",,
"react-baseline-vs-ccrs-v1-t2","002-ccrs","react_ccrs_mazeV1_t2","react_ccrs_mazeV1_t2_20260625_141909.log","78620","react.ccrs.contingency.escalation.skipped","","1323",,,,,,"no_escalation_condition_met",,,,,,,,,,,"","","","","","","","",,
"react-baseline-vs-ccrs-v1-t2","002-ccrs","react_ccrs_mazeV1_t2","react_ccrs_mazeV1_t2_20260625_141909.log","78704","react.ccrs.contingency.escalation.considered","","1324",,,,,,,,,,,,,,,,,"","","","","","","","",,
"react-baseline-vs-ccrs-v1-t2","002-ccrs","react_ccrs_mazeV1_t2","react_ccrs_mazeV1_t2_20260625_141909.log","78705","react.ccrs.contingency.escalation.skipped","","1324",,,,,,"no_escalation_condition_met",,,,,,,,,,,"","","","","","","","",,
"react-baseline-vs-ccrs-v1-t2","002-ccrs","react_ccrs_mazeV1_t2","react_ccrs_mazeV1_t2_20260625_141909.log","78789","react.ccrs.contingency.escalation.considered","","1325",,,,,,,,,,,,,,,,,"","","","","","","","",,
"react-baseline-vs-ccrs-v1-t2","002-ccrs","react_ccrs_mazeV1_t2","react_ccrs_mazeV1_t2_20260625_141909.log","78790","react.ccrs.contingency.escalation.skipped","","1325",,,,,,"no_escalation_condition_met",,,,,,,,,,,"","","","","","","","",,
"react-baseline-vs-ccrs-v1-t2","002-ccrs","react_ccrs_mazeV1_t2","react_ccrs_mazeV1_t2_20260625_141909.log","78874","react.ccrs.contingency.escalation.considered","","1326",,,,,,,,,,,,,,,,,"","","","","","","","",,
"react-baseline-vs-ccrs-v1-t2","002-ccrs","react_ccrs_mazeV1_t2","react_ccrs_mazeV1_t2_20260625_141909.log","78875","react.ccrs.contingency.escalation.skipped","","1326",,,,,,"no_escalation_condition_met",,,,,,,,,,,"","","","","","","","",,
"react-baseline-vs-ccrs-v1-t2","002-ccrs","react_ccrs_mazeV1_t2","react_ccrs_mazeV1_t2_20260625_141909.log","78959","react.ccrs.contingency.escalation.considered","","1327",,,,,,,,,,,,,,,,,"","","","","","","","",,
"react-baseline-vs-ccrs-v1-t2","002-ccrs","react_ccrs_mazeV1_t2","react_ccrs_mazeV1_t2_20260625_141909.log","78960","react.ccrs.contingency.escalation.skipped","","1327",,,,,,"no_escalation_condition_met",,,,,,,,,,,"","","","","","","","",,
"react-baseline-vs-ccrs-v1-t2","002-ccrs","react_ccrs_mazeV1_t2","react_ccrs_mazeV1_t2_20260625_141909.log","79044","react.ccrs.contingency.escalation.considered","","1328",,,,,,,,,,,,,,,,,"","","","","","","","",,
"react-baseline-vs-ccrs-v1-t2","002-ccrs","react_ccrs_mazeV1_t2","react_ccrs_mazeV1_t2_20260625_141909.log","79045","react.ccrs.contingency.escalation.skipped","","1328",,,,,,"no_escalation_condition_met",,,,,,,,,,,"","","","","","","","",,
"react-baseline-vs-ccrs-v1-t2","002-ccrs","react_ccrs_mazeV1_t2","react_ccrs_mazeV1_t2_20260625_141909.log","79129","react.ccrs.contingency.escalation.considered","","1329",,,,,,,,,,,,,,,,,"","","","","","","","",,
"react-baseline-vs-ccrs-v1-t2","002-ccrs","react_ccrs_mazeV1_t2","react_ccrs_mazeV1_t2_20260625_141909.log","79130","react.ccrs.contingency.escalation.skipped","","1329",,,,,,"no_escalation_condition_met",,,,,,,,,,,"","","","","","","","",,
"react-baseline-vs-ccrs-v1-t2","002-ccrs","react_ccrs_mazeV1_t2","react_ccrs_mazeV1_t2_20260625_141909.log","79214","react.ccrs.contingency.escalation.considered","","1330",,,,,,,,,,,,,,,,,"","","","","","","","",,
"react-baseline-vs-ccrs-v1-t2","002-ccrs","react_ccrs_mazeV1_t2","react_ccrs_mazeV1_t2_20260625_141909.log","79215","react.ccrs.contingency.escalation.skipped","","1330",,,,,,"no_escalation_condition_met",,,,,,,,,,,"","","","","","","","",,
"react-baseline-vs-ccrs-v1-t2","002-ccrs","react_ccrs_mazeV1_t2","react_ccrs_mazeV1_t2_20260625_141909.log","79299","react.ccrs.contingency.escalation.considered","","1331",,,,,,,,,,,,,,,,,"","","","","","","","",,
"react-baseline-vs-ccrs-v1-t2","002-ccrs","react_ccrs_mazeV1_t2","react_ccrs_mazeV1_t2_20260625_141909.log","79300","react.ccrs.contingency.escalation.skipped","","1331",,,,,,"no_escalation_condition_met",,,,,,,,,,,"","","","","","","","",,
"react-baseline-vs-ccrs-v1-t2","002-ccrs","react_ccrs_mazeV1_t2","react_ccrs_mazeV1_t2_20260625_141909.log","79384","react.ccrs.contingency.escalation.considered","","1332",,,,,,,,,,,,,,,,,"","","","","","","","",,
"react-baseline-vs-ccrs-v1-t2","002-ccrs","react_ccrs_mazeV1_t2","react_ccrs_mazeV1_t2_20260625_141909.log","79385","react.ccrs.contingency.escalation.skipped","","1332",,,,,,"no_escalation_condition_met",,,,,,,,,,,"","","","","","","","",,
"react-baseline-vs-ccrs-v1-t2","002-ccrs","react_ccrs_mazeV1_t2","react_ccrs_mazeV1_t2_20260625_141909.log","79469","react.ccrs.contingency.escalation.considered","","1333",,,,,,,,,,,,,,,,,"","","","","","","","",,
"react-baseline-vs-ccrs-v1-t2","002-ccrs","react_ccrs_mazeV1_t2","react_ccrs_mazeV1_t2_20260625_141909.log","79470","react.ccrs.contingency.escalation.skipped","","1333",,,,,,"no_escalation_condition_met",,,,,,,,,,,"","","","","","","","",,
"react-baseline-vs-ccrs-v1-t2","002-ccrs","react_ccrs_mazeV1_t2","react_ccrs_mazeV1_t2_20260625_141909.log","79554","react.ccrs.contingency.escalation.considered","","1334",,,,,,,,,,,,,,,,,"","","","","","","","",,
"react-baseline-vs-ccrs-v1-t2","002-ccrs","react_ccrs_mazeV1_t2","react_ccrs_mazeV1_t2_20260625_141909.log","79555","react.ccrs.contingency.escalation.skipped","","1334",,,,,,"no_escalation_condition_met",,,,,,,,,,,"","","","","","","","",,
"react-baseline-vs-ccrs-v1-t2","002-ccrs","react_ccrs_mazeV1_t2","react_ccrs_mazeV1_t2_20260625_141909.log","79639","react.ccrs.contingency.escalation.considered","","1335",,,,,,,,,,,,,,,,,"","","","","","","","",,
"react-baseline-vs-ccrs-v1-t2","002-ccrs","react_ccrs_mazeV1_t2","react_ccrs_mazeV1_t2_20260625_141909.log","79640","react.ccrs.contingency.escalation.skipped","","1335",,,,,,"no_escalation_condition_met",,,,,,,,,,,"","","","","","","","",,
"react-baseline-vs-ccrs-v1-t2","002-ccrs","react_ccrs_mazeV1_t2","react_ccrs_mazeV1_t2_20260625_141909.log","79724","react.ccrs.contingency.escalation.considered","","1336",,,,,,,,,,,,,,,,,"","","","","","","","",,
"react-baseline-vs-ccrs-v1-t2","002-ccrs","react_ccrs_mazeV1_t2","react_ccrs_mazeV1_t2_20260625_141909.log","79725","react.ccrs.contingency.escalation.skipped","","1336",,,,,,"no_escalation_condition_met",,,,,,,,,,,"","","","","","","","",,
"react-baseline-vs-ccrs-v1-t2","002-ccrs","react_ccrs_mazeV1_t2","react_ccrs_mazeV1_t2_20260625_141909.log","79809","react.ccrs.contingency.escalation.considered","","1337",,,,,,,,,,,,,,,,,"","","","","","","","",,
"react-baseline-vs-ccrs-v1-t2","002-ccrs","react_ccrs_mazeV1_t2","react_ccrs_mazeV1_t2_20260625_141909.log","79810","react.ccrs.contingency.escalation.skipped","","1337",,,,,,"no_escalation_condition_met",,,,,,,,,,,"","","","","","","","",,
"react-baseline-vs-ccrs-v1-t2","002-ccrs","react_ccrs_mazeV1_t2","react_ccrs_mazeV1_t2_20260625_141909.log","79894","react.ccrs.contingency.escalation.considered","","1338",,,,,,,,,,,,,,,,,"","","","","","","","",,
"react-baseline-vs-ccrs-v1-t2","002-ccrs","react_ccrs_mazeV1_t2","react_ccrs_mazeV1_t2_20260625_141909.log","79895","react.ccrs.contingency.escalation.skipped","","1338",,,,,,"no_escalation_condition_met",,,,,,,,,,,"","","","","","","","",,
"react-baseline-vs-ccrs-v1-t2","002-ccrs","react_ccrs_mazeV1_t2","react_ccrs_mazeV1_t2_20260625_141909.log","79979","react.ccrs.contingency.escalation.considered","","1339",,,,,,,,,,,,,,,,,"","","","","","","","",,
"react-baseline-vs-ccrs-v1-t2","002-ccrs","react_ccrs_mazeV1_t2","react_ccrs_mazeV1_t2_20260625_141909.log","79980","react.ccrs.contingency.escalation.skipped","","1339",,,,,,"no_escalation_condition_met",,,,,,,,,,,"","","","","","","","",,
"react-baseline-vs-ccrs-v1-t2","002-ccrs","react_ccrs_mazeV1_t2","react_ccrs_mazeV1_t2_20260625_141909.log","80064","react.ccrs.contingency.escalation.considered","","1340",,,,,,,,,,,,,,,,,"","","","","","","","",,
"react-baseline-vs-ccrs-v1-t2","002-ccrs","react_ccrs_mazeV1_t2","react_ccrs_mazeV1_t2_20260625_141909.log","80065","react.ccrs.contingency.escalation.skipped","","1340",,,,,,"no_escalation_condition_met",,,,,,,,,,,"","","","","","","","",,
"react-baseline-vs-ccrs-v1-t2","002-ccrs","react_ccrs_mazeV1_t2","react_ccrs_mazeV1_t2_20260625_141909.log","80149","react.ccrs.contingency.escalation.considered","","1341",,,,,,,,,,,,,,,,,"","","","","","","","",,
"react-baseline-vs-ccrs-v1-t2","002-ccrs","react_ccrs_mazeV1_t2","react_ccrs_mazeV1_t2_20260625_141909.log","80150","react.ccrs.contingency.escalation.skipped","","1341",,,,,,"no_escalation_condition_met",,,,,,,,,,,"","","","","","","","",,
"react-baseline-vs-ccrs-v1-t2","002-ccrs","react_ccrs_mazeV1_t2","react_ccrs_mazeV1_t2_20260625_141909.log","80234","react.ccrs.contingency.escalation.considered","","1342",,,,,,,,,,,,,,,,,"","","","","","","","",,
"react-baseline-vs-ccrs-v1-t2","002-ccrs","react_ccrs_mazeV1_t2","react_ccrs_mazeV1_t2_20260625_141909.log","80235","react.ccrs.contingency.escalation.skipped","","1342",,,,,,"no_escalation_condition_met",,,,,,,,,,,"","","","","","","","",,
"react-baseline-vs-ccrs-v1-t2","002-ccrs","react_ccrs_mazeV1_t2","react_ccrs_mazeV1_t2_20260625_141909.log","80251","react.ccrs.contingency.escalation.considered","","1343",,,,,,,,,,,,,,,,,"","","","","","","","",,
"react-baseline-vs-ccrs-v1-t2","002-ccrs","react_ccrs_mazeV1_t2","react_ccrs_mazeV1_t2_20260625_141909.log","80252","react.ccrs.contingency.escalation.skipped","","1343",,,,,,"no_escalation_condition_met",,,,,,,,,,,"","","","","","","","",,
"react-baseline-vs-ccrs-v1-t2","002-ccrs","react_ccrs_mazeV1_t2","react_ccrs_mazeV1_t2_20260625_141909.log","80263","react.ccrs.contingency.escalation.considered","","1344",,,,,,,,,,,,,,,,,"","","","","","","","",,
"react-baseline-vs-ccrs-v1-t2","002-ccrs","react_ccrs_mazeV1_t2","react_ccrs_mazeV1_t2_20260625_141909.log","80264","react.ccrs.contingency.escalation.skipped","","1344",,,,,,"no_escalation_condition_met",,,,,,,,,,,"","","","","","","","",,
"react-baseline-vs-ccrs-v1-t2","002-ccrs","react_ccrs_mazeV1_t2","react_ccrs_mazeV1_t2_20260625_141909.log","80367","react.ccrs.contingency.escalation.considered","","1345",,,,,,,,,,,,,,,,,"","","","","","","","",,
"react-baseline-vs-ccrs-v1-t2","002-ccrs","react_ccrs_mazeV1_t2","react_ccrs_mazeV1_t2_20260625_141909.log","80368","react.ccrs.contingency.escalation.skipped","","1345",,,,,,"no_escalation_condition_met",,,,,,,,,,,"","","","","","","","",,
"react-baseline-vs-ccrs-v1-t2","002-ccrs","react_ccrs_mazeV1_t2","react_ccrs_mazeV1_t2_20260625_141909.log","80379","react.ccrs.contingency.escalation.considered","","1346",,,,,,,,,,,,,,,,,"","","","","","","","",,
"react-baseline-vs-ccrs-v1-t2","002-ccrs","react_ccrs_mazeV1_t2","react_ccrs_mazeV1_t2_20260625_141909.log","80380","react.ccrs.contingency.escalation.skipped","","1346",,,,,,"no_escalation_condition_met",,,,,,,,,,,"","","","","","","","",,
"react-baseline-vs-ccrs-v1-t2","002-ccrs","react_ccrs_mazeV1_t2","react_ccrs_mazeV1_t2_20260625_141909.log","80464","react.ccrs.contingency.escalation.considered","","1347",,,,,,,,,,,,,,,,,"","","","","","","","",,
"react-baseline-vs-ccrs-v1-t2","002-ccrs","react_ccrs_mazeV1_t2","react_ccrs_mazeV1_t2_20260625_141909.log","80465","react.ccrs.contingency.escalation.skipped","","1347",,,,,,"no_escalation_condition_met",,,,,,,,,,,"","","","","","","","",,
"react-baseline-vs-ccrs-v1-t2","002-ccrs","react_ccrs_mazeV1_t2","react_ccrs_mazeV1_t2_20260625_141909.log","80549","react.ccrs.contingency.escalation.considered","","1348",,,,,,,,,,,,,,,,,"","","","","","","","",,
"react-baseline-vs-ccrs-v1-t2","002-ccrs","react_ccrs_mazeV1_t2","react_ccrs_mazeV1_t2_20260625_141909.log","80550","react.ccrs.contingency.escalation.skipped","","1348",,,,,,"no_escalation_condition_met",,,,,,,,,,,"","","","","","","","",,
"react-baseline-vs-ccrs-v1-t2","002-ccrs","react_ccrs_mazeV1_t2","react_ccrs_mazeV1_t2_20260625_141909.log","80634","react.ccrs.contingency.escalation.considered","","1349",,,,,,,,,,,,,,,,,"","","","","","","","",,
"react-baseline-vs-ccrs-v1-t2","002-ccrs","react_ccrs_mazeV1_t2","react_ccrs_mazeV1_t2_20260625_141909.log","80635","react.ccrs.contingency.escalation.skipped","","1349",,,,,,"no_escalation_condition_met",,,,,,,,,,,"","","","","","","","",,
"react-baseline-vs-ccrs-v1-t2","002-ccrs","react_ccrs_mazeV1_t2","react_ccrs_mazeV1_t2_20260625_141909.log","80719","react.ccrs.contingency.escalation.considered","","1350",,,,,,,,,,,,,,,,,"","","","","","","","",,
"react-baseline-vs-ccrs-v1-t2","002-ccrs","react_ccrs_mazeV1_t2","react_ccrs_mazeV1_t2_20260625_141909.log","80720","react.ccrs.contingency.escalation.skipped","","1350",,,,,,"no_escalation_condition_met",,,,,,,,,,,"","","","","","","","",,
"react-baseline-vs-ccrs-v1-t2","002-ccrs","react_ccrs_mazeV1_t2","react_ccrs_mazeV1_t2_20260625_141909.log","80804","react.ccrs.contingency.escalation.considered","","1351",,,,,,,,,,,,,,,,,"","","","","","","","",,
"react-baseline-vs-ccrs-v1-t2","002-ccrs","react_ccrs_mazeV1_t2","react_ccrs_mazeV1_t2_20260625_141909.log","80805","react.ccrs.contingency.escalation.skipped","","1351",,,,,,"no_escalation_condition_met",,,,,,,,,,,"","","","","","","","",,
"react-baseline-vs-ccrs-v1-t2","002-ccrs","react_ccrs_mazeV1_t2","react_ccrs_mazeV1_t2_20260625_141909.log","80889","react.ccrs.contingency.escalation.considered","","1352",,,,,,,,,,,,,,,,,"","","","","","","","",,
"react-baseline-vs-ccrs-v1-t2","002-ccrs","react_ccrs_mazeV1_t2","react_ccrs_mazeV1_t2_20260625_141909.log","80890","react.ccrs.contingency.escalation.skipped","","1352",,,,,,"no_escalation_condition_met",,,,,,,,,,,"","","","","","","","",,
"react-baseline-vs-ccrs-v1-t2","002-ccrs","react_ccrs_mazeV1_t2","react_ccrs_mazeV1_t2_20260625_141909.log","80974","react.ccrs.contingency.escalation.considered","","1353",,,,,,,,,,,,,,,,,"","","","","","","","",,
"react-baseline-vs-ccrs-v1-t2","002-ccrs","react_ccrs_mazeV1_t2","react_ccrs_mazeV1_t2_20260625_141909.log","80975","react.ccrs.contingency.escalation.skipped","","1353",,,,,,"no_escalation_condition_met",,,,,,,,,,,"","","","","","","","",,
"react-baseline-vs-ccrs-v1-t2","002-ccrs","react_ccrs_mazeV1_t2","react_ccrs_mazeV1_t2_20260625_141909.log","81059","react.ccrs.contingency.escalation.considered","","1354",,,,,,,,,,,,,,,,,"","","","","","","","",,
"react-baseline-vs-ccrs-v1-t2","002-ccrs","react_ccrs_mazeV1_t2","react_ccrs_mazeV1_t2_20260625_141909.log","81060","react.ccrs.contingency.escalation.skipped","","1354",,,,,,"no_escalation_condition_met",,,,,,,,,,,"","","","","","","","",,
"react-baseline-vs-ccrs-v1-t2","002-ccrs","react_ccrs_mazeV1_t2","react_ccrs_mazeV1_t2_20260625_141909.log","81144","react.ccrs.contingency.escalation.considered","","1355",,,,,,,,,,,,,,,,,"","","","","","","","",,
"react-baseline-vs-ccrs-v1-t2","002-ccrs","react_ccrs_mazeV1_t2","react_ccrs_mazeV1_t2_20260625_141909.log","81145","react.ccrs.contingency.escalation.skipped","","1355",,,,,,"no_escalation_condition_met",,,,,,,,,,,"","","","","","","","",,
"react-baseline-vs-ccrs-v1-t2","002-ccrs","react_ccrs_mazeV1_t2","react_ccrs_mazeV1_t2_20260625_141909.log","81156","react.ccrs.contingency.escalation.considered","","1356",,,,,,,,,,,,,,,,,"","","","","","","","",,
"react-baseline-vs-ccrs-v1-t2","002-ccrs","react_ccrs_mazeV1_t2","react_ccrs_mazeV1_t2_20260625_141909.log","81157","react.ccrs.contingency.escalation.skipped","","1356",,,,,,"no_escalation_condition_met",,,,,,,,,,,"","","","","","","","",,
"react-baseline-vs-ccrs-v1-t2","002-ccrs","react_ccrs_mazeV1_t2","react_ccrs_mazeV1_t2_20260625_141909.log","81260","react.ccrs.contingency.escalation.considered","","1357",,,,,,,,,,,,,,,,,"","","","","","","","",,
"react-baseline-vs-ccrs-v1-t2","002-ccrs","react_ccrs_mazeV1_t2","react_ccrs_mazeV1_t2_20260625_141909.log","81261","react.ccrs.contingency.escalation.skipped","","1357",,,,,,"no_escalation_condition_met",,,,,,,,,,,"","","","","","","","",,
"react-baseline-vs-ccrs-v1-t2","002-ccrs","react_ccrs_mazeV1_t2","react_ccrs_mazeV1_t2_20260625_141909.log","81364","react.ccrs.contingency.escalation.considered","","1358",,,,,,,,,,,,,,,,,"","","","","","","","",,
"react-baseline-vs-ccrs-v1-t2","002-ccrs","react_ccrs_mazeV1_t2","react_ccrs_mazeV1_t2_20260625_141909.log","81365","react.ccrs.contingency.escalation.skipped","","1358",,,,,,"no_escalation_condition_met",,,,,,,,,,,"","","","","","","","",,
"react-baseline-vs-ccrs-v1-t2","002-ccrs","react_ccrs_mazeV1_t2","react_ccrs_mazeV1_t2_20260625_141909.log","81468","react.ccrs.contingency.escalation.considered","","1359",,,,,,,,,,,,,,,,,"","","","","","","","",,
"react-baseline-vs-ccrs-v1-t2","002-ccrs","react_ccrs_mazeV1_t2","react_ccrs_mazeV1_t2_20260625_141909.log","81469","react.ccrs.contingency.escalation.skipped","","1359",,,,,,"no_escalation_condition_met",,,,,,,,,,,"","","","","","","","",,
"react-baseline-vs-ccrs-v1-t2","002-ccrs","react_ccrs_mazeV1_t2","react_ccrs_mazeV1_t2_20260625_141909.log","81572","react.ccrs.contingency.escalation.considered","","1360",,,,,,,,,,,,,,,,,"","","","","","","","",,
"react-baseline-vs-ccrs-v1-t2","002-ccrs","react_ccrs_mazeV1_t2","react_ccrs_mazeV1_t2_20260625_141909.log","81573","react.ccrs.contingency.escalation.skipped","","1360",,,,,,"no_escalation_condition_met",,,,,,,,,,,"","","","","","","","",,
"react-baseline-vs-ccrs-v1-t2","002-ccrs","react_ccrs_mazeV1_t2","react_ccrs_mazeV1_t2_20260625_141909.log","81676","react.ccrs.contingency.escalation.considered","","1361",,,,,,,,,,,,,,,,,"","","","","","","","",,
"react-baseline-vs-ccrs-v1-t2","002-ccrs","react_ccrs_mazeV1_t2","react_ccrs_mazeV1_t2_20260625_141909.log","81677","react.ccrs.contingency.escalation.skipped","","1361",,,,,,"no_escalation_condition_met",,,,,,,,,,,"","","","","","","","",,
"react-baseline-vs-ccrs-v1-t2","002-ccrs","react_ccrs_mazeV1_t2","react_ccrs_mazeV1_t2_20260625_141909.log","81780","react.ccrs.contingency.escalation.considered","","1362",,,,,,,,,,,,,,,,,"","","","","","","","",,
"react-baseline-vs-ccrs-v1-t2","002-ccrs","react_ccrs_mazeV1_t2","react_ccrs_mazeV1_t2_20260625_141909.log","81781","react.ccrs.contingency.escalation.skipped","","1362",,,,,,"no_escalation_condition_met",,,,,,,,,,,"","","","","","","","",,
"react-baseline-vs-ccrs-v1-t2","002-ccrs","react_ccrs_mazeV1_t2","react_ccrs_mazeV1_t2_20260625_141909.log","81884","react.ccrs.contingency.escalation.considered","","1363",,,,,,,,,,,,,,,,,"","","","","","","","",,
"react-baseline-vs-ccrs-v1-t2","002-ccrs","react_ccrs_mazeV1_t2","react_ccrs_mazeV1_t2_20260625_141909.log","81885","react.ccrs.contingency.escalation.skipped","","1363",,,,,,"no_escalation_condition_met",,,,,,,,,,,"","","","","","","","",,
"react-baseline-vs-ccrs-v1-t2","002-ccrs","react_ccrs_mazeV1_t2","react_ccrs_mazeV1_t2_20260625_141909.log","81901","react.ccrs.contingency.escalation.considered","","1364",,,,,,,,,,,,,,,,,"","","","","","","","",,
"react-baseline-vs-ccrs-v1-t2","002-ccrs","react_ccrs_mazeV1_t2","react_ccrs_mazeV1_t2_20260625_141909.log","81902","react.ccrs.contingency.escalation.skipped","","1364",,,,,,"no_escalation_condition_met",,,,,,,,,,,"","","","","","","","",,
"react-baseline-vs-ccrs-v1-t2","002-ccrs","react_ccrs_mazeV1_t2","react_ccrs_mazeV1_t2_20260625_141909.log","81913","react.ccrs.contingency.escalation.considered","","1365",,,,,,,,,,,,,,,,,"","","","","","","","",,
"react-baseline-vs-ccrs-v1-t2","002-ccrs","react_ccrs_mazeV1_t2","react_ccrs_mazeV1_t2_20260625_141909.log","81914","react.ccrs.contingency.escalation.skipped","","1365",,,,,,"no_escalation_condition_met",,,,,,,,,,,"","","","","","","","",,
"react-baseline-vs-ccrs-v1-t2","002-ccrs","react_ccrs_mazeV1_t2","react_ccrs_mazeV1_t2_20260625_141909.log","81998","react.ccrs.contingency.escalation.considered","","1366",,,,,,,,,,,,,,,,,"","","","","","","","",,
"react-baseline-vs-ccrs-v1-t2","002-ccrs","react_ccrs_mazeV1_t2","react_ccrs_mazeV1_t2_20260625_141909.log","81999","react.ccrs.contingency.escalation.skipped","","1366",,,,,,"no_escalation_condition_met",,,,,,,,,,,"","","","","","","","",,
"react-baseline-vs-ccrs-v1-t2","002-ccrs","react_ccrs_mazeV1_t2","react_ccrs_mazeV1_t2_20260625_141909.log","82083","react.ccrs.contingency.escalation.considered","","1367",,,,,,,,,,,,,,,,,"","","","","","","","",,
"react-baseline-vs-ccrs-v1-t2","002-ccrs","react_ccrs_mazeV1_t2","react_ccrs_mazeV1_t2_20260625_141909.log","82084","react.ccrs.contingency.escalation.skipped","","1367",,,,,,"no_escalation_condition_met",,,,,,,,,,,"","","","","","","","",,
"react-baseline-vs-ccrs-v1-t2","002-ccrs","react_ccrs_mazeV1_t2","react_ccrs_mazeV1_t2_20260625_141909.log","82168","react.ccrs.contingency.escalation.considered","","1368",,,,,,,,,,,,,,,,,"","","","","","","","",,
"react-baseline-vs-ccrs-v1-t2","002-ccrs","react_ccrs_mazeV1_t2","react_ccrs_mazeV1_t2_20260625_141909.log","82169","react.ccrs.contingency.escalation.skipped","","1368",,,,,,"no_escalation_condition_met",,,,,,,,,,,"","","","","","","","",,
"react-baseline-vs-ccrs-v1-t2","002-ccrs","react_ccrs_mazeV1_t2","react_ccrs_mazeV1_t2_20260625_141909.log","82253","react.ccrs.contingency.escalation.considered","","1369",,,,,,,,,,,,,,,,,"","","","","","","","",,
"react-baseline-vs-ccrs-v1-t2","002-ccrs","react_ccrs_mazeV1_t2","react_ccrs_mazeV1_t2_20260625_141909.log","82254","react.ccrs.contingency.escalation.skipped","","1369",,,,,,"no_escalation_condition_met",,,,,,,,,,,"","","","","","","","",,
"react-baseline-vs-ccrs-v1-t2","002-ccrs","react_ccrs_mazeV1_t2","react_ccrs_mazeV1_t2_20260625_141909.log","82338","react.ccrs.contingency.escalation.considered","","1370",,,,,,,,,,,,,,,,,"","","","","","","","",,
"react-baseline-vs-ccrs-v1-t2","002-ccrs","react_ccrs_mazeV1_t2","react_ccrs_mazeV1_t2_20260625_141909.log","82339","react.ccrs.contingency.escalation.skipped","","1370",,,,,,"no_escalation_condition_met",,,,,,,,,,,"","","","","","","","",,
"react-baseline-vs-ccrs-v1-t2","002-ccrs","react_ccrs_mazeV1_t2","react_ccrs_mazeV1_t2_20260625_141909.log","82423","react.ccrs.contingency.escalation.considered","","1371",,,,,,,,,,,,,,,,,"","","","","","","","",,
"react-baseline-vs-ccrs-v1-t2","002-ccrs","react_ccrs_mazeV1_t2","react_ccrs_mazeV1_t2_20260625_141909.log","82424","react.ccrs.contingency.escalation.skipped","","1371",,,,,,"no_escalation_condition_met",,,,,,,,,,,"","","","","","","","",,
"react-baseline-vs-ccrs-v1-t2","002-ccrs","react_ccrs_mazeV1_t2","react_ccrs_mazeV1_t2_20260625_141909.log","82508","react.ccrs.contingency.escalation.considered","","1372",,,,,,,,,,,,,,,,,"","","","","","","","",,
"react-baseline-vs-ccrs-v1-t2","002-ccrs","react_ccrs_mazeV1_t2","react_ccrs_mazeV1_t2_20260625_141909.log","82509","react.ccrs.contingency.escalation.skipped","","1372",,,,,,"no_escalation_condition_met",,,,,,,,,,,"","","","","","","","",,
"react-baseline-vs-ccrs-v1-t2","002-ccrs","react_ccrs_mazeV1_t2","react_ccrs_mazeV1_t2_20260625_141909.log","82593","react.ccrs.contingency.escalation.considered","","1373",,,,,,,,,,,,,,,,,"","","","","","","","",,
"react-baseline-vs-ccrs-v1-t2","002-ccrs","react_ccrs_mazeV1_t2","react_ccrs_mazeV1_t2_20260625_141909.log","82594","react.ccrs.contingency.escalation.skipped","","1373",,,,,,"no_escalation_condition_met",,,,,,,,,,,"","","","","","","","",,
"react-baseline-vs-ccrs-v1-t2","002-ccrs","react_ccrs_mazeV1_t2","react_ccrs_mazeV1_t2_20260625_141909.log","82678","react.ccrs.contingency.escalation.considered","","1374",,,,,,,,,,,,,,,,,"","","","","","","","",,
"react-baseline-vs-ccrs-v1-t2","002-ccrs","react_ccrs_mazeV1_t2","react_ccrs_mazeV1_t2_20260625_141909.log","82679","react.ccrs.contingency.escalation.skipped","","1374",,,,,,"no_escalation_condition_met",,,,,,,,,,,"","","","","","","","",,
"react-baseline-vs-ccrs-v1-t2","002-ccrs","react_ccrs_mazeV1_t2","react_ccrs_mazeV1_t2_20260625_141909.log","82690","react.ccrs.contingency.escalation.considered","","1375",,,,,,,,,,,,,,,,,"","","","","","","","",,
"react-baseline-vs-ccrs-v1-t2","002-ccrs","react_ccrs_mazeV1_t2","react_ccrs_mazeV1_t2_20260625_141909.log","82691","react.ccrs.contingency.escalation.skipped","","1375",,,,,,"no_escalation_condition_met",,,,,,,,,,,"","","","","","","","",,
"react-baseline-vs-ccrs-v1-t2","002-ccrs","react_ccrs_mazeV1_t2","react_ccrs_mazeV1_t2_20260625_141909.log","82794","react.ccrs.contingency.escalation.considered","","1376",,,,,,,,,,,,,,,,,"","","","","","","","",,
"react-baseline-vs-ccrs-v1-t2","002-ccrs","react_ccrs_mazeV1_t2","react_ccrs_mazeV1_t2_20260625_141909.log","82795","react.ccrs.contingency.escalation.skipped","","1376",,,,,,"no_escalation_condition_met",,,,,,,,,,,"","","","","","","","",,
"react-baseline-vs-ccrs-v1-t2","002-ccrs","react_ccrs_mazeV1_t2","react_ccrs_mazeV1_t2_20260625_141909.log","82898","react.ccrs.contingency.escalation.considered","","1377",,,,,,,,,,,,,,,,,"","","","","","","","",,
"react-baseline-vs-ccrs-v1-t2","002-ccrs","react_ccrs_mazeV1_t2","react_ccrs_mazeV1_t2_20260625_141909.log","82899","react.ccrs.contingency.escalation.skipped","","1377",,,,,,"no_escalation_condition_met",,,,,,,,,,,"","","","","","","","",,
"react-baseline-vs-ccrs-v1-t2","002-ccrs","react_ccrs_mazeV1_t2","react_ccrs_mazeV1_t2_20260625_141909.log","83002","react.ccrs.contingency.escalation.considered","","1378",,,,,,,,,,,,,,,,,"","","","","","","","",,
"react-baseline-vs-ccrs-v1-t2","002-ccrs","react_ccrs_mazeV1_t2","react_ccrs_mazeV1_t2_20260625_141909.log","83003","react.ccrs.contingency.escalation.skipped","","1378",,,,,,"no_escalation_condition_met",,,,,,,,,,,"","","","","","","","",,
"react-baseline-vs-ccrs-v1-t2","002-ccrs","react_ccrs_mazeV1_t2","react_ccrs_mazeV1_t2_20260625_141909.log","83014","react.ccrs.contingency.escalation.considered","","1379",,,,,,,,,,,,,,,,,"","","","","","","","",,
"react-baseline-vs-ccrs-v1-t2","002-ccrs","react_ccrs_mazeV1_t2","react_ccrs_mazeV1_t2_20260625_141909.log","83015","react.ccrs.contingency.escalation.skipped","","1379",,,,,,"no_escalation_condition_met",,,,,,,,,,,"","","","","","","","",,
"react-baseline-vs-ccrs-v1-t2","002-ccrs","react_ccrs_mazeV1_t2","react_ccrs_mazeV1_t2_20260625_141909.log","83099","react.ccrs.contingency.escalation.considered","","1380",,,,,,,,,,,,,,,,,"","","","","","","","",,
"react-baseline-vs-ccrs-v1-t2","002-ccrs","react_ccrs_mazeV1_t2","react_ccrs_mazeV1_t2_20260625_141909.log","83100","react.ccrs.contingency.escalation.skipped","","1380",,,,,,"no_escalation_condition_met",,,,,,,,,,,"","","","","","","","",,
"react-baseline-vs-ccrs-v1-t2","002-ccrs","react_ccrs_mazeV1_t2","react_ccrs_mazeV1_t2_20260625_141909.log","83184","react.ccrs.contingency.escalation.considered","","1381",,,,,,,,,,,,,,,,,"","","","","","","","",,
"react-baseline-vs-ccrs-v1-t2","002-ccrs","react_ccrs_mazeV1_t2","react_ccrs_mazeV1_t2_20260625_141909.log","83185","react.ccrs.contingency.escalation.skipped","","1381",,,,,,"no_escalation_condition_met",,,,,,,,,,,"","","","","","","","",,
"react-baseline-vs-ccrs-v1-t2","002-ccrs","react_ccrs_mazeV1_t2","react_ccrs_mazeV1_t2_20260625_141909.log","83269","react.ccrs.contingency.escalation.considered","","1382",,,,,,,,,,,,,,,,,"","","","","","","","",,
"react-baseline-vs-ccrs-v1-t2","002-ccrs","react_ccrs_mazeV1_t2","react_ccrs_mazeV1_t2_20260625_141909.log","83270","react.ccrs.contingency.escalation.skipped","","1382",,,,,,"no_escalation_condition_met",,,,,,,,,,,"","","","","","","","",,
"react-baseline-vs-ccrs-v1-t2","002-ccrs","react_ccrs_mazeV1_t2","react_ccrs_mazeV1_t2_20260625_141909.log","83354","react.ccrs.contingency.escalation.considered","","1383",,,,,,,,,,,,,,,,,"","","","","","","","",,
"react-baseline-vs-ccrs-v1-t2","002-ccrs","react_ccrs_mazeV1_t2","react_ccrs_mazeV1_t2_20260625_141909.log","83355","react.ccrs.contingency.escalation.skipped","","1383",,,,,,"no_escalation_condition_met",,,,,,,,,,,"","","","","","","","",,
"react-baseline-vs-ccrs-v1-t2","002-ccrs","react_ccrs_mazeV1_t2","react_ccrs_mazeV1_t2_20260625_141909.log","83439","react.ccrs.contingency.escalation.considered","","1384",,,,,,,,,,,,,,,,,"","","","","","","","",,
"react-baseline-vs-ccrs-v1-t2","002-ccrs","react_ccrs_mazeV1_t2","react_ccrs_mazeV1_t2_20260625_141909.log","83440","react.ccrs.contingency.escalation.skipped","","1384",,,,,,"no_escalation_condition_met",,,,,,,,,,,"","","","","","","","",,
"react-baseline-vs-ccrs-v1-t2","002-ccrs","react_ccrs_mazeV1_t2","react_ccrs_mazeV1_t2_20260625_141909.log","83524","react.ccrs.contingency.escalation.considered","","1385",,,,,,,,,,,,,,,,,"","","","","","","","",,
"react-baseline-vs-ccrs-v1-t2","002-ccrs","react_ccrs_mazeV1_t2","react_ccrs_mazeV1_t2_20260625_141909.log","83525","react.ccrs.contingency.escalation.skipped","","1385",,,,,,"no_escalation_condition_met",,,,,,,,,,,"","","","","","","","",,
"react-baseline-vs-ccrs-v1-t2","002-ccrs","react_ccrs_mazeV1_t2","react_ccrs_mazeV1_t2_20260625_141909.log","83609","react.ccrs.contingency.escalation.considered","","1386",,,,,,,,,,,,,,,,,"","","","","","","","",,
"react-baseline-vs-ccrs-v1-t2","002-ccrs","react_ccrs_mazeV1_t2","react_ccrs_mazeV1_t2_20260625_141909.log","83610","react.ccrs.contingency.escalation.skipped","","1386",,,,,,"no_escalation_condition_met",,,,,,,,,,,"","","","","","","","",,
"react-baseline-vs-ccrs-v1-t2","002-ccrs","react_ccrs_mazeV1_t2","react_ccrs_mazeV1_t2_20260625_141909.log","83694","react.ccrs.contingency.escalation.considered","","1387",,,,,,,,,,,,,,,,,"","","","","","","","",,
"react-baseline-vs-ccrs-v1-t2","002-ccrs","react_ccrs_mazeV1_t2","react_ccrs_mazeV1_t2_20260625_141909.log","83695","react.ccrs.contingency.escalation.skipped","","1387",,,,,,"no_escalation_condition_met",,,,,,,,,,,"","","","","","","","",,
"react-baseline-vs-ccrs-v1-t2","002-ccrs","react_ccrs_mazeV1_t2","react_ccrs_mazeV1_t2_20260625_141909.log","83779","react.ccrs.contingency.escalation.considered","","1388",,,,,,,,,,,,,,,,,"","","","","","","","",,
"react-baseline-vs-ccrs-v1-t2","002-ccrs","react_ccrs_mazeV1_t2","react_ccrs_mazeV1_t2_20260625_141909.log","83780","react.ccrs.contingency.escalation.skipped","","1388",,,,,,"no_escalation_condition_met",,,,,,,,,,,"","","","","","","","",,
"react-baseline-vs-ccrs-v1-t2","002-ccrs","react_ccrs_mazeV1_t2","react_ccrs_mazeV1_t2_20260625_141909.log","83864","react.ccrs.contingency.escalation.considered","","1389",,,,,,,,,,,,,,,,,"","","","","","","","",,
"react-baseline-vs-ccrs-v1-t2","002-ccrs","react_ccrs_mazeV1_t2","react_ccrs_mazeV1_t2_20260625_141909.log","83865","react.ccrs.contingency.escalation.skipped","","1389",,,,,,"no_escalation_condition_met",,,,,,,,,,,"","","","","","","","",,
"react-baseline-vs-ccrs-v1-t2","002-ccrs","react_ccrs_mazeV1_t2","react_ccrs_mazeV1_t2_20260625_141909.log","83949","react.ccrs.contingency.escalation.considered","","1390",,,,,,,,,,,,,,,,,"","","","","","","","",,
"react-baseline-vs-ccrs-v1-t2","002-ccrs","react_ccrs_mazeV1_t2","react_ccrs_mazeV1_t2_20260625_141909.log","83950","react.ccrs.contingency.escalation.skipped","","1390",,,,,,"no_escalation_condition_met",,,,,,,,,,,"","","","","","","","",,
"react-baseline-vs-ccrs-v1-t2","002-ccrs","react_ccrs_mazeV1_t2","react_ccrs_mazeV1_t2_20260625_141909.log","84034","react.ccrs.contingency.escalation.considered","","1391",,,,,,,,,,,,,,,,,"","","","","","","","",,
"react-baseline-vs-ccrs-v1-t2","002-ccrs","react_ccrs_mazeV1_t2","react_ccrs_mazeV1_t2_20260625_141909.log","84035","react.ccrs.contingency.escalation.skipped","","1391",,,,,,"no_escalation_condition_met",,,,,,,,,,,"","","","","","","","",,
"react-baseline-vs-ccrs-v1-t2","002-ccrs","react_ccrs_mazeV1_t2","react_ccrs_mazeV1_t2_20260625_141909.log","84119","react.ccrs.contingency.escalation.considered","","1392",,,,,,,,,,,,,,,,,"","","","","","","","",,
"react-baseline-vs-ccrs-v1-t2","002-ccrs","react_ccrs_mazeV1_t2","react_ccrs_mazeV1_t2_20260625_141909.log","84120","react.ccrs.contingency.escalation.skipped","","1392",,,,,,"no_escalation_condition_met",,,,,,,,,,,"","","","","","","","",,
"react-baseline-vs-ccrs-v1-t2","002-ccrs","react_ccrs_mazeV1_t2","react_ccrs_mazeV1_t2_20260625_141909.log","84204","react.ccrs.contingency.escalation.considered","","1393",,,,,,,,,,,,,,,,,"","","","","","","","",,
"react-baseline-vs-ccrs-v1-t2","002-ccrs","react_ccrs_mazeV1_t2","react_ccrs_mazeV1_t2_20260625_141909.log","84205","react.ccrs.contingency.escalation.skipped","","1393",,,,,,"no_escalation_condition_met",,,,,,,,,,,"","","","","","","","",,
"react-baseline-vs-ccrs-v1-t2","002-ccrs","react_ccrs_mazeV1_t2","react_ccrs_mazeV1_t2_20260625_141909.log","84289","react.ccrs.contingency.escalation.considered","","1394",,,,,,,,,,,,,,,,,"","","","","","","","",,
"react-baseline-vs-ccrs-v1-t2","002-ccrs","react_ccrs_mazeV1_t2","react_ccrs_mazeV1_t2_20260625_141909.log","84290","react.ccrs.contingency.escalation.skipped","","1394",,,,,,"no_escalation_condition_met",,,,,,,,,,,"","","","","","","","",,
"react-baseline-vs-ccrs-v1-t2","002-ccrs","react_ccrs_mazeV1_t2","react_ccrs_mazeV1_t2_20260625_141909.log","84374","react.ccrs.contingency.escalation.considered","","1395",,,,,,,,,,,,,,,,,"","","","","","","","",,
"react-baseline-vs-ccrs-v1-t2","002-ccrs","react_ccrs_mazeV1_t2","react_ccrs_mazeV1_t2_20260625_141909.log","84375","react.ccrs.contingency.escalation.skipped","","1395",,,,,,"no_escalation_condition_met",,,,,,,,,,,"","","","","","","","",,
"react-baseline-vs-ccrs-v1-t2","002-ccrs","react_ccrs_mazeV1_t2","react_ccrs_mazeV1_t2_20260625_141909.log","84459","react.ccrs.contingency.escalation.considered","","1396",,,,,,,,,,,,,,,,,"","","","","","","","",,
"react-baseline-vs-ccrs-v1-t2","002-ccrs","react_ccrs_mazeV1_t2","react_ccrs_mazeV1_t2_20260625_141909.log","84460","react.ccrs.contingency.escalation.skipped","","1396",,,,,,"no_escalation_condition_met",,,,,,,,,,,"","","","","","","","",,
"react-baseline-vs-ccrs-v1-t2","002-ccrs","react_ccrs_mazeV1_t2","react_ccrs_mazeV1_t2_20260625_141909.log","84544","react.ccrs.contingency.escalation.considered","","1397",,,,,,,,,,,,,,,,,"","","","","","","","",,
"react-baseline-vs-ccrs-v1-t2","002-ccrs","react_ccrs_mazeV1_t2","react_ccrs_mazeV1_t2_20260625_141909.log","84545","react.ccrs.contingency.escalation.skipped","","1397",,,,,,"no_escalation_condition_met",,,,,,,,,,,"","","","","","","","",,
"react-baseline-vs-ccrs-v1-t2","002-ccrs","react_ccrs_mazeV1_t2","react_ccrs_mazeV1_t2_20260625_141909.log","84561","react.ccrs.contingency.escalation.considered","","1398",,,,,,,,,,,,,,,,,"","","","","","","","",,
"react-baseline-vs-ccrs-v1-t2","002-ccrs","react_ccrs_mazeV1_t2","react_ccrs_mazeV1_t2_20260625_141909.log","84562","react.ccrs.contingency.escalation.skipped","","1398",,,,,,"no_escalation_condition_met",,,,,,,,,,,"","","","","","","","",,
"react-baseline-vs-ccrs-v1-t2","002-ccrs","react_ccrs_mazeV1_t2","react_ccrs_mazeV1_t2_20260625_141909.log","84578","react.ccrs.contingency.escalation.considered","","1399",,,,,,,,,,,,,,,,,"","","","","","","","",,
"react-baseline-vs-ccrs-v1-t2","002-ccrs","react_ccrs_mazeV1_t2","react_ccrs_mazeV1_t2_20260625_141909.log","84579","react.ccrs.contingency.escalation.skipped","","1399",,,,,,"no_escalation_condition_met",,,,,,,,,,,"","","","","","","","",,
"react-baseline-vs-ccrs-v1-t2","002-ccrs","react_ccrs_mazeV1_t2","react_ccrs_mazeV1_t2_20260625_141909.log","84663","react.ccrs.contingency.escalation.considered","","1400",,,,,,,,,,,,,,,,,"","","","","","","","",,
"react-baseline-vs-ccrs-v1-t2","002-ccrs","react_ccrs_mazeV1_t2","react_ccrs_mazeV1_t2_20260625_141909.log","84664","react.ccrs.contingency.escalation.skipped","","1400",,,,,,"no_escalation_condition_met",,,,,,,,,,,"","","","","","","","",,
"react-baseline-vs-ccrs-v1-t2","002-ccrs","react_ccrs_mazeV1_t2","react_ccrs_mazeV1_t2_20260625_141909.log","84748","react.ccrs.contingency.escalation.considered","","1401",,,,,,,,,,,,,,,,,"","","","","","","","",,
"react-baseline-vs-ccrs-v1-t2","002-ccrs","react_ccrs_mazeV1_t2","react_ccrs_mazeV1_t2_20260625_141909.log","84749","react.ccrs.contingency.escalation.skipped","","1401",,,,,,"no_escalation_condition_met",,,,,,,,,,,"","","","","","","","",,
"react-baseline-vs-ccrs-v1-t2","002-ccrs","react_ccrs_mazeV1_t2","react_ccrs_mazeV1_t2_20260625_141909.log","84833","react.ccrs.contingency.escalation.considered","","1402",,,,,,,,,,,,,,,,,"","","","","","","","",,
"react-baseline-vs-ccrs-v1-t2","002-ccrs","react_ccrs_mazeV1_t2","react_ccrs_mazeV1_t2_20260625_141909.log","84834","react.ccrs.contingency.escalation.skipped","","1402",,,,,,"no_escalation_condition_met",,,,,,,,,,,"","","","","","","","",,
"react-baseline-vs-ccrs-v1-t2","002-ccrs","react_ccrs_mazeV1_t2","react_ccrs_mazeV1_t2_20260625_141909.log","84850","react.ccrs.contingency.escalation.considered","","1403",,,,,,,,,,,,,,,,,"","","","","","","","",,
"react-baseline-vs-ccrs-v1-t2","002-ccrs","react_ccrs_mazeV1_t2","react_ccrs_mazeV1_t2_20260625_141909.log","84851","react.ccrs.contingency.escalation.skipped","","1403",,,,,,"no_escalation_condition_met",,,,,,,,,,,"","","","","","","","",,
"react-baseline-vs-ccrs-v1-t2","002-ccrs","react_ccrs_mazeV1_t2","react_ccrs_mazeV1_t2_20260625_141909.log","84862","react.ccrs.contingency.escalation.considered","","1404",,,,,,,,,,,,,,,,,"","","","","","","","",,
"react-baseline-vs-ccrs-v1-t2","002-ccrs","react_ccrs_mazeV1_t2","react_ccrs_mazeV1_t2_20260625_141909.log","84863","react.ccrs.contingency.escalation.skipped","","1404",,,,,,"no_escalation_condition_met",,,,,,,,,,,"","","","","","","","",,
"react-baseline-vs-ccrs-v1-t2","002-ccrs","react_ccrs_mazeV1_t2","react_ccrs_mazeV1_t2_20260625_141909.log","84966","react.ccrs.contingency.escalation.considered","","1405",,,,,,,,,,,,,,,,,"","","","","","","","",,
"react-baseline-vs-ccrs-v1-t2","002-ccrs","react_ccrs_mazeV1_t2","react_ccrs_mazeV1_t2_20260625_141909.log","84967","react.ccrs.contingency.escalation.skipped","","1405",,,,,,"no_escalation_condition_met",,,,,,,,,,,"","","","","","","","",,
"react-baseline-vs-ccrs-v1-t2","002-ccrs","react_ccrs_mazeV1_t2","react_ccrs_mazeV1_t2_20260625_141909.log","84978","react.ccrs.contingency.escalation.considered","","1406",,,,,,,,,,,,,,,,,"","","","","","","","",,
"react-baseline-vs-ccrs-v1-t2","002-ccrs","react_ccrs_mazeV1_t2","react_ccrs_mazeV1_t2_20260625_141909.log","84979","react.ccrs.contingency.escalation.skipped","","1406",,,,,,"no_escalation_condition_met",,,,,,,,,,,"","","","","","","","",,
"react-baseline-vs-ccrs-v1-t2","002-ccrs","react_ccrs_mazeV1_t2","react_ccrs_mazeV1_t2_20260625_141909.log","85066","react.ccrs.contingency.escalation.considered","","1407",,,,,,,,,,,,,,,,,"","","","","","","","",,
"react-baseline-vs-ccrs-v1-t2","002-ccrs","react_ccrs_mazeV1_t2","react_ccrs_mazeV1_t2_20260625_141909.log","85067","react.ccrs.contingency.escalation.skipped","","1407",,,,,,"no_escalation_condition_met",,,,,,,,,,,"","","","","","","","",,
"react-baseline-vs-ccrs-v1-t2","002-ccrs","react_ccrs_mazeV1_t2","react_ccrs_mazeV1_t2_20260625_141909.log","85154","react.ccrs.contingency.escalation.considered","","1408",,,,,,,,,,,,,,,,,"","","","","","","","",,
"react-baseline-vs-ccrs-v1-t2","002-ccrs","react_ccrs_mazeV1_t2","react_ccrs_mazeV1_t2_20260625_141909.log","85155","react.ccrs.contingency.escalation.skipped","","1408",,,,,,"no_escalation_condition_met",,,,,,,,,,,"","","","","","","","",,
"react-baseline-vs-ccrs-v1-t2","002-ccrs","react_ccrs_mazeV1_t2","react_ccrs_mazeV1_t2_20260625_141909.log","85242","react.ccrs.contingency.escalation.considered","","1409",,,,,,,,,,,,,,,,,"","","","","","","","",,
"react-baseline-vs-ccrs-v1-t2","002-ccrs","react_ccrs_mazeV1_t2","react_ccrs_mazeV1_t2_20260625_141909.log","85243","react.ccrs.contingency.escalation.skipped","","1409",,,,,,"no_escalation_condition_met",,,,,,,,,,,"","","","","","","","",,
"react-baseline-vs-ccrs-v1-t2","002-ccrs","react_ccrs_mazeV1_t2","react_ccrs_mazeV1_t2_20260625_141909.log","85330","react.ccrs.contingency.escalation.considered","","1410",,,,,,,,,,,,,,,,,"","","","","","","","",,
"react-baseline-vs-ccrs-v1-t2","002-ccrs","react_ccrs_mazeV1_t2","react_ccrs_mazeV1_t2_20260625_141909.log","85331","react.ccrs.contingency.escalation.skipped","","1410",,,,,,"no_escalation_condition_met",,,,,,,,,,,"","","","","","","","",,
"react-baseline-vs-ccrs-v1-t2","002-ccrs","react_ccrs_mazeV1_t2","react_ccrs_mazeV1_t2_20260625_141909.log","85342","react.ccrs.contingency.escalation.considered","","1411",,,,,,,,,,,,,,,,,"","","","","","","","",,
"react-baseline-vs-ccrs-v1-t2","002-ccrs","react_ccrs_mazeV1_t2","react_ccrs_mazeV1_t2_20260625_141909.log","85343","react.ccrs.contingency.escalation.skipped","","1411",,,,,,"no_escalation_condition_met",,,,,,,,,,,"","","","","","","","",,
"react-baseline-vs-ccrs-v1-t2","002-ccrs","react_ccrs_mazeV1_t2","react_ccrs_mazeV1_t2_20260625_141909.log","85411","react.ccrs.contingency.escalation.considered","","1412",,,,,,,,,,,,,,,,,"","","","","","","","",,
"react-baseline-vs-ccrs-v1-t2","002-ccrs","react_ccrs_mazeV1_t2","react_ccrs_mazeV1_t2_20260625_141909.log","85412","react.ccrs.contingency.escalation.skipped","","1412",,,,,,"no_escalation_condition_met",,,,,,,,,,,"","","","","","","","",,
"react-baseline-vs-ccrs-v1-t2","002-ccrs","react_ccrs_mazeV1_t2","react_ccrs_mazeV1_t2_20260625_141909.log","85480","react.ccrs.contingency.escalation.considered","","1413",,,,,,,,,,,,,,,,,"","","","","","","","",,
"react-baseline-vs-ccrs-v1-t2","002-ccrs","react_ccrs_mazeV1_t2","react_ccrs_mazeV1_t2_20260625_141909.log","85481","react.ccrs.contingency.escalation.skipped","","1413",,,,,,"no_escalation_condition_met",,,,,,,,,,,"","","","","","","","",,
"react-baseline-vs-ccrs-v1-t2","002-ccrs","react_ccrs_mazeV1_t2","react_ccrs_mazeV1_t2_20260625_141909.log","85549","react.ccrs.contingency.escalation.considered","","1414",,,,,,,,,,,,,,,,,"","","","","","","","",,
"react-baseline-vs-ccrs-v1-t2","002-ccrs","react_ccrs_mazeV1_t2","react_ccrs_mazeV1_t2_20260625_141909.log","85550","react.ccrs.contingency.escalation.skipped","","1414",,,,,,"no_escalation_condition_met",,,,,,,,,,,"","","","","","","","",,
"react-baseline-vs-ccrs-v1-t2","002-ccrs","react_ccrs_mazeV1_t2","react_ccrs_mazeV1_t2_20260625_141909.log","85618","react.ccrs.contingency.escalation.considered","","1415",,,,,,,,,,,,,,,,,"","","","","","","","",,
"react-baseline-vs-ccrs-v1-t2","002-ccrs","react_ccrs_mazeV1_t2","react_ccrs_mazeV1_t2_20260625_141909.log","85619","react.ccrs.contingency.escalation.skipped","","1415",,,,,,"no_escalation_condition_met",,,,,,,,,,,"","","","","","","","",,
"react-baseline-vs-ccrs-v1-t2","002-ccrs","react_ccrs_mazeV1_t2","react_ccrs_mazeV1_t2_20260625_141909.log","85687","react.ccrs.contingency.escalation.considered","","1416",,,,,,,,,,,,,,,,,"","","","","","","","",,
"react-baseline-vs-ccrs-v1-t2","002-ccrs","react_ccrs_mazeV1_t2","react_ccrs_mazeV1_t2_20260625_141909.log","85688","react.ccrs.contingency.escalation.skipped","","1416",,,,,,"no_escalation_condition_met",,,,,,,,,,,"","","","","","","","",,
"react-baseline-vs-ccrs-v1-t2","002-ccrs","react_ccrs_mazeV1_t2","react_ccrs_mazeV1_t2_20260625_141909.log","85756","react.ccrs.contingency.escalation.considered","","1417",,,,,,,,,,,,,,,,,"","","","","","","","",,
"react-baseline-vs-ccrs-v1-t2","002-ccrs","react_ccrs_mazeV1_t2","react_ccrs_mazeV1_t2_20260625_141909.log","85757","react.ccrs.contingency.escalation.skipped","","1417",,,,,,"no_escalation_condition_met",,,,,,,,,,,"","","","","","","","",,
"react-baseline-vs-ccrs-v1-t2","002-ccrs","react_ccrs_mazeV1_t2","react_ccrs_mazeV1_t2_20260625_141909.log","85825","react.ccrs.contingency.escalation.considered","","1418",,,,,,,,,,,,,,,,,"","","","","","","","",,
"react-baseline-vs-ccrs-v1-t2","002-ccrs","react_ccrs_mazeV1_t2","react_ccrs_mazeV1_t2_20260625_141909.log","85826","react.ccrs.contingency.escalation.skipped","","1418",,,,,,"no_escalation_condition_met",,,,,,,,,,,"","","","","","","","",,
"react-baseline-vs-ccrs-v1-t2","002-ccrs","react_ccrs_mazeV1_t2","react_ccrs_mazeV1_t2_20260625_141909.log","85894","react.ccrs.contingency.escalation.considered","","1419",,,,,,,,,,,,,,,,,"","","","","","","","",,
"react-baseline-vs-ccrs-v1-t2","002-ccrs","react_ccrs_mazeV1_t2","react_ccrs_mazeV1_t2_20260625_141909.log","85895","react.ccrs.contingency.escalation.skipped","","1419",,,,,,"no_escalation_condition_met",,,,,,,,,,,"","","","","","","","",,
"react-baseline-vs-ccrs-v1-t2","002-ccrs","react_ccrs_mazeV1_t2","react_ccrs_mazeV1_t2_20260625_141909.log","85963","react.ccrs.contingency.escalation.considered","","1420",,,,,,,,,,,,,,,,,"","","","","","","","",,
"react-baseline-vs-ccrs-v1-t2","002-ccrs","react_ccrs_mazeV1_t2","react_ccrs_mazeV1_t2_20260625_141909.log","85964","react.ccrs.contingency.escalation.skipped","","1420",,,,,,"no_escalation_condition_met",,,,,,,,,,,"","","","","","","","",,
"react-baseline-vs-ccrs-v1-t2","002-ccrs","react_ccrs_mazeV1_t2","react_ccrs_mazeV1_t2_20260625_141909.log","86032","react.ccrs.contingency.escalation.considered","","1421",,,,,,,,,,,,,,,,,"","","","","","","","",,
"react-baseline-vs-ccrs-v1-t2","002-ccrs","react_ccrs_mazeV1_t2","react_ccrs_mazeV1_t2_20260625_141909.log","86033","react.ccrs.contingency.escalation.skipped","","1421",,,,,,"no_escalation_condition_met",,,,,,,,,,,"","","","","","","","",,
"react-baseline-vs-ccrs-v1-t2","002-ccrs","react_ccrs_mazeV1_t2","react_ccrs_mazeV1_t2_20260625_141909.log","86101","react.ccrs.contingency.escalation.considered","","1422",,,,,,,,,,,,,,,,,"","","","","","","","",,
"react-baseline-vs-ccrs-v1-t2","002-ccrs","react_ccrs_mazeV1_t2","react_ccrs_mazeV1_t2_20260625_141909.log","86102","react.ccrs.contingency.escalation.skipped","","1422",,,,,,"no_escalation_condition_met",,,,,,,,,,,"","","","","","","","",,
"react-baseline-vs-ccrs-v1-t2","002-ccrs","react_ccrs_mazeV1_t2","react_ccrs_mazeV1_t2_20260625_141909.log","86170","react.ccrs.contingency.escalation.considered","","1423",,,,,,,,,,,,,,,,,"","","","","","","","",,
"react-baseline-vs-ccrs-v1-t2","002-ccrs","react_ccrs_mazeV1_t2","react_ccrs_mazeV1_t2_20260625_141909.log","86171","react.ccrs.contingency.escalation.skipped","","1423",,,,,,"no_escalation_condition_met",,,,,,,,,,,"","","","","","","","",,
"react-baseline-vs-ccrs-v1-t2","002-ccrs","react_ccrs_mazeV1_t2","react_ccrs_mazeV1_t2_20260625_141909.log","86239","react.ccrs.contingency.escalation.considered","","1424",,,,,,,,,,,,,,,,,"","","","","","","","",,
"react-baseline-vs-ccrs-v1-t2","002-ccrs","react_ccrs_mazeV1_t2","react_ccrs_mazeV1_t2_20260625_141909.log","86240","react.ccrs.contingency.escalation.skipped","","1424",,,,,,"no_escalation_condition_met",,,,,,,,,,,"","","","","","","","",,
"react-baseline-vs-ccrs-v1-t2","002-ccrs","react_ccrs_mazeV1_t2","react_ccrs_mazeV1_t2_20260625_141909.log","86308","react.ccrs.contingency.escalation.considered","","1425",,,,,,,,,,,,,,,,,"","","","","","","","",,
"react-baseline-vs-ccrs-v1-t2","002-ccrs","react_ccrs_mazeV1_t2","react_ccrs_mazeV1_t2_20260625_141909.log","86309","react.ccrs.contingency.escalation.skipped","","1425",,,,,,"no_escalation_condition_met",,,,,,,,,,,"","","","","","","","",,
"react-baseline-vs-ccrs-v1-t2","002-ccrs","react_ccrs_mazeV1_t2","react_ccrs_mazeV1_t2_20260625_141909.log","86377","react.ccrs.contingency.escalation.considered","","1426",,,,,,,,,,,,,,,,,"","","","","","","","",,
"react-baseline-vs-ccrs-v1-t2","002-ccrs","react_ccrs_mazeV1_t2","react_ccrs_mazeV1_t2_20260625_141909.log","86378","react.ccrs.contingency.escalation.skipped","","1426",,,,,,"no_escalation_condition_met",,,,,,,,,,,"","","","","","","","",,
"react-baseline-vs-ccrs-v1-t2","002-ccrs","react_ccrs_mazeV1_t2","react_ccrs_mazeV1_t2_20260625_141909.log","86446","react.ccrs.contingency.escalation.considered","","1427",,,,,,,,,,,,,,,,,"","","","","","","","",,
"react-baseline-vs-ccrs-v1-t2","002-ccrs","react_ccrs_mazeV1_t2","react_ccrs_mazeV1_t2_20260625_141909.log","86447","react.ccrs.contingency.escalation.skipped","","1427",,,,,,"no_escalation_condition_met",,,,,,,,,,,"","","","","","","","",,
"react-baseline-vs-ccrs-v1-t2","002-ccrs","react_ccrs_mazeV1_t2","react_ccrs_mazeV1_t2_20260625_141909.log","86515","react.ccrs.contingency.escalation.considered","","1428",,,,,,,,,,,,,,,,,"","","","","","","","",,
"react-baseline-vs-ccrs-v1-t2","002-ccrs","react_ccrs_mazeV1_t2","react_ccrs_mazeV1_t2_20260625_141909.log","86516","react.ccrs.contingency.escalation.skipped","","1428",,,,,,"no_escalation_condition_met",,,,,,,,,,,"","","","","","","","",,
"react-baseline-vs-ccrs-v1-t2","002-ccrs","react_ccrs_mazeV1_t2","react_ccrs_mazeV1_t2_20260625_141909.log","86584","react.ccrs.contingency.escalation.considered","","1429",,,,,,,,,,,,,,,,,"","","","","","","","",,
"react-baseline-vs-ccrs-v1-t2","002-ccrs","react_ccrs_mazeV1_t2","react_ccrs_mazeV1_t2_20260625_141909.log","86585","react.ccrs.contingency.escalation.skipped","","1429",,,,,,"no_escalation_condition_met",,,,,,,,,,,"","","","","","","","",,
"react-baseline-vs-ccrs-v1-t2","002-ccrs","react_ccrs_mazeV1_t2","react_ccrs_mazeV1_t2_20260625_141909.log","86653","react.ccrs.contingency.escalation.considered","","1430",,,,,,,,,,,,,,,,,"","","","","","","","",,
"react-baseline-vs-ccrs-v1-t2","002-ccrs","react_ccrs_mazeV1_t2","react_ccrs_mazeV1_t2_20260625_141909.log","86654","react.ccrs.contingency.escalation.skipped","","1430",,,,,,"no_escalation_condition_met",,,,,,,,,,,"","","","","","","","",,
"react-baseline-vs-ccrs-v1-t2","002-ccrs","react_ccrs_mazeV1_t2","react_ccrs_mazeV1_t2_20260625_141909.log","86722","react.ccrs.contingency.escalation.considered","","1431",,,,,,,,,,,,,,,,,"","","","","","","","",,
"react-baseline-vs-ccrs-v1-t2","002-ccrs","react_ccrs_mazeV1_t2","react_ccrs_mazeV1_t2_20260625_141909.log","86723","react.ccrs.contingency.escalation.skipped","","1431",,,,,,"no_escalation_condition_met",,,,,,,,,,,"","","","","","","","",,
"react-baseline-vs-ccrs-v1-t2","002-ccrs","react_ccrs_mazeV1_t2","react_ccrs_mazeV1_t2_20260625_141909.log","86791","react.ccrs.contingency.escalation.considered","","1432",,,,,,,,,,,,,,,,,"","","","","","","","",,
"react-baseline-vs-ccrs-v1-t2","002-ccrs","react_ccrs_mazeV1_t2","react_ccrs_mazeV1_t2_20260625_141909.log","86792","react.ccrs.contingency.escalation.skipped","","1432",,,,,,"no_escalation_condition_met",,,,,,,,,,,"","","","","","","","",,
"react-baseline-vs-ccrs-v1-t2","002-ccrs","react_ccrs_mazeV1_t2","react_ccrs_mazeV1_t2_20260625_141909.log","86860","react.ccrs.contingency.escalation.considered","","1433",,,,,,,,,,,,,,,,,"","","","","","","","",,
"react-baseline-vs-ccrs-v1-t2","002-ccrs","react_ccrs_mazeV1_t2","react_ccrs_mazeV1_t2_20260625_141909.log","86861","react.ccrs.contingency.escalation.skipped","","1433",,,,,,"no_escalation_condition_met",,,,,,,,,,,"","","","","","","","",,
"react-baseline-vs-ccrs-v1-t2","002-ccrs","react_ccrs_mazeV1_t2","react_ccrs_mazeV1_t2_20260625_141909.log","86929","react.ccrs.contingency.escalation.considered","","1434",,,,,,,,,,,,,,,,,"","","","","","","","",,
"react-baseline-vs-ccrs-v1-t2","002-ccrs","react_ccrs_mazeV1_t2","react_ccrs_mazeV1_t2_20260625_141909.log","86930","react.ccrs.contingency.escalation.skipped","","1434",,,,,,"no_escalation_condition_met",,,,,,,,,,,"","","","","","","","",,
"react-baseline-vs-ccrs-v1-t2","002-ccrs","react_ccrs_mazeV1_t2","react_ccrs_mazeV1_t2_20260625_141909.log","86998","react.ccrs.contingency.escalation.considered","","1435",,,,,,,,,,,,,,,,,"","","","","","","","",,
"react-baseline-vs-ccrs-v1-t2","002-ccrs","react_ccrs_mazeV1_t2","react_ccrs_mazeV1_t2_20260625_141909.log","86999","react.ccrs.contingency.escalation.skipped","","1435",,,,,,"no_escalation_condition_met",,,,,,,,,,,"","","","","","","","",,
"react-baseline-vs-ccrs-v1-t2","002-ccrs","react_ccrs_mazeV1_t2","react_ccrs_mazeV1_t2_20260625_141909.log","87067","react.ccrs.contingency.escalation.considered","","1436",,,,,,,,,,,,,,,,,"","","","","","","","",,
"react-baseline-vs-ccrs-v1-t2","002-ccrs","react_ccrs_mazeV1_t2","react_ccrs_mazeV1_t2_20260625_141909.log","87068","react.ccrs.contingency.escalation.skipped","","1436",,,,,,"no_escalation_condition_met",,,,,,,,,,,"","","","","","","","",,
"react-baseline-vs-ccrs-v1-t2","002-ccrs","react_ccrs_mazeV1_t2","react_ccrs_mazeV1_t2_20260625_141909.log","87136","react.ccrs.contingency.escalation.considered","","1437",,,,,,,,,,,,,,,,,"","","","","","","","",,
"react-baseline-vs-ccrs-v1-t2","002-ccrs","react_ccrs_mazeV1_t2","react_ccrs_mazeV1_t2_20260625_141909.log","87137","react.ccrs.contingency.escalation.skipped","","1437",,,,,,"no_escalation_condition_met",,,,,,,,,,,"","","","","","","","",,
"react-baseline-vs-ccrs-v1-t2","002-ccrs","react_ccrs_mazeV1_t2","react_ccrs_mazeV1_t2_20260625_141909.log","87205","react.ccrs.contingency.escalation.considered","","1438",,,,,,,,,,,,,,,,,"","","","","","","","",,
"react-baseline-vs-ccrs-v1-t2","002-ccrs","react_ccrs_mazeV1_t2","react_ccrs_mazeV1_t2_20260625_141909.log","87206","react.ccrs.contingency.escalation.skipped","","1438",,,,,,"no_escalation_condition_met",,,,,,,,,,,"","","","","","","","",,
"react-baseline-vs-ccrs-v1-t2","002-ccrs","react_ccrs_mazeV1_t2","react_ccrs_mazeV1_t2_20260625_141909.log","87274","react.ccrs.contingency.escalation.considered","","1439",,,,,,,,,,,,,,,,,"","","","","","","","",,
"react-baseline-vs-ccrs-v1-t2","002-ccrs","react_ccrs_mazeV1_t2","react_ccrs_mazeV1_t2_20260625_141909.log","87275","react.ccrs.contingency.escalation.skipped","","1439",,,,,,"no_escalation_condition_met",,,,,,,,,,,"","","","","","","","",,
"react-baseline-vs-ccrs-v1-t2","002-ccrs","react_ccrs_mazeV1_t2","react_ccrs_mazeV1_t2_20260625_141909.log","87343","react.ccrs.contingency.escalation.considered","","1440",,,,,,,,,,,,,,,,,"","","","","","","","",,
"react-baseline-vs-ccrs-v1-t2","002-ccrs","react_ccrs_mazeV1_t2","react_ccrs_mazeV1_t2_20260625_141909.log","87344","react.ccrs.contingency.escalation.skipped","","1440",,,,,,"no_escalation_condition_met",,,,,,,,,,,"","","","","","","","",,
"react-baseline-vs-ccrs-v1-t2","002-ccrs","react_ccrs_mazeV1_t2","react_ccrs_mazeV1_t2_20260625_141909.log","87355","react.ccrs.contingency.escalation.considered","","1441",,,,,,,,,,,,,,,,,"","","","","","","","",,
"react-baseline-vs-ccrs-v1-t2","002-ccrs","react_ccrs_mazeV1_t2","react_ccrs_mazeV1_t2_20260625_141909.log","87356","react.ccrs.contingency.escalation.skipped","","1441",,,,,,"no_escalation_condition_met",,,,,,,,,,,"","","","","","","","",,
"react-baseline-vs-ccrs-v1-t2","002-ccrs","react_ccrs_mazeV1_t2","react_ccrs_mazeV1_t2_20260625_141909.log","87443","react.ccrs.contingency.escalation.considered","","1442",,,,,,,,,,,,,,,,,"","","","","","","","",,
"react-baseline-vs-ccrs-v1-t2","002-ccrs","react_ccrs_mazeV1_t2","react_ccrs_mazeV1_t2_20260625_141909.log","87444","react.ccrs.contingency.escalation.skipped","","1442",,,,,,"no_escalation_condition_met",,,,,,,,,,,"","","","","","","","",,
"react-baseline-vs-ccrs-v1-t2","002-ccrs","react_ccrs_mazeV1_t2","react_ccrs_mazeV1_t2_20260625_141909.log","87531","react.ccrs.contingency.escalation.considered","","1443",,,,,,,,,,,,,,,,,"","","","","","","","",,
"react-baseline-vs-ccrs-v1-t2","002-ccrs","react_ccrs_mazeV1_t2","react_ccrs_mazeV1_t2_20260625_141909.log","87532","react.ccrs.contingency.escalation.skipped","","1443",,,,,,"no_escalation_condition_met",,,,,,,,,,,"","","","","","","","",,
"react-baseline-vs-ccrs-v1-t2","002-ccrs","react_ccrs_mazeV1_t2","react_ccrs_mazeV1_t2_20260625_141909.log","87619","react.ccrs.contingency.escalation.considered","","1444",,,,,,,,,,,,,,,,,"","","","","","","","",,
"react-baseline-vs-ccrs-v1-t2","002-ccrs","react_ccrs_mazeV1_t2","react_ccrs_mazeV1_t2_20260625_141909.log","87620","react.ccrs.contingency.escalation.skipped","","1444",,,,,,"no_escalation_condition_met",,,,,,,,,,,"","","","","","","","",,
"react-baseline-vs-ccrs-v1-t2","002-ccrs","react_ccrs_mazeV1_t2","react_ccrs_mazeV1_t2_20260625_141909.log","87631","react.ccrs.contingency.escalation.considered","","1445",,,,,,,,,,,,,,,,,"","","","","","","","",,
"react-baseline-vs-ccrs-v1-t2","002-ccrs","react_ccrs_mazeV1_t2","react_ccrs_mazeV1_t2_20260625_141909.log","87632","react.ccrs.contingency.escalation.skipped","","1445",,,,,,"no_escalation_condition_met",,,,,,,,,,,"","","","","","","","",,
"react-baseline-vs-ccrs-v1-t2","002-ccrs","react_ccrs_mazeV1_t2","react_ccrs_mazeV1_t2_20260625_141909.log","87719","react.ccrs.contingency.escalation.considered","","1446",,,,,,,,,,,,,,,,,"","","","","","","","",,
"react-baseline-vs-ccrs-v1-t2","002-ccrs","react_ccrs_mazeV1_t2","react_ccrs_mazeV1_t2_20260625_141909.log","87720","react.ccrs.contingency.escalation.skipped","","1446",,,,,,"no_escalation_condition_met",,,,,,,,,,,"","","","","","","","",,
"react-baseline-vs-ccrs-v1-t2","002-ccrs","react_ccrs_mazeV1_t2","react_ccrs_mazeV1_t2_20260625_141909.log","87807","react.ccrs.contingency.escalation.considered","","1447",,,,,,,,,,,,,,,,,"","","","","","","","",,
"react-baseline-vs-ccrs-v1-t2","002-ccrs","react_ccrs_mazeV1_t2","react_ccrs_mazeV1_t2_20260625_141909.log","87808","react.ccrs.contingency.escalation.skipped","","1447",,,,,,"no_escalation_condition_met",,,,,,,,,,,"","","","","","","","",,
"react-baseline-vs-ccrs-v1-t2","002-ccrs","react_ccrs_mazeV1_t2","react_ccrs_mazeV1_t2_20260625_141909.log","87895","react.ccrs.contingency.escalation.considered","","1448",,,,,,,,,,,,,,,,,"","","","","","","","",,
"react-baseline-vs-ccrs-v1-t2","002-ccrs","react_ccrs_mazeV1_t2","react_ccrs_mazeV1_t2_20260625_141909.log","87896","react.ccrs.contingency.escalation.skipped","","1448",,,,,,"no_escalation_condition_met",,,,,,,,,,,"","","","","","","","",,
"react-baseline-vs-ccrs-v1-t2","002-ccrs","react_ccrs_mazeV1_t2","react_ccrs_mazeV1_t2_20260625_141909.log","87983","react.ccrs.contingency.escalation.considered","","1449",,,,,,,,,,,,,,,,,"","","","","","","","",,
"react-baseline-vs-ccrs-v1-t2","002-ccrs","react_ccrs_mazeV1_t2","react_ccrs_mazeV1_t2_20260625_141909.log","87984","react.ccrs.contingency.escalation.skipped","","1449",,,,,,"no_escalation_condition_met",,,,,,,,,,,"","","","","","","","",,
"react-baseline-vs-ccrs-v1-t2","002-ccrs","react_ccrs_mazeV1_t2","react_ccrs_mazeV1_t2_20260625_141909.log","88071","react.ccrs.contingency.escalation.considered","","1450",,,,,,,,,,,,,,,,,"","","","","","","","",,
"react-baseline-vs-ccrs-v1-t2","002-ccrs","react_ccrs_mazeV1_t2","react_ccrs_mazeV1_t2_20260625_141909.log","88072","react.ccrs.contingency.escalation.skipped","","1450",,,,,,"no_escalation_condition_met",,,,,,,,,,,"","","","","","","","",,
"react-baseline-vs-ccrs-v1-t2","002-ccrs","react_ccrs_mazeV1_t2","react_ccrs_mazeV1_t2_20260625_141909.log","88088","react.ccrs.contingency.escalation.considered","","1451",,,,,,,,,,,,,,,,,"","","","","","","","",,
"react-baseline-vs-ccrs-v1-t2","002-ccrs","react_ccrs_mazeV1_t2","react_ccrs_mazeV1_t2_20260625_141909.log","88089","react.ccrs.contingency.escalation.skipped","","1451",,,,,,"no_escalation_condition_met",,,,,,,,,,,"","","","","","","","",,
"react-baseline-vs-ccrs-v1-t2","002-ccrs","react_ccrs_mazeV1_t2","react_ccrs_mazeV1_t2_20260625_141909.log","88176","react.ccrs.contingency.escalation.considered","","1452",,,,,,,,,,,,,,,,,"","","","","","","","",,
"react-baseline-vs-ccrs-v1-t2","002-ccrs","react_ccrs_mazeV1_t2","react_ccrs_mazeV1_t2_20260625_141909.log","88177","react.ccrs.contingency.escalation.skipped","","1452",,,,,,"no_escalation_condition_met",,,,,,,,,,,"","","","","","","","",,
"react-baseline-vs-ccrs-v1-t2","002-ccrs","react_ccrs_mazeV1_t2","react_ccrs_mazeV1_t2_20260625_141909.log","88193","react.ccrs.contingency.escalation.considered","","1453",,,,,,,,,,,,,,,,,"","","","","","","","",,
"react-baseline-vs-ccrs-v1-t2","002-ccrs","react_ccrs_mazeV1_t2","react_ccrs_mazeV1_t2_20260625_141909.log","88194","react.ccrs.contingency.escalation.activated","","1453",,,,,,"explicit_llm_escalation",,"STUCK","stuck_navigation","http://127.0.1.1:8080/cells/35/31",,,,,,,"","","","","","","","",,
"react-baseline-vs-ccrs-v1-t2","002-ccrs","react_ccrs_mazeV1_t2","react_ccrs_mazeV1_t2_20260625_141909.log","88199","react.ccrs.contingency.classpath.resolved","",,,,,,,,,,,,,,,,,,"","","","","","","","",,
"react-baseline-vs-ccrs-v1-t2","002-ccrs","react_ccrs_mazeV1_t2","react_ccrs_mazeV1_t2_20260625_141909.log","88205","react.ccrs.contingency.classpath.resolved","",,,,,,,,,,,,,,,,,,"","","","","","","","",,
"react-baseline-vs-ccrs-v1-t2","002-ccrs","react_ccrs_mazeV1_t2","react_ccrs_mazeV1_t2_20260625_141909.log","88208","react.ccrs.contingency.evaluate","2",,,,,,,,,"STUCK","stuck_navigation","http://127.0.1.1:8080/cells/35/31",,,,,,,"","","","","","","","",,
"react-baseline-vs-ccrs-v1-t2","002-ccrs","react_ccrs_mazeV1_t2","react_ccrs_mazeV1_t2_20260625_141909.log","88209","react.ccrs.contingency.returned","2",,,"prediction_llm","76809b82-e4c5-406b-b8cc-dc3bfa495d34","post","False",,,,,,,,"4","1","1","0","","","","","","","","",,
"react-baseline-vs-ccrs-v1-t2","002-ccrs","react_ccrs_mazeV1_t2","react_ccrs_mazeV1_t2_20260625_141909.log","88414","react.ccrs.contingency.escalation.considered","","1454",,,,,,,,,,,,,,,,,"","","","","","","","",,
"react-baseline-vs-ccrs-v1-t2","002-ccrs","react_ccrs_mazeV1_t2","react_ccrs_mazeV1_t2_20260625_141909.log","88415","react.ccrs.contingency.escalation.skipped","","1454",,,,,,"no_escalation_condition_met",,,,,,,,,,,"","","","","","","","",,
"react-baseline-vs-ccrs-v1-t2","002-ccrs","react_ccrs_mazeV1_t2","react_ccrs_mazeV1_t2_20260625_141909.log","88426","react.ccrs.contingency.escalation.considered","","1455",,,,,,,,,,,,,,,,,"","","","","","","","",,
"react-baseline-vs-ccrs-v1-t2","002-ccrs","react_ccrs_mazeV1_t2","react_ccrs_mazeV1_t2_20260625_141909.log","88427","react.ccrs.contingency.escalation.skipped","","1455",,,,,,"no_escalation_condition_met",,,,,,,,,,,"","","","","","","","",,
"react-baseline-vs-ccrs-v1-t2","002-ccrs","react_ccrs_mazeV1_t2","react_ccrs_mazeV1_t2_20260625_141909.log","88514","react.ccrs.contingency.escalation.considered","","1456",,,,,,,,,,,,,,,,,"","","","","","","","",,
"react-baseline-vs-ccrs-v1-t2","002-ccrs","react_ccrs_mazeV1_t2","react_ccrs_mazeV1_t2_20260625_141909.log","88515","react.ccrs.contingency.escalation.skipped","","1456",,,,,,"no_escalation_condition_met",,,,,,,,,,,"","","","","","","","",,
"react-baseline-vs-ccrs-v1-t2","002-ccrs","react_ccrs_mazeV1_t2","react_ccrs_mazeV1_t2_20260625_141909.log","88602","react.ccrs.contingency.escalation.considered","","1457",,,,,,,,,,,,,,,,,"","","","","","","","",,
"react-baseline-vs-ccrs-v1-t2","002-ccrs","react_ccrs_mazeV1_t2","react_ccrs_mazeV1_t2_20260625_141909.log","88603","react.ccrs.contingency.escalation.skipped","","1457",,,,,,"no_escalation_condition_met",,,,,,,,,,,"","","","","","","","",,
"react-baseline-vs-ccrs-v1-t2","002-ccrs","react_ccrs_mazeV1_t2","react_ccrs_mazeV1_t2_20260625_141909.log","88690","react.ccrs.contingency.escalation.considered","","1458",,,,,,,,,,,,,,,,,"","","","","","","","",,
"react-baseline-vs-ccrs-v1-t2","002-ccrs","react_ccrs_mazeV1_t2","react_ccrs_mazeV1_t2_20260625_141909.log","88691","react.ccrs.contingency.escalation.skipped","","1458",,,,,,"no_escalation_condition_met",,,,,,,,,,,"","","","","","","","",,
"react-baseline-vs-ccrs-v1-t2","002-ccrs","react_ccrs_mazeV1_t2","react_ccrs_mazeV1_t2_20260625_141909.log","88778","react.ccrs.contingency.escalation.considered","","1459",,,,,,,,,,,,,,,,,"","","","","","","","",,
"react-baseline-vs-ccrs-v1-t2","002-ccrs","react_ccrs_mazeV1_t2","react_ccrs_mazeV1_t2_20260625_141909.log","88779","react.ccrs.contingency.escalation.skipped","","1459",,,,,,"no_escalation_condition_met",,,,,,,,,,,"","","","","","","","",,
"react-baseline-vs-ccrs-v1-t2","002-ccrs","react_ccrs_mazeV1_t2","react_ccrs_mazeV1_t2_20260625_141909.log","88795","react.ccrs.contingency.escalation.considered","","1460",,,,,,,,,,,,,,,,,"","","","","","","","",,
"react-baseline-vs-ccrs-v1-t2","002-ccrs","react_ccrs_mazeV1_t2","react_ccrs_mazeV1_t2_20260625_141909.log","88796","react.ccrs.contingency.escalation.skipped","","1460",,,,,,"no_escalation_condition_met",,,,,,,,,,,"","","","","","","","",,
"react-baseline-vs-ccrs-v1-t2","002-ccrs","react_ccrs_mazeV1_t2","react_ccrs_mazeV1_t2_20260625_141909.log","88812","react.ccrs.contingency.escalation.considered","","1461",,,,,,,,,,,,,,,,,"","","","","","","","",,
"react-baseline-vs-ccrs-v1-t2","002-ccrs","react_ccrs_mazeV1_t2","react_ccrs_mazeV1_t2_20260625_141909.log","88813","react.ccrs.contingency.escalation.skipped","","1461",,,,,,"no_escalation_condition_met",,,,,,,,,,,"","","","","","","","",,
"react-baseline-vs-ccrs-v1-t2","002-ccrs","react_ccrs_mazeV1_t2","react_ccrs_mazeV1_t2_20260625_141909.log","88900","react.ccrs.contingency.escalation.considered","","1462",,,,,,,,,,,,,,,,,"","","","","","","","",,
"react-baseline-vs-ccrs-v1-t2","002-ccrs","react_ccrs_mazeV1_t2","react_ccrs_mazeV1_t2_20260625_141909.log","88901","react.ccrs.contingency.escalation.skipped","","1462",,,,,,"no_escalation_condition_met",,,,,,,,,,,"","","","","","","","",,
"react-baseline-vs-ccrs-v1-t2","002-ccrs","react_ccrs_mazeV1_t2","react_ccrs_mazeV1_t2_20260625_141909.log","88917","react.ccrs.contingency.escalation.considered","","1463",,,,,,,,,,,,,,,,,"","","","","","","","",,
"react-baseline-vs-ccrs-v1-t2","002-ccrs","react_ccrs_mazeV1_t2","react_ccrs_mazeV1_t2_20260625_141909.log","88918","react.ccrs.contingency.escalation.skipped","","1463",,,,,,"no_escalation_condition_met",,,,,,,,,,,"","","","","","","","",,
"react-baseline-vs-ccrs-v1-t2","002-ccrs","react_ccrs_mazeV1_t2","react_ccrs_mazeV1_t2_20260625_141909.log","89005","react.ccrs.contingency.escalation.considered","","1464",,,,,,,,,,,,,,,,,"","","","","","","","",,
"react-baseline-vs-ccrs-v1-t2","002-ccrs","react_ccrs_mazeV1_t2","react_ccrs_mazeV1_t2_20260625_141909.log","89006","react.ccrs.contingency.escalation.skipped","","1464",,,,,,"no_escalation_condition_met",,,,,,,,,,,"","","","","","","","",,
"react-baseline-vs-ccrs-v1-t2","002-ccrs","react_ccrs_mazeV1_t2","react_ccrs_mazeV1_t2_20260625_141909.log","89022","react.ccrs.contingency.escalation.considered","","1465",,,,,,,,,,,,,,,,,"","","","","","","","",,
"react-baseline-vs-ccrs-v1-t2","002-ccrs","react_ccrs_mazeV1_t2","react_ccrs_mazeV1_t2_20260625_141909.log","89023","react.ccrs.contingency.escalation.skipped","","1465",,,,,,"no_escalation_condition_met",,,,,,,,,,,"","","","","","","","",,
"react-baseline-vs-ccrs-v1-t2","002-ccrs","react_ccrs_mazeV1_t2","react_ccrs_mazeV1_t2_20260625_141909.log","89110","react.ccrs.contingency.escalation.considered","","1466",,,,,,,,,,,,,,,,,"","","","","","","","",,
"react-baseline-vs-ccrs-v1-t2","002-ccrs","react_ccrs_mazeV1_t2","react_ccrs_mazeV1_t2_20260625_141909.log","89111","react.ccrs.contingency.escalation.skipped","","1466",,,,,,"no_escalation_condition_met",,,,,,,,,,,"","","","","","","","",,
"react-baseline-vs-ccrs-v1-t2","002-ccrs","react_ccrs_mazeV1_t2","react_ccrs_mazeV1_t2_20260625_141909.log","89198","react.ccrs.contingency.escalation.considered","","1467",,,,,,,,,,,,,,,,,"","","","","","","","",,
"react-baseline-vs-ccrs-v1-t2","002-ccrs","react_ccrs_mazeV1_t2","react_ccrs_mazeV1_t2_20260625_141909.log","89199","react.ccrs.contingency.escalation.skipped","","1467",,,,,,"no_escalation_condition_met",,,,,,,,,,,"","","","","","","","",,
"react-baseline-vs-ccrs-v1-t2","002-ccrs","react_ccrs_mazeV1_t2","react_ccrs_mazeV1_t2_20260625_141909.log","89286","react.ccrs.contingency.escalation.considered","","1468",,,,,,,,,,,,,,,,,"","","","","","","","",,
"react-baseline-vs-ccrs-v1-t2","002-ccrs","react_ccrs_mazeV1_t2","react_ccrs_mazeV1_t2_20260625_141909.log","89287","react.ccrs.contingency.escalation.skipped","","1468",,,,,,"no_escalation_condition_met",,,,,,,,,,,"","","","","","","","",,
"react-baseline-vs-ccrs-v1-t2","002-ccrs","react_ccrs_mazeV1_t2","react_ccrs_mazeV1_t2_20260625_141909.log","89374","react.ccrs.contingency.escalation.considered","","1469",,,,,,,,,,,,,,,,,"","","","","","","","",,
"react-baseline-vs-ccrs-v1-t2","002-ccrs","react_ccrs_mazeV1_t2","react_ccrs_mazeV1_t2_20260625_141909.log","89375","react.ccrs.contingency.escalation.skipped","","1469",,,,,,"no_escalation_condition_met",,,,,,,,,,,"","","","","","","","",,
"react-baseline-vs-ccrs-v1-t2","002-ccrs","react_ccrs_mazeV1_t2","react_ccrs_mazeV1_t2_20260625_141909.log","89391","react.ccrs.contingency.escalation.considered","","1470",,,,,,,,,,,,,,,,,"","","","","","","","",,
"react-baseline-vs-ccrs-v1-t2","002-ccrs","react_ccrs_mazeV1_t2","react_ccrs_mazeV1_t2_20260625_141909.log","89392","react.ccrs.contingency.escalation.skipped","","1470",,,,,,"no_escalation_condition_met",,,,,,,,,,,"","","","","","","","",,
"react-baseline-vs-ccrs-v1-t2","002-ccrs","react_ccrs_mazeV1_t2","react_ccrs_mazeV1_t2_20260625_141909.log","89479","react.ccrs.contingency.escalation.considered","","1471",,,,,,,,,,,,,,,,,"","","","","","","","",,
"react-baseline-vs-ccrs-v1-t2","002-ccrs","react_ccrs_mazeV1_t2","react_ccrs_mazeV1_t2_20260625_141909.log","89480","react.ccrs.contingency.escalation.skipped","","1471",,,,,,"no_escalation_condition_met",,,,,,,,,,,"","","","","","","","",,
"react-baseline-vs-ccrs-v1-t2","002-ccrs","react_ccrs_mazeV1_t2","react_ccrs_mazeV1_t2_20260625_141909.log","89567","react.ccrs.contingency.escalation.considered","","1472",,,,,,,,,,,,,,,,,"","","","","","","","",,
"react-baseline-vs-ccrs-v1-t2","002-ccrs","react_ccrs_mazeV1_t2","react_ccrs_mazeV1_t2_20260625_141909.log","89568","react.ccrs.contingency.escalation.skipped","","1472",,,,,,"no_escalation_condition_met",,,,,,,,,,,"","","","","","","","",,
"react-baseline-vs-ccrs-v1-t2","002-ccrs","react_ccrs_mazeV1_t2","react_ccrs_mazeV1_t2_20260625_141909.log","89655","react.ccrs.contingency.escalation.considered","","1473",,,,,,,,,,,,,,,,,"","","","","","","","",,
"react-baseline-vs-ccrs-v1-t2","002-ccrs","react_ccrs_mazeV1_t2","react_ccrs_mazeV1_t2_20260625_141909.log","89656","react.ccrs.contingency.escalation.skipped","","1473",,,,,,"no_escalation_condition_met",,,,,,,,,,,"","","","","","","","",,
"react-baseline-vs-ccrs-v1-t2","002-ccrs","react_ccrs_mazeV1_t2","react_ccrs_mazeV1_t2_20260625_141909.log","89743","react.ccrs.contingency.escalation.considered","","1474",,,,,,,,,,,,,,,,,"","","","","","","","",,
"react-baseline-vs-ccrs-v1-t2","002-ccrs","react_ccrs_mazeV1_t2","react_ccrs_mazeV1_t2_20260625_141909.log","89744","react.ccrs.contingency.escalation.skipped","","1474",,,,,,"no_escalation_condition_met",,,,,,,,,,,"","","","","","","","",,
"react-baseline-vs-ccrs-v1-t2","002-ccrs","react_ccrs_mazeV1_t2","react_ccrs_mazeV1_t2_20260625_141909.log","89831","react.ccrs.contingency.escalation.considered","","1475",,,,,,,,,,,,,,,,,"","","","","","","","",,
"react-baseline-vs-ccrs-v1-t2","002-ccrs","react_ccrs_mazeV1_t2","react_ccrs_mazeV1_t2_20260625_141909.log","89832","react.ccrs.contingency.escalation.skipped","","1475",,,,,,"no_escalation_condition_met",,,,,,,,,,,"","","","","","","","",,
"react-baseline-vs-ccrs-v1-t2","002-ccrs","react_ccrs_mazeV1_t2","react_ccrs_mazeV1_t2_20260625_141909.log","89919","react.ccrs.contingency.escalation.considered","","1476",,,,,,,,,,,,,,,,,"","","","","","","","",,
"react-baseline-vs-ccrs-v1-t2","002-ccrs","react_ccrs_mazeV1_t2","react_ccrs_mazeV1_t2_20260625_141909.log","89920","react.ccrs.contingency.escalation.skipped","","1476",,,,,,"no_escalation_condition_met",,,,,,,,,,,"","","","","","","","",,
"react-baseline-vs-ccrs-v1-t2","002-ccrs","react_ccrs_mazeV1_t2","react_ccrs_mazeV1_t2_20260625_141909.log","90007","react.ccrs.contingency.escalation.considered","","1477",,,,,,,,,,,,,,,,,"","","","","","","","",,
"react-baseline-vs-ccrs-v1-t2","002-ccrs","react_ccrs_mazeV1_t2","react_ccrs_mazeV1_t2_20260625_141909.log","90008","react.ccrs.contingency.escalation.skipped","","1477",,,,,,"no_escalation_condition_met",,,,,,,,,,,"","","","","","","","",,
"react-baseline-vs-ccrs-v1-t2","002-ccrs","react_ccrs_mazeV1_t2","react_ccrs_mazeV1_t2_20260625_141909.log","90095","react.ccrs.contingency.escalation.considered","","1478",,,,,,,,,,,,,,,,,"","","","","","","","",,
"react-baseline-vs-ccrs-v1-t2","002-ccrs","react_ccrs_mazeV1_t2","react_ccrs_mazeV1_t2_20260625_141909.log","90096","react.ccrs.contingency.escalation.skipped","","1478",,,,,,"no_escalation_condition_met",,,,,,,,,,,"","","","","","","","",,
"react-baseline-vs-ccrs-v1-t2","002-ccrs","react_ccrs_mazeV1_t2","react_ccrs_mazeV1_t2_20260625_141909.log","90112","react.ccrs.contingency.escalation.considered","","1479",,,,,,,,,,,,,,,,,"","","","","","","","",,
"react-baseline-vs-ccrs-v1-t2","002-ccrs","react_ccrs_mazeV1_t2","react_ccrs_mazeV1_t2_20260625_141909.log","90113","react.ccrs.contingency.escalation.skipped","","1479",,,,,,"no_escalation_condition_met",,,,,,,,,,,"","","","","","","","",,
"react-baseline-vs-ccrs-v1-t2","002-ccrs","react_ccrs_mazeV1_t2","react_ccrs_mazeV1_t2_20260625_141909.log","90200","react.ccrs.contingency.escalation.considered","","1480",,,,,,,,,,,,,,,,,"","","","","","","","",,
"react-baseline-vs-ccrs-v1-t2","002-ccrs","react_ccrs_mazeV1_t2","react_ccrs_mazeV1_t2_20260625_141909.log","90201","react.ccrs.contingency.escalation.skipped","","1480",,,,,,"no_escalation_condition_met",,,,,,,,,,,"","","","","","","","",,
"react-baseline-vs-ccrs-v1-t2","002-ccrs","react_ccrs_mazeV1_t2","react_ccrs_mazeV1_t2_20260625_141909.log","90288","react.ccrs.contingency.escalation.considered","","1481",,,,,,,,,,,,,,,,,"","","","","","","","",,
"react-baseline-vs-ccrs-v1-t2","002-ccrs","react_ccrs_mazeV1_t2","react_ccrs_mazeV1_t2_20260625_141909.log","90289","react.ccrs.contingency.escalation.skipped","","1481",,,,,,"no_escalation_condition_met",,,,,,,,,,,"","","","","","","","",,
"react-baseline-vs-ccrs-v1-t2","002-ccrs","react_ccrs_mazeV1_t2","react_ccrs_mazeV1_t2_20260625_141909.log","90376","react.ccrs.contingency.escalation.considered","","1482",,,,,,,,,,,,,,,,,"","","","","","","","",,
"react-baseline-vs-ccrs-v1-t2","002-ccrs","react_ccrs_mazeV1_t2","react_ccrs_mazeV1_t2_20260625_141909.log","90377","react.ccrs.contingency.escalation.skipped","","1482",,,,,,"no_escalation_condition_met",,,,,,,,,,,"","","","","","","","",,
"react-baseline-vs-ccrs-v1-t2","002-ccrs","react_ccrs_mazeV1_t2","react_ccrs_mazeV1_t2_20260625_141909.log","90464","react.ccrs.contingency.escalation.considered","","1483",,,,,,,,,,,,,,,,,"","","","","","","","",,
"react-baseline-vs-ccrs-v1-t2","002-ccrs","react_ccrs_mazeV1_t2","react_ccrs_mazeV1_t2_20260625_141909.log","90465","react.ccrs.contingency.escalation.skipped","","1483",,,,,,"no_escalation_condition_met",,,,,,,,,,,"","","","","","","","",,
"react-baseline-vs-ccrs-v1-t2","002-ccrs","react_ccrs_mazeV1_t2","react_ccrs_mazeV1_t2_20260625_141909.log","90552","react.ccrs.contingency.escalation.considered","","1484",,,,,,,,,,,,,,,,,"","","","","","","","",,
"react-baseline-vs-ccrs-v1-t2","002-ccrs","react_ccrs_mazeV1_t2","react_ccrs_mazeV1_t2_20260625_141909.log","90553","react.ccrs.contingency.escalation.skipped","","1484",,,,,,"no_escalation_condition_met",,,,,,,,,,,"","","","","","","","",,
"react-baseline-vs-ccrs-v1-t2","002-ccrs","react_ccrs_mazeV1_t2","react_ccrs_mazeV1_t2_20260625_141909.log","90564","react.ccrs.contingency.escalation.considered","","1485",,,,,,,,,,,,,,,,,"","","","","","","","",,
"react-baseline-vs-ccrs-v1-t2","002-ccrs","react_ccrs_mazeV1_t2","react_ccrs_mazeV1_t2_20260625_141909.log","90565","react.ccrs.contingency.escalation.skipped","","1485",,,,,,"no_escalation_condition_met",,,,,,,,,,,"","","","","","","","",,
"react-baseline-vs-ccrs-v1-t2","002-ccrs","react_ccrs_mazeV1_t2","react_ccrs_mazeV1_t2_20260625_141909.log","90652","react.ccrs.contingency.escalation.considered","","1486",,,,,,,,,,,,,,,,,"","","","","","","","",,
"react-baseline-vs-ccrs-v1-t2","002-ccrs","react_ccrs_mazeV1_t2","react_ccrs_mazeV1_t2_20260625_141909.log","90653","react.ccrs.contingency.escalation.skipped","","1486",,,,,,"no_escalation_condition_met",,,,,,,,,,,"","","","","","","","",,
"react-baseline-vs-ccrs-v1-t2","002-ccrs","react_ccrs_mazeV1_t2","react_ccrs_mazeV1_t2_20260625_141909.log","90740","react.ccrs.contingency.escalation.considered","","1487",,,,,,,,,,,,,,,,,"","","","","","","","",,
"react-baseline-vs-ccrs-v1-t2","002-ccrs","react_ccrs_mazeV1_t2","react_ccrs_mazeV1_t2_20260625_141909.log","90741","react.ccrs.contingency.escalation.skipped","","1487",,,,,,"no_escalation_condition_met",,,,,,,,,,,"","","","","","","","",,
"react-baseline-vs-ccrs-v1-t2","002-ccrs","react_ccrs_mazeV1_t2","react_ccrs_mazeV1_t2_20260625_141909.log","90828","react.ccrs.contingency.escalation.considered","","1488",,,,,,,,,,,,,,,,,"","","","","","","","",,
"react-baseline-vs-ccrs-v1-t2","002-ccrs","react_ccrs_mazeV1_t2","react_ccrs_mazeV1_t2_20260625_141909.log","90829","react.ccrs.contingency.escalation.skipped","","1488",,,,,,"no_escalation_condition_met",,,,,,,,,,,"","","","","","","","",,
"react-baseline-vs-ccrs-v1-t2","002-ccrs","react_ccrs_mazeV1_t2","react_ccrs_mazeV1_t2_20260625_141909.log","90916","react.ccrs.contingency.escalation.considered","","1489",,,,,,,,,,,,,,,,,"","","","","","","","",,
"react-baseline-vs-ccrs-v1-t2","002-ccrs","react_ccrs_mazeV1_t2","react_ccrs_mazeV1_t2_20260625_141909.log","90917","react.ccrs.contingency.escalation.skipped","","1489",,,,,,"no_escalation_condition_met",,,,,,,,,,,"","","","","","","","",,
"react-baseline-vs-ccrs-v1-t2","002-ccrs","react_ccrs_mazeV1_t2","react_ccrs_mazeV1_t2_20260625_141909.log","91004","react.ccrs.contingency.escalation.considered","","1490",,,,,,,,,,,,,,,,,"","","","","","","","",,
"react-baseline-vs-ccrs-v1-t2","002-ccrs","react_ccrs_mazeV1_t2","react_ccrs_mazeV1_t2_20260625_141909.log","91005","react.ccrs.contingency.escalation.skipped","","1490",,,,,,"no_escalation_condition_met",,,,,,,,,,,"","","","","","","","",,
"react-baseline-vs-ccrs-v1-t2","002-ccrs","react_ccrs_mazeV1_t2","react_ccrs_mazeV1_t2_20260625_141909.log","91021","react.ccrs.contingency.escalation.considered","","1491",,,,,,,,,,,,,,,,,"","","","","","","","",,
"react-baseline-vs-ccrs-v1-t2","002-ccrs","react_ccrs_mazeV1_t2","react_ccrs_mazeV1_t2_20260625_141909.log","91022","react.ccrs.contingency.escalation.skipped","","1491",,,,,,"no_escalation_condition_met",,,,,,,,,,,"","","","","","","","",,
"react-baseline-vs-ccrs-v1-t2","002-ccrs","react_ccrs_mazeV1_t2","react_ccrs_mazeV1_t2_20260625_141909.log","91033","react.ccrs.contingency.escalation.considered","","1492",,,,,,,,,,,,,,,,,"","","","","","","","",,
"react-baseline-vs-ccrs-v1-t2","002-ccrs","react_ccrs_mazeV1_t2","react_ccrs_mazeV1_t2_20260625_141909.log","91034","react.ccrs.contingency.escalation.skipped","","1492",,,,,,"no_escalation_condition_met",,,,,,,,,,,"","","","","","","","",,
"react-baseline-vs-ccrs-v1-t2","002-ccrs","react_ccrs_mazeV1_t2","react_ccrs_mazeV1_t2_20260625_141909.log","91121","react.ccrs.contingency.escalation.considered","","1493",,,,,,,,,,,,,,,,,"","","","","","","","",,
"react-baseline-vs-ccrs-v1-t2","002-ccrs","react_ccrs_mazeV1_t2","react_ccrs_mazeV1_t2_20260625_141909.log","91122","react.ccrs.contingency.escalation.skipped","","1493",,,,,,"no_escalation_condition_met",,,,,,,,,,,"","","","","","","","",,
"react-baseline-vs-ccrs-v1-t2","002-ccrs","react_ccrs_mazeV1_t2","react_ccrs_mazeV1_t2_20260625_141909.log","91209","react.ccrs.contingency.escalation.considered","","1494",,,,,,,,,,,,,,,,,"","","","","","","","",,
"react-baseline-vs-ccrs-v1-t2","002-ccrs","react_ccrs_mazeV1_t2","react_ccrs_mazeV1_t2_20260625_141909.log","91210","react.ccrs.contingency.escalation.skipped","","1494",,,,,,"no_escalation_condition_met",,,,,,,,,,,"","","","","","","","",,
"react-baseline-vs-ccrs-v1-t2","002-ccrs","react_ccrs_mazeV1_t2","react_ccrs_mazeV1_t2_20260625_141909.log","91297","react.ccrs.contingency.escalation.considered","","1495",,,,,,,,,,,,,,,,,"","","","","","","","",,
"react-baseline-vs-ccrs-v1-t2","002-ccrs","react_ccrs_mazeV1_t2","react_ccrs_mazeV1_t2_20260625_141909.log","91298","react.ccrs.contingency.escalation.skipped","","1495",,,,,,"no_escalation_condition_met",,,,,,,,,,,"","","","","","","","",,
"react-baseline-vs-ccrs-v1-t2","002-ccrs","react_ccrs_mazeV1_t2","react_ccrs_mazeV1_t2_20260625_141909.log","91385","react.ccrs.contingency.escalation.considered","","1496",,,,,,,,,,,,,,,,,"","","","","","","","",,
"react-baseline-vs-ccrs-v1-t2","002-ccrs","react_ccrs_mazeV1_t2","react_ccrs_mazeV1_t2_20260625_141909.log","91386","react.ccrs.contingency.escalation.skipped","","1496",,,,,,"no_escalation_condition_met",,,,,,,,,,,"","","","","","","","",,
"react-baseline-vs-ccrs-v1-t2","002-ccrs","react_ccrs_mazeV1_t2","react_ccrs_mazeV1_t2_20260625_141909.log","91473","react.ccrs.contingency.escalation.considered","","1497",,,,,,,,,,,,,,,,,"","","","","","","","",,
"react-baseline-vs-ccrs-v1-t2","002-ccrs","react_ccrs_mazeV1_t2","react_ccrs_mazeV1_t2_20260625_141909.log","91474","react.ccrs.contingency.escalation.skipped","","1497",,,,,,"no_escalation_condition_met",,,,,,,,,,,"","","","","","","","",,
"react-baseline-vs-ccrs-v1-t2","002-ccrs","react_ccrs_mazeV1_t2","react_ccrs_mazeV1_t2_20260625_141909.log","91561","react.ccrs.contingency.escalation.considered","","1498",,,,,,,,,,,,,,,,,"","","","","","","","",,
"react-baseline-vs-ccrs-v1-t2","002-ccrs","react_ccrs_mazeV1_t2","react_ccrs_mazeV1_t2_20260625_141909.log","91562","react.ccrs.contingency.escalation.skipped","","1498",,,,,,"no_escalation_condition_met",,,,,,,,,,,"","","","","","","","",,
"react-baseline-vs-ccrs-v1-t2","002-ccrs","react_ccrs_mazeV1_t2","react_ccrs_mazeV1_t2_20260625_141909.log","91649","react.ccrs.contingency.escalation.considered","","1499",,,,,,,,,,,,,,,,,"","","","","","","","",,
"react-baseline-vs-ccrs-v1-t2","002-ccrs","react_ccrs_mazeV1_t2","react_ccrs_mazeV1_t2_20260625_141909.log","91650","react.ccrs.contingency.escalation.skipped","","1499",,,,,,"no_escalation_condition_met",,,,,,,,,,,"","","","","","","","",,
"react-baseline-vs-ccrs-v1-t2","002-ccrs","react_ccrs_mazeV1_t2","react_ccrs_mazeV1_t2_20260625_141909.log","91737","react.ccrs.contingency.escalation.considered","","1500",,,,,,,,,,,,,,,,,"","","","","","","","",,
"react-baseline-vs-ccrs-v1-t2","002-ccrs","react_ccrs_mazeV1_t2","react_ccrs_mazeV1_t2_20260625_141909.log","91738","react.ccrs.contingency.escalation.skipped","","1500",,,,,,"no_escalation_condition_met",,,,,,,,,,,"","","","","","","","",,
"react-baseline-vs-ccrs-v1-t2","002-ccrs","react_ccrs_mazeV1_t2","react_ccrs_mazeV1_t2_20260625_141909.log","91825","react.ccrs.contingency.escalation.considered","","1501",,,,,,,,,,,,,,,,,"","","","","","","","",,
"react-baseline-vs-ccrs-v1-t2","002-ccrs","react_ccrs_mazeV1_t2","react_ccrs_mazeV1_t2_20260625_141909.log","91826","react.ccrs.contingency.escalation.skipped","","1501",,,,,,"no_escalation_condition_met",,,,,,,,,,,"","","","","","","","",,
"react-baseline-vs-ccrs-v1-t2","002-ccrs","react_ccrs_mazeV1_t2","react_ccrs_mazeV1_t2_20260625_141909.log","91913","react.ccrs.contingency.escalation.considered","","1502",,,,,,,,,,,,,,,,,"","","","","","","","",,
"react-baseline-vs-ccrs-v1-t2","002-ccrs","react_ccrs_mazeV1_t2","react_ccrs_mazeV1_t2_20260625_141909.log","91914","react.ccrs.contingency.escalation.skipped","","1502",,,,,,"no_escalation_condition_met",,,,,,,,,,,"","","","","","","","",,
"react-baseline-vs-ccrs-v1-t2","002-ccrs","react_ccrs_mazeV1_t2","react_ccrs_mazeV1_t2_20260625_141909.log","92001","react.ccrs.contingency.escalation.considered","","1503",,,,,,,,,,,,,,,,,"","","","","","","","",,
"react-baseline-vs-ccrs-v1-t2","002-ccrs","react_ccrs_mazeV1_t2","react_ccrs_mazeV1_t2_20260625_141909.log","92002","react.ccrs.contingency.escalation.skipped","","1503",,,,,,"no_escalation_condition_met",,,,,,,,,,,"","","","","","","","",,
"react-baseline-vs-ccrs-v1-t2","002-ccrs","react_ccrs_mazeV1_t2","react_ccrs_mazeV1_t2_20260625_141909.log","92089","react.ccrs.contingency.escalation.considered","","1504",,,,,,,,,,,,,,,,,"","","","","","","","",,
"react-baseline-vs-ccrs-v1-t2","002-ccrs","react_ccrs_mazeV1_t2","react_ccrs_mazeV1_t2_20260625_141909.log","92090","react.ccrs.contingency.escalation.skipped","","1504",,,,,,"no_escalation_condition_met",,,,,,,,,,,"","","","","","","","",,
"react-baseline-vs-ccrs-v1-t2","002-ccrs","react_ccrs_mazeV1_t2","react_ccrs_mazeV1_t2_20260625_141909.log","92177","react.ccrs.contingency.escalation.considered","","1505",,,,,,,,,,,,,,,,,"","","","","","","","",,
"react-baseline-vs-ccrs-v1-t2","002-ccrs","react_ccrs_mazeV1_t2","react_ccrs_mazeV1_t2_20260625_141909.log","92178","react.ccrs.contingency.escalation.skipped","","1505",,,,,,"no_escalation_condition_met",,,,,,,,,,,"","","","","","","","",,
"react-baseline-vs-ccrs-v1-t2","002-ccrs","react_ccrs_mazeV1_t2","react_ccrs_mazeV1_t2_20260625_141909.log","92265","react.ccrs.contingency.escalation.considered","","1506",,,,,,,,,,,,,,,,,"","","","","","","","",,
"react-baseline-vs-ccrs-v1-t2","002-ccrs","react_ccrs_mazeV1_t2","react_ccrs_mazeV1_t2_20260625_141909.log","92266","react.ccrs.contingency.escalation.skipped","","1506",,,,,,"no_escalation_condition_met",,,,,,,,,,,"","","","","","","","",,
"react-baseline-vs-ccrs-v1-t2","002-ccrs","react_ccrs_mazeV1_t2","react_ccrs_mazeV1_t2_20260625_141909.log","92353","react.ccrs.contingency.escalation.considered","","1507",,,,,,,,,,,,,,,,,"","","","","","","","",,
"react-baseline-vs-ccrs-v1-t2","002-ccrs","react_ccrs_mazeV1_t2","react_ccrs_mazeV1_t2_20260625_141909.log","92354","react.ccrs.contingency.escalation.skipped","","1507",,,,,,"no_escalation_condition_met",,,,,,,,,,,"","","","","","","","",,
"react-baseline-vs-ccrs-v1-t2","002-ccrs","react_ccrs_mazeV1_t2","react_ccrs_mazeV1_t2_20260625_141909.log","92441","react.ccrs.contingency.escalation.considered","","1508",,,,,,,,,,,,,,,,,"","","","","","","","",,
"react-baseline-vs-ccrs-v1-t2","002-ccrs","react_ccrs_mazeV1_t2","react_ccrs_mazeV1_t2_20260625_141909.log","92442","react.ccrs.contingency.escalation.skipped","","1508",,,,,,"no_escalation_condition_met",,,,,,,,,,,"","","","","","","","",,
"react-baseline-vs-ccrs-v1-t2","002-ccrs","react_ccrs_mazeV1_t2","react_ccrs_mazeV1_t2_20260625_141909.log","92458","react.ccrs.contingency.escalation.considered","","1509",,,,,,,,,,,,,,,,,"","","","","","","","",,
"react-baseline-vs-ccrs-v1-t2","002-ccrs","react_ccrs_mazeV1_t2","react_ccrs_mazeV1_t2_20260625_141909.log","92459","react.ccrs.contingency.escalation.skipped","","1509",,,,,,"no_escalation_condition_met",,,,,,,,,,,"","","","","","","","",,
"react-baseline-vs-ccrs-v1-t2","002-ccrs","react_ccrs_mazeV1_t2","react_ccrs_mazeV1_t2_20260625_141909.log","92546","react.ccrs.contingency.escalation.considered","","1510",,,,,,,,,,,,,,,,,"","","","","","","","",,
"react-baseline-vs-ccrs-v1-t2","002-ccrs","react_ccrs_mazeV1_t2","react_ccrs_mazeV1_t2_20260625_141909.log","92547","react.ccrs.contingency.escalation.skipped","","1510",,,,,,"no_escalation_condition_met",,,,,,,,,,,"","","","","","","","",,
"react-baseline-vs-ccrs-v1-t2","002-ccrs","react_ccrs_mazeV1_t2","react_ccrs_mazeV1_t2_20260625_141909.log","92634","react.ccrs.contingency.escalation.considered","","1511",,,,,,,,,,,,,,,,,"","","","","","","","",,
"react-baseline-vs-ccrs-v1-t2","002-ccrs","react_ccrs_mazeV1_t2","react_ccrs_mazeV1_t2_20260625_141909.log","92635","react.ccrs.contingency.escalation.skipped","","1511",,,,,,"no_escalation_condition_met",,,,,,,,,,,"","","","","","","","",,
"react-baseline-vs-ccrs-v1-t2","002-ccrs","react_ccrs_mazeV1_t2","react_ccrs_mazeV1_t2_20260625_141909.log","92722","react.ccrs.contingency.escalation.considered","","1512",,,,,,,,,,,,,,,,,"","","","","","","","",,
"react-baseline-vs-ccrs-v1-t2","002-ccrs","react_ccrs_mazeV1_t2","react_ccrs_mazeV1_t2_20260625_141909.log","92723","react.ccrs.contingency.escalation.skipped","","1512",,,,,,"no_escalation_condition_met",,,,,,,,,,,"","","","","","","","",,
"react-baseline-vs-ccrs-v1-t2","002-ccrs","react_ccrs_mazeV1_t2","react_ccrs_mazeV1_t2_20260625_141909.log","92810","react.ccrs.contingency.escalation.considered","","1513",,,,,,,,,,,,,,,,,"","","","","","","","",,
"react-baseline-vs-ccrs-v1-t2","002-ccrs","react_ccrs_mazeV1_t2","react_ccrs_mazeV1_t2_20260625_141909.log","92811","react.ccrs.contingency.escalation.skipped","","1513",,,,,,"no_escalation_condition_met",,,,,,,,,,,"","","","","","","","",,
"react-baseline-vs-ccrs-v1-t2","002-ccrs","react_ccrs_mazeV1_t2","react_ccrs_mazeV1_t2_20260625_141909.log","92827","react.ccrs.contingency.escalation.considered","","1514",,,,,,,,,,,,,,,,,"","","","","","","","",,
"react-baseline-vs-ccrs-v1-t2","002-ccrs","react_ccrs_mazeV1_t2","react_ccrs_mazeV1_t2_20260625_141909.log","92828","react.ccrs.contingency.escalation.skipped","","1514",,,,,,"no_escalation_condition_met",,,,,,,,,,,"","","","","","","","",,
"react-baseline-vs-ccrs-v1-t2","002-ccrs","react_ccrs_mazeV1_t2","react_ccrs_mazeV1_t2_20260625_141909.log","92839","react.ccrs.contingency.escalation.considered","","1515",,,,,,,,,,,,,,,,,"","","","","","","","",,
"react-baseline-vs-ccrs-v1-t2","002-ccrs","react_ccrs_mazeV1_t2","react_ccrs_mazeV1_t2_20260625_141909.log","92840","react.ccrs.contingency.escalation.skipped","","1515",,,,,,"no_escalation_condition_met",,,,,,,,,,,"","","","","","","","",,
"react-baseline-vs-ccrs-v1-t2","002-ccrs","react_ccrs_mazeV1_t2","react_ccrs_mazeV1_t2_20260625_141909.log","92943","react.ccrs.contingency.escalation.considered","","1516",,,,,,,,,,,,,,,,,"","","","","","","","",,
"react-baseline-vs-ccrs-v1-t2","002-ccrs","react_ccrs_mazeV1_t2","react_ccrs_mazeV1_t2_20260625_141909.log","92944","react.ccrs.contingency.escalation.skipped","","1516",,,,,,"no_escalation_condition_met",,,,,,,,,,,"","","","","","","","",,
"react-baseline-vs-ccrs-v1-t2","002-ccrs","react_ccrs_mazeV1_t2","react_ccrs_mazeV1_t2_20260625_141909.log","93047","react.ccrs.contingency.escalation.considered","","1517",,,,,,,,,,,,,,,,,"","","","","","","","",,
"react-baseline-vs-ccrs-v1-t2","002-ccrs","react_ccrs_mazeV1_t2","react_ccrs_mazeV1_t2_20260625_141909.log","93048","react.ccrs.contingency.escalation.skipped","","1517",,,,,,"no_escalation_condition_met",,,,,,,,,,,"","","","","","","","",,
"react-baseline-vs-ccrs-v1-t2","002-ccrs","react_ccrs_mazeV1_t2","react_ccrs_mazeV1_t2_20260625_141909.log","93059","react.ccrs.contingency.escalation.considered","","1518",,,,,,,,,,,,,,,,,"","","","","","","","",,
"react-baseline-vs-ccrs-v1-t2","002-ccrs","react_ccrs_mazeV1_t2","react_ccrs_mazeV1_t2_20260625_141909.log","93060","react.ccrs.contingency.escalation.skipped","","1518",,,,,,"no_escalation_condition_met",,,,,,,,,,,"","","","","","","","",,
"react-baseline-vs-ccrs-v1-t2","002-ccrs","react_ccrs_mazeV1_t2","react_ccrs_mazeV1_t2_20260625_141909.log","93144","react.ccrs.contingency.escalation.considered","","1519",,,,,,,,,,,,,,,,,"","","","","","","","",,
"react-baseline-vs-ccrs-v1-t2","002-ccrs","react_ccrs_mazeV1_t2","react_ccrs_mazeV1_t2_20260625_141909.log","93145","react.ccrs.contingency.escalation.skipped","","1519",,,,,,"no_escalation_condition_met",,,,,,,,,,,"","","","","","","","",,
"react-baseline-vs-ccrs-v1-t2","002-ccrs","react_ccrs_mazeV1_t2","react_ccrs_mazeV1_t2_20260625_141909.log","93229","react.ccrs.contingency.escalation.considered","","1520",,,,,,,,,,,,,,,,,"","","","","","","","",,
"react-baseline-vs-ccrs-v1-t2","002-ccrs","react_ccrs_mazeV1_t2","react_ccrs_mazeV1_t2_20260625_141909.log","93230","react.ccrs.contingency.escalation.skipped","","1520",,,,,,"no_escalation_condition_met",,,,,,,,,,,"","","","","","","","",,
"react-baseline-vs-ccrs-v1-t2","002-ccrs","react_ccrs_mazeV1_t2","react_ccrs_mazeV1_t2_20260625_141909.log","93314","react.ccrs.contingency.escalation.considered","","1521",,,,,,,,,,,,,,,,,"","","","","","","","",,
"react-baseline-vs-ccrs-v1-t2","002-ccrs","react_ccrs_mazeV1_t2","react_ccrs_mazeV1_t2_20260625_141909.log","93315","react.ccrs.contingency.escalation.skipped","","1521",,,,,,"no_escalation_condition_met",,,,,,,,,,,"","","","","","","","",,
"react-baseline-vs-ccrs-v1-t2","002-ccrs","react_ccrs_mazeV1_t2","react_ccrs_mazeV1_t2_20260625_141909.log","93399","react.ccrs.contingency.escalation.considered","","1522",,,,,,,,,,,,,,,,,"","","","","","","","",,
"react-baseline-vs-ccrs-v1-t2","002-ccrs","react_ccrs_mazeV1_t2","react_ccrs_mazeV1_t2_20260625_141909.log","93400","react.ccrs.contingency.escalation.skipped","","1522",,,,,,"no_escalation_condition_met",,,,,,,,,,,"","","","","","","","",,
"react-baseline-vs-ccrs-v1-t2","002-ccrs","react_ccrs_mazeV1_t2","react_ccrs_mazeV1_t2_20260625_141909.log","93484","react.ccrs.contingency.escalation.considered","","1523",,,,,,,,,,,,,,,,,"","","","","","","","",,
"react-baseline-vs-ccrs-v1-t2","002-ccrs","react_ccrs_mazeV1_t2","react_ccrs_mazeV1_t2_20260625_141909.log","93485","react.ccrs.contingency.escalation.skipped","","1523",,,,,,"no_escalation_condition_met",,,,,,,,,,,"","","","","","","","",,
"react-baseline-vs-ccrs-v1-t2","002-ccrs","react_ccrs_mazeV1_t2","react_ccrs_mazeV1_t2_20260625_141909.log","93501","react.ccrs.contingency.escalation.considered","","1524",,,,,,,,,,,,,,,,,"","","","","","","","",,
"react-baseline-vs-ccrs-v1-t2","002-ccrs","react_ccrs_mazeV1_t2","react_ccrs_mazeV1_t2_20260625_141909.log","93502","react.ccrs.contingency.escalation.skipped","","1524",,,,,,"no_escalation_condition_met",,,,,,,,,,,"","","","","","","","",,
"react-baseline-vs-ccrs-v1-t2","002-ccrs","react_ccrs_mazeV1_t2","react_ccrs_mazeV1_t2_20260625_141909.log","93513","react.ccrs.contingency.escalation.considered","","1525",,,,,,,,,,,,,,,,,"","","","","","","","",,
"react-baseline-vs-ccrs-v1-t2","002-ccrs","react_ccrs_mazeV1_t2","react_ccrs_mazeV1_t2_20260625_141909.log","93514","react.ccrs.contingency.escalation.skipped","","1525",,,,,,"no_escalation_condition_met",,,,,,,,,,,"","","","","","","","",,
"react-baseline-vs-ccrs-v1-t2","002-ccrs","react_ccrs_mazeV1_t2","react_ccrs_mazeV1_t2_20260625_141909.log","93598","react.ccrs.contingency.escalation.considered","","1526",,,,,,,,,,,,,,,,,"","","","","","","","",,
"react-baseline-vs-ccrs-v1-t2","002-ccrs","react_ccrs_mazeV1_t2","react_ccrs_mazeV1_t2_20260625_141909.log","93599","react.ccrs.contingency.escalation.skipped","","1526",,,,,,"no_escalation_condition_met",,,,,,,,,,,"","","","","","","","",,
"react-baseline-vs-ccrs-v1-t2","002-ccrs","react_ccrs_mazeV1_t2","react_ccrs_mazeV1_t2_20260625_141909.log","93683","react.ccrs.contingency.escalation.considered","","1527",,,,,,,,,,,,,,,,,"","","","","","","","",,
"react-baseline-vs-ccrs-v1-t2","002-ccrs","react_ccrs_mazeV1_t2","react_ccrs_mazeV1_t2_20260625_141909.log","93684","react.ccrs.contingency.escalation.skipped","","1527",,,,,,"no_escalation_condition_met",,,,,,,,,,,"","","","","","","","",,
"react-baseline-vs-ccrs-v1-t2","002-ccrs","react_ccrs_mazeV1_t2","react_ccrs_mazeV1_t2_20260625_141909.log","93768","react.ccrs.contingency.escalation.considered","","1528",,,,,,,,,,,,,,,,,"","","","","","","","",,
"react-baseline-vs-ccrs-v1-t2","002-ccrs","react_ccrs_mazeV1_t2","react_ccrs_mazeV1_t2_20260625_141909.log","93769","react.ccrs.contingency.escalation.skipped","","1528",,,,,,"no_escalation_condition_met",,,,,,,,,,,"","","","","","","","",,
"react-baseline-vs-ccrs-v1-t2","002-ccrs","react_ccrs_mazeV1_t2","react_ccrs_mazeV1_t2_20260625_141909.log","93853","react.ccrs.contingency.escalation.considered","","1529",,,,,,,,,,,,,,,,,"","","","","","","","",,
"react-baseline-vs-ccrs-v1-t2","002-ccrs","react_ccrs_mazeV1_t2","react_ccrs_mazeV1_t2_20260625_141909.log","93854","react.ccrs.contingency.escalation.skipped","","1529",,,,,,"no_escalation_condition_met",,,,,,,,,,,"","","","","","","","",,
"react-baseline-vs-ccrs-v1-t2","002-ccrs","react_ccrs_mazeV1_t2","react_ccrs_mazeV1_t2_20260625_141909.log","93938","react.ccrs.contingency.escalation.considered","","1530",,,,,,,,,,,,,,,,,"","","","","","","","",,
"react-baseline-vs-ccrs-v1-t2","002-ccrs","react_ccrs_mazeV1_t2","react_ccrs_mazeV1_t2_20260625_141909.log","93939","react.ccrs.contingency.escalation.skipped","","1530",,,,,,"no_escalation_condition_met",,,,,,,,,,,"","","","","","","","",,
"react-baseline-vs-ccrs-v1-t2","002-ccrs","react_ccrs_mazeV1_t2","react_ccrs_mazeV1_t2_20260625_141909.log","94023","react.ccrs.contingency.escalation.considered","","1531",,,,,,,,,,,,,,,,,"","","","","","","","",,
"react-baseline-vs-ccrs-v1-t2","002-ccrs","react_ccrs_mazeV1_t2","react_ccrs_mazeV1_t2_20260625_141909.log","94024","react.ccrs.contingency.escalation.skipped","","1531",,,,,,"no_escalation_condition_met",,,,,,,,,,,"","","","","","","","",,
"react-baseline-vs-ccrs-v1-t2","002-ccrs","react_ccrs_mazeV1_t2","react_ccrs_mazeV1_t2_20260625_141909.log","94108","react.ccrs.contingency.escalation.considered","","1532",,,,,,,,,,,,,,,,,"","","","","","","","",,
"react-baseline-vs-ccrs-v1-t2","002-ccrs","react_ccrs_mazeV1_t2","react_ccrs_mazeV1_t2_20260625_141909.log","94109","react.ccrs.contingency.escalation.skipped","","1532",,,,,,"no_escalation_condition_met",,,,,,,,,,,"","","","","","","","",,
"react-baseline-vs-ccrs-v1-t2","002-ccrs","react_ccrs_mazeV1_t2","react_ccrs_mazeV1_t2_20260625_141909.log","94125","react.ccrs.contingency.escalation.considered","","1533",,,,,,,,,,,,,,,,,"","","","","","","","",,
"react-baseline-vs-ccrs-v1-t2","002-ccrs","react_ccrs_mazeV1_t2","react_ccrs_mazeV1_t2_20260625_141909.log","94126","react.ccrs.contingency.escalation.skipped","","1533",,,,,,"no_escalation_condition_met",,,,,,,,,,,"","","","","","","","",,
"react-baseline-vs-ccrs-v1-t2","002-ccrs","react_ccrs_mazeV1_t2","react_ccrs_mazeV1_t2_20260625_141909.log","94137","react.ccrs.contingency.escalation.considered","","1534",,,,,,,,,,,,,,,,,"","","","","","","","",,
"react-baseline-vs-ccrs-v1-t2","002-ccrs","react_ccrs_mazeV1_t2","react_ccrs_mazeV1_t2_20260625_141909.log","94138","react.ccrs.contingency.escalation.skipped","","1534",,,,,,"no_escalation_condition_met",,,,,,,,,,,"","","","","","","","",,
"react-baseline-vs-ccrs-v1-t2","002-ccrs","react_ccrs_mazeV1_t2","react_ccrs_mazeV1_t2_20260625_141909.log","94222","react.ccrs.contingency.escalation.considered","","1535",,,,,,,,,,,,,,,,,"","","","","","","","",,
"react-baseline-vs-ccrs-v1-t2","002-ccrs","react_ccrs_mazeV1_t2","react_ccrs_mazeV1_t2_20260625_141909.log","94223","react.ccrs.contingency.escalation.skipped","","1535",,,,,,"no_escalation_condition_met",,,,,,,,,,,"","","","","","","","",,
"react-baseline-vs-ccrs-v1-t2","002-ccrs","react_ccrs_mazeV1_t2","react_ccrs_mazeV1_t2_20260625_141909.log","94239","react.ccrs.contingency.escalation.considered","","1536",,,,,,,,,,,,,,,,,"","","","","","","","",,
"react-baseline-vs-ccrs-v1-t2","002-ccrs","react_ccrs_mazeV1_t2","react_ccrs_mazeV1_t2_20260625_141909.log","94240","react.ccrs.contingency.escalation.skipped","","1536",,,,,,"no_escalation_condition_met",,,,,,,,,,,"","","","","","","","",,
"react-baseline-vs-ccrs-v1-t2","002-ccrs","react_ccrs_mazeV1_t2","react_ccrs_mazeV1_t2_20260625_141909.log","94251","react.ccrs.contingency.escalation.considered","","1537",,,,,,,,,,,,,,,,,"","","","","","","","",,
"react-baseline-vs-ccrs-v1-t2","002-ccrs","react_ccrs_mazeV1_t2","react_ccrs_mazeV1_t2_20260625_141909.log","94252","react.ccrs.contingency.escalation.skipped","","1537",,,,,,"no_escalation_condition_met",,,,,,,,,,,"","","","","","","","",,
"react-baseline-vs-ccrs-v1-t2","002-ccrs","react_ccrs_mazeV1_t2","react_ccrs_mazeV1_t2_20260625_141909.log","94355","react.ccrs.contingency.escalation.considered","","1538",,,,,,,,,,,,,,,,,"","","","","","","","",,
"react-baseline-vs-ccrs-v1-t2","002-ccrs","react_ccrs_mazeV1_t2","react_ccrs_mazeV1_t2_20260625_141909.log","94356","react.ccrs.contingency.escalation.skipped","","1538",,,,,,"no_escalation_condition_met",,,,,,,,,,,"","","","","","","","",,
"react-baseline-vs-ccrs-v1-t2","002-ccrs","react_ccrs_mazeV1_t2","react_ccrs_mazeV1_t2_20260625_141909.log","94367","react.ccrs.contingency.escalation.considered","","1539",,,,,,,,,,,,,,,,,"","","","","","","","",,
"react-baseline-vs-ccrs-v1-t2","002-ccrs","react_ccrs_mazeV1_t2","react_ccrs_mazeV1_t2_20260625_141909.log","94368","react.ccrs.contingency.escalation.skipped","","1539",,,,,,"no_escalation_condition_met",,,,,,,,,,,"","","","","","","","",,
"react-baseline-vs-ccrs-v1-t2","002-ccrs","react_ccrs_mazeV1_t2","react_ccrs_mazeV1_t2_20260625_141909.log","94436","react.ccrs.contingency.escalation.considered","","1540",,,,,,,,,,,,,,,,,"","","","","","","","",,
"react-baseline-vs-ccrs-v1-t2","002-ccrs","react_ccrs_mazeV1_t2","react_ccrs_mazeV1_t2_20260625_141909.log","94437","react.ccrs.contingency.escalation.skipped","","1540",,,,,,"no_escalation_condition_met",,,,,,,,,,,"","","","","","","","",,
"react-baseline-vs-ccrs-v1-t2","002-ccrs","react_ccrs_mazeV1_t2","react_ccrs_mazeV1_t2_20260625_141909.log","94505","react.ccrs.contingency.escalation.considered","","1541",,,,,,,,,,,,,,,,,"","","","","","","","",,
"react-baseline-vs-ccrs-v1-t2","002-ccrs","react_ccrs_mazeV1_t2","react_ccrs_mazeV1_t2_20260625_141909.log","94506","react.ccrs.contingency.escalation.skipped","","1541",,,,,,"no_escalation_condition_met",,,,,,,,,,,"","","","","","","","",,
"react-baseline-vs-ccrs-v1-t2","002-ccrs","react_ccrs_mazeV1_t2","react_ccrs_mazeV1_t2_20260625_141909.log","94574","react.ccrs.contingency.escalation.considered","","1542",,,,,,,,,,,,,,,,,"","","","","","","","",,
"react-baseline-vs-ccrs-v1-t2","002-ccrs","react_ccrs_mazeV1_t2","react_ccrs_mazeV1_t2_20260625_141909.log","94575","react.ccrs.contingency.escalation.skipped","","1542",,,,,,"no_escalation_condition_met",,,,,,,,,,,"","","","","","","","",,
"react-baseline-vs-ccrs-v1-t2","002-ccrs","react_ccrs_mazeV1_t2","react_ccrs_mazeV1_t2_20260625_141909.log","94643","react.ccrs.contingency.escalation.considered","","1543",,,,,,,,,,,,,,,,,"","","","","","","","",,
"react-baseline-vs-ccrs-v1-t2","002-ccrs","react_ccrs_mazeV1_t2","react_ccrs_mazeV1_t2_20260625_141909.log","94644","react.ccrs.contingency.escalation.skipped","","1543",,,,,,"no_escalation_condition_met",,,,,,,,,,,"","","","","","","","",,
"react-baseline-vs-ccrs-v1-t2","002-ccrs","react_ccrs_mazeV1_t2","react_ccrs_mazeV1_t2_20260625_141909.log","94712","react.ccrs.contingency.escalation.considered","","1544",,,,,,,,,,,,,,,,,"","","","","","","","",,
"react-baseline-vs-ccrs-v1-t2","002-ccrs","react_ccrs_mazeV1_t2","react_ccrs_mazeV1_t2_20260625_141909.log","94713","react.ccrs.contingency.escalation.skipped","","1544",,,,,,"no_escalation_condition_met",,,,,,,,,,,"","","","","","","","",,
"react-baseline-vs-ccrs-v1-t2","002-ccrs","react_ccrs_mazeV1_t2","react_ccrs_mazeV1_t2_20260625_141909.log","94781","react.ccrs.contingency.escalation.considered","","1545",,,,,,,,,,,,,,,,,"","","","","","","","",,
"react-baseline-vs-ccrs-v1-t2","002-ccrs","react_ccrs_mazeV1_t2","react_ccrs_mazeV1_t2_20260625_141909.log","94782","react.ccrs.contingency.escalation.skipped","","1545",,,,,,"no_escalation_condition_met",,,,,,,,,,,"","","","","","","","",,
"react-baseline-vs-ccrs-v1-t2","002-ccrs","react_ccrs_mazeV1_t2","react_ccrs_mazeV1_t2_20260625_141909.log","94850","react.ccrs.contingency.escalation.considered","","1546",,,,,,,,,,,,,,,,,"","","","","","","","",,
"react-baseline-vs-ccrs-v1-t2","002-ccrs","react_ccrs_mazeV1_t2","react_ccrs_mazeV1_t2_20260625_141909.log","94851","react.ccrs.contingency.escalation.skipped","","1546",,,,,,"no_escalation_condition_met",,,,,,,,,,,"","","","","","","","",,
"react-baseline-vs-ccrs-v1-t2","002-ccrs","react_ccrs_mazeV1_t2","react_ccrs_mazeV1_t2_20260625_141909.log","94919","react.ccrs.contingency.escalation.considered","","1547",,,,,,,,,,,,,,,,,"","","","","","","","",,
"react-baseline-vs-ccrs-v1-t2","002-ccrs","react_ccrs_mazeV1_t2","react_ccrs_mazeV1_t2_20260625_141909.log","94920","react.ccrs.contingency.escalation.skipped","","1547",,,,,,"no_escalation_condition_met",,,,,,,,,,,"","","","","","","","",,
"react-baseline-vs-ccrs-v1-t2","002-ccrs","react_ccrs_mazeV1_t2","react_ccrs_mazeV1_t2_20260625_141909.log","94988","react.ccrs.contingency.escalation.considered","","1548",,,,,,,,,,,,,,,,,"","","","","","","","",,
"react-baseline-vs-ccrs-v1-t2","002-ccrs","react_ccrs_mazeV1_t2","react_ccrs_mazeV1_t2_20260625_141909.log","94989","react.ccrs.contingency.escalation.skipped","","1548",,,,,,"no_escalation_condition_met",,,,,,,,,,,"","","","","","","","",,
"react-baseline-vs-ccrs-v1-t2","002-ccrs","react_ccrs_mazeV1_t2","react_ccrs_mazeV1_t2_20260625_141909.log","95057","react.ccrs.contingency.escalation.considered","","1549",,,,,,,,,,,,,,,,,"","","","","","","","",,
"react-baseline-vs-ccrs-v1-t2","002-ccrs","react_ccrs_mazeV1_t2","react_ccrs_mazeV1_t2_20260625_141909.log","95058","react.ccrs.contingency.escalation.skipped","","1549",,,,,,"no_escalation_condition_met",,,,,,,,,,,"","","","","","","","",,
"react-baseline-vs-ccrs-v1-t2","002-ccrs","react_ccrs_mazeV1_t2","react_ccrs_mazeV1_t2_20260625_141909.log","95126","react.ccrs.contingency.escalation.considered","","1550",,,,,,,,,,,,,,,,,"","","","","","","","",,
"react-baseline-vs-ccrs-v1-t2","002-ccrs","react_ccrs_mazeV1_t2","react_ccrs_mazeV1_t2_20260625_141909.log","95127","react.ccrs.contingency.escalation.skipped","","1550",,,,,,"no_escalation_condition_met",,,,,,,,,,,"","","","","","","","",,
"react-baseline-vs-ccrs-v1-t2","002-ccrs","react_ccrs_mazeV1_t2","react_ccrs_mazeV1_t2_20260625_141909.log","95195","react.ccrs.contingency.escalation.considered","","1551",,,,,,,,,,,,,,,,,"","","","","","","","",,
"react-baseline-vs-ccrs-v1-t2","002-ccrs","react_ccrs_mazeV1_t2","react_ccrs_mazeV1_t2_20260625_141909.log","95196","react.ccrs.contingency.escalation.skipped","","1551",,,,,,"no_escalation_condition_met",,,,,,,,,,,"","","","","","","","",,
"react-baseline-vs-ccrs-v1-t2","002-ccrs","react_ccrs_mazeV1_t2","react_ccrs_mazeV1_t2_20260625_141909.log","95264","react.ccrs.contingency.escalation.considered","","1552",,,,,,,,,,,,,,,,,"","","","","","","","",,
"react-baseline-vs-ccrs-v1-t2","002-ccrs","react_ccrs_mazeV1_t2","react_ccrs_mazeV1_t2_20260625_141909.log","95265","react.ccrs.contingency.escalation.skipped","","1552",,,,,,"no_escalation_condition_met",,,,,,,,,,,"","","","","","","","",,
"react-baseline-vs-ccrs-v1-t2","002-ccrs","react_ccrs_mazeV1_t2","react_ccrs_mazeV1_t2_20260625_141909.log","95333","react.ccrs.contingency.escalation.considered","","1553",,,,,,,,,,,,,,,,,"","","","","","","","",,
"react-baseline-vs-ccrs-v1-t2","002-ccrs","react_ccrs_mazeV1_t2","react_ccrs_mazeV1_t2_20260625_141909.log","95334","react.ccrs.contingency.escalation.skipped","","1553",,,,,,"no_escalation_condition_met",,,,,,,,,,,"","","","","","","","",,
"react-baseline-vs-ccrs-v1-t2","002-ccrs","react_ccrs_mazeV1_t2","react_ccrs_mazeV1_t2_20260625_141909.log","95402","react.ccrs.contingency.escalation.considered","","1554",,,,,,,,,,,,,,,,,"","","","","","","","",,
"react-baseline-vs-ccrs-v1-t2","002-ccrs","react_ccrs_mazeV1_t2","react_ccrs_mazeV1_t2_20260625_141909.log","95403","react.ccrs.contingency.escalation.skipped","","1554",,,,,,"no_escalation_condition_met",,,,,,,,,,,"","","","","","","","",,
"react-baseline-vs-ccrs-v1-t2","002-ccrs","react_ccrs_mazeV1_t2","react_ccrs_mazeV1_t2_20260625_141909.log","95471","react.ccrs.contingency.escalation.considered","","1555",,,,,,,,,,,,,,,,,"","","","","","","","",,
"react-baseline-vs-ccrs-v1-t2","002-ccrs","react_ccrs_mazeV1_t2","react_ccrs_mazeV1_t2_20260625_141909.log","95472","react.ccrs.contingency.escalation.skipped","","1555",,,,,,"no_escalation_condition_met",,,,,,,,,,,"","","","","","","","",,
"react-baseline-vs-ccrs-v1-t2","002-ccrs","react_ccrs_mazeV1_t2","react_ccrs_mazeV1_t2_20260625_141909.log","95540","react.ccrs.contingency.escalation.considered","","1556",,,,,,,,,,,,,,,,,"","","","","","","","",,
"react-baseline-vs-ccrs-v1-t2","002-ccrs","react_ccrs_mazeV1_t2","react_ccrs_mazeV1_t2_20260625_141909.log","95541","react.ccrs.contingency.escalation.skipped","","1556",,,,,,"no_escalation_condition_met",,,,,,,,,,,"","","","","","","","",,
"react-baseline-vs-ccrs-v1-t2","002-ccrs","react_ccrs_mazeV1_t2","react_ccrs_mazeV1_t2_20260625_141909.log","95609","react.ccrs.contingency.escalation.considered","","1557",,,,,,,,,,,,,,,,,"","","","","","","","",,
"react-baseline-vs-ccrs-v1-t2","002-ccrs","react_ccrs_mazeV1_t2","react_ccrs_mazeV1_t2_20260625_141909.log","95610","react.ccrs.contingency.escalation.skipped","","1557",,,,,,"no_escalation_condition_met",,,,,,,,,,,"","","","","","","","",,
"react-baseline-vs-ccrs-v1-t2","002-ccrs","react_ccrs_mazeV1_t2","react_ccrs_mazeV1_t2_20260625_141909.log","95678","react.ccrs.contingency.escalation.considered","","1558",,,,,,,,,,,,,,,,,"","","","","","","","",,
"react-baseline-vs-ccrs-v1-t2","002-ccrs","react_ccrs_mazeV1_t2","react_ccrs_mazeV1_t2_20260625_141909.log","95679","react.ccrs.contingency.escalation.skipped","","1558",,,,,,"no_escalation_condition_met",,,,,,,,,,,"","","","","","","","",,
"react-baseline-vs-ccrs-v1-t2","002-ccrs","react_ccrs_mazeV1_t2","react_ccrs_mazeV1_t2_20260625_141909.log","95747","react.ccrs.contingency.escalation.considered","","1559",,,,,,,,,,,,,,,,,"","","","","","","","",,
"react-baseline-vs-ccrs-v1-t2","002-ccrs","react_ccrs_mazeV1_t2","react_ccrs_mazeV1_t2_20260625_141909.log","95748","react.ccrs.contingency.escalation.skipped","","1559",,,,,,"no_escalation_condition_met",,,,,,,,,,,"","","","","","","","",,
"react-baseline-vs-ccrs-v1-t2","002-ccrs","react_ccrs_mazeV1_t2","react_ccrs_mazeV1_t2_20260625_141909.log","95816","react.ccrs.contingency.escalation.considered","","1560",,,,,,,,,,,,,,,,,"","","","","","","","",,
"react-baseline-vs-ccrs-v1-t2","002-ccrs","react_ccrs_mazeV1_t2","react_ccrs_mazeV1_t2_20260625_141909.log","95817","react.ccrs.contingency.escalation.skipped","","1560",,,,,,"no_escalation_condition_met",,,,,,,,,,,"","","","","","","","",,
"react-baseline-vs-ccrs-v1-t2","002-ccrs","react_ccrs_mazeV1_t2","react_ccrs_mazeV1_t2_20260625_141909.log","95885","react.ccrs.contingency.escalation.considered","","1561",,,,,,,,,,,,,,,,,"","","","","","","","",,
"react-baseline-vs-ccrs-v1-t2","002-ccrs","react_ccrs_mazeV1_t2","react_ccrs_mazeV1_t2_20260625_141909.log","95886","react.ccrs.contingency.escalation.skipped","","1561",,,,,,"no_escalation_condition_met",,,,,,,,,,,"","","","","","","","",,
"react-baseline-vs-ccrs-v1-t2","002-ccrs","react_ccrs_mazeV1_t2","react_ccrs_mazeV1_t2_20260625_141909.log","95954","react.ccrs.contingency.escalation.considered","","1562",,,,,,,,,,,,,,,,,"","","","","","","","",,
"react-baseline-vs-ccrs-v1-t2","002-ccrs","react_ccrs_mazeV1_t2","react_ccrs_mazeV1_t2_20260625_141909.log","95955","react.ccrs.contingency.escalation.skipped","","1562",,,,,,"no_escalation_condition_met",,,,,,,,,,,"","","","","","","","",,
"react-baseline-vs-ccrs-v1-t2","002-ccrs","react_ccrs_mazeV1_t2","react_ccrs_mazeV1_t2_20260625_141909.log","96023","react.ccrs.contingency.escalation.considered","","1563",,,,,,,,,,,,,,,,,"","","","","","","","",,
"react-baseline-vs-ccrs-v1-t2","002-ccrs","react_ccrs_mazeV1_t2","react_ccrs_mazeV1_t2_20260625_141909.log","96024","react.ccrs.contingency.escalation.skipped","","1563",,,,,,"no_escalation_condition_met",,,,,,,,,,,"","","","","","","","",,
"react-baseline-vs-ccrs-v1-t2","002-ccrs","react_ccrs_mazeV1_t2","react_ccrs_mazeV1_t2_20260625_141909.log","96092","react.ccrs.contingency.escalation.considered","","1564",,,,,,,,,,,,,,,,,"","","","","","","","",,
"react-baseline-vs-ccrs-v1-t2","002-ccrs","react_ccrs_mazeV1_t2","react_ccrs_mazeV1_t2_20260625_141909.log","96093","react.ccrs.contingency.escalation.skipped","","1564",,,,,,"no_escalation_condition_met",,,,,,,,,,,"","","","","","","","",,
"react-baseline-vs-ccrs-v1-t2","002-ccrs","react_ccrs_mazeV1_t2","react_ccrs_mazeV1_t2_20260625_141909.log","96161","react.ccrs.contingency.escalation.considered","","1565",,,,,,,,,,,,,,,,,"","","","","","","","",,
"react-baseline-vs-ccrs-v1-t2","002-ccrs","react_ccrs_mazeV1_t2","react_ccrs_mazeV1_t2_20260625_141909.log","96162","react.ccrs.contingency.escalation.skipped","","1565",,,,,,"no_escalation_condition_met",,,,,,,,,,,"","","","","","","","",,
"react-baseline-vs-ccrs-v1-t2","002-ccrs","react_ccrs_mazeV1_t2","react_ccrs_mazeV1_t2_20260625_141909.log","96230","react.ccrs.contingency.escalation.considered","","1566",,,,,,,,,,,,,,,,,"","","","","","","","",,
"react-baseline-vs-ccrs-v1-t2","002-ccrs","react_ccrs_mazeV1_t2","react_ccrs_mazeV1_t2_20260625_141909.log","96231","react.ccrs.contingency.escalation.skipped","","1566",,,,,,"no_escalation_condition_met",,,,,,,,,,,"","","","","","","","",,
"react-baseline-vs-ccrs-v1-t2","002-ccrs","react_ccrs_mazeV1_t2","react_ccrs_mazeV1_t2_20260625_141909.log","96299","react.ccrs.contingency.escalation.considered","","1567",,,,,,,,,,,,,,,,,"","","","","","","","",,
"react-baseline-vs-ccrs-v1-t2","002-ccrs","react_ccrs_mazeV1_t2","react_ccrs_mazeV1_t2_20260625_141909.log","96300","react.ccrs.contingency.escalation.skipped","","1567",,,,,,"no_escalation_condition_met",,,,,,,,,,,"","","","","","","","",,
"react-baseline-vs-ccrs-v1-t2","002-ccrs","react_ccrs_mazeV1_t2","react_ccrs_mazeV1_t2_20260625_141909.log","96316","react.ccrs.contingency.escalation.considered","","1568",,,,,,,,,,,,,,,,,"","","","","","","","",,
"react-baseline-vs-ccrs-v1-t2","002-ccrs","react_ccrs_mazeV1_t2","react_ccrs_mazeV1_t2_20260625_141909.log","96317","react.ccrs.contingency.escalation.skipped","","1568",,,,,,"no_escalation_condition_met",,,,,,,,,,,"","","","","","","","",,
"react-baseline-vs-ccrs-v1-t2","002-ccrs","react_ccrs_mazeV1_t2","react_ccrs_mazeV1_t2_20260625_141909.log","96333","react.ccrs.contingency.escalation.considered","","1569",,,,,,,,,,,,,,,,,"","","","","","","","",,
"react-baseline-vs-ccrs-v1-t2","002-ccrs","react_ccrs_mazeV1_t2","react_ccrs_mazeV1_t2_20260625_141909.log","96334","react.ccrs.contingency.escalation.skipped","","1569",,,,,,"no_escalation_condition_met",,,,,,,,,,,"","","","","","","","",,
"react-baseline-vs-ccrs-v1-t2","002-ccrs","react_ccrs_mazeV1_t2","react_ccrs_mazeV1_t2_20260625_141909.log","96350","react.ccrs.contingency.escalation.considered","","1570",,,,,,,,,,,,,,,,,"","","","","","","","",,
"react-baseline-vs-ccrs-v1-t2","002-ccrs","react_ccrs_mazeV1_t2","react_ccrs_mazeV1_t2_20260625_141909.log","96351","react.ccrs.contingency.escalation.skipped","","1570",,,,,,"no_escalation_condition_met",,,,,,,,,,,"","","","","","","","",,
"react-baseline-vs-ccrs-v1-t2","002-ccrs","react_ccrs_mazeV1_t2","react_ccrs_mazeV1_t2_20260625_141909.log","96362","react.ccrs.contingency.escalation.considered","","1571",,,,,,,,,,,,,,,,,"","","","","","","","",,
"react-baseline-vs-ccrs-v1-t2","002-ccrs","react_ccrs_mazeV1_t2","react_ccrs_mazeV1_t2_20260625_141909.log","96363","react.ccrs.contingency.escalation.skipped","","1571",,,,,,"no_escalation_condition_met",,,,,,,,,,,"","","","","","","","",,
"react-baseline-vs-ccrs-v1-t2","002-ccrs","react_ccrs_mazeV1_t2","react_ccrs_mazeV1_t2_20260625_141909.log","96466","react.ccrs.contingency.escalation.considered","","1572",,,,,,,,,,,,,,,,,"","","","","","","","",,
"react-baseline-vs-ccrs-v1-t2","002-ccrs","react_ccrs_mazeV1_t2","react_ccrs_mazeV1_t2_20260625_141909.log","96467","react.ccrs.contingency.escalation.skipped","","1572",,,,,,"no_escalation_condition_met",,,,,,,,,,,"","","","","","","","",,
"react-baseline-vs-ccrs-v1-t2","002-ccrs","react_ccrs_mazeV1_t2","react_ccrs_mazeV1_t2_20260625_141909.log","96570","react.ccrs.contingency.escalation.considered","","1573",,,,,,,,,,,,,,,,,"","","","","","","","",,
"react-baseline-vs-ccrs-v1-t2","002-ccrs","react_ccrs_mazeV1_t2","react_ccrs_mazeV1_t2_20260625_141909.log","96571","react.ccrs.contingency.escalation.skipped","","1573",,,,,,"no_escalation_condition_met",,,,,,,,,,,"","","","","","","","",,
"react-baseline-vs-ccrs-v1-t2","002-ccrs","react_ccrs_mazeV1_t2","react_ccrs_mazeV1_t2_20260625_141909.log","96582","react.ccrs.contingency.escalation.considered","","1574",,,,,,,,,,,,,,,,,"","","","","","","","",,
"react-baseline-vs-ccrs-v1-t2","002-ccrs","react_ccrs_mazeV1_t2","react_ccrs_mazeV1_t2_20260625_141909.log","96583","react.ccrs.contingency.escalation.skipped","","1574",,,,,,"no_escalation_condition_met",,,,,,,,,,,"","","","","","","","",,
"react-baseline-vs-ccrs-v1-t2","002-ccrs","react_ccrs_mazeV1_t2","react_ccrs_mazeV1_t2_20260625_141909.log","96667","react.ccrs.contingency.escalation.considered","","1575",,,,,,,,,,,,,,,,,"","","","","","","","",,
"react-baseline-vs-ccrs-v1-t2","002-ccrs","react_ccrs_mazeV1_t2","react_ccrs_mazeV1_t2_20260625_141909.log","96668","react.ccrs.contingency.escalation.skipped","","1575",,,,,,"no_escalation_condition_met",,,,,,,,,,,"","","","","","","","",,
"react-baseline-vs-ccrs-v1-t2","002-ccrs","react_ccrs_mazeV1_t2","react_ccrs_mazeV1_t2_20260625_141909.log","96684","react.ccrs.contingency.escalation.considered","","1576",,,,,,,,,,,,,,,,,"","","","","","","","",,
"react-baseline-vs-ccrs-v1-t2","002-ccrs","react_ccrs_mazeV1_t2","react_ccrs_mazeV1_t2_20260625_141909.log","96685","react.ccrs.contingency.escalation.skipped","","1576",,,,,,"no_escalation_condition_met",,,,,,,,,,,"","","","","","","","",,
"react-baseline-vs-ccrs-v1-t2","002-ccrs","react_ccrs_mazeV1_t2","react_ccrs_mazeV1_t2_20260625_141909.log","96696","react.ccrs.contingency.escalation.considered","","1577",,,,,,,,,,,,,,,,,"","","","","","","","",,
"react-baseline-vs-ccrs-v1-t2","002-ccrs","react_ccrs_mazeV1_t2","react_ccrs_mazeV1_t2_20260625_141909.log","96697","react.ccrs.contingency.escalation.skipped","","1577",,,,,,"no_escalation_condition_met",,,,,,,,,,,"","","","","","","","",,
"react-baseline-vs-ccrs-v1-t2","002-ccrs","react_ccrs_mazeV1_t2","react_ccrs_mazeV1_t2_20260625_141909.log","96781","react.ccrs.contingency.escalation.considered","","1578",,,,,,,,,,,,,,,,,"","","","","","","","",,
"react-baseline-vs-ccrs-v1-t2","002-ccrs","react_ccrs_mazeV1_t2","react_ccrs_mazeV1_t2_20260625_141909.log","96782","react.ccrs.contingency.escalation.skipped","","1578",,,,,,"no_escalation_condition_met",,,,,,,,,,,"","","","","","","","",,
"react-baseline-vs-ccrs-v1-t2","002-ccrs","react_ccrs_mazeV1_t2","react_ccrs_mazeV1_t2_20260625_141909.log","96793","react.ccrs.contingency.escalation.considered","","1579",,,,,,,,,,,,,,,,,"","","","","","","","",,
"react-baseline-vs-ccrs-v1-t2","002-ccrs","react_ccrs_mazeV1_t2","react_ccrs_mazeV1_t2_20260625_141909.log","96794","react.ccrs.contingency.escalation.skipped","","1579",,,,,,"no_escalation_condition_met",,,,,,,,,,,"","","","","","","","",,
"react-baseline-vs-ccrs-v1-t2","002-ccrs","react_ccrs_mazeV1_t2","react_ccrs_mazeV1_t2_20260625_141909.log","96878","react.ccrs.contingency.escalation.considered","","1580",,,,,,,,,,,,,,,,,"","","","","","","","",,
"react-baseline-vs-ccrs-v1-t2","002-ccrs","react_ccrs_mazeV1_t2","react_ccrs_mazeV1_t2_20260625_141909.log","96879","react.ccrs.contingency.escalation.skipped","","1580",,,,,,"no_escalation_condition_met",,,,,,,,,,,"","","","","","","","",,
"react-baseline-vs-ccrs-v1-t2","002-ccrs","react_ccrs_mazeV1_t2","react_ccrs_mazeV1_t2_20260625_141909.log","96890","react.ccrs.contingency.escalation.considered","","1581",,,,,,,,,,,,,,,,,"","","","","","","","",,
"react-baseline-vs-ccrs-v1-t2","002-ccrs","react_ccrs_mazeV1_t2","react_ccrs_mazeV1_t2_20260625_141909.log","96891","react.ccrs.contingency.escalation.skipped","","1581",,,,,,"no_escalation_condition_met",,,,,,,,,,,"","","","","","","","",,
"react-baseline-vs-ccrs-v1-t2","002-ccrs","react_ccrs_mazeV1_t2","react_ccrs_mazeV1_t2_20260625_141909.log","96975","react.ccrs.contingency.escalation.considered","","1582",,,,,,,,,,,,,,,,,"","","","","","","","",,
"react-baseline-vs-ccrs-v1-t2","002-ccrs","react_ccrs_mazeV1_t2","react_ccrs_mazeV1_t2_20260625_141909.log","96976","react.ccrs.contingency.escalation.skipped","","1582",,,,,,"no_escalation_condition_met",,,,,,,,,,,"","","","","","","","",,
"react-baseline-vs-ccrs-v1-t2","002-ccrs","react_ccrs_mazeV1_t2","react_ccrs_mazeV1_t2_20260625_141909.log","97060","react.ccrs.contingency.escalation.considered","","1583",,,,,,,,,,,,,,,,,"","","","","","","","",,
"react-baseline-vs-ccrs-v1-t2","002-ccrs","react_ccrs_mazeV1_t2","react_ccrs_mazeV1_t2_20260625_141909.log","97061","react.ccrs.contingency.escalation.skipped","","1583",,,,,,"no_escalation_condition_met",,,,,,,,,,,"","","","","","","","",,
"react-baseline-vs-ccrs-v1-t2","002-ccrs","react_ccrs_mazeV1_t2","react_ccrs_mazeV1_t2_20260625_141909.log","97145","react.ccrs.contingency.escalation.considered","","1584",,,,,,,,,,,,,,,,,"","","","","","","","",,
"react-baseline-vs-ccrs-v1-t2","002-ccrs","react_ccrs_mazeV1_t2","react_ccrs_mazeV1_t2_20260625_141909.log","97146","react.ccrs.contingency.escalation.skipped","","1584",,,,,,"no_escalation_condition_met",,,,,,,,,,,"","","","","","","","",,
"react-baseline-vs-ccrs-v1-t2","002-ccrs","react_ccrs_mazeV1_t2","react_ccrs_mazeV1_t2_20260625_141909.log","97162","react.ccrs.contingency.escalation.considered","","1585",,,,,,,,,,,,,,,,,"","","","","","","","",,
"react-baseline-vs-ccrs-v1-t2","002-ccrs","react_ccrs_mazeV1_t2","react_ccrs_mazeV1_t2_20260625_141909.log","97163","react.ccrs.contingency.escalation.skipped","","1585",,,,,,"no_escalation_condition_met",,,,,,,,,,,"","","","","","","","",,
"react-baseline-vs-ccrs-v1-t2","002-ccrs","react_ccrs_mazeV1_t2","react_ccrs_mazeV1_t2_20260625_141909.log","97174","react.ccrs.contingency.escalation.considered","","1586",,,,,,,,,,,,,,,,,"","","","","","","","",,
"react-baseline-vs-ccrs-v1-t2","002-ccrs","react_ccrs_mazeV1_t2","react_ccrs_mazeV1_t2_20260625_141909.log","97175","react.ccrs.contingency.escalation.skipped","","1586",,,,,,"no_escalation_condition_met",,,,,,,,,,,"","","","","","","","",,
"react-baseline-vs-ccrs-v1-t2","002-ccrs","react_ccrs_mazeV1_t2","react_ccrs_mazeV1_t2_20260625_141909.log","97259","react.ccrs.contingency.escalation.considered","","1587",,,,,,,,,,,,,,,,,"","","","","","","","",,
"react-baseline-vs-ccrs-v1-t2","002-ccrs","react_ccrs_mazeV1_t2","react_ccrs_mazeV1_t2_20260625_141909.log","97260","react.ccrs.contingency.escalation.skipped","","1587",,,,,,"no_escalation_condition_met",,,,,,,,,,,"","","","","","","","",,
"react-baseline-vs-ccrs-v1-t2","002-ccrs","react_ccrs_mazeV1_t2","react_ccrs_mazeV1_t2_20260625_141909.log","97271","react.ccrs.contingency.escalation.considered","","1588",,,,,,,,,,,,,,,,,"","","","","","","","",,
"react-baseline-vs-ccrs-v1-t2","002-ccrs","react_ccrs_mazeV1_t2","react_ccrs_mazeV1_t2_20260625_141909.log","97272","react.ccrs.contingency.escalation.skipped","","1588",,,,,,"no_escalation_condition_met",,,,,,,,,,,"","","","","","","","",,
"react-baseline-vs-ccrs-v1-t2","002-ccrs","react_ccrs_mazeV1_t2","react_ccrs_mazeV1_t2_20260625_141909.log","97359","react.ccrs.contingency.escalation.considered","","1589",,,,,,,,,,,,,,,,,"","","","","","","","",,
"react-baseline-vs-ccrs-v1-t2","002-ccrs","react_ccrs_mazeV1_t2","react_ccrs_mazeV1_t2_20260625_141909.log","97360","react.ccrs.contingency.escalation.skipped","","1589",,,,,,"no_escalation_condition_met",,,,,,,,,,,"","","","","","","","",,
"react-baseline-vs-ccrs-v1-t2","002-ccrs","react_ccrs_mazeV1_t2","react_ccrs_mazeV1_t2_20260625_141909.log","97447","react.ccrs.contingency.escalation.considered","","1590",,,,,,,,,,,,,,,,,"","","","","","","","",,
"react-baseline-vs-ccrs-v1-t2","002-ccrs","react_ccrs_mazeV1_t2","react_ccrs_mazeV1_t2_20260625_141909.log","97448","react.ccrs.contingency.escalation.skipped","","1590",,,,,,"no_escalation_condition_met",,,,,,,,,,,"","","","","","","","",,
"react-baseline-vs-ccrs-v1-t2","002-ccrs","react_ccrs_mazeV1_t2","react_ccrs_mazeV1_t2_20260625_141909.log","97464","react.ccrs.contingency.escalation.considered","","1591",,,,,,,,,,,,,,,,,"","","","","","","","",,
"react-baseline-vs-ccrs-v1-t2","002-ccrs","react_ccrs_mazeV1_t2","react_ccrs_mazeV1_t2_20260625_141909.log","97465","react.ccrs.contingency.escalation.skipped","","1591",,,,,,"no_escalation_condition_met",,,,,,,,,,,"","","","","","","","",,
"react-baseline-vs-ccrs-v1-t2","002-ccrs","react_ccrs_mazeV1_t2","react_ccrs_mazeV1_t2_20260625_141909.log","97481","react.ccrs.contingency.escalation.considered","","1592",,,,,,,,,,,,,,,,,"","","","","","","","",,
"react-baseline-vs-ccrs-v1-t2","002-ccrs","react_ccrs_mazeV1_t2","react_ccrs_mazeV1_t2_20260625_141909.log","97482","react.ccrs.contingency.escalation.skipped","","1592",,,,,,"no_escalation_condition_met",,,,,,,,,,,"","","","","","","","",,
"react-baseline-vs-ccrs-v1-t2","002-ccrs","react_ccrs_mazeV1_t2","react_ccrs_mazeV1_t2_20260625_141909.log","97569","react.ccrs.contingency.escalation.considered","","1593",,,,,,,,,,,,,,,,,"","","","","","","","",,
"react-baseline-vs-ccrs-v1-t2","002-ccrs","react_ccrs_mazeV1_t2","react_ccrs_mazeV1_t2_20260625_141909.log","97570","react.ccrs.contingency.escalation.skipped","","1593",,,,,,"no_escalation_condition_met",,,,,,,,,,,"","","","","","","","",,
"react-baseline-vs-ccrs-v1-t2","002-ccrs","react_ccrs_mazeV1_t2","react_ccrs_mazeV1_t2_20260625_141909.log","97580","react.ccrs.contingency.escalation.considered","","1594",,,,,,,,,,,,,,,,,"","","","","","","","",,
"react-baseline-vs-ccrs-v1-t2","002-ccrs","react_ccrs_mazeV1_t2","react_ccrs_mazeV1_t2_20260625_141909.log","97581","react.ccrs.contingency.escalation.skipped","","1594",,,,,,"no_escalation_condition_met",,,,,,,,,,,"","","","","","","","",,
"react-baseline-vs-ccrs-v1-t2","002-ccrs","react_ccrs_mazeV1_t2","react_ccrs_mazeV1_t2_20260625_141909.log","97668","react.ccrs.contingency.escalation.considered","","1595",,,,,,,,,,,,,,,,,"","","","","","","","",,
"react-baseline-vs-ccrs-v1-t2","002-ccrs","react_ccrs_mazeV1_t2","react_ccrs_mazeV1_t2_20260625_141909.log","97669","react.ccrs.contingency.escalation.skipped","","1595",,,,,,"no_escalation_condition_met",,,,,,,,,,,"","","","","","","","",,
"react-baseline-vs-ccrs-v1-t2","002-ccrs","react_ccrs_mazeV1_t2","react_ccrs_mazeV1_t2_20260625_141909.log","97756","react.ccrs.contingency.escalation.considered","","1596",,,,,,,,,,,,,,,,,"","","","","","","","",,
"react-baseline-vs-ccrs-v1-t2","002-ccrs","react_ccrs_mazeV1_t2","react_ccrs_mazeV1_t2_20260625_141909.log","97757","react.ccrs.contingency.escalation.skipped","","1596",,,,,,"no_escalation_condition_met",,,,,,,,,,,"","","","","","","","",,
"react-baseline-vs-ccrs-v1-t2","002-ccrs","react_ccrs_mazeV1_t2","react_ccrs_mazeV1_t2_20260625_141909.log","97844","react.ccrs.contingency.escalation.considered","","1597",,,,,,,,,,,,,,,,,"","","","","","","","",,
"react-baseline-vs-ccrs-v1-t2","002-ccrs","react_ccrs_mazeV1_t2","react_ccrs_mazeV1_t2_20260625_141909.log","97845","react.ccrs.contingency.escalation.skipped","","1597",,,,,,"no_escalation_condition_met",,,,,,,,,,,"","","","","","","","",,
"react-baseline-vs-ccrs-v1-t2","002-ccrs","react_ccrs_mazeV1_t2","react_ccrs_mazeV1_t2_20260625_141909.log","97932","react.ccrs.contingency.escalation.considered","","1598",,,,,,,,,,,,,,,,,"","","","","","","","",,
"react-baseline-vs-ccrs-v1-t2","002-ccrs","react_ccrs_mazeV1_t2","react_ccrs_mazeV1_t2_20260625_141909.log","97933","react.ccrs.contingency.escalation.skipped","","1598",,,,,,"no_escalation_condition_met",,,,,,,,,,,"","","","","","","","",,
"react-baseline-vs-ccrs-v1-t2","002-ccrs","react_ccrs_mazeV1_t2","react_ccrs_mazeV1_t2_20260625_141909.log","98020","react.ccrs.contingency.escalation.considered","","1599",,,,,,,,,,,,,,,,,"","","","","","","","",,
"react-baseline-vs-ccrs-v1-t2","002-ccrs","react_ccrs_mazeV1_t2","react_ccrs_mazeV1_t2_20260625_141909.log","98021","react.ccrs.contingency.escalation.skipped","","1599",,,,,,"no_escalation_condition_met",,,,,,,,,,,"","","","","","","","",,
"react-baseline-vs-ccrs-v1-t2","002-ccrs","react_ccrs_mazeV1_t2","react_ccrs_mazeV1_t2_20260625_141909.log","98108","react.ccrs.contingency.escalation.considered","","1600",,,,,,,,,,,,,,,,,"","","","","","","","",,
"react-baseline-vs-ccrs-v1-t2","002-ccrs","react_ccrs_mazeV1_t2","react_ccrs_mazeV1_t2_20260625_141909.log","98109","react.ccrs.contingency.escalation.skipped","","1600",,,,,,"no_escalation_condition_met",,,,,,,,,,,"","","","","","","","",,
"react-baseline-vs-ccrs-v1-t2","002-ccrs","react_ccrs_mazeV1_t2","react_ccrs_mazeV1_t2_20260625_141909.log","98196","react.ccrs.contingency.escalation.considered","","1601",,,,,,,,,,,,,,,,,"","","","","","","","",,
"react-baseline-vs-ccrs-v1-t2","002-ccrs","react_ccrs_mazeV1_t2","react_ccrs_mazeV1_t2_20260625_141909.log","98197","react.ccrs.contingency.escalation.skipped","","1601",,,,,,"no_escalation_condition_met",,,,,,,,,,,"","","","","","","","",,
"react-baseline-vs-ccrs-v1-t2","002-ccrs","react_ccrs_mazeV1_t2","react_ccrs_mazeV1_t2_20260625_141909.log","98284","react.ccrs.contingency.escalation.considered","","1602",,,,,,,,,,,,,,,,,"","","","","","","","",,
"react-baseline-vs-ccrs-v1-t2","002-ccrs","react_ccrs_mazeV1_t2","react_ccrs_mazeV1_t2_20260625_141909.log","98285","react.ccrs.contingency.escalation.skipped","","1602",,,,,,"no_escalation_condition_met",,,,,,,,,,,"","","","","","","","",,
"react-baseline-vs-ccrs-v1-t2","002-ccrs","react_ccrs_mazeV1_t2","react_ccrs_mazeV1_t2_20260625_141909.log","98301","react.ccrs.contingency.escalation.considered","","1603",,,,,,,,,,,,,,,,,"","","","","","","","",,
"react-baseline-vs-ccrs-v1-t2","002-ccrs","react_ccrs_mazeV1_t2","react_ccrs_mazeV1_t2_20260625_141909.log","98302","react.ccrs.contingency.escalation.skipped","","1603",,,,,,"no_escalation_condition_met",,,,,,,,,,,"","","","","","","","",,
"react-baseline-vs-ccrs-v1-t2","002-ccrs","react_ccrs_mazeV1_t2","react_ccrs_mazeV1_t2_20260625_141909.log","98313","react.ccrs.contingency.escalation.considered","","1604",,,,,,,,,,,,,,,,,"","","","","","","","",,
"react-baseline-vs-ccrs-v1-t2","002-ccrs","react_ccrs_mazeV1_t2","react_ccrs_mazeV1_t2_20260625_141909.log","98314","react.ccrs.contingency.escalation.skipped","","1604",,,,,,"no_escalation_condition_met",,,,,,,,,,,"","","","","","","","",,
"react-baseline-vs-ccrs-v1-t2","002-ccrs","react_ccrs_mazeV1_t2","react_ccrs_mazeV1_t2_20260625_141909.log","98420","react.ccrs.contingency.escalation.considered","","1605",,,,,,,,,,,,,,,,,"","","","","","","","",,
"react-baseline-vs-ccrs-v1-t2","002-ccrs","react_ccrs_mazeV1_t2","react_ccrs_mazeV1_t2_20260625_141909.log","98421","react.ccrs.contingency.escalation.skipped","","1605",,,,,,"no_escalation_condition_met",,,,,,,,,,,"","","","","","","","",,
"react-baseline-vs-ccrs-v1-t2","002-ccrs","react_ccrs_mazeV1_t2","react_ccrs_mazeV1_t2_20260625_141909.log","98527","react.ccrs.contingency.escalation.considered","","1606",,,,,,,,,,,,,,,,,"","","","","","","","",,
"react-baseline-vs-ccrs-v1-t2","002-ccrs","react_ccrs_mazeV1_t2","react_ccrs_mazeV1_t2_20260625_141909.log","98528","react.ccrs.contingency.escalation.skipped","","1606",,,,,,"no_escalation_condition_met",,,,,,,,,,,"","","","","","","","",,
"react-baseline-vs-ccrs-v1-t2","002-ccrs","react_ccrs_mazeV1_t2","react_ccrs_mazeV1_t2_20260625_141909.log","98634","react.ccrs.contingency.escalation.considered","","1607",,,,,,,,,,,,,,,,,"","","","","","","","",,
"react-baseline-vs-ccrs-v1-t2","002-ccrs","react_ccrs_mazeV1_t2","react_ccrs_mazeV1_t2_20260625_141909.log","98635","react.ccrs.contingency.escalation.skipped","","1607",,,,,,"no_escalation_condition_met",,,,,,,,,,,"","","","","","","","",,
"react-baseline-vs-ccrs-v1-t2","002-ccrs","react_ccrs_mazeV1_t2","react_ccrs_mazeV1_t2_20260625_141909.log","98741","react.ccrs.contingency.escalation.considered","","1608",,,,,,,,,,,,,,,,,"","","","","","","","",,
"react-baseline-vs-ccrs-v1-t2","002-ccrs","react_ccrs_mazeV1_t2","react_ccrs_mazeV1_t2_20260625_141909.log","98742","react.ccrs.contingency.escalation.skipped","","1608",,,,,,"no_escalation_condition_met",,,,,,,,,,,"","","","","","","","",,
"react-baseline-vs-ccrs-v1-t2","002-ccrs","react_ccrs_mazeV1_t2","react_ccrs_mazeV1_t2_20260625_141909.log","98848","react.ccrs.contingency.escalation.considered","","1609",,,,,,,,,,,,,,,,,"","","","","","","","",,
"react-baseline-vs-ccrs-v1-t2","002-ccrs","react_ccrs_mazeV1_t2","react_ccrs_mazeV1_t2_20260625_141909.log","98849","react.ccrs.contingency.escalation.skipped","","1609",,,,,,"no_escalation_condition_met",,,,,,,,,,,"","","","","","","","",,
"react-baseline-vs-ccrs-v1-t2","002-ccrs","react_ccrs_mazeV1_t2","react_ccrs_mazeV1_t2_20260625_141909.log","98955","react.ccrs.contingency.escalation.considered","","1610",,,,,,,,,,,,,,,,,"","","","","","","","",,
"react-baseline-vs-ccrs-v1-t2","002-ccrs","react_ccrs_mazeV1_t2","react_ccrs_mazeV1_t2_20260625_141909.log","98956","react.ccrs.contingency.escalation.skipped","","1610",,,,,,"no_escalation_condition_met",,,,,,,,,,,"","","","","","","","",,
"react-baseline-vs-ccrs-v1-t2","002-ccrs","react_ccrs_mazeV1_t2","react_ccrs_mazeV1_t2_20260625_141909.log","99062","react.ccrs.contingency.escalation.considered","","1611",,,,,,,,,,,,,,,,,"","","","","","","","",,
"react-baseline-vs-ccrs-v1-t2","002-ccrs","react_ccrs_mazeV1_t2","react_ccrs_mazeV1_t2_20260625_141909.log","99063","react.ccrs.contingency.escalation.skipped","","1611",,,,,,"no_escalation_condition_met",,,,,,,,,,,"","","","","","","","",,
"react-baseline-vs-ccrs-v1-t2","002-ccrs","react_ccrs_mazeV1_t2","react_ccrs_mazeV1_t2_20260625_141909.log","99169","react.ccrs.contingency.escalation.considered","","1612",,,,,,,,,,,,,,,,,"","","","","","","","",,
"react-baseline-vs-ccrs-v1-t2","002-ccrs","react_ccrs_mazeV1_t2","react_ccrs_mazeV1_t2_20260625_141909.log","99170","react.ccrs.contingency.escalation.skipped","","1612",,,,,,"no_escalation_condition_met",,,,,,,,,,,"","","","","","","","",,
"react-baseline-vs-ccrs-v1-t2","002-ccrs","react_ccrs_mazeV1_t2","react_ccrs_mazeV1_t2_20260625_141909.log","99276","react.ccrs.contingency.escalation.considered","","1613",,,,,,,,,,,,,,,,,"","","","","","","","",,
"react-baseline-vs-ccrs-v1-t2","002-ccrs","react_ccrs_mazeV1_t2","react_ccrs_mazeV1_t2_20260625_141909.log","99277","react.ccrs.contingency.escalation.skipped","","1613",,,,,,"no_escalation_condition_met",,,,,,,,,,,"","","","","","","","",,
"react-baseline-vs-ccrs-v1-t2","002-ccrs","react_ccrs_mazeV1_t2","react_ccrs_mazeV1_t2_20260625_141909.log","99293","react.ccrs.contingency.escalation.considered","","1614",,,,,,,,,,,,,,,,,"","","","","","","","",,
"react-baseline-vs-ccrs-v1-t2","002-ccrs","react_ccrs_mazeV1_t2","react_ccrs_mazeV1_t2_20260625_141909.log","99294","react.ccrs.contingency.escalation.skipped","","1614",,,,,,"no_escalation_condition_met",,,,,,,,,,,"","","","","","","","",,
"react-baseline-vs-ccrs-v1-t2","002-ccrs","react_ccrs_mazeV1_t2","react_ccrs_mazeV1_t2_20260625_141909.log","99305","react.ccrs.contingency.escalation.considered","","1615",,,,,,,,,,,,,,,,,"","","","","","","","",,
"react-baseline-vs-ccrs-v1-t2","002-ccrs","react_ccrs_mazeV1_t2","react_ccrs_mazeV1_t2_20260625_141909.log","99306","react.ccrs.contingency.escalation.skipped","","1615",,,,,,"no_escalation_condition_met",,,,,,,,,,,"","","","","","","","",,
"react-baseline-vs-ccrs-v1-t2","002-ccrs","react_ccrs_mazeV1_t2","react_ccrs_mazeV1_t2_20260625_141909.log","99393","react.ccrs.contingency.escalation.considered","","1616",,,,,,,,,,,,,,,,,"","","","","","","","",,
"react-baseline-vs-ccrs-v1-t2","002-ccrs","react_ccrs_mazeV1_t2","react_ccrs_mazeV1_t2_20260625_141909.log","99394","react.ccrs.contingency.escalation.skipped","","1616",,,,,,"no_escalation_condition_met",,,,,,,,,,,"","","","","","","","",,
"react-baseline-vs-ccrs-v1-t2","002-ccrs","react_ccrs_mazeV1_t2","react_ccrs_mazeV1_t2_20260625_141909.log","99481","react.ccrs.contingency.escalation.considered","","1617",,,,,,,,,,,,,,,,,"","","","","","","","",,
"react-baseline-vs-ccrs-v1-t2","002-ccrs","react_ccrs_mazeV1_t2","react_ccrs_mazeV1_t2_20260625_141909.log","99482","react.ccrs.contingency.escalation.skipped","","1617",,,,,,"no_escalation_condition_met",,,,,,,,,,,"","","","","","","","",,
"react-baseline-vs-ccrs-v1-t2","002-ccrs","react_ccrs_mazeV1_t2","react_ccrs_mazeV1_t2_20260625_141909.log","99493","react.ccrs.contingency.escalation.considered","","1618",,,,,,,,,,,,,,,,,"","","","","","","","",,
"react-baseline-vs-ccrs-v1-t2","002-ccrs","react_ccrs_mazeV1_t2","react_ccrs_mazeV1_t2_20260625_141909.log","99494","react.ccrs.contingency.escalation.skipped","","1618",,,,,,"no_escalation_condition_met",,,,,,,,,,,"","","","","","","","",,
"react-baseline-vs-ccrs-v1-t2","002-ccrs","react_ccrs_mazeV1_t2","react_ccrs_mazeV1_t2_20260625_141909.log","99619","react.ccrs.contingency.escalation.considered","","1619",,,,,,,,,,,,,,,,,"","","","","","","","",,
"react-baseline-vs-ccrs-v1-t2","002-ccrs","react_ccrs_mazeV1_t2","react_ccrs_mazeV1_t2_20260625_141909.log","99620","react.ccrs.contingency.escalation.skipped","","1619",,,,,,"no_escalation_condition_met",,,,,,,,,,,"","","","","","","","",,
"react-baseline-vs-ccrs-v1-t2","002-ccrs","react_ccrs_mazeV1_t2","react_ccrs_mazeV1_t2_20260625_141909.log","99745","react.ccrs.contingency.escalation.considered","","1620",,,,,,,,,,,,,,,,,"","","","","","","","",,
"react-baseline-vs-ccrs-v1-t2","002-ccrs","react_ccrs_mazeV1_t2","react_ccrs_mazeV1_t2_20260625_141909.log","99746","react.ccrs.contingency.escalation.skipped","","1620",,,,,,"no_escalation_condition_met",,,,,,,,,,,"","","","","","","","",,
"react-baseline-vs-ccrs-v1-t2","002-ccrs","react_ccrs_mazeV1_t2","react_ccrs_mazeV1_t2_20260625_141909.log","99871","react.ccrs.contingency.escalation.considered","","1621",,,,,,,,,,,,,,,,,"","","","","","","","",,
"react-baseline-vs-ccrs-v1-t2","002-ccrs","react_ccrs_mazeV1_t2","react_ccrs_mazeV1_t2_20260625_141909.log","99872","react.ccrs.contingency.escalation.skipped","","1621",,,,,,"no_escalation_condition_met",,,,,,,,,,,"","","","","","","","",,
"react-baseline-vs-ccrs-v1-t2","002-ccrs","react_ccrs_mazeV1_t2","react_ccrs_mazeV1_t2_20260625_141909.log","99997","react.ccrs.contingency.escalation.considered","","1622",,,,,,,,,,,,,,,,,"","","","","","","","",,
"react-baseline-vs-ccrs-v1-t2","002-ccrs","react_ccrs_mazeV1_t2","react_ccrs_mazeV1_t2_20260625_141909.log","99998","react.ccrs.contingency.escalation.skipped","","1622",,,,,,"no_escalation_condition_met",,,,,,,,,,,"","","","","","","","",,
"react-baseline-vs-ccrs-v1-t2","002-ccrs","react_ccrs_mazeV1_t2","react_ccrs_mazeV1_t2_20260625_141909.log","100123","react.ccrs.contingency.escalation.considered","","1623",,,,,,,,,,,,,,,,,"","","","","","","","",,
"react-baseline-vs-ccrs-v1-t2","002-ccrs","react_ccrs_mazeV1_t2","react_ccrs_mazeV1_t2_20260625_141909.log","100124","react.ccrs.contingency.escalation.skipped","","1623",,,,,,"no_escalation_condition_met",,,,,,,,,,,"","","","","","","","",,
"react-baseline-vs-ccrs-v1-t2","002-ccrs","react_ccrs_mazeV1_t2","react_ccrs_mazeV1_t2_20260625_141909.log","100249","react.ccrs.contingency.escalation.considered","","1624",,,,,,,,,,,,,,,,,"","","","","","","","",,
"react-baseline-vs-ccrs-v1-t2","002-ccrs","react_ccrs_mazeV1_t2","react_ccrs_mazeV1_t2_20260625_141909.log","100250","react.ccrs.contingency.escalation.skipped","","1624",,,,,,"no_escalation_condition_met",,,,,,,,,,,"","","","","","","","",,
"react-baseline-vs-ccrs-v1-t2","002-ccrs","react_ccrs_mazeV1_t2","react_ccrs_mazeV1_t2_20260625_141909.log","100375","react.ccrs.contingency.escalation.considered","","1625",,,,,,,,,,,,,,,,,"","","","","","","","",,
"react-baseline-vs-ccrs-v1-t2","002-ccrs","react_ccrs_mazeV1_t2","react_ccrs_mazeV1_t2_20260625_141909.log","100376","react.ccrs.contingency.escalation.skipped","","1625",,,,,,"no_escalation_condition_met",,,,,,,,,,,"","","","","","","","",,
"react-baseline-vs-ccrs-v1-t2","002-ccrs","react_ccrs_mazeV1_t2","react_ccrs_mazeV1_t2_20260625_141909.log","100501","react.ccrs.contingency.escalation.considered","","1626",,,,,,,,,,,,,,,,,"","","","","","","","",,
"react-baseline-vs-ccrs-v1-t2","002-ccrs","react_ccrs_mazeV1_t2","react_ccrs_mazeV1_t2_20260625_141909.log","100502","react.ccrs.contingency.escalation.skipped","","1626",,,,,,"no_escalation_condition_met",,,,,,,,,,,"","","","","","","","",,
"react-baseline-vs-ccrs-v1-t2","002-ccrs","react_ccrs_mazeV1_t2","react_ccrs_mazeV1_t2_20260625_141909.log","100518","react.ccrs.contingency.escalation.considered","","1627",,,,,,,,,,,,,,,,,"","","","","","","","",,
"react-baseline-vs-ccrs-v1-t2","002-ccrs","react_ccrs_mazeV1_t2","react_ccrs_mazeV1_t2_20260625_141909.log","100519","react.ccrs.contingency.escalation.skipped","","1627",,,,,,"no_escalation_condition_met",,,,,,,,,,,"","","","","","","","",,
"react-baseline-vs-ccrs-v1-t2","002-ccrs","react_ccrs_mazeV1_t2","react_ccrs_mazeV1_t2_20260625_141909.log","100530","react.ccrs.contingency.escalation.considered","","1628",,,,,,,,,,,,,,,,,"","","","","","","","",,
"react-baseline-vs-ccrs-v1-t2","002-ccrs","react_ccrs_mazeV1_t2","react_ccrs_mazeV1_t2_20260625_141909.log","100531","react.ccrs.contingency.escalation.skipped","","1628",,,,,,"no_escalation_condition_met",,,,,,,,,,,"","","","","","","","",,
"react-baseline-vs-ccrs-v1-t2","002-ccrs","react_ccrs_mazeV1_t2","react_ccrs_mazeV1_t2_20260625_141909.log","100599","react.ccrs.contingency.escalation.considered","","1629",,,,,,,,,,,,,,,,,"","","","","","","","",,
"react-baseline-vs-ccrs-v1-t2","002-ccrs","react_ccrs_mazeV1_t2","react_ccrs_mazeV1_t2_20260625_141909.log","100600","react.ccrs.contingency.escalation.skipped","","1629",,,,,,"no_escalation_condition_met",,,,,,,,,,,"","","","","","","","",,
"react-baseline-vs-ccrs-v1-t2","002-ccrs","react_ccrs_mazeV1_t2","react_ccrs_mazeV1_t2_20260625_141909.log","100668","react.ccrs.contingency.escalation.considered","","1630",,,,,,,,,,,,,,,,,"","","","","","","","",,
"react-baseline-vs-ccrs-v1-t2","002-ccrs","react_ccrs_mazeV1_t2","react_ccrs_mazeV1_t2_20260625_141909.log","100669","react.ccrs.contingency.escalation.skipped","","1630",,,,,,"no_escalation_condition_met",,,,,,,,,,,"","","","","","","","",,
"react-baseline-vs-ccrs-v1-t2","002-ccrs","react_ccrs_mazeV1_t2","react_ccrs_mazeV1_t2_20260625_141909.log","100737","react.ccrs.contingency.escalation.considered","","1631",,,,,,,,,,,,,,,,,"","","","","","","","",,
"react-baseline-vs-ccrs-v1-t2","002-ccrs","react_ccrs_mazeV1_t2","react_ccrs_mazeV1_t2_20260625_141909.log","100738","react.ccrs.contingency.escalation.skipped","","1631",,,,,,"no_escalation_condition_met",,,,,,,,,,,"","","","","","","","",,
"react-baseline-vs-ccrs-v1-t2","002-ccrs","react_ccrs_mazeV1_t2","react_ccrs_mazeV1_t2_20260625_141909.log","100806","react.ccrs.contingency.escalation.considered","","1632",,,,,,,,,,,,,,,,,"","","","","","","","",,
"react-baseline-vs-ccrs-v1-t2","002-ccrs","react_ccrs_mazeV1_t2","react_ccrs_mazeV1_t2_20260625_141909.log","100807","react.ccrs.contingency.escalation.skipped","","1632",,,,,,"no_escalation_condition_met",,,,,,,,,,,"","","","","","","","",,
"react-baseline-vs-ccrs-v1-t2","002-ccrs","react_ccrs_mazeV1_t2","react_ccrs_mazeV1_t2_20260625_141909.log","100875","react.ccrs.contingency.escalation.considered","","1633",,,,,,,,,,,,,,,,,"","","","","","","","",,
"react-baseline-vs-ccrs-v1-t2","002-ccrs","react_ccrs_mazeV1_t2","react_ccrs_mazeV1_t2_20260625_141909.log","100876","react.ccrs.contingency.escalation.skipped","","1633",,,,,,"no_escalation_condition_met",,,,,,,,,,,"","","","","","","","",,
"react-baseline-vs-ccrs-v1-t2","002-ccrs","react_ccrs_mazeV1_t2","react_ccrs_mazeV1_t2_20260625_141909.log","100944","react.ccrs.contingency.escalation.considered","","1634",,,,,,,,,,,,,,,,,"","","","","","","","",,
"react-baseline-vs-ccrs-v1-t2","002-ccrs","react_ccrs_mazeV1_t2","react_ccrs_mazeV1_t2_20260625_141909.log","100945","react.ccrs.contingency.escalation.skipped","","1634",,,,,,"no_escalation_condition_met",,,,,,,,,,,"","","","","","","","",,
"react-baseline-vs-ccrs-v1-t2","002-ccrs","react_ccrs_mazeV1_t2","react_ccrs_mazeV1_t2_20260625_141909.log","101013","react.ccrs.contingency.escalation.considered","","1635",,,,,,,,,,,,,,,,,"","","","","","","","",,
"react-baseline-vs-ccrs-v1-t2","002-ccrs","react_ccrs_mazeV1_t2","react_ccrs_mazeV1_t2_20260625_141909.log","101014","react.ccrs.contingency.escalation.skipped","","1635",,,,,,"no_escalation_condition_met",,,,,,,,,,,"","","","","","","","",,
"react-baseline-vs-ccrs-v1-t2","002-ccrs","react_ccrs_mazeV1_t2","react_ccrs_mazeV1_t2_20260625_141909.log","101082","react.ccrs.contingency.escalation.considered","","1636",,,,,,,,,,,,,,,,,"","","","","","","","",,
"react-baseline-vs-ccrs-v1-t2","002-ccrs","react_ccrs_mazeV1_t2","react_ccrs_mazeV1_t2_20260625_141909.log","101083","react.ccrs.contingency.escalation.skipped","","1636",,,,,,"no_escalation_condition_met",,,,,,,,,,,"","","","","","","","",,
"react-baseline-vs-ccrs-v1-t2","002-ccrs","react_ccrs_mazeV1_t2","react_ccrs_mazeV1_t2_20260625_141909.log","101151","react.ccrs.contingency.escalation.considered","","1637",,,,,,,,,,,,,,,,,"","","","","","","","",,
"react-baseline-vs-ccrs-v1-t2","002-ccrs","react_ccrs_mazeV1_t2","react_ccrs_mazeV1_t2_20260625_141909.log","101152","react.ccrs.contingency.escalation.skipped","","1637",,,,,,"no_escalation_condition_met",,,,,,,,,,,"","","","","","","","",,
"react-baseline-vs-ccrs-v1-t2","002-ccrs","react_ccrs_mazeV1_t2","react_ccrs_mazeV1_t2_20260625_141909.log","101220","react.ccrs.contingency.escalation.considered","","1638",,,,,,,,,,,,,,,,,"","","","","","","","",,
"react-baseline-vs-ccrs-v1-t2","002-ccrs","react_ccrs_mazeV1_t2","react_ccrs_mazeV1_t2_20260625_141909.log","101221","react.ccrs.contingency.escalation.skipped","","1638",,,,,,"no_escalation_condition_met",,,,,,,,,,,"","","","","","","","",,
"react-baseline-vs-ccrs-v1-t2","002-ccrs","react_ccrs_mazeV1_t2","react_ccrs_mazeV1_t2_20260625_141909.log","101289","react.ccrs.contingency.escalation.considered","","1639",,,,,,,,,,,,,,,,,"","","","","","","","",,
"react-baseline-vs-ccrs-v1-t2","002-ccrs","react_ccrs_mazeV1_t2","react_ccrs_mazeV1_t2_20260625_141909.log","101290","react.ccrs.contingency.escalation.skipped","","1639",,,,,,"no_escalation_condition_met",,,,,,,,,,,"","","","","","","","",,
"react-baseline-vs-ccrs-v1-t2","002-ccrs","react_ccrs_mazeV1_t2","react_ccrs_mazeV1_t2_20260625_141909.log","101358","react.ccrs.contingency.escalation.considered","","1640",,,,,,,,,,,,,,,,,"","","","","","","","",,
"react-baseline-vs-ccrs-v1-t2","002-ccrs","react_ccrs_mazeV1_t2","react_ccrs_mazeV1_t2_20260625_141909.log","101359","react.ccrs.contingency.escalation.skipped","","1640",,,,,,"no_escalation_condition_met",,,,,,,,,,,"","","","","","","","",,
"react-baseline-vs-ccrs-v1-t2","002-ccrs","react_ccrs_mazeV1_t2","react_ccrs_mazeV1_t2_20260625_141909.log","101427","react.ccrs.contingency.escalation.considered","","1641",,,,,,,,,,,,,,,,,"","","","","","","","",,
"react-baseline-vs-ccrs-v1-t2","002-ccrs","react_ccrs_mazeV1_t2","react_ccrs_mazeV1_t2_20260625_141909.log","101428","react.ccrs.contingency.escalation.skipped","","1641",,,,,,"no_escalation_condition_met",,,,,,,,,,,"","","","","","","","",,
"react-baseline-vs-ccrs-v1-t2","002-ccrs","react_ccrs_mazeV1_t2","react_ccrs_mazeV1_t2_20260625_141909.log","101496","react.ccrs.contingency.escalation.considered","","1642",,,,,,,,,,,,,,,,,"","","","","","","","",,
"react-baseline-vs-ccrs-v1-t2","002-ccrs","react_ccrs_mazeV1_t2","react_ccrs_mazeV1_t2_20260625_141909.log","101497","react.ccrs.contingency.escalation.skipped","","1642",,,,,,"no_escalation_condition_met",,,,,,,,,,,"","","","","","","","",,
"react-baseline-vs-ccrs-v1-t2","002-ccrs","react_ccrs_mazeV1_t2","react_ccrs_mazeV1_t2_20260625_141909.log","101565","react.ccrs.contingency.escalation.considered","","1643",,,,,,,,,,,,,,,,,"","","","","","","","",,
"react-baseline-vs-ccrs-v1-t2","002-ccrs","react_ccrs_mazeV1_t2","react_ccrs_mazeV1_t2_20260625_141909.log","101566","react.ccrs.contingency.escalation.skipped","","1643",,,,,,"no_escalation_condition_met",,,,,,,,,,,"","","","","","","","",,
"react-baseline-vs-ccrs-v1-t2","002-ccrs","react_ccrs_mazeV1_t2","react_ccrs_mazeV1_t2_20260625_141909.log","101634","react.ccrs.contingency.escalation.considered","","1644",,,,,,,,,,,,,,,,,"","","","","","","","",,
"react-baseline-vs-ccrs-v1-t2","002-ccrs","react_ccrs_mazeV1_t2","react_ccrs_mazeV1_t2_20260625_141909.log","101635","react.ccrs.contingency.escalation.skipped","","1644",,,,,,"no_escalation_condition_met",,,,,,,,,,,"","","","","","","","",,
"react-baseline-vs-ccrs-v1-t2","002-ccrs","react_ccrs_mazeV1_t2","react_ccrs_mazeV1_t2_20260625_141909.log","101703","react.ccrs.contingency.escalation.considered","","1645",,,,,,,,,,,,,,,,,"","","","","","","","",,
"react-baseline-vs-ccrs-v1-t2","002-ccrs","react_ccrs_mazeV1_t2","react_ccrs_mazeV1_t2_20260625_141909.log","101704","react.ccrs.contingency.escalation.skipped","","1645",,,,,,"no_escalation_condition_met",,,,,,,,,,,"","","","","","","","",,
"react-baseline-vs-ccrs-v1-t2","002-ccrs","react_ccrs_mazeV1_t2","react_ccrs_mazeV1_t2_20260625_141909.log","101772","react.ccrs.contingency.escalation.considered","","1646",,,,,,,,,,,,,,,,,"","","","","","","","",,
"react-baseline-vs-ccrs-v1-t2","002-ccrs","react_ccrs_mazeV1_t2","react_ccrs_mazeV1_t2_20260625_141909.log","101773","react.ccrs.contingency.escalation.skipped","","1646",,,,,,"no_escalation_condition_met",,,,,,,,,,,"","","","","","","","",,
"react-baseline-vs-ccrs-v1-t2","002-ccrs","react_ccrs_mazeV1_t2","react_ccrs_mazeV1_t2_20260625_141909.log","101841","react.ccrs.contingency.escalation.considered","","1647",,,,,,,,,,,,,,,,,"","","","","","","","",,
"react-baseline-vs-ccrs-v1-t2","002-ccrs","react_ccrs_mazeV1_t2","react_ccrs_mazeV1_t2_20260625_141909.log","101842","react.ccrs.contingency.escalation.skipped","","1647",,,,,,"no_escalation_condition_met",,,,,,,,,,,"","","","","","","","",,
"react-baseline-vs-ccrs-v1-t2","002-ccrs","react_ccrs_mazeV1_t2","react_ccrs_mazeV1_t2_20260625_141909.log","101910","react.ccrs.contingency.escalation.considered","","1648",,,,,,,,,,,,,,,,,"","","","","","","","",,
"react-baseline-vs-ccrs-v1-t2","002-ccrs","react_ccrs_mazeV1_t2","react_ccrs_mazeV1_t2_20260625_141909.log","101911","react.ccrs.contingency.escalation.skipped","","1648",,,,,,"no_escalation_condition_met",,,,,,,,,,,"","","","","","","","",,
"react-baseline-vs-ccrs-v1-t2","002-ccrs","react_ccrs_mazeV1_t2","react_ccrs_mazeV1_t2_20260625_141909.log","101979","react.ccrs.contingency.escalation.considered","","1649",,,,,,,,,,,,,,,,,"","","","","","","","",,
"react-baseline-vs-ccrs-v1-t2","002-ccrs","react_ccrs_mazeV1_t2","react_ccrs_mazeV1_t2_20260625_141909.log","101980","react.ccrs.contingency.escalation.skipped","","1649",,,,,,"no_escalation_condition_met",,,,,,,,,,,"","","","","","","","",,
"react-baseline-vs-ccrs-v1-t2","002-ccrs","react_ccrs_mazeV1_t2","react_ccrs_mazeV1_t2_20260625_141909.log","102048","react.ccrs.contingency.escalation.considered","","1650",,,,,,,,,,,,,,,,,"","","","","","","","",,
"react-baseline-vs-ccrs-v1-t2","002-ccrs","react_ccrs_mazeV1_t2","react_ccrs_mazeV1_t2_20260625_141909.log","102049","react.ccrs.contingency.escalation.skipped","","1650",,,,,,"no_escalation_condition_met",,,,,,,,,,,"","","","","","","","",,
"react-baseline-vs-ccrs-v1-t2","002-ccrs","react_ccrs_mazeV1_t2","react_ccrs_mazeV1_t2_20260625_141909.log","102117","react.ccrs.contingency.escalation.considered","","1651",,,,,,,,,,,,,,,,,"","","","","","","","",,
"react-baseline-vs-ccrs-v1-t2","002-ccrs","react_ccrs_mazeV1_t2","react_ccrs_mazeV1_t2_20260625_141909.log","102118","react.ccrs.contingency.escalation.skipped","","1651",,,,,,"no_escalation_condition_met",,,,,,,,,,,"","","","","","","","",,
"react-baseline-vs-ccrs-v1-t2","002-ccrs","react_ccrs_mazeV1_t2","react_ccrs_mazeV1_t2_20260625_141909.log","102186","react.ccrs.contingency.escalation.considered","","1652",,,,,,,,,,,,,,,,,"","","","","","","","",,
"react-baseline-vs-ccrs-v1-t2","002-ccrs","react_ccrs_mazeV1_t2","react_ccrs_mazeV1_t2_20260625_141909.log","102187","react.ccrs.contingency.escalation.skipped","","1652",,,,,,"no_escalation_condition_met",,,,,,,,,,,"","","","","","","","",,
"react-baseline-vs-ccrs-v1-t2","002-ccrs","react_ccrs_mazeV1_t2","react_ccrs_mazeV1_t2_20260625_141909.log","102255","react.ccrs.contingency.escalation.considered","","1653",,,,,,,,,,,,,,,,,"","","","","","","","",,
"react-baseline-vs-ccrs-v1-t2","002-ccrs","react_ccrs_mazeV1_t2","react_ccrs_mazeV1_t2_20260625_141909.log","102256","react.ccrs.contingency.escalation.skipped","","1653",,,,,,"no_escalation_condition_met",,,,,,,,,,,"","","","","","","","",,
"react-baseline-vs-ccrs-v1-t2","002-ccrs","react_ccrs_mazeV1_t2","react_ccrs_mazeV1_t2_20260625_141909.log","102324","react.ccrs.contingency.escalation.considered","","1654",,,,,,,,,,,,,,,,,"","","","","","","","",,
"react-baseline-vs-ccrs-v1-t2","002-ccrs","react_ccrs_mazeV1_t2","react_ccrs_mazeV1_t2_20260625_141909.log","102325","react.ccrs.contingency.escalation.skipped","","1654",,,,,,"no_escalation_condition_met",,,,,,,,,,,"","","","","","","","",,
"react-baseline-vs-ccrs-v1-t2","002-ccrs","react_ccrs_mazeV1_t2","react_ccrs_mazeV1_t2_20260625_141909.log","102393","react.ccrs.contingency.escalation.considered","","1655",,,,,,,,,,,,,,,,,"","","","","","","","",,
"react-baseline-vs-ccrs-v1-t2","002-ccrs","react_ccrs_mazeV1_t2","react_ccrs_mazeV1_t2_20260625_141909.log","102394","react.ccrs.contingency.escalation.skipped","","1655",,,,,,"no_escalation_condition_met",,,,,,,,,,,"","","","","","","","",,
"react-baseline-vs-ccrs-v1-t2","002-ccrs","react_ccrs_mazeV1_t2","react_ccrs_mazeV1_t2_20260625_141909.log","102405","react.ccrs.contingency.escalation.considered","","1656",,,,,,,,,,,,,,,,,"","","","","","","","",,
"react-baseline-vs-ccrs-v1-t2","002-ccrs","react_ccrs_mazeV1_t2","react_ccrs_mazeV1_t2_20260625_141909.log","102406","react.ccrs.contingency.escalation.skipped","","1656",,,,,,"no_escalation_condition_met",,,,,,,,,,,"","","","","","","","",,
"react-baseline-vs-ccrs-v1-t2","002-ccrs","react_ccrs_mazeV1_t2","react_ccrs_mazeV1_t2_20260625_141909.log","102531","react.ccrs.contingency.escalation.considered","","1657",,,,,,,,,,,,,,,,,"","","","","","","","",,
"react-baseline-vs-ccrs-v1-t2","002-ccrs","react_ccrs_mazeV1_t2","react_ccrs_mazeV1_t2_20260625_141909.log","102532","react.ccrs.contingency.escalation.skipped","","1657",,,,,,"no_escalation_condition_met",,,,,,,,,,,"","","","","","","","",,
"react-baseline-vs-ccrs-v1-t2","002-ccrs","react_ccrs_mazeV1_t2","react_ccrs_mazeV1_t2_20260625_141909.log","102657","react.ccrs.contingency.escalation.considered","","1658",,,,,,,,,,,,,,,,,"","","","","","","","",,
"react-baseline-vs-ccrs-v1-t2","002-ccrs","react_ccrs_mazeV1_t2","react_ccrs_mazeV1_t2_20260625_141909.log","102658","react.ccrs.contingency.escalation.skipped","","1658",,,,,,"no_escalation_condition_met",,,,,,,,,,,"","","","","","","","",,
"react-baseline-vs-ccrs-v1-t2","002-ccrs","react_ccrs_mazeV1_t2","react_ccrs_mazeV1_t2_20260625_141909.log","102783","react.ccrs.contingency.escalation.considered","","1659",,,,,,,,,,,,,,,,,"","","","","","","","",,
"react-baseline-vs-ccrs-v1-t2","002-ccrs","react_ccrs_mazeV1_t2","react_ccrs_mazeV1_t2_20260625_141909.log","102784","react.ccrs.contingency.escalation.skipped","","1659",,,,,,"no_escalation_condition_met",,,,,,,,,,,"","","","","","","","",,
"react-baseline-vs-ccrs-v1-t2","002-ccrs","react_ccrs_mazeV1_t2","react_ccrs_mazeV1_t2_20260625_141909.log","102795","react.ccrs.contingency.escalation.considered","","1660",,,,,,,,,,,,,,,,,"","","","","","","","",,
"react-baseline-vs-ccrs-v1-t2","002-ccrs","react_ccrs_mazeV1_t2","react_ccrs_mazeV1_t2_20260625_141909.log","102796","react.ccrs.contingency.escalation.skipped","","1660",,,,,,"no_escalation_condition_met",,,,,,,,,,,"","","","","","","","",,
"react-baseline-vs-ccrs-v1-t2","002-ccrs","react_ccrs_mazeV1_t2","react_ccrs_mazeV1_t2_20260625_141909.log","102883","react.ccrs.contingency.escalation.considered","","1661",,,,,,,,,,,,,,,,,"","","","","","","","",,
"react-baseline-vs-ccrs-v1-t2","002-ccrs","react_ccrs_mazeV1_t2","react_ccrs_mazeV1_t2_20260625_141909.log","102884","react.ccrs.contingency.escalation.skipped","","1661",,,,,,"no_escalation_condition_met",,,,,,,,,,,"","","","","","","","",,
"react-baseline-vs-ccrs-v1-t2","002-ccrs","react_ccrs_mazeV1_t2","react_ccrs_mazeV1_t2_20260625_141909.log","102971","react.ccrs.contingency.escalation.considered","","1662",,,,,,,,,,,,,,,,,"","","","","","","","",,
"react-baseline-vs-ccrs-v1-t2","002-ccrs","react_ccrs_mazeV1_t2","react_ccrs_mazeV1_t2_20260625_141909.log","102972","react.ccrs.contingency.escalation.skipped","","1662",,,,,,"no_escalation_condition_met",,,,,,,,,,,"","","","","","","","",,
"react-baseline-vs-ccrs-v1-t2","002-ccrs","react_ccrs_mazeV1_t2","react_ccrs_mazeV1_t2_20260625_141909.log","103059","react.ccrs.contingency.escalation.considered","","1663",,,,,,,,,,,,,,,,,"","","","","","","","",,
"react-baseline-vs-ccrs-v1-t2","002-ccrs","react_ccrs_mazeV1_t2","react_ccrs_mazeV1_t2_20260625_141909.log","103060","react.ccrs.contingency.escalation.skipped","","1663",,,,,,"no_escalation_condition_met",,,,,,,,,,,"","","","","","","","",,
"react-baseline-vs-ccrs-v1-t2","002-ccrs","react_ccrs_mazeV1_t2","react_ccrs_mazeV1_t2_20260625_141909.log","103147","react.ccrs.contingency.escalation.considered","","1664",,,,,,,,,,,,,,,,,"","","","","","","","",,
"react-baseline-vs-ccrs-v1-t2","002-ccrs","react_ccrs_mazeV1_t2","react_ccrs_mazeV1_t2_20260625_141909.log","103148","react.ccrs.contingency.escalation.skipped","","1664",,,,,,"no_escalation_condition_met",,,,,,,,,,,"","","","","","","","",,
"react-baseline-vs-ccrs-v1-t2","002-ccrs","react_ccrs_mazeV1_t2","react_ccrs_mazeV1_t2_20260625_141909.log","103235","react.ccrs.contingency.escalation.considered","","1665",,,,,,,,,,,,,,,,,"","","","","","","","",,
"react-baseline-vs-ccrs-v1-t2","002-ccrs","react_ccrs_mazeV1_t2","react_ccrs_mazeV1_t2_20260625_141909.log","103236","react.ccrs.contingency.escalation.skipped","","1665",,,,,,"no_escalation_condition_met",,,,,,,,,,,"","","","","","","","",,
"react-baseline-vs-ccrs-v1-t2","002-ccrs","react_ccrs_mazeV1_t2","react_ccrs_mazeV1_t2_20260625_141909.log","103323","react.ccrs.contingency.escalation.considered","","1666",,,,,,,,,,,,,,,,,"","","","","","","","",,
"react-baseline-vs-ccrs-v1-t2","002-ccrs","react_ccrs_mazeV1_t2","react_ccrs_mazeV1_t2_20260625_141909.log","103324","react.ccrs.contingency.escalation.skipped","","1666",,,,,,"no_escalation_condition_met",,,,,,,,,,,"","","","","","","","",,
"react-baseline-vs-ccrs-v1-t2","002-ccrs","react_ccrs_mazeV1_t2","react_ccrs_mazeV1_t2_20260625_141909.log","103411","react.ccrs.contingency.escalation.considered","","1667",,,,,,,,,,,,,,,,,"","","","","","","","",,
"react-baseline-vs-ccrs-v1-t2","002-ccrs","react_ccrs_mazeV1_t2","react_ccrs_mazeV1_t2_20260625_141909.log","103412","react.ccrs.contingency.escalation.skipped","","1667",,,,,,"no_escalation_condition_met",,,,,,,,,,,"","","","","","","","",,
"react-baseline-vs-ccrs-v1-t2","002-ccrs","react_ccrs_mazeV1_t2","react_ccrs_mazeV1_t2_20260625_141909.log","103499","react.ccrs.contingency.escalation.considered","","1668",,,,,,,,,,,,,,,,,"","","","","","","","",,
"react-baseline-vs-ccrs-v1-t2","002-ccrs","react_ccrs_mazeV1_t2","react_ccrs_mazeV1_t2_20260625_141909.log","103500","react.ccrs.contingency.escalation.skipped","","1668",,,,,,"no_escalation_condition_met",,,,,,,,,,,"","","","","","","","",,
"react-baseline-vs-ccrs-v1-t2","002-ccrs","react_ccrs_mazeV1_t2","react_ccrs_mazeV1_t2_20260625_141909.log","103587","react.ccrs.contingency.escalation.considered","","1669",,,,,,,,,,,,,,,,,"","","","","","","","",,
"react-baseline-vs-ccrs-v1-t2","002-ccrs","react_ccrs_mazeV1_t2","react_ccrs_mazeV1_t2_20260625_141909.log","103588","react.ccrs.contingency.escalation.skipped","","1669",,,,,,"no_escalation_condition_met",,,,,,,,,,,"","","","","","","","",,
"react-baseline-vs-ccrs-v1-t2","002-ccrs","react_ccrs_mazeV1_t2","react_ccrs_mazeV1_t2_20260625_141909.log","103675","react.ccrs.contingency.escalation.considered","","1670",,,,,,,,,,,,,,,,,"","","","","","","","",,
"react-baseline-vs-ccrs-v1-t2","002-ccrs","react_ccrs_mazeV1_t2","react_ccrs_mazeV1_t2_20260625_141909.log","103676","react.ccrs.contingency.escalation.skipped","","1670",,,,,,"no_escalation_condition_met",,,,,,,,,,,"","","","","","","","",,
"react-baseline-vs-ccrs-v1-t2","002-ccrs","react_ccrs_mazeV1_t2","react_ccrs_mazeV1_t2_20260625_141909.log","103763","react.ccrs.contingency.escalation.considered","","1671",,,,,,,,,,,,,,,,,"","","","","","","","",,
"react-baseline-vs-ccrs-v1-t2","002-ccrs","react_ccrs_mazeV1_t2","react_ccrs_mazeV1_t2_20260625_141909.log","103764","react.ccrs.contingency.escalation.skipped","","1671",,,,,,"no_escalation_condition_met",,,,,,,,,,,"","","","","","","","",,
"react-baseline-vs-ccrs-v1-t2","002-ccrs","react_ccrs_mazeV1_t2","react_ccrs_mazeV1_t2_20260625_141909.log","103851","react.ccrs.contingency.escalation.considered","","1672",,,,,,,,,,,,,,,,,"","","","","","","","",,
"react-baseline-vs-ccrs-v1-t2","002-ccrs","react_ccrs_mazeV1_t2","react_ccrs_mazeV1_t2_20260625_141909.log","103852","react.ccrs.contingency.escalation.skipped","","1672",,,,,,"no_escalation_condition_met",,,,,,,,,,,"","","","","","","","",,
"react-baseline-vs-ccrs-v1-t2","002-ccrs","react_ccrs_mazeV1_t2","react_ccrs_mazeV1_t2_20260625_141909.log","103939","react.ccrs.contingency.escalation.considered","","1673",,,,,,,,,,,,,,,,,"","","","","","","","",,
"react-baseline-vs-ccrs-v1-t2","002-ccrs","react_ccrs_mazeV1_t2","react_ccrs_mazeV1_t2_20260625_141909.log","103940","react.ccrs.contingency.escalation.skipped","","1673",,,,,,"no_escalation_condition_met",,,,,,,,,,,"","","","","","","","",,
"react-baseline-vs-ccrs-v1-t2","002-ccrs","react_ccrs_mazeV1_t2","react_ccrs_mazeV1_t2_20260625_141909.log","103956","react.ccrs.contingency.escalation.considered","","1674",,,,,,,,,,,,,,,,,"","","","","","","","",,
"react-baseline-vs-ccrs-v1-t2","002-ccrs","react_ccrs_mazeV1_t2","react_ccrs_mazeV1_t2_20260625_141909.log","103957","react.ccrs.contingency.escalation.skipped","","1674",,,,,,"no_escalation_condition_met",,,,,,,,,,,"","","","","","","","",,
"react-baseline-vs-ccrs-v1-t2","002-ccrs","react_ccrs_mazeV1_t2","react_ccrs_mazeV1_t2_20260625_141909.log","104044","react.ccrs.contingency.escalation.considered","","1675",,,,,,,,,,,,,,,,,"","","","","","","","",,
"react-baseline-vs-ccrs-v1-t2","002-ccrs","react_ccrs_mazeV1_t2","react_ccrs_mazeV1_t2_20260625_141909.log","104045","react.ccrs.contingency.escalation.skipped","","1675",,,,,,"no_escalation_condition_met",,,,,,,,,,,"","","","","","","","",,
"react-baseline-vs-ccrs-v1-t2","002-ccrs","react_ccrs_mazeV1_t2","react_ccrs_mazeV1_t2_20260625_141909.log","104132","react.ccrs.contingency.escalation.considered","","1676",,,,,,,,,,,,,,,,,"","","","","","","","",,
"react-baseline-vs-ccrs-v1-t2","002-ccrs","react_ccrs_mazeV1_t2","react_ccrs_mazeV1_t2_20260625_141909.log","104133","react.ccrs.contingency.escalation.skipped","","1676",,,,,,"no_escalation_condition_met",,,,,,,,,,,"","","","","","","","",,
"react-baseline-vs-ccrs-v1-t2","002-ccrs","react_ccrs_mazeV1_t2","react_ccrs_mazeV1_t2_20260625_141909.log","104220","react.ccrs.contingency.escalation.considered","","1677",,,,,,,,,,,,,,,,,"","","","","","","","",,
"react-baseline-vs-ccrs-v1-t2","002-ccrs","react_ccrs_mazeV1_t2","react_ccrs_mazeV1_t2_20260625_141909.log","104221","react.ccrs.contingency.escalation.skipped","","1677",,,,,,"no_escalation_condition_met",,,,,,,,,,,"","","","","","","","",,
"react-baseline-vs-ccrs-v1-t2","002-ccrs","react_ccrs_mazeV1_t2","react_ccrs_mazeV1_t2_20260625_141909.log","104308","react.ccrs.contingency.escalation.considered","","1678",,,,,,,,,,,,,,,,,"","","","","","","","",,
"react-baseline-vs-ccrs-v1-t2","002-ccrs","react_ccrs_mazeV1_t2","react_ccrs_mazeV1_t2_20260625_141909.log","104309","react.ccrs.contingency.escalation.skipped","","1678",,,,,,"no_escalation_condition_met",,,,,,,,,,,"","","","","","","","",,
"react-baseline-vs-ccrs-v1-t2","002-ccrs","react_ccrs_mazeV1_t2","react_ccrs_mazeV1_t2_20260625_141909.log","104396","react.ccrs.contingency.escalation.considered","","1679",,,,,,,,,,,,,,,,,"","","","","","","","",,
"react-baseline-vs-ccrs-v1-t2","002-ccrs","react_ccrs_mazeV1_t2","react_ccrs_mazeV1_t2_20260625_141909.log","104397","react.ccrs.contingency.escalation.skipped","","1679",,,,,,"no_escalation_condition_met",,,,,,,,,,,"","","","","","","","",,
"react-baseline-vs-ccrs-v1-t2","002-ccrs","react_ccrs_mazeV1_t2","react_ccrs_mazeV1_t2_20260625_141909.log","104413","react.ccrs.contingency.escalation.considered","","1680",,,,,,,,,,,,,,,,,"","","","","","","","",,
"react-baseline-vs-ccrs-v1-t2","002-ccrs","react_ccrs_mazeV1_t2","react_ccrs_mazeV1_t2_20260625_141909.log","104414","react.ccrs.contingency.escalation.skipped","","1680",,,,,,"no_escalation_condition_met",,,,,,,,,,,"","","","","","","","",,
"react-baseline-vs-ccrs-v1-t2","002-ccrs","react_ccrs_mazeV1_t2","react_ccrs_mazeV1_t2_20260625_141909.log","104501","react.ccrs.contingency.escalation.considered","","1681",,,,,,,,,,,,,,,,,"","","","","","","","",,
"react-baseline-vs-ccrs-v1-t2","002-ccrs","react_ccrs_mazeV1_t2","react_ccrs_mazeV1_t2_20260625_141909.log","104502","react.ccrs.contingency.escalation.skipped","","1681",,,,,,"no_escalation_condition_met",,,,,,,,,,,"","","","","","","","",,
"react-baseline-vs-ccrs-v1-t2","002-ccrs","react_ccrs_mazeV1_t2","react_ccrs_mazeV1_t2_20260625_141909.log","104589","react.ccrs.contingency.escalation.considered","","1682",,,,,,,,,,,,,,,,,"","","","","","","","",,
"react-baseline-vs-ccrs-v1-t2","002-ccrs","react_ccrs_mazeV1_t2","react_ccrs_mazeV1_t2_20260625_141909.log","104590","react.ccrs.contingency.escalation.skipped","","1682",,,,,,"no_escalation_condition_met",,,,,,,,,,,"","","","","","","","",,
"react-baseline-vs-ccrs-v1-t2","002-ccrs","react_ccrs_mazeV1_t2","react_ccrs_mazeV1_t2_20260625_141909.log","104677","react.ccrs.contingency.escalation.considered","","1683",,,,,,,,,,,,,,,,,"","","","","","","","",,
"react-baseline-vs-ccrs-v1-t2","002-ccrs","react_ccrs_mazeV1_t2","react_ccrs_mazeV1_t2_20260625_141909.log","104678","react.ccrs.contingency.escalation.skipped","","1683",,,,,,"no_escalation_condition_met",,,,,,,,,,,"","","","","","","","",,
"react-baseline-vs-ccrs-v1-t2","002-ccrs","react_ccrs_mazeV1_t2","react_ccrs_mazeV1_t2_20260625_141909.log","104694","react.ccrs.contingency.escalation.considered","","1684",,,,,,,,,,,,,,,,,"","","","","","","","",,
"react-baseline-vs-ccrs-v1-t2","002-ccrs","react_ccrs_mazeV1_t2","react_ccrs_mazeV1_t2_20260625_141909.log","104695","react.ccrs.contingency.escalation.activated","","1684",,,,,,"explicit_llm_escalation","http://127.0.1.1:8080/cells/35/36","UNCERTAINTY","llm_self_escalation","http://127.0.1.1:8080/cells/34/36","http://127.0.1.1:8080/cells/35/36","http_get",,,,,"","","","","","","","",,
"react-baseline-vs-ccrs-v1-t2","002-ccrs","react_ccrs_mazeV1_t2","react_ccrs_mazeV1_t2_20260625_141909.log","104700","react.ccrs.contingency.classpath.resolved","",,,,,,,,,,,,,,,,,,"","","","","","","","",,
"react-baseline-vs-ccrs-v1-t2","002-ccrs","react_ccrs_mazeV1_t2","react_ccrs_mazeV1_t2_20260625_141909.log","104706","react.ccrs.contingency.classpath.resolved","",,,,,,,,,,,,,,,,,,"","","","","","","","",,
"react-baseline-vs-ccrs-v1-t2","002-ccrs","react_ccrs_mazeV1_t2","react_ccrs_mazeV1_t2_20260625_141909.log","104709","react.ccrs.contingency.evaluate","3",,,,,,,,"http://127.0.1.1:8080/cells/35/36","UNCERTAINTY","llm_self_escalation","http://127.0.1.1:8080/cells/34/36","http://127.0.1.1:8080/cells/35/36","http_get",,,,,"","","","","","","","",,
"react-baseline-vs-ccrs-v1-t2","002-ccrs","react_ccrs_mazeV1_t2","react_ccrs_mazeV1_t2_20260625_141909.log","104710","react.ccrs.contingency.returned","3",,,"prediction_llm","1ad7bd73-3946-41e9-8e99-547b4be27cc7","post","False",,,,,,,,"4","1","0","0","","","","","","","","",,
"react-baseline-vs-ccrs-v1-t2","002-ccrs","react_ccrs_mazeV1_t2","react_ccrs_mazeV1_t2_20260625_141909.log","104903","react.ccrs.contingency.escalation.considered","","1685",,,,,,,,,,,,,,,,,"","","","","","","","",,
"react-baseline-vs-ccrs-v1-t2","002-ccrs","react_ccrs_mazeV1_t2","react_ccrs_mazeV1_t2_20260625_141909.log","104904","react.ccrs.contingency.escalation.skipped","","1685",,,,,,"no_escalation_condition_met",,,,,,,,,,,"","","","","","","","",,
"react-baseline-vs-ccrs-v1-t2","002-ccrs","react_ccrs_mazeV1_t2","react_ccrs_mazeV1_t2_20260625_141909.log","104915","react.ccrs.contingency.escalation.considered","","1686",,,,,,,,,,,,,,,,,"","","","","","","","",,
"react-baseline-vs-ccrs-v1-t2","002-ccrs","react_ccrs_mazeV1_t2","react_ccrs_mazeV1_t2_20260625_141909.log","104916","react.ccrs.contingency.escalation.skipped","","1686",,,,,,"no_escalation_condition_met",,,,,,,,,,,"","","","","","","","",,
"react-baseline-vs-ccrs-v1-t2","002-ccrs","react_ccrs_mazeV1_t2","react_ccrs_mazeV1_t2_20260625_141909.log","105022","react.ccrs.contingency.escalation.considered","","1687",,,,,,,,,,,,,,,,,"","","","","","","","",,
"react-baseline-vs-ccrs-v1-t2","002-ccrs","react_ccrs_mazeV1_t2","react_ccrs_mazeV1_t2_20260625_141909.log","105023","react.ccrs.contingency.escalation.skipped","","1687",,,,,,"no_escalation_condition_met",,,,,,,,,,,"","","","","","","","",,
"react-baseline-vs-ccrs-v1-t2","002-ccrs","react_ccrs_mazeV1_t2","react_ccrs_mazeV1_t2_20260625_141909.log","105129","react.ccrs.contingency.escalation.considered","","1688",,,,,,,,,,,,,,,,,"","","","","","","","",,
"react-baseline-vs-ccrs-v1-t2","002-ccrs","react_ccrs_mazeV1_t2","react_ccrs_mazeV1_t2_20260625_141909.log","105130","react.ccrs.contingency.escalation.skipped","","1688",,,,,,"no_escalation_condition_met",,,,,,,,,,,"","","","","","","","",,
"react-baseline-vs-ccrs-v1-t2","002-ccrs","react_ccrs_mazeV1_t2","react_ccrs_mazeV1_t2_20260625_141909.log","105236","react.ccrs.contingency.escalation.considered","","1689",,,,,,,,,,,,,,,,,"","","","","","","","",,
"react-baseline-vs-ccrs-v1-t2","002-ccrs","react_ccrs_mazeV1_t2","react_ccrs_mazeV1_t2_20260625_141909.log","105237","react.ccrs.contingency.escalation.skipped","","1689",,,,,,"no_escalation_condition_met",,,,,,,,,,,"","","","","","","","",,
"react-baseline-vs-ccrs-v1-t2","002-ccrs","react_ccrs_mazeV1_t2","react_ccrs_mazeV1_t2_20260625_141909.log","105343","react.ccrs.contingency.escalation.considered","","1690",,,,,,,,,,,,,,,,,"","","","","","","","",,
"react-baseline-vs-ccrs-v1-t2","002-ccrs","react_ccrs_mazeV1_t2","react_ccrs_mazeV1_t2_20260625_141909.log","105344","react.ccrs.contingency.escalation.skipped","","1690",,,,,,"no_escalation_condition_met",,,,,,,,,,,"","","","","","","","",,
"react-baseline-vs-ccrs-v1-t2","002-ccrs","react_ccrs_mazeV1_t2","react_ccrs_mazeV1_t2_20260625_141909.log","105450","react.ccrs.contingency.escalation.considered","","1691",,,,,,,,,,,,,,,,,"","","","","","","","",,
"react-baseline-vs-ccrs-v1-t2","002-ccrs","react_ccrs_mazeV1_t2","react_ccrs_mazeV1_t2_20260625_141909.log","105451","react.ccrs.contingency.escalation.skipped","","1691",,,,,,"no_escalation_condition_met",,,,,,,,,,,"","","","","","","","",,
"react-baseline-vs-ccrs-v1-t2","002-ccrs","react_ccrs_mazeV1_t2","react_ccrs_mazeV1_t2_20260625_141909.log","105557","react.ccrs.contingency.escalation.considered","","1692",,,,,,,,,,,,,,,,,"","","","","","","","",,
"react-baseline-vs-ccrs-v1-t2","002-ccrs","react_ccrs_mazeV1_t2","react_ccrs_mazeV1_t2_20260625_141909.log","105558","react.ccrs.contingency.escalation.skipped","","1692",,,,,,"no_escalation_condition_met",,,,,,,,,,,"","","","","","","","",,
"react-baseline-vs-ccrs-v1-t2","002-ccrs","react_ccrs_mazeV1_t2","react_ccrs_mazeV1_t2_20260625_141909.log","105664","react.ccrs.contingency.escalation.considered","","1693",,,,,,,,,,,,,,,,,"","","","","","","","",,
"react-baseline-vs-ccrs-v1-t2","002-ccrs","react_ccrs_mazeV1_t2","react_ccrs_mazeV1_t2_20260625_141909.log","105665","react.ccrs.contingency.escalation.skipped","","1693",,,,,,"no_escalation_condition_met",,,,,,,,,,,"","","","","","","","",,
"react-baseline-vs-ccrs-v1-t2","002-ccrs","react_ccrs_mazeV1_t2","react_ccrs_mazeV1_t2_20260625_141909.log","105771","react.ccrs.contingency.escalation.considered","","1694",,,,,,,,,,,,,,,,,"","","","","","","","",,
"react-baseline-vs-ccrs-v1-t2","002-ccrs","react_ccrs_mazeV1_t2","react_ccrs_mazeV1_t2_20260625_141909.log","105772","react.ccrs.contingency.escalation.skipped","","1694",,,,,,"no_escalation_condition_met",,,,,,,,,,,"","","","","","","","",,
"react-baseline-vs-ccrs-v1-t2","002-ccrs","react_ccrs_mazeV1_t2","react_ccrs_mazeV1_t2_20260625_141909.log","105878","react.ccrs.contingency.escalation.considered","","1695",,,,,,,,,,,,,,,,,"","","","","","","","",,
"react-baseline-vs-ccrs-v1-t2","002-ccrs","react_ccrs_mazeV1_t2","react_ccrs_mazeV1_t2_20260625_141909.log","105879","react.ccrs.contingency.escalation.skipped","","1695",,,,,,"no_escalation_condition_met",,,,,,,,,,,"","","","","","","","",,
"react-baseline-vs-ccrs-v1-t2","002-ccrs","react_ccrs_mazeV1_t2","react_ccrs_mazeV1_t2_20260625_141909.log","105895","react.ccrs.contingency.escalation.considered","","1696",,,,,,,,,,,,,,,,,"","","","","","","","",,
"react-baseline-vs-ccrs-v1-t2","002-ccrs","react_ccrs_mazeV1_t2","react_ccrs_mazeV1_t2_20260625_141909.log","105896","react.ccrs.contingency.escalation.skipped","","1696",,,,,,"no_escalation_condition_met",,,,,,,,,,,"","","","","","","","",,
"react-baseline-vs-ccrs-v1-t2","002-ccrs","react_ccrs_mazeV1_t2","react_ccrs_mazeV1_t2_20260625_141909.log","106002","react.ccrs.contingency.escalation.considered","","1697",,,,,,,,,,,,,,,,,"","","","","","","","",,
"react-baseline-vs-ccrs-v1-t2","002-ccrs","react_ccrs_mazeV1_t2","react_ccrs_mazeV1_t2_20260625_141909.log","106003","react.ccrs.contingency.escalation.skipped","","1697",,,,,,"no_escalation_condition_met",,,,,,,,,,,"","","","","","","","",,
"react-baseline-vs-ccrs-v1-t2","002-ccrs","react_ccrs_mazeV1_t2","react_ccrs_mazeV1_t2_20260625_141909.log","106109","react.ccrs.contingency.escalation.considered","","1698",,,,,,,,,,,,,,,,,"","","","","","","","",,
"react-baseline-vs-ccrs-v1-t2","002-ccrs","react_ccrs_mazeV1_t2","react_ccrs_mazeV1_t2_20260625_141909.log","106110","react.ccrs.contingency.escalation.skipped","","1698",,,,,,"no_escalation_condition_met",,,,,,,,,,,"","","","","","","","",,
"react-baseline-vs-ccrs-v1-t2","002-ccrs","react_ccrs_mazeV1_t2","react_ccrs_mazeV1_t2_20260625_141909.log","106216","react.ccrs.contingency.escalation.considered","","1699",,,,,,,,,,,,,,,,,"","","","","","","","",,
"react-baseline-vs-ccrs-v1-t2","002-ccrs","react_ccrs_mazeV1_t2","react_ccrs_mazeV1_t2_20260625_141909.log","106217","react.ccrs.contingency.escalation.skipped","","1699",,,,,,"no_escalation_condition_met",,,,,,,,,,,"","","","","","","","",,
"react-baseline-vs-ccrs-v1-t2","002-ccrs","react_ccrs_mazeV1_t2","react_ccrs_mazeV1_t2_20260625_141909.log","106323","react.ccrs.contingency.escalation.considered","","1700",,,,,,,,,,,,,,,,,"","","","","","","","",,
"react-baseline-vs-ccrs-v1-t2","002-ccrs","react_ccrs_mazeV1_t2","react_ccrs_mazeV1_t2_20260625_141909.log","106324","react.ccrs.contingency.escalation.skipped","","1700",,,,,,"no_escalation_condition_met",,,,,,,,,,,"","","","","","","","",,
"react-baseline-vs-ccrs-v1-t2","002-ccrs","react_ccrs_mazeV1_t2","react_ccrs_mazeV1_t2_20260625_141909.log","106430","react.ccrs.contingency.escalation.considered","","1701",,,,,,,,,,,,,,,,,"","","","","","","","",,
"react-baseline-vs-ccrs-v1-t2","002-ccrs","react_ccrs_mazeV1_t2","react_ccrs_mazeV1_t2_20260625_141909.log","106431","react.ccrs.contingency.escalation.skipped","","1701",,,,,,"no_escalation_condition_met",,,,,,,,,,,"","","","","","","","",,
"react-baseline-vs-ccrs-v1-t2","002-ccrs","react_ccrs_mazeV1_t2","react_ccrs_mazeV1_t2_20260625_141909.log","106442","react.ccrs.contingency.escalation.considered","","1702",,,,,,,,,,,,,,,,,"","","","","","","","",,
"react-baseline-vs-ccrs-v1-t2","002-ccrs","react_ccrs_mazeV1_t2","react_ccrs_mazeV1_t2_20260625_141909.log","106443","react.ccrs.contingency.escalation.skipped","","1702",,,,,,"no_escalation_condition_met",,,,,,,,,,,"","","","","","","","",,
"react-baseline-vs-ccrs-v1-t2","002-ccrs","react_ccrs_mazeV1_t2","react_ccrs_mazeV1_t2_20260625_141909.log","106530","react.ccrs.contingency.escalation.considered","","1703",,,,,,,,,,,,,,,,,"","","","","","","","",,
"react-baseline-vs-ccrs-v1-t2","002-ccrs","react_ccrs_mazeV1_t2","react_ccrs_mazeV1_t2_20260625_141909.log","106531","react.ccrs.contingency.escalation.skipped","","1703",,,,,,"no_escalation_condition_met",,,,,,,,,,,"","","","","","","","",,
"react-baseline-vs-ccrs-v1-t2","002-ccrs","react_ccrs_mazeV1_t2","react_ccrs_mazeV1_t2_20260625_141909.log","106618","react.ccrs.contingency.escalation.considered","","1704",,,,,,,,,,,,,,,,,"","","","","","","","",,
"react-baseline-vs-ccrs-v1-t2","002-ccrs","react_ccrs_mazeV1_t2","react_ccrs_mazeV1_t2_20260625_141909.log","106619","react.ccrs.contingency.escalation.skipped","","1704",,,,,,"no_escalation_condition_met",,,,,,,,,,,"","","","","","","","",,
"react-baseline-vs-ccrs-v1-t2","002-ccrs","react_ccrs_mazeV1_t2","react_ccrs_mazeV1_t2_20260625_141909.log","106706","react.ccrs.contingency.escalation.considered","","1705",,,,,,,,,,,,,,,,,"","","","","","","","",,
"react-baseline-vs-ccrs-v1-t2","002-ccrs","react_ccrs_mazeV1_t2","react_ccrs_mazeV1_t2_20260625_141909.log","106707","react.ccrs.contingency.escalation.skipped","","1705",,,,,,"no_escalation_condition_met",,,,,,,,,,,"","","","","","","","",,
"react-baseline-vs-ccrs-v1-t2","002-ccrs","react_ccrs_mazeV1_t2","react_ccrs_mazeV1_t2_20260625_141909.log","106794","react.ccrs.contingency.escalation.considered","","1706",,,,,,,,,,,,,,,,,"","","","","","","","",,
"react-baseline-vs-ccrs-v1-t2","002-ccrs","react_ccrs_mazeV1_t2","react_ccrs_mazeV1_t2_20260625_141909.log","106795","react.ccrs.contingency.escalation.skipped","","1706",,,,,,"no_escalation_condition_met",,,,,,,,,,,"","","","","","","","",,
"react-baseline-vs-ccrs-v1-t2","002-ccrs","react_ccrs_mazeV1_t2","react_ccrs_mazeV1_t2_20260625_141909.log","106882","react.ccrs.contingency.escalation.considered","","1707",,,,,,,,,,,,,,,,,"","","","","","","","",,
"react-baseline-vs-ccrs-v1-t2","002-ccrs","react_ccrs_mazeV1_t2","react_ccrs_mazeV1_t2_20260625_141909.log","106883","react.ccrs.contingency.escalation.skipped","","1707",,,,,,"no_escalation_condition_met",,,,,,,,,,,"","","","","","","","",,
"react-baseline-vs-ccrs-v1-t2","002-ccrs","react_ccrs_mazeV1_t2","react_ccrs_mazeV1_t2_20260625_141909.log","106970","react.ccrs.contingency.escalation.considered","","1708",,,,,,,,,,,,,,,,,"","","","","","","","",,
"react-baseline-vs-ccrs-v1-t2","002-ccrs","react_ccrs_mazeV1_t2","react_ccrs_mazeV1_t2_20260625_141909.log","106971","react.ccrs.contingency.escalation.skipped","","1708",,,,,,"no_escalation_condition_met",,,,,,,,,,,"","","","","","","","",,
"react-baseline-vs-ccrs-v1-t2","002-ccrs","react_ccrs_mazeV1_t2","react_ccrs_mazeV1_t2_20260625_141909.log","106987","react.ccrs.contingency.escalation.considered","","1709",,,,,,,,,,,,,,,,,"","","","","","","","",,
"react-baseline-vs-ccrs-v1-t2","002-ccrs","react_ccrs_mazeV1_t2","react_ccrs_mazeV1_t2_20260625_141909.log","106988","react.ccrs.contingency.escalation.skipped","","1709",,,,,,"no_escalation_condition_met",,,,,,,,,,,"","","","","","","","",,
"react-baseline-vs-ccrs-v1-t2","002-ccrs","react_ccrs_mazeV1_t2","react_ccrs_mazeV1_t2_20260625_141909.log","107004","react.ccrs.contingency.escalation.considered","","1710",,,,,,,,,,,,,,,,,"","","","","","","","",,
"react-baseline-vs-ccrs-v1-t2","002-ccrs","react_ccrs_mazeV1_t2","react_ccrs_mazeV1_t2_20260625_141909.log","107005","react.ccrs.contingency.escalation.skipped","","1710",,,,,,"no_escalation_condition_met",,,,,,,,,,,"","","","","","","","",,
"react-baseline-vs-ccrs-v1-t2","002-ccrs","react_ccrs_mazeV1_t2","react_ccrs_mazeV1_t2_20260625_141909.log","107092","react.ccrs.contingency.escalation.considered","","1711",,,,,,,,,,,,,,,,,"","","","","","","","",,
"react-baseline-vs-ccrs-v1-t2","002-ccrs","react_ccrs_mazeV1_t2","react_ccrs_mazeV1_t2_20260625_141909.log","107093","react.ccrs.contingency.escalation.skipped","","1711",,,,,,"no_escalation_condition_met",,,,,,,,,,,"","","","","","","","",,
"react-baseline-vs-ccrs-v1-t2","002-ccrs","react_ccrs_mazeV1_t2","react_ccrs_mazeV1_t2_20260625_141909.log","107180","react.ccrs.contingency.escalation.considered","","1712",,,,,,,,,,,,,,,,,"","","","","","","","",,
"react-baseline-vs-ccrs-v1-t2","002-ccrs","react_ccrs_mazeV1_t2","react_ccrs_mazeV1_t2_20260625_141909.log","107181","react.ccrs.contingency.escalation.skipped","","1712",,,,,,"no_escalation_condition_met",,,,,,,,,,,"","","","","","","","",,
"react-baseline-vs-ccrs-v1-t2","002-ccrs","react_ccrs_mazeV1_t2","react_ccrs_mazeV1_t2_20260625_141909.log","107268","react.ccrs.contingency.escalation.considered","","1713",,,,,,,,,,,,,,,,,"","","","","","","","",,
"react-baseline-vs-ccrs-v1-t2","002-ccrs","react_ccrs_mazeV1_t2","react_ccrs_mazeV1_t2_20260625_141909.log","107269","react.ccrs.contingency.escalation.skipped","","1713",,,,,,"no_escalation_condition_met",,,,,,,,,,,"","","","","","","","",,
"react-baseline-vs-ccrs-v1-t2","002-ccrs","react_ccrs_mazeV1_t2","react_ccrs_mazeV1_t2_20260625_141909.log","107356","react.ccrs.contingency.escalation.considered","","1714",,,,,,,,,,,,,,,,,"","","","","","","","",,
"react-baseline-vs-ccrs-v1-t2","002-ccrs","react_ccrs_mazeV1_t2","react_ccrs_mazeV1_t2_20260625_141909.log","107357","react.ccrs.contingency.escalation.skipped","","1714",,,,,,"no_escalation_condition_met",,,,,,,,,,,"","","","","","","","",,
"react-baseline-vs-ccrs-v1-t2","002-ccrs","react_ccrs_mazeV1_t2","react_ccrs_mazeV1_t2_20260625_141909.log","107444","react.ccrs.contingency.escalation.considered","","1715",,,,,,,,,,,,,,,,,"","","","","","","","",,
"react-baseline-vs-ccrs-v1-t2","002-ccrs","react_ccrs_mazeV1_t2","react_ccrs_mazeV1_t2_20260625_141909.log","107445","react.ccrs.contingency.escalation.skipped","","1715",,,,,,"no_escalation_condition_met",,,,,,,,,,,"","","","","","","","",,
"react-baseline-vs-ccrs-v1-t2","002-ccrs","react_ccrs_mazeV1_t2","react_ccrs_mazeV1_t2_20260625_141909.log","107532","react.ccrs.contingency.escalation.considered","","1716",,,,,,,,,,,,,,,,,"","","","","","","","",,
"react-baseline-vs-ccrs-v1-t2","002-ccrs","react_ccrs_mazeV1_t2","react_ccrs_mazeV1_t2_20260625_141909.log","107533","react.ccrs.contingency.escalation.skipped","","1716",,,,,,"no_escalation_condition_met",,,,,,,,,,,"","","","","","","","",,
"react-baseline-vs-ccrs-v1-t2","002-ccrs","react_ccrs_mazeV1_t2","react_ccrs_mazeV1_t2_20260625_141909.log","107620","react.ccrs.contingency.escalation.considered","","1717",,,,,,,,,,,,,,,,,"","","","","","","","",,
"react-baseline-vs-ccrs-v1-t2","002-ccrs","react_ccrs_mazeV1_t2","react_ccrs_mazeV1_t2_20260625_141909.log","107621","react.ccrs.contingency.escalation.skipped","","1717",,,,,,"no_escalation_condition_met",,,,,,,,,,,"","","","","","","","",,
"react-baseline-vs-ccrs-v1-t2","002-ccrs","react_ccrs_mazeV1_t2","react_ccrs_mazeV1_t2_20260625_141909.log","107708","react.ccrs.contingency.escalation.considered","","1718",,,,,,,,,,,,,,,,,"","","","","","","","",,
"react-baseline-vs-ccrs-v1-t2","002-ccrs","react_ccrs_mazeV1_t2","react_ccrs_mazeV1_t2_20260625_141909.log","107709","react.ccrs.contingency.escalation.skipped","","1718",,,,,,"no_escalation_condition_met",,,,,,,,,,,"","","","","","","","",,
"react-baseline-vs-ccrs-v1-t2","002-ccrs","react_ccrs_mazeV1_t2","react_ccrs_mazeV1_t2_20260625_141909.log","107796","react.ccrs.contingency.escalation.considered","","1719",,,,,,,,,,,,,,,,,"","","","","","","","",,
"react-baseline-vs-ccrs-v1-t2","002-ccrs","react_ccrs_mazeV1_t2","react_ccrs_mazeV1_t2_20260625_141909.log","107797","react.ccrs.contingency.escalation.skipped","","1719",,,,,,"no_escalation_condition_met",,,,,,,,,,,"","","","","","","","",,
"react-baseline-vs-ccrs-v1-t2","002-ccrs","react_ccrs_mazeV1_t2","react_ccrs_mazeV1_t2_20260625_141909.log","107808","react.ccrs.contingency.escalation.considered","","1720",,,,,,,,,,,,,,,,,"","","","","","","","",,
"react-baseline-vs-ccrs-v1-t2","002-ccrs","react_ccrs_mazeV1_t2","react_ccrs_mazeV1_t2_20260625_141909.log","107809","react.ccrs.contingency.escalation.skipped","","1720",,,,,,"no_escalation_condition_met",,,,,,,,,,,"","","","","","","","",,
"react-baseline-vs-ccrs-v1-t2","002-ccrs","react_ccrs_mazeV1_t2","react_ccrs_mazeV1_t2_20260625_141909.log","107893","react.ccrs.contingency.escalation.considered","","1721",,,,,,,,,,,,,,,,,"","","","","","","","",,
"react-baseline-vs-ccrs-v1-t2","002-ccrs","react_ccrs_mazeV1_t2","react_ccrs_mazeV1_t2_20260625_141909.log","107894","react.ccrs.contingency.escalation.skipped","","1721",,,,,,"no_escalation_condition_met",,,,,,,,,,,"","","","","","","","",,
"react-baseline-vs-ccrs-v1-t2","002-ccrs","react_ccrs_mazeV1_t2","react_ccrs_mazeV1_t2_20260625_141909.log","107978","react.ccrs.contingency.escalation.considered","","1722",,,,,,,,,,,,,,,,,"","","","","","","","",,
"react-baseline-vs-ccrs-v1-t2","002-ccrs","react_ccrs_mazeV1_t2","react_ccrs_mazeV1_t2_20260625_141909.log","107979","react.ccrs.contingency.escalation.skipped","","1722",,,,,,"no_escalation_condition_met",,,,,,,,,,,"","","","","","","","",,
"react-baseline-vs-ccrs-v1-t2","002-ccrs","react_ccrs_mazeV1_t2","react_ccrs_mazeV1_t2_20260625_141909.log","108063","react.ccrs.contingency.escalation.considered","","1723",,,,,,,,,,,,,,,,,"","","","","","","","",,
"react-baseline-vs-ccrs-v1-t2","002-ccrs","react_ccrs_mazeV1_t2","react_ccrs_mazeV1_t2_20260625_141909.log","108064","react.ccrs.contingency.escalation.skipped","","1723",,,,,,"no_escalation_condition_met",,,,,,,,,,,"","","","","","","","",,
"react-baseline-vs-ccrs-v1-t2","002-ccrs","react_ccrs_mazeV1_t2","react_ccrs_mazeV1_t2_20260625_141909.log","108148","react.ccrs.contingency.escalation.considered","","1724",,,,,,,,,,,,,,,,,"","","","","","","","",,
"react-baseline-vs-ccrs-v1-t2","002-ccrs","react_ccrs_mazeV1_t2","react_ccrs_mazeV1_t2_20260625_141909.log","108149","react.ccrs.contingency.escalation.skipped","","1724",,,,,,"no_escalation_condition_met",,,,,,,,,,,"","","","","","","","",,
"react-baseline-vs-ccrs-v1-t2","002-ccrs","react_ccrs_mazeV1_t2","react_ccrs_mazeV1_t2_20260625_141909.log","108233","react.ccrs.contingency.escalation.considered","","1725",,,,,,,,,,,,,,,,,"","","","","","","","",,
"react-baseline-vs-ccrs-v1-t2","002-ccrs","react_ccrs_mazeV1_t2","react_ccrs_mazeV1_t2_20260625_141909.log","108234","react.ccrs.contingency.escalation.skipped","","1725",,,,,,"no_escalation_condition_met",,,,,,,,,,,"","","","","","","","",,
"react-baseline-vs-ccrs-v1-t2","002-ccrs","react_ccrs_mazeV1_t2","react_ccrs_mazeV1_t2_20260625_141909.log","108318","react.ccrs.contingency.escalation.considered","","1726",,,,,,,,,,,,,,,,,"","","","","","","","",,
"react-baseline-vs-ccrs-v1-t2","002-ccrs","react_ccrs_mazeV1_t2","react_ccrs_mazeV1_t2_20260625_141909.log","108319","react.ccrs.contingency.escalation.skipped","","1726",,,,,,"no_escalation_condition_met",,,,,,,,,,,"","","","","","","","",,
"react-baseline-vs-ccrs-v1-t2","002-ccrs","react_ccrs_mazeV1_t2","react_ccrs_mazeV1_t2_20260625_141909.log","108403","react.ccrs.contingency.escalation.considered","","1727",,,,,,,,,,,,,,,,,"","","","","","","","",,
"react-baseline-vs-ccrs-v1-t2","002-ccrs","react_ccrs_mazeV1_t2","react_ccrs_mazeV1_t2_20260625_141909.log","108404","react.ccrs.contingency.escalation.skipped","","1727",,,,,,"no_escalation_condition_met",,,,,,,,,,,"","","","","","","","",,
"react-baseline-vs-ccrs-v1-t2","002-ccrs","react_ccrs_mazeV1_t2","react_ccrs_mazeV1_t2_20260625_141909.log","108488","react.ccrs.contingency.escalation.considered","","1728",,,,,,,,,,,,,,,,,"","","","","","","","",,
"react-baseline-vs-ccrs-v1-t2","002-ccrs","react_ccrs_mazeV1_t2","react_ccrs_mazeV1_t2_20260625_141909.log","108489","react.ccrs.contingency.escalation.skipped","","1728",,,,,,"no_escalation_condition_met",,,,,,,,,,,"","","","","","","","",,
"react-baseline-vs-ccrs-v1-t2","002-ccrs","react_ccrs_mazeV1_t2","react_ccrs_mazeV1_t2_20260625_141909.log","108573","react.ccrs.contingency.escalation.considered","","1729",,,,,,,,,,,,,,,,,"","","","","","","","",,
"react-baseline-vs-ccrs-v1-t2","002-ccrs","react_ccrs_mazeV1_t2","react_ccrs_mazeV1_t2_20260625_141909.log","108574","react.ccrs.contingency.escalation.skipped","","1729",,,,,,"no_escalation_condition_met",,,,,,,,,,,"","","","","","","","",,
"react-baseline-vs-ccrs-v1-t2","002-ccrs","react_ccrs_mazeV1_t2","react_ccrs_mazeV1_t2_20260625_141909.log","108658","react.ccrs.contingency.escalation.considered","","1730",,,,,,,,,,,,,,,,,"","","","","","","","",,
"react-baseline-vs-ccrs-v1-t2","002-ccrs","react_ccrs_mazeV1_t2","react_ccrs_mazeV1_t2_20260625_141909.log","108659","react.ccrs.contingency.escalation.skipped","","1730",,,,,,"no_escalation_condition_met",,,,,,,,,,,"","","","","","","","",,
"react-baseline-vs-ccrs-v1-t2","002-ccrs","react_ccrs_mazeV1_t2","react_ccrs_mazeV1_t2_20260625_141909.log","108743","react.ccrs.contingency.escalation.considered","","1731",,,,,,,,,,,,,,,,,"","","","","","","","",,
"react-baseline-vs-ccrs-v1-t2","002-ccrs","react_ccrs_mazeV1_t2","react_ccrs_mazeV1_t2_20260625_141909.log","108744","react.ccrs.contingency.escalation.skipped","","1731",,,,,,"no_escalation_condition_met",,,,,,,,,,,"","","","","","","","",,
"react-baseline-vs-ccrs-v1-t2","002-ccrs","react_ccrs_mazeV1_t2","react_ccrs_mazeV1_t2_20260625_141909.log","108828","react.ccrs.contingency.escalation.considered","","1732",,,,,,,,,,,,,,,,,"","","","","","","","",,
"react-baseline-vs-ccrs-v1-t2","002-ccrs","react_ccrs_mazeV1_t2","react_ccrs_mazeV1_t2_20260625_141909.log","108829","react.ccrs.contingency.escalation.skipped","","1732",,,,,,"no_escalation_condition_met",,,,,,,,,,,"","","","","","","","",,
"react-baseline-vs-ccrs-v1-t2","002-ccrs","react_ccrs_mazeV1_t2","react_ccrs_mazeV1_t2_20260625_141909.log","108913","react.ccrs.contingency.escalation.considered","","1733",,,,,,,,,,,,,,,,,"","","","","","","","",,
"react-baseline-vs-ccrs-v1-t2","002-ccrs","react_ccrs_mazeV1_t2","react_ccrs_mazeV1_t2_20260625_141909.log","108914","react.ccrs.contingency.escalation.skipped","","1733",,,,,,"no_escalation_condition_met",,,,,,,,,,,"","","","","","","","",,
"react-baseline-vs-ccrs-v1-t2","002-ccrs","react_ccrs_mazeV1_t2","react_ccrs_mazeV1_t2_20260625_141909.log","108930","react.ccrs.contingency.escalation.considered","","1734",,,,,,,,,,,,,,,,,"","","","","","","","",,
"react-baseline-vs-ccrs-v1-t2","002-ccrs","react_ccrs_mazeV1_t2","react_ccrs_mazeV1_t2_20260625_141909.log","108931","react.ccrs.contingency.escalation.skipped","","1734",,,,,,"no_escalation_condition_met",,,,,,,,,,,"","","","","","","","",,
"react-baseline-vs-ccrs-v1-t2","002-ccrs","react_ccrs_mazeV1_t2","react_ccrs_mazeV1_t2_20260625_141909.log","109015","react.ccrs.contingency.escalation.considered","","1735",,,,,,,,,,,,,,,,,"","","","","","","","",,
"react-baseline-vs-ccrs-v1-t2","002-ccrs","react_ccrs_mazeV1_t2","react_ccrs_mazeV1_t2_20260625_141909.log","109016","react.ccrs.contingency.escalation.skipped","","1735",,,,,,"no_escalation_condition_met",,,,,,,,,,,"","","","","","","","",,
"react-baseline-vs-ccrs-v1-t2","002-ccrs","react_ccrs_mazeV1_t2","react_ccrs_mazeV1_t2_20260625_141909.log","109100","react.ccrs.contingency.escalation.considered","","1736",,,,,,,,,,,,,,,,,"","","","","","","","",,
"react-baseline-vs-ccrs-v1-t2","002-ccrs","react_ccrs_mazeV1_t2","react_ccrs_mazeV1_t2_20260625_141909.log","109101","react.ccrs.contingency.escalation.skipped","","1736",,,,,,"no_escalation_condition_met",,,,,,,,,,,"","","","","","","","",,
"react-baseline-vs-ccrs-v1-t2","002-ccrs","react_ccrs_mazeV1_t2","react_ccrs_mazeV1_t2_20260625_141909.log","109185","react.ccrs.contingency.escalation.considered","","1737",,,,,,,,,,,,,,,,,"","","","","","","","",,
"react-baseline-vs-ccrs-v1-t2","002-ccrs","react_ccrs_mazeV1_t2","react_ccrs_mazeV1_t2_20260625_141909.log","109186","react.ccrs.contingency.escalation.skipped","","1737",,,,,,"no_escalation_condition_met",,,,,,,,,,,"","","","","","","","",,
"react-baseline-vs-ccrs-v1-t2","002-ccrs","react_ccrs_mazeV1_t2","react_ccrs_mazeV1_t2_20260625_141909.log","109270","react.ccrs.contingency.escalation.considered","","1738",,,,,,,,,,,,,,,,,"","","","","","","","",,
"react-baseline-vs-ccrs-v1-t2","002-ccrs","react_ccrs_mazeV1_t2","react_ccrs_mazeV1_t2_20260625_141909.log","109271","react.ccrs.contingency.escalation.skipped","","1738",,,,,,"no_escalation_condition_met",,,,,,,,,,,"","","","","","","","",,
"react-baseline-vs-ccrs-v1-t2","002-ccrs","react_ccrs_mazeV1_t2","react_ccrs_mazeV1_t2_20260625_141909.log","109355","react.ccrs.contingency.escalation.considered","","1739",,,,,,,,,,,,,,,,,"","","","","","","","",,
"react-baseline-vs-ccrs-v1-t2","002-ccrs","react_ccrs_mazeV1_t2","react_ccrs_mazeV1_t2_20260625_141909.log","109356","react.ccrs.contingency.escalation.skipped","","1739",,,,,,"no_escalation_condition_met",,,,,,,,,,,"","","","","","","","",,
"react-baseline-vs-ccrs-v1-t2","002-ccrs","react_ccrs_mazeV1_t2","react_ccrs_mazeV1_t2_20260625_141909.log","109372","react.ccrs.contingency.escalation.considered","","1740",,,,,,,,,,,,,,,,,"","","","","","","","",,
"react-baseline-vs-ccrs-v1-t2","002-ccrs","react_ccrs_mazeV1_t2","react_ccrs_mazeV1_t2_20260625_141909.log","109373","react.ccrs.contingency.escalation.skipped","","1740",,,,,,"no_escalation_condition_met",,,,,,,,,,,"","","","","","","","",,
"react-baseline-vs-ccrs-v1-t2","002-ccrs","react_ccrs_mazeV1_t2","react_ccrs_mazeV1_t2_20260625_141909.log","109384","react.ccrs.contingency.escalation.considered","","1741",,,,,,,,,,,,,,,,,"","","","","","","","",,
"react-baseline-vs-ccrs-v1-t2","002-ccrs","react_ccrs_mazeV1_t2","react_ccrs_mazeV1_t2_20260625_141909.log","109385","react.ccrs.contingency.escalation.skipped","","1741",,,,,,"no_escalation_condition_met",,,,,,,,,,,"","","","","","","","",,
"react-baseline-vs-ccrs-v1-t2","002-ccrs","react_ccrs_mazeV1_t2","react_ccrs_mazeV1_t2_20260625_141909.log","109401","react.ccrs.contingency.escalation.considered","","1742",,,,,,,,,,,,,,,,,"","","","","","","","",,
"react-baseline-vs-ccrs-v1-t2","002-ccrs","react_ccrs_mazeV1_t2","react_ccrs_mazeV1_t2_20260625_141909.log","109402","react.ccrs.contingency.escalation.skipped","","1742",,,,,,"no_escalation_condition_met",,,,,,,,,,,"","","","","","","","",,
"react-baseline-vs-ccrs-v1-t2","002-ccrs","react_ccrs_mazeV1_t2","react_ccrs_mazeV1_t2_20260625_141909.log","109418","react.ccrs.contingency.escalation.considered","","1743",,,,,,,,,,,,,,,,,"","","","","","","","",,
"react-baseline-vs-ccrs-v1-t2","002-ccrs","react_ccrs_mazeV1_t2","react_ccrs_mazeV1_t2_20260625_141909.log","109419","react.ccrs.contingency.escalation.skipped","","1743",,,,,,"no_escalation_condition_met",,,,,,,,,,,"","","","","","","","",,
"react-baseline-vs-ccrs-v1-t2","002-ccrs","react_ccrs_mazeV1_t2","react_ccrs_mazeV1_t2_20260625_141909.log","109525","react.ccrs.contingency.escalation.considered","","1744",,,,,,,,,,,,,,,,,"","","","","","","","",,
"react-baseline-vs-ccrs-v1-t2","002-ccrs","react_ccrs_mazeV1_t2","react_ccrs_mazeV1_t2_20260625_141909.log","109526","react.ccrs.contingency.escalation.skipped","","1744",,,,,,"no_escalation_condition_met",,,,,,,,,,,"","","","","","","","",,
"react-baseline-vs-ccrs-v1-t2","002-ccrs","react_ccrs_mazeV1_t2","react_ccrs_mazeV1_t2_20260625_141909.log","109632","react.ccrs.contingency.escalation.considered","","1745",,,,,,,,,,,,,,,,,"","","","","","","","",,
"react-baseline-vs-ccrs-v1-t2","002-ccrs","react_ccrs_mazeV1_t2","react_ccrs_mazeV1_t2_20260625_141909.log","109633","react.ccrs.contingency.escalation.skipped","","1745",,,,,,"no_escalation_condition_met",,,,,,,,,,,"","","","","","","","",,
"react-baseline-vs-ccrs-v1-t2","002-ccrs","react_ccrs_mazeV1_t2","react_ccrs_mazeV1_t2_20260625_141909.log","109739","react.ccrs.contingency.escalation.considered","","1746",,,,,,,,,,,,,,,,,"","","","","","","","",,
"react-baseline-vs-ccrs-v1-t2","002-ccrs","react_ccrs_mazeV1_t2","react_ccrs_mazeV1_t2_20260625_141909.log","109740","react.ccrs.contingency.escalation.skipped","","1746",,,,,,"no_escalation_condition_met",,,,,,,,,,,"","","","","","","","",,
"react-baseline-vs-ccrs-v1-t2","002-ccrs","react_ccrs_mazeV1_t2","react_ccrs_mazeV1_t2_20260625_141909.log","109846","react.ccrs.contingency.escalation.considered","","1747",,,,,,,,,,,,,,,,,"","","","","","","","",,
"react-baseline-vs-ccrs-v1-t2","002-ccrs","react_ccrs_mazeV1_t2","react_ccrs_mazeV1_t2_20260625_141909.log","109847","react.ccrs.contingency.escalation.skipped","","1747",,,,,,"no_escalation_condition_met",,,,,,,,,,,"","","","","","","","",,
"react-baseline-vs-ccrs-v1-t2","002-ccrs","react_ccrs_mazeV1_t2","react_ccrs_mazeV1_t2_20260625_141909.log","109953","react.ccrs.contingency.escalation.considered","","1748",,,,,,,,,,,,,,,,,"","","","","","","","",,
"react-baseline-vs-ccrs-v1-t2","002-ccrs","react_ccrs_mazeV1_t2","react_ccrs_mazeV1_t2_20260625_141909.log","109954","react.ccrs.contingency.escalation.skipped","","1748",,,,,,"no_escalation_condition_met",,,,,,,,,,,"","","","","","","","",,
"react-baseline-vs-ccrs-v1-t2","002-ccrs","react_ccrs_mazeV1_t2","react_ccrs_mazeV1_t2_20260625_141909.log","110060","react.ccrs.contingency.escalation.considered","","1749",,,,,,,,,,,,,,,,,"","","","","","","","",,
"react-baseline-vs-ccrs-v1-t2","002-ccrs","react_ccrs_mazeV1_t2","react_ccrs_mazeV1_t2_20260625_141909.log","110061","react.ccrs.contingency.escalation.skipped","","1749",,,,,,"no_escalation_condition_met",,,,,,,,,,,"","","","","","","","",,
"react-baseline-vs-ccrs-v1-t2","002-ccrs","react_ccrs_mazeV1_t2","react_ccrs_mazeV1_t2_20260625_141909.log","110167","react.ccrs.contingency.escalation.considered","","1750",,,,,,,,,,,,,,,,,"","","","","","","","",,
"react-baseline-vs-ccrs-v1-t2","002-ccrs","react_ccrs_mazeV1_t2","react_ccrs_mazeV1_t2_20260625_141909.log","110168","react.ccrs.contingency.escalation.skipped","","1750",,,,,,"no_escalation_condition_met",,,,,,,,,,,"","","","","","","","",,
"react-baseline-vs-ccrs-v1-t2","002-ccrs","react_ccrs_mazeV1_t2","react_ccrs_mazeV1_t2_20260625_141909.log","110179","react.ccrs.contingency.escalation.considered","","1751",,,,,,,,,,,,,,,,,"","","","","","","","",,
"react-baseline-vs-ccrs-v1-t2","002-ccrs","react_ccrs_mazeV1_t2","react_ccrs_mazeV1_t2_20260625_141909.log","110180","react.ccrs.contingency.escalation.skipped","","1751",,,,,,"no_escalation_condition_met",,,,,,,,,,,"","","","","","","","",,
"react-baseline-vs-ccrs-v1-t2","002-ccrs","react_ccrs_mazeV1_t2","react_ccrs_mazeV1_t2_20260625_141909.log","110286","react.ccrs.contingency.escalation.considered","","1752",,,,,,,,,,,,,,,,,"","","","","","","","",,
"react-baseline-vs-ccrs-v1-t2","002-ccrs","react_ccrs_mazeV1_t2","react_ccrs_mazeV1_t2_20260625_141909.log","110287","react.ccrs.contingency.escalation.skipped","","1752",,,,,,"no_escalation_condition_met",,,,,,,,,,,"","","","","","","","",,
"react-baseline-vs-ccrs-v1-t2","002-ccrs","react_ccrs_mazeV1_t2","react_ccrs_mazeV1_t2_20260625_141909.log","110393","react.ccrs.contingency.escalation.considered","","1753",,,,,,,,,,,,,,,,,"","","","","","","","",,
"react-baseline-vs-ccrs-v1-t2","002-ccrs","react_ccrs_mazeV1_t2","react_ccrs_mazeV1_t2_20260625_141909.log","110394","react.ccrs.contingency.escalation.skipped","","1753",,,,,,"no_escalation_condition_met",,,,,,,,,,,"","","","","","","","",,
"react-baseline-vs-ccrs-v1-t2","002-ccrs","react_ccrs_mazeV1_t2","react_ccrs_mazeV1_t2_20260625_141909.log","110500","react.ccrs.contingency.escalation.considered","","1754",,,,,,,,,,,,,,,,,"","","","","","","","",,
"react-baseline-vs-ccrs-v1-t2","002-ccrs","react_ccrs_mazeV1_t2","react_ccrs_mazeV1_t2_20260625_141909.log","110501","react.ccrs.contingency.escalation.skipped","","1754",,,,,,"no_escalation_condition_met",,,,,,,,,,,"","","","","","","","",,
"react-baseline-vs-ccrs-v1-t2","002-ccrs","react_ccrs_mazeV1_t2","react_ccrs_mazeV1_t2_20260625_141909.log","110607","react.ccrs.contingency.escalation.considered","","1755",,,,,,,,,,,,,,,,,"","","","","","","","",,
"react-baseline-vs-ccrs-v1-t2","002-ccrs","react_ccrs_mazeV1_t2","react_ccrs_mazeV1_t2_20260625_141909.log","110608","react.ccrs.contingency.escalation.skipped","","1755",,,,,,"no_escalation_condition_met",,,,,,,,,,,"","","","","","","","",,
"react-baseline-vs-ccrs-v1-t2","002-ccrs","react_ccrs_mazeV1_t2","react_ccrs_mazeV1_t2_20260625_141909.log","110714","react.ccrs.contingency.escalation.considered","","1756",,,,,,,,,,,,,,,,,"","","","","","","","",,
"react-baseline-vs-ccrs-v1-t2","002-ccrs","react_ccrs_mazeV1_t2","react_ccrs_mazeV1_t2_20260625_141909.log","110715","react.ccrs.contingency.escalation.skipped","","1756",,,,,,"no_escalation_condition_met",,,,,,,,,,,"","","","","","","","",,
"react-baseline-vs-ccrs-v1-t2","002-ccrs","react_ccrs_mazeV1_t2","react_ccrs_mazeV1_t2_20260625_141909.log","110726","react.ccrs.contingency.escalation.considered","","1757",,,,,,,,,,,,,,,,,"","","","","","","","",,
"react-baseline-vs-ccrs-v1-t2","002-ccrs","react_ccrs_mazeV1_t2","react_ccrs_mazeV1_t2_20260625_141909.log","110727","react.ccrs.contingency.escalation.skipped","","1757",,,,,,"no_escalation_condition_met",,,,,,,,,,,"","","","","","","","",,
"react-baseline-vs-ccrs-v1-t2","002-ccrs","react_ccrs_mazeV1_t2","react_ccrs_mazeV1_t2_20260625_141909.log","110814","react.ccrs.contingency.escalation.considered","","1758",,,,,,,,,,,,,,,,,"","","","","","","","",,
"react-baseline-vs-ccrs-v1-t2","002-ccrs","react_ccrs_mazeV1_t2","react_ccrs_mazeV1_t2_20260625_141909.log","110815","react.ccrs.contingency.escalation.skipped","","1758",,,,,,"no_escalation_condition_met",,,,,,,,,,,"","","","","","","","",,
"react-baseline-vs-ccrs-v1-t2","002-ccrs","react_ccrs_mazeV1_t2","react_ccrs_mazeV1_t2_20260625_141909.log","110902","react.ccrs.contingency.escalation.considered","","1759",,,,,,,,,,,,,,,,,"","","","","","","","",,
"react-baseline-vs-ccrs-v1-t2","002-ccrs","react_ccrs_mazeV1_t2","react_ccrs_mazeV1_t2_20260625_141909.log","110903","react.ccrs.contingency.escalation.skipped","","1759",,,,,,"no_escalation_condition_met",,,,,,,,,,,"","","","","","","","",,
"react-baseline-vs-ccrs-v1-t2","002-ccrs","react_ccrs_mazeV1_t2","react_ccrs_mazeV1_t2_20260625_141909.log","110919","react.ccrs.contingency.escalation.considered","","1760",,,,,,,,,,,,,,,,,"","","","","","","","",,
"react-baseline-vs-ccrs-v1-t2","002-ccrs","react_ccrs_mazeV1_t2","react_ccrs_mazeV1_t2_20260625_141909.log","110920","react.ccrs.contingency.escalation.skipped","","1760",,,,,,"no_escalation_condition_met",,,,,,,,,,,"","","","","","","","",,
"react-baseline-vs-ccrs-v1-t2","002-ccrs","react_ccrs_mazeV1_t2","react_ccrs_mazeV1_t2_20260625_141909.log","111007","react.ccrs.contingency.escalation.considered","","1761",,,,,,,,,,,,,,,,,"","","","","","","","",,
"react-baseline-vs-ccrs-v1-t2","002-ccrs","react_ccrs_mazeV1_t2","react_ccrs_mazeV1_t2_20260625_141909.log","111008","react.ccrs.contingency.escalation.skipped","","1761",,,,,,"no_escalation_condition_met",,,,,,,,,,,"","","","","","","","",,
"react-baseline-vs-ccrs-v1-t2","002-ccrs","react_ccrs_mazeV1_t2","react_ccrs_mazeV1_t2_20260625_141909.log","111095","react.ccrs.contingency.escalation.considered","","1762",,,,,,,,,,,,,,,,,"","","","","","","","",,
"react-baseline-vs-ccrs-v1-t2","002-ccrs","react_ccrs_mazeV1_t2","react_ccrs_mazeV1_t2_20260625_141909.log","111096","react.ccrs.contingency.escalation.skipped","","1762",,,,,,"no_escalation_condition_met",,,,,,,,,,,"","","","","","","","",,
"react-baseline-vs-ccrs-v1-t2","002-ccrs","react_ccrs_mazeV1_t2","react_ccrs_mazeV1_t2_20260625_141909.log","111112","react.ccrs.contingency.escalation.considered","","1763",,,,,,,,,,,,,,,,,"","","","","","","","",,
"react-baseline-vs-ccrs-v1-t2","002-ccrs","react_ccrs_mazeV1_t2","react_ccrs_mazeV1_t2_20260625_141909.log","111113","react.ccrs.contingency.escalation.skipped","","1763",,,,,,"no_escalation_condition_met",,,,,,,,,,,"","","","","","","","",,
"react-baseline-vs-ccrs-v1-t2","002-ccrs","react_ccrs_mazeV1_t2","react_ccrs_mazeV1_t2_20260625_141909.log","111129","react.ccrs.contingency.escalation.considered","","1764",,,,,,,,,,,,,,,,,"","","","","","","","",,
"react-baseline-vs-ccrs-v1-t2","002-ccrs","react_ccrs_mazeV1_t2","react_ccrs_mazeV1_t2_20260625_141909.log","111130","react.ccrs.contingency.escalation.skipped","","1764",,,,,,"no_escalation_condition_met",,,,,,,,,,,"","","","","","","","",,
"react-baseline-vs-ccrs-v1-t2","002-ccrs","react_ccrs_mazeV1_t2","react_ccrs_mazeV1_t2_20260625_141909.log","111217","react.ccrs.contingency.escalation.considered","","1765",,,,,,,,,,,,,,,,,"","","","","","","","",,
"react-baseline-vs-ccrs-v1-t2","002-ccrs","react_ccrs_mazeV1_t2","react_ccrs_mazeV1_t2_20260625_141909.log","111218","react.ccrs.contingency.escalation.skipped","","1765",,,,,,"no_escalation_condition_met",,,,,,,,,,,"","","","","","","","",,
"react-baseline-vs-ccrs-v1-t2","002-ccrs","react_ccrs_mazeV1_t2","react_ccrs_mazeV1_t2_20260625_141909.log","111229","react.ccrs.contingency.escalation.considered","","1766",,,,,,,,,,,,,,,,,"","","","","","","","",,
"react-baseline-vs-ccrs-v1-t2","002-ccrs","react_ccrs_mazeV1_t2","react_ccrs_mazeV1_t2_20260625_141909.log","111230","react.ccrs.contingency.escalation.skipped","","1766",,,,,,"no_escalation_condition_met",,,,,,,,,,,"","","","","","","","",,
"react-baseline-vs-ccrs-v1-t2","002-ccrs","react_ccrs_mazeV1_t2","react_ccrs_mazeV1_t2_20260625_141909.log","111355","react.ccrs.contingency.escalation.considered","","1767",,,,,,,,,,,,,,,,,"","","","","","","","",,
"react-baseline-vs-ccrs-v1-t2","002-ccrs","react_ccrs_mazeV1_t2","react_ccrs_mazeV1_t2_20260625_141909.log","111356","react.ccrs.contingency.escalation.skipped","","1767",,,,,,"no_escalation_condition_met",,,,,,,,,,,"","","","","","","","",,
"react-baseline-vs-ccrs-v1-t2","002-ccrs","react_ccrs_mazeV1_t2","react_ccrs_mazeV1_t2_20260625_141909.log","111481","react.ccrs.contingency.escalation.considered","","1768",,,,,,,,,,,,,,,,,"","","","","","","","",,
"react-baseline-vs-ccrs-v1-t2","002-ccrs","react_ccrs_mazeV1_t2","react_ccrs_mazeV1_t2_20260625_141909.log","111482","react.ccrs.contingency.escalation.skipped","","1768",,,,,,"no_escalation_condition_met",,,,,,,,,,,"","","","","","","","",,
"react-baseline-vs-ccrs-v1-t2","002-ccrs","react_ccrs_mazeV1_t2","react_ccrs_mazeV1_t2_20260625_141909.log","111607","react.ccrs.contingency.escalation.considered","","1769",,,,,,,,,,,,,,,,,"","","","","","","","",,
"react-baseline-vs-ccrs-v1-t2","002-ccrs","react_ccrs_mazeV1_t2","react_ccrs_mazeV1_t2_20260625_141909.log","111608","react.ccrs.contingency.escalation.skipped","","1769",,,,,,"no_escalation_condition_met",,,,,,,,,,,"","","","","","","","",,
"react-baseline-vs-ccrs-v1-t2","002-ccrs","react_ccrs_mazeV1_t2","react_ccrs_mazeV1_t2_20260625_141909.log","111733","react.ccrs.contingency.escalation.considered","","1770",,,,,,,,,,,,,,,,,"","","","","","","","",,
"react-baseline-vs-ccrs-v1-t2","002-ccrs","react_ccrs_mazeV1_t2","react_ccrs_mazeV1_t2_20260625_141909.log","111734","react.ccrs.contingency.escalation.skipped","","1770",,,,,,"no_escalation_condition_met",,,,,,,,,,,"","","","","","","","",,
"react-baseline-vs-ccrs-v1-t2","002-ccrs","react_ccrs_mazeV1_t2","react_ccrs_mazeV1_t2_20260625_141909.log","111859","react.ccrs.contingency.escalation.considered","","1771",,,,,,,,,,,,,,,,,"","","","","","","","",,
"react-baseline-vs-ccrs-v1-t2","002-ccrs","react_ccrs_mazeV1_t2","react_ccrs_mazeV1_t2_20260625_141909.log","111860","react.ccrs.contingency.escalation.skipped","","1771",,,,,,"no_escalation_condition_met",,,,,,,,,,,"","","","","","","","",,
"react-baseline-vs-ccrs-v1-t2","002-ccrs","react_ccrs_mazeV1_t2","react_ccrs_mazeV1_t2_20260625_141909.log","111985","react.ccrs.contingency.escalation.considered","","1772",,,,,,,,,,,,,,,,,"","","","","","","","",,
"react-baseline-vs-ccrs-v1-t2","002-ccrs","react_ccrs_mazeV1_t2","react_ccrs_mazeV1_t2_20260625_141909.log","111986","react.ccrs.contingency.escalation.skipped","","1772",,,,,,"no_escalation_condition_met",,,,,,,,,,,"","","","","","","","",,
"react-baseline-vs-ccrs-v1-t2","002-ccrs","react_ccrs_mazeV1_t2","react_ccrs_mazeV1_t2_20260625_141909.log","112111","react.ccrs.contingency.escalation.considered","","1773",,,,,,,,,,,,,,,,,"","","","","","","","",,
"react-baseline-vs-ccrs-v1-t2","002-ccrs","react_ccrs_mazeV1_t2","react_ccrs_mazeV1_t2_20260625_141909.log","112112","react.ccrs.contingency.escalation.skipped","","1773",,,,,,"no_escalation_condition_met",,,,,,,,,,,"","","","","","","","",,
"react-baseline-vs-ccrs-v1-t2","002-ccrs","react_ccrs_mazeV1_t2","react_ccrs_mazeV1_t2_20260625_141909.log","112237","react.ccrs.contingency.escalation.considered","","1774",,,,,,,,,,,,,,,,,"","","","","","","","",,
"react-baseline-vs-ccrs-v1-t2","002-ccrs","react_ccrs_mazeV1_t2","react_ccrs_mazeV1_t2_20260625_141909.log","112238","react.ccrs.contingency.escalation.skipped","","1774",,,,,,"no_escalation_condition_met",,,,,,,,,,,"","","","","","","","",,
"react-baseline-vs-ccrs-v1-t2","002-ccrs","react_ccrs_mazeV1_t2","react_ccrs_mazeV1_t2_20260625_141909.log","112363","react.ccrs.contingency.escalation.considered","","1775",,,,,,,,,,,,,,,,,"","","","","","","","",,
"react-baseline-vs-ccrs-v1-t2","002-ccrs","react_ccrs_mazeV1_t2","react_ccrs_mazeV1_t2_20260625_141909.log","112364","react.ccrs.contingency.escalation.skipped","","1775",,,,,,"no_escalation_condition_met",,,,,,,,,,,"","","","","","","","",,
"react-baseline-vs-ccrs-v1-t2","002-ccrs","react_ccrs_mazeV1_t2","react_ccrs_mazeV1_t2_20260625_141909.log","112489","react.ccrs.contingency.escalation.considered","","1776",,,,,,,,,,,,,,,,,"","","","","","","","",,
"react-baseline-vs-ccrs-v1-t2","002-ccrs","react_ccrs_mazeV1_t2","react_ccrs_mazeV1_t2_20260625_141909.log","112490","react.ccrs.contingency.escalation.skipped","","1776",,,,,,"no_escalation_condition_met",,,,,,,,,,,"","","","","","","","",,
"react-baseline-vs-ccrs-v1-t2","002-ccrs","react_ccrs_mazeV1_t2","react_ccrs_mazeV1_t2_20260625_141909.log","112615","react.ccrs.contingency.escalation.considered","","1777",,,,,,,,,,,,,,,,,"","","","","","","","",,
"react-baseline-vs-ccrs-v1-t2","002-ccrs","react_ccrs_mazeV1_t2","react_ccrs_mazeV1_t2_20260625_141909.log","112616","react.ccrs.contingency.escalation.skipped","","1777",,,,,,"no_escalation_condition_met",,,,,,,,,,,"","","","","","","","",,
"react-baseline-vs-ccrs-v1-t2","002-ccrs","react_ccrs_mazeV1_t2","react_ccrs_mazeV1_t2_20260625_141909.log","112741","react.ccrs.contingency.escalation.considered","","1778",,,,,,,,,,,,,,,,,"","","","","","","","",,
"react-baseline-vs-ccrs-v1-t2","002-ccrs","react_ccrs_mazeV1_t2","react_ccrs_mazeV1_t2_20260625_141909.log","112742","react.ccrs.contingency.escalation.skipped","","1778",,,,,,"no_escalation_condition_met",,,,,,,,,,,"","","","","","","","",,
"react-baseline-vs-ccrs-v1-t2","002-ccrs","react_ccrs_mazeV1_t2","react_ccrs_mazeV1_t2_20260625_141909.log","112753","react.ccrs.contingency.escalation.considered","","1779",,,,,,,,,,,,,,,,,"","","","","","","","",,
"react-baseline-vs-ccrs-v1-t2","002-ccrs","react_ccrs_mazeV1_t2","react_ccrs_mazeV1_t2_20260625_141909.log","112754","react.ccrs.contingency.escalation.skipped","","1779",,,,,,"no_escalation_condition_met",,,,,,,,,,,"","","","","","","","",,
"react-baseline-vs-ccrs-v1-t2","002-ccrs","react_ccrs_mazeV1_t2","react_ccrs_mazeV1_t2_20260625_141909.log","112841","react.ccrs.contingency.escalation.considered","","1780",,,,,,,,,,,,,,,,,"","","","","","","","",,
"react-baseline-vs-ccrs-v1-t2","002-ccrs","react_ccrs_mazeV1_t2","react_ccrs_mazeV1_t2_20260625_141909.log","112842","react.ccrs.contingency.escalation.skipped","","1780",,,,,,"no_escalation_condition_met",,,,,,,,,,,"","","","","","","","",,
"react-baseline-vs-ccrs-v1-t2","002-ccrs","react_ccrs_mazeV1_t2","react_ccrs_mazeV1_t2_20260625_141909.log","112929","react.ccrs.contingency.escalation.considered","","1781",,,,,,,,,,,,,,,,,"","","","","","","","",,
"react-baseline-vs-ccrs-v1-t2","002-ccrs","react_ccrs_mazeV1_t2","react_ccrs_mazeV1_t2_20260625_141909.log","112930","react.ccrs.contingency.escalation.skipped","","1781",,,,,,"no_escalation_condition_met",,,,,,,,,,,"","","","","","","","",,
"react-baseline-vs-ccrs-v1-t2","002-ccrs","react_ccrs_mazeV1_t2","react_ccrs_mazeV1_t2_20260625_141909.log","113017","react.ccrs.contingency.escalation.considered","","1782",,,,,,,,,,,,,,,,,"","","","","","","","",,
"react-baseline-vs-ccrs-v1-t2","002-ccrs","react_ccrs_mazeV1_t2","react_ccrs_mazeV1_t2_20260625_141909.log","113018","react.ccrs.contingency.escalation.skipped","","1782",,,,,,"no_escalation_condition_met",,,,,,,,,,,"","","","","","","","",,
"react-baseline-vs-ccrs-v1-t2","002-ccrs","react_ccrs_mazeV1_t2","react_ccrs_mazeV1_t2_20260625_141909.log","113105","react.ccrs.contingency.escalation.considered","","1783",,,,,,,,,,,,,,,,,"","","","","","","","",,
"react-baseline-vs-ccrs-v1-t2","002-ccrs","react_ccrs_mazeV1_t2","react_ccrs_mazeV1_t2_20260625_141909.log","113106","react.ccrs.contingency.escalation.skipped","","1783",,,,,,"no_escalation_condition_met",,,,,,,,,,,"","","","","","","","",,
"react-baseline-vs-ccrs-v1-t2","002-ccrs","react_ccrs_mazeV1_t2","react_ccrs_mazeV1_t2_20260625_141909.log","113117","react.ccrs.contingency.escalation.considered","","1784",,,,,,,,,,,,,,,,,"","","","","","","","",,
"react-baseline-vs-ccrs-v1-t2","002-ccrs","react_ccrs_mazeV1_t2","react_ccrs_mazeV1_t2_20260625_141909.log","113118","react.ccrs.contingency.escalation.skipped","","1784",,,,,,"no_escalation_condition_met",,,,,,,,,,,"","","","","","","","",,
"react-baseline-vs-ccrs-v1-t2","002-ccrs","react_ccrs_mazeV1_t2","react_ccrs_mazeV1_t2_20260625_141909.log","113224","react.ccrs.contingency.escalation.considered","","1785",,,,,,,,,,,,,,,,,"","","","","","","","",,
"react-baseline-vs-ccrs-v1-t2","002-ccrs","react_ccrs_mazeV1_t2","react_ccrs_mazeV1_t2_20260625_141909.log","113225","react.ccrs.contingency.escalation.skipped","","1785",,,,,,"no_escalation_condition_met",,,,,,,,,,,"","","","","","","","",,
"react-baseline-vs-ccrs-v1-t2","002-ccrs","react_ccrs_mazeV1_t2","react_ccrs_mazeV1_t2_20260625_141909.log","113331","react.ccrs.contingency.escalation.considered","","1786",,,,,,,,,,,,,,,,,"","","","","","","","",,
"react-baseline-vs-ccrs-v1-t2","002-ccrs","react_ccrs_mazeV1_t2","react_ccrs_mazeV1_t2_20260625_141909.log","113332","react.ccrs.contingency.escalation.skipped","","1786",,,,,,"no_escalation_condition_met",,,,,,,,,,,"","","","","","","","",,
"react-baseline-vs-ccrs-v1-t2","002-ccrs","react_ccrs_mazeV1_t2","react_ccrs_mazeV1_t2_20260625_141909.log","113438","react.ccrs.contingency.escalation.considered","","1787",,,,,,,,,,,,,,,,,"","","","","","","","",,
"react-baseline-vs-ccrs-v1-t2","002-ccrs","react_ccrs_mazeV1_t2","react_ccrs_mazeV1_t2_20260625_141909.log","113439","react.ccrs.contingency.escalation.skipped","","1787",,,,,,"no_escalation_condition_met",,,,,,,,,,,"","","","","","","","",,
"react-baseline-vs-ccrs-v1-t2","002-ccrs","react_ccrs_mazeV1_t2","react_ccrs_mazeV1_t2_20260625_141909.log","113545","react.ccrs.contingency.escalation.considered","","1788",,,,,,,,,,,,,,,,,"","","","","","","","",,
"react-baseline-vs-ccrs-v1-t2","002-ccrs","react_ccrs_mazeV1_t2","react_ccrs_mazeV1_t2_20260625_141909.log","113546","react.ccrs.contingency.escalation.skipped","","1788",,,,,,"no_escalation_condition_met",,,,,,,,,,,"","","","","","","","",,
"react-baseline-vs-ccrs-v1-t2","002-ccrs","react_ccrs_mazeV1_t2","react_ccrs_mazeV1_t2_20260625_141909.log","113652","react.ccrs.contingency.escalation.considered","","1789",,,,,,,,,,,,,,,,,"","","","","","","","",,
"react-baseline-vs-ccrs-v1-t2","002-ccrs","react_ccrs_mazeV1_t2","react_ccrs_mazeV1_t2_20260625_141909.log","113653","react.ccrs.contingency.escalation.skipped","","1789",,,,,,"no_escalation_condition_met",,,,,,,,,,,"","","","","","","","",,
"react-baseline-vs-ccrs-v1-t2","002-ccrs","react_ccrs_mazeV1_t2","react_ccrs_mazeV1_t2_20260625_141909.log","113759","react.ccrs.contingency.escalation.considered","","1790",,,,,,,,,,,,,,,,,"","","","","","","","",,
"react-baseline-vs-ccrs-v1-t2","002-ccrs","react_ccrs_mazeV1_t2","react_ccrs_mazeV1_t2_20260625_141909.log","113760","react.ccrs.contingency.escalation.skipped","","1790",,,,,,"no_escalation_condition_met",,,,,,,,,,,"","","","","","","","",,
"react-baseline-vs-ccrs-v1-t2","002-ccrs","react_ccrs_mazeV1_t2","react_ccrs_mazeV1_t2_20260625_141909.log","113866","react.ccrs.contingency.escalation.considered","","1791",,,,,,,,,,,,,,,,,"","","","","","","","",,
"react-baseline-vs-ccrs-v1-t2","002-ccrs","react_ccrs_mazeV1_t2","react_ccrs_mazeV1_t2_20260625_141909.log","113867","react.ccrs.contingency.escalation.skipped","","1791",,,,,,"no_escalation_condition_met",,,,,,,,,,,"","","","","","","","",,
"react-baseline-vs-ccrs-v1-t2","002-ccrs","react_ccrs_mazeV1_t2","react_ccrs_mazeV1_t2_20260625_141909.log","113973","react.ccrs.contingency.escalation.considered","","1792",,,,,,,,,,,,,,,,,"","","","","","","","",,
"react-baseline-vs-ccrs-v1-t2","002-ccrs","react_ccrs_mazeV1_t2","react_ccrs_mazeV1_t2_20260625_141909.log","113974","react.ccrs.contingency.escalation.skipped","","1792",,,,,,"no_escalation_condition_met",,,,,,,,,,,"","","","","","","","",,
"react-baseline-vs-ccrs-v1-t2","002-ccrs","react_ccrs_mazeV1_t2","react_ccrs_mazeV1_t2_20260625_141909.log","114080","react.ccrs.contingency.escalation.considered","","1793",,,,,,,,,,,,,,,,,"","","","","","","","",,
"react-baseline-vs-ccrs-v1-t2","002-ccrs","react_ccrs_mazeV1_t2","react_ccrs_mazeV1_t2_20260625_141909.log","114081","react.ccrs.contingency.escalation.skipped","","1793",,,,,,"no_escalation_condition_met",,,,,,,,,,,"","","","","","","","",,
"react-baseline-vs-ccrs-v1-t2","002-ccrs","react_ccrs_mazeV1_t2","react_ccrs_mazeV1_t2_20260625_141909.log","114187","react.ccrs.contingency.escalation.considered","","1794",,,,,,,,,,,,,,,,,"","","","","","","","",,
"react-baseline-vs-ccrs-v1-t2","002-ccrs","react_ccrs_mazeV1_t2","react_ccrs_mazeV1_t2_20260625_141909.log","114188","react.ccrs.contingency.escalation.skipped","","1794",,,,,,"no_escalation_condition_met",,,,,,,,,,,"","","","","","","","",,
"react-baseline-vs-ccrs-v1-t2","002-ccrs","react_ccrs_mazeV1_t2","react_ccrs_mazeV1_t2_20260625_141909.log","114294","react.ccrs.contingency.escalation.considered","","1795",,,,,,,,,,,,,,,,,"","","","","","","","",,
"react-baseline-vs-ccrs-v1-t2","002-ccrs","react_ccrs_mazeV1_t2","react_ccrs_mazeV1_t2_20260625_141909.log","114295","react.ccrs.contingency.escalation.skipped","","1795",,,,,,"no_escalation_condition_met",,,,,,,,,,,"","","","","","","","",,
"react-baseline-vs-ccrs-v1-t2","002-ccrs","react_ccrs_mazeV1_t2","react_ccrs_mazeV1_t2_20260625_141909.log","114306","react.ccrs.contingency.escalation.considered","","1796",,,,,,,,,,,,,,,,,"","","","","","","","",,
"react-baseline-vs-ccrs-v1-t2","002-ccrs","react_ccrs_mazeV1_t2","react_ccrs_mazeV1_t2_20260625_141909.log","114307","react.ccrs.contingency.escalation.skipped","","1796",,,,,,"no_escalation_condition_met",,,,,,,,,,,"","","","","","","","",,
"react-baseline-vs-ccrs-v1-t2","002-ccrs","react_ccrs_mazeV1_t2","react_ccrs_mazeV1_t2_20260625_141909.log","114375","react.ccrs.contingency.escalation.considered","","1797",,,,,,,,,,,,,,,,,"","","","","","","","",,
"react-baseline-vs-ccrs-v1-t2","002-ccrs","react_ccrs_mazeV1_t2","react_ccrs_mazeV1_t2_20260625_141909.log","114376","react.ccrs.contingency.escalation.skipped","","1797",,,,,,"no_escalation_condition_met",,,,,,,,,,,"","","","","","","","",,
"react-baseline-vs-ccrs-v1-t2","002-ccrs","react_ccrs_mazeV1_t2","react_ccrs_mazeV1_t2_20260625_141909.log","114444","react.ccrs.contingency.escalation.considered","","1798",,,,,,,,,,,,,,,,,"","","","","","","","",,
"react-baseline-vs-ccrs-v1-t2","002-ccrs","react_ccrs_mazeV1_t2","react_ccrs_mazeV1_t2_20260625_141909.log","114445","react.ccrs.contingency.escalation.skipped","","1798",,,,,,"no_escalation_condition_met",,,,,,,,,,,"","","","","","","","",,
"react-baseline-vs-ccrs-v1-t2","002-ccrs","react_ccrs_mazeV1_t2","react_ccrs_mazeV1_t2_20260625_141909.log","114513","react.ccrs.contingency.escalation.considered","","1799",,,,,,,,,,,,,,,,,"","","","","","","","",,
"react-baseline-vs-ccrs-v1-t2","002-ccrs","react_ccrs_mazeV1_t2","react_ccrs_mazeV1_t2_20260625_141909.log","114514","react.ccrs.contingency.escalation.skipped","","1799",,,,,,"no_escalation_condition_met",,,,,,,,,,,"","","","","","","","",,
"react-baseline-vs-ccrs-v1-t2","002-ccrs","react_ccrs_mazeV1_t2","react_ccrs_mazeV1_t2_20260625_141909.log","114582","react.ccrs.contingency.escalation.considered","","1800",,,,,,,,,,,,,,,,,"","","","","","","","",,
"react-baseline-vs-ccrs-v1-t2","002-ccrs","react_ccrs_mazeV1_t2","react_ccrs_mazeV1_t2_20260625_141909.log","114583","react.ccrs.contingency.escalation.skipped","","1800",,,,,,"no_escalation_condition_met",,,,,,,,,,,"","","","","","","","",,
"react-baseline-vs-ccrs-v1-t2","002-ccrs","react_ccrs_mazeV1_t2","react_ccrs_mazeV1_t2_20260625_141909.log","114651","react.ccrs.contingency.escalation.considered","","1801",,,,,,,,,,,,,,,,,"","","","","","","","",,
"react-baseline-vs-ccrs-v1-t2","002-ccrs","react_ccrs_mazeV1_t2","react_ccrs_mazeV1_t2_20260625_141909.log","114652","react.ccrs.contingency.escalation.skipped","","1801",,,,,,"no_escalation_condition_met",,,,,,,,,,,"","","","","","","","",,
"react-baseline-vs-ccrs-v1-t2","002-ccrs","react_ccrs_mazeV1_t2","react_ccrs_mazeV1_t2_20260625_141909.log","114720","react.ccrs.contingency.escalation.considered","","1802",,,,,,,,,,,,,,,,,"","","","","","","","",,
"react-baseline-vs-ccrs-v1-t2","002-ccrs","react_ccrs_mazeV1_t2","react_ccrs_mazeV1_t2_20260625_141909.log","114721","react.ccrs.contingency.escalation.skipped","","1802",,,,,,"no_escalation_condition_met",,,,,,,,,,,"","","","","","","","",,
"react-baseline-vs-ccrs-v1-t2","002-ccrs","react_ccrs_mazeV1_t2","react_ccrs_mazeV1_t2_20260625_141909.log","114789","react.ccrs.contingency.escalation.considered","","1803",,,,,,,,,,,,,,,,,"","","","","","","","",,
"react-baseline-vs-ccrs-v1-t2","002-ccrs","react_ccrs_mazeV1_t2","react_ccrs_mazeV1_t2_20260625_141909.log","114790","react.ccrs.contingency.escalation.skipped","","1803",,,,,,"no_escalation_condition_met",,,,,,,,,,,"","","","","","","","",,
"react-baseline-vs-ccrs-v1-t2","002-ccrs","react_ccrs_mazeV1_t2","react_ccrs_mazeV1_t2_20260625_141909.log","114858","react.ccrs.contingency.escalation.considered","","1804",,,,,,,,,,,,,,,,,"","","","","","","","",,
"react-baseline-vs-ccrs-v1-t2","002-ccrs","react_ccrs_mazeV1_t2","react_ccrs_mazeV1_t2_20260625_141909.log","114859","react.ccrs.contingency.escalation.skipped","","1804",,,,,,"no_escalation_condition_met",,,,,,,,,,,"","","","","","","","",,
"react-baseline-vs-ccrs-v1-t2","002-ccrs","react_ccrs_mazeV1_t2","react_ccrs_mazeV1_t2_20260625_141909.log","114927","react.ccrs.contingency.escalation.considered","","1805",,,,,,,,,,,,,,,,,"","","","","","","","",,
"react-baseline-vs-ccrs-v1-t2","002-ccrs","react_ccrs_mazeV1_t2","react_ccrs_mazeV1_t2_20260625_141909.log","114928","react.ccrs.contingency.escalation.skipped","","1805",,,,,,"no_escalation_condition_met",,,,,,,,,,,"","","","","","","","",,
"react-baseline-vs-ccrs-v1-t2","002-ccrs","react_ccrs_mazeV1_t2","react_ccrs_mazeV1_t2_20260625_141909.log","114996","react.ccrs.contingency.escalation.considered","","1806",,,,,,,,,,,,,,,,,"","","","","","","","",,
"react-baseline-vs-ccrs-v1-t2","002-ccrs","react_ccrs_mazeV1_t2","react_ccrs_mazeV1_t2_20260625_141909.log","114997","react.ccrs.contingency.escalation.skipped","","1806",,,,,,"no_escalation_condition_met",,,,,,,,,,,"","","","","","","","",,
"react-baseline-vs-ccrs-v1-t2","002-ccrs","react_ccrs_mazeV1_t2","react_ccrs_mazeV1_t2_20260625_141909.log","115065","react.ccrs.contingency.escalation.considered","","1807",,,,,,,,,,,,,,,,,"","","","","","","","",,
"react-baseline-vs-ccrs-v1-t2","002-ccrs","react_ccrs_mazeV1_t2","react_ccrs_mazeV1_t2_20260625_141909.log","115066","react.ccrs.contingency.escalation.skipped","","1807",,,,,,"no_escalation_condition_met",,,,,,,,,,,"","","","","","","","",,
"react-baseline-vs-ccrs-v1-t2","002-ccrs","react_ccrs_mazeV1_t2","react_ccrs_mazeV1_t2_20260625_141909.log","115134","react.ccrs.contingency.escalation.considered","","1808",,,,,,,,,,,,,,,,,"","","","","","","","",,
"react-baseline-vs-ccrs-v1-t2","002-ccrs","react_ccrs_mazeV1_t2","react_ccrs_mazeV1_t2_20260625_141909.log","115135","react.ccrs.contingency.escalation.skipped","","1808",,,,,,"no_escalation_condition_met",,,,,,,,,,,"","","","","","","","",,
"react-baseline-vs-ccrs-v1-t2","002-ccrs","react_ccrs_mazeV1_t2","react_ccrs_mazeV1_t2_20260625_141909.log","115146","react.ccrs.contingency.escalation.considered","","1809",,,,,,,,,,,,,,,,,"","","","","","","","",,
"react-baseline-vs-ccrs-v1-t2","002-ccrs","react_ccrs_mazeV1_t2","react_ccrs_mazeV1_t2_20260625_141909.log","115147","react.ccrs.contingency.escalation.skipped","","1809",,,,,,"no_escalation_condition_met",,,,,,,,,,,"","","","","","","","",,
"react-baseline-vs-ccrs-v1-t2","002-ccrs","react_ccrs_mazeV1_t2","react_ccrs_mazeV1_t2_20260625_141909.log","115253","react.ccrs.contingency.escalation.considered","","1810",,,,,,,,,,,,,,,,,"","","","","","","","",,
"react-baseline-vs-ccrs-v1-t2","002-ccrs","react_ccrs_mazeV1_t2","react_ccrs_mazeV1_t2_20260625_141909.log","115254","react.ccrs.contingency.escalation.skipped","","1810",,,,,,"no_escalation_condition_met",,,,,,,,,,,"","","","","","","","",,
"react-baseline-vs-ccrs-v1-t2","002-ccrs","react_ccrs_mazeV1_t2","react_ccrs_mazeV1_t2_20260625_141909.log","115270","react.ccrs.contingency.escalation.considered","","1811",,,,,,,,,,,,,,,,,"","","","","","","","",,
"react-baseline-vs-ccrs-v1-t2","002-ccrs","react_ccrs_mazeV1_t2","react_ccrs_mazeV1_t2_20260625_141909.log","115271","react.ccrs.contingency.escalation.skipped","","1811",,,,,,"no_escalation_condition_met",,,,,,,,,,,"","","","","","","","",,
"react-baseline-vs-ccrs-v1-t2","002-ccrs","react_ccrs_mazeV1_t2","react_ccrs_mazeV1_t2_20260625_141909.log","115377","react.ccrs.contingency.escalation.considered","","1812",,,,,,,,,,,,,,,,,"","","","","","","","",,
"react-baseline-vs-ccrs-v1-t2","002-ccrs","react_ccrs_mazeV1_t2","react_ccrs_mazeV1_t2_20260625_141909.log","115378","react.ccrs.contingency.escalation.skipped","","1812",,,,,,"no_escalation_condition_met",,,,,,,,,,,"","","","","","","","",,
"react-baseline-vs-ccrs-v1-t2","002-ccrs","react_ccrs_mazeV1_t2","react_ccrs_mazeV1_t2_20260625_141909.log","115484","react.ccrs.contingency.escalation.considered","","1813",,,,,,,,,,,,,,,,,"","","","","","","","",,
"react-baseline-vs-ccrs-v1-t2","002-ccrs","react_ccrs_mazeV1_t2","react_ccrs_mazeV1_t2_20260625_141909.log","115485","react.ccrs.contingency.escalation.skipped","","1813",,,,,,"no_escalation_condition_met",,,,,,,,,,,"","","","","","","","",,
"react-baseline-vs-ccrs-v1-t2","002-ccrs","react_ccrs_mazeV1_t2","react_ccrs_mazeV1_t2_20260625_141909.log","115501","react.ccrs.contingency.escalation.considered","","1814",,,,,,,,,,,,,,,,,"","","","","","","","",,
"react-baseline-vs-ccrs-v1-t2","002-ccrs","react_ccrs_mazeV1_t2","react_ccrs_mazeV1_t2_20260625_141909.log","115502","react.ccrs.contingency.escalation.skipped","","1814",,,,,,"no_escalation_condition_met",,,,,,,,,,,"","","","","","","","",,
"react-baseline-vs-ccrs-v1-t2","002-ccrs","react_ccrs_mazeV1_t2","react_ccrs_mazeV1_t2_20260625_141909.log","115518","react.ccrs.contingency.escalation.considered","","1815",,,,,,,,,,,,,,,,,"","","","","","","","",,
"react-baseline-vs-ccrs-v1-t2","002-ccrs","react_ccrs_mazeV1_t2","react_ccrs_mazeV1_t2_20260625_141909.log","115519","react.ccrs.contingency.escalation.activated","","1815",,,,,,"explicit_llm_escalation",,"UNCERTAINTY","llm_self_escalation","http://127.0.1.1:8080/cells/31/36",,,,,,,"","","","","","","","",,
"react-baseline-vs-ccrs-v1-t2","002-ccrs","react_ccrs_mazeV1_t2","react_ccrs_mazeV1_t2_20260625_141909.log","115524","react.ccrs.contingency.classpath.resolved","",,,,,,,,,,,,,,,,,,"","","","","","","","",,
"react-baseline-vs-ccrs-v1-t2","002-ccrs","react_ccrs_mazeV1_t2","react_ccrs_mazeV1_t2_20260625_141909.log","115530","react.ccrs.contingency.classpath.resolved","",,,,,,,,,,,,,,,,,,"","","","","","","","",,
"react-baseline-vs-ccrs-v1-t2","002-ccrs","react_ccrs_mazeV1_t2","react_ccrs_mazeV1_t2_20260625_141909.log","115533","react.ccrs.contingency.evaluate","4",,,,,,,,,"UNCERTAINTY","llm_self_escalation","http://127.0.1.1:8080/cells/31/36",,,,,,,"","","","","","","","",,
"react-baseline-vs-ccrs-v1-t2","002-ccrs","react_ccrs_mazeV1_t2","react_ccrs_mazeV1_t2_20260625_141909.log","115534","react.ccrs.contingency.returned","4",,,"prediction_llm","6e760963-283f-4483-8b5f-4043ce3d0578","post","False",,,,,,,,"4","1","0","0","","","","","","","","",,
"react-baseline-vs-ccrs-v1-t2","002-ccrs","react_ccrs_mazeV1_t2","react_ccrs_mazeV1_t2_20260625_141909.log","115727","react.ccrs.contingency.escalation.considered","","1816",,,,,,,,,,,,,,,,,"","","","","","","","",,
"react-baseline-vs-ccrs-v1-t2","002-ccrs","react_ccrs_mazeV1_t2","react_ccrs_mazeV1_t2_20260625_141909.log","115728","react.ccrs.contingency.escalation.skipped","","1816",,,,,,"no_escalation_condition_met",,,,,,,,,,,"","","","","","","","",,
"react-baseline-vs-ccrs-v1-t2","002-ccrs","react_ccrs_mazeV1_t2","react_ccrs_mazeV1_t2_20260625_141909.log","115739","react.ccrs.contingency.escalation.considered","","1817",,,,,,,,,,,,,,,,,"","","","","","","","",,
"react-baseline-vs-ccrs-v1-t2","002-ccrs","react_ccrs_mazeV1_t2","react_ccrs_mazeV1_t2_20260625_141909.log","115740","react.ccrs.contingency.escalation.skipped","","1817",,,,,,"no_escalation_condition_met",,,,,,,,,,,"","","","","","","","",,
"react-baseline-vs-ccrs-v1-t2","002-ccrs","react_ccrs_mazeV1_t2","react_ccrs_mazeV1_t2_20260625_141909.log","115808","react.ccrs.contingency.escalation.considered","","1818",,,,,,,,,,,,,,,,,"","","","","","","","",,
"react-baseline-vs-ccrs-v1-t2","002-ccrs","react_ccrs_mazeV1_t2","react_ccrs_mazeV1_t2_20260625_141909.log","115809","react.ccrs.contingency.escalation.skipped","","1818",,,,,,"no_escalation_condition_met",,,,,,,,,,,"","","","","","","","",,
"react-baseline-vs-ccrs-v1-t2","002-ccrs","react_ccrs_mazeV1_t2","react_ccrs_mazeV1_t2_20260625_141909.log","115877","react.ccrs.contingency.escalation.considered","","1819",,,,,,,,,,,,,,,,,"","","","","","","","",,
"react-baseline-vs-ccrs-v1-t2","002-ccrs","react_ccrs_mazeV1_t2","react_ccrs_mazeV1_t2_20260625_141909.log","115878","react.ccrs.contingency.escalation.skipped","","1819",,,,,,"no_escalation_condition_met",,,,,,,,,,,"","","","","","","","",,
"react-baseline-vs-ccrs-v1-t2","002-ccrs","react_ccrs_mazeV1_t2","react_ccrs_mazeV1_t2_20260625_141909.log","115946","react.ccrs.contingency.escalation.considered","","1820",,,,,,,,,,,,,,,,,"","","","","","","","",,
"react-baseline-vs-ccrs-v1-t2","002-ccrs","react_ccrs_mazeV1_t2","react_ccrs_mazeV1_t2_20260625_141909.log","115947","react.ccrs.contingency.escalation.skipped","","1820",,,,,,"no_escalation_condition_met",,,,,,,,,,,"","","","","","","","",,
"react-baseline-vs-ccrs-v1-t2","002-ccrs","react_ccrs_mazeV1_t2","react_ccrs_mazeV1_t2_20260625_141909.log","116015","react.ccrs.contingency.escalation.considered","","1821",,,,,,,,,,,,,,,,,"","","","","","","","",,
"react-baseline-vs-ccrs-v1-t2","002-ccrs","react_ccrs_mazeV1_t2","react_ccrs_mazeV1_t2_20260625_141909.log","116016","react.ccrs.contingency.escalation.skipped","","1821",,,,,,"no_escalation_condition_met",,,,,,,,,,,"","","","","","","","",,
"react-baseline-vs-ccrs-v1-t2","002-ccrs","react_ccrs_mazeV1_t2","react_ccrs_mazeV1_t2_20260625_141909.log","116084","react.ccrs.contingency.escalation.considered","","1822",,,,,,,,,,,,,,,,,"","","","","","","","",,
"react-baseline-vs-ccrs-v1-t2","002-ccrs","react_ccrs_mazeV1_t2","react_ccrs_mazeV1_t2_20260625_141909.log","116085","react.ccrs.contingency.escalation.skipped","","1822",,,,,,"no_escalation_condition_met",,,,,,,,,,,"","","","","","","","",,
"react-baseline-vs-ccrs-v1-t2","002-ccrs","react_ccrs_mazeV1_t2","react_ccrs_mazeV1_t2_20260625_141909.log","116153","react.ccrs.contingency.escalation.considered","","1823",,,,,,,,,,,,,,,,,"","","","","","","","",,
"react-baseline-vs-ccrs-v1-t2","002-ccrs","react_ccrs_mazeV1_t2","react_ccrs_mazeV1_t2_20260625_141909.log","116154","react.ccrs.contingency.escalation.skipped","","1823",,,,,,"no_escalation_condition_met",,,,,,,,,,,"","","","","","","","",,
"react-baseline-vs-ccrs-v1-t2","002-ccrs","react_ccrs_mazeV1_t2","react_ccrs_mazeV1_t2_20260625_141909.log","116222","react.ccrs.contingency.escalation.considered","","1824",,,,,,,,,,,,,,,,,"","","","","","","","",,
"react-baseline-vs-ccrs-v1-t2","002-ccrs","react_ccrs_mazeV1_t2","react_ccrs_mazeV1_t2_20260625_141909.log","116223","react.ccrs.contingency.escalation.skipped","","1824",,,,,,"no_escalation_condition_met",,,,,,,,,,,"","","","","","","","",,
"react-baseline-vs-ccrs-v1-t2","002-ccrs","react_ccrs_mazeV1_t2","react_ccrs_mazeV1_t2_20260625_141909.log","116291","react.ccrs.contingency.escalation.considered","","1825",,,,,,,,,,,,,,,,,"","","","","","","","",,
"react-baseline-vs-ccrs-v1-t2","002-ccrs","react_ccrs_mazeV1_t2","react_ccrs_mazeV1_t2_20260625_141909.log","116292","react.ccrs.contingency.escalation.skipped","","1825",,,,,,"no_escalation_condition_met",,,,,,,,,,,"","","","","","","","",,
"react-baseline-vs-ccrs-v1-t2","002-ccrs","react_ccrs_mazeV1_t2","react_ccrs_mazeV1_t2_20260625_141909.log","116360","react.ccrs.contingency.escalation.considered","","1826",,,,,,,,,,,,,,,,,"","","","","","","","",,
"react-baseline-vs-ccrs-v1-t2","002-ccrs","react_ccrs_mazeV1_t2","react_ccrs_mazeV1_t2_20260625_141909.log","116361","react.ccrs.contingency.escalation.skipped","","1826",,,,,,"no_escalation_condition_met",,,,,,,,,,,"","","","","","","","",,
"react-baseline-vs-ccrs-v1-t2","002-ccrs","react_ccrs_mazeV1_t2","react_ccrs_mazeV1_t2_20260625_141909.log","116429","react.ccrs.contingency.escalation.considered","","1827",,,,,,,,,,,,,,,,,"","","","","","","","",,
"react-baseline-vs-ccrs-v1-t2","002-ccrs","react_ccrs_mazeV1_t2","react_ccrs_mazeV1_t2_20260625_141909.log","116430","react.ccrs.contingency.escalation.skipped","","1827",,,,,,"no_escalation_condition_met",,,,,,,,,,,"","","","","","","","",,
"react-baseline-vs-ccrs-v1-t2","002-ccrs","react_ccrs_mazeV1_t2","react_ccrs_mazeV1_t2_20260625_141909.log","116498","react.ccrs.contingency.escalation.considered","","1828",,,,,,,,,,,,,,,,,"","","","","","","","",,
"react-baseline-vs-ccrs-v1-t2","002-ccrs","react_ccrs_mazeV1_t2","react_ccrs_mazeV1_t2_20260625_141909.log","116499","react.ccrs.contingency.escalation.skipped","","1828",,,,,,"no_escalation_condition_met",,,,,,,,,,,"","","","","","","","",,
"react-baseline-vs-ccrs-v1-t2","002-ccrs","react_ccrs_mazeV1_t2","react_ccrs_mazeV1_t2_20260625_141909.log","116567","react.ccrs.contingency.escalation.considered","","1829",,,,,,,,,,,,,,,,,"","","","","","","","",,
"react-baseline-vs-ccrs-v1-t2","002-ccrs","react_ccrs_mazeV1_t2","react_ccrs_mazeV1_t2_20260625_141909.log","116568","react.ccrs.contingency.escalation.skipped","","1829",,,,,,"no_escalation_condition_met",,,,,,,,,,,"","","","","","","","",,
"react-baseline-vs-ccrs-v1-t2","002-ccrs","react_ccrs_mazeV1_t2","react_ccrs_mazeV1_t2_20260625_141909.log","116636","react.ccrs.contingency.escalation.considered","","1830",,,,,,,,,,,,,,,,,"","","","","","","","",,
"react-baseline-vs-ccrs-v1-t2","002-ccrs","react_ccrs_mazeV1_t2","react_ccrs_mazeV1_t2_20260625_141909.log","116637","react.ccrs.contingency.escalation.skipped","","1830",,,,,,"no_escalation_condition_met",,,,,,,,,,,"","","","","","","","",,
"react-baseline-vs-ccrs-v1-t2","002-ccrs","react_ccrs_mazeV1_t2","react_ccrs_mazeV1_t2_20260625_141909.log","116705","react.ccrs.contingency.escalation.considered","","1831",,,,,,,,,,,,,,,,,"","","","","","","","",,
"react-baseline-vs-ccrs-v1-t2","002-ccrs","react_ccrs_mazeV1_t2","react_ccrs_mazeV1_t2_20260625_141909.log","116706","react.ccrs.contingency.escalation.skipped","","1831",,,,,,"no_escalation_condition_met",,,,,,,,,,,"","","","","","","","",,
"react-baseline-vs-ccrs-v1-t2","002-ccrs","react_ccrs_mazeV1_t2","react_ccrs_mazeV1_t2_20260625_141909.log","116774","react.ccrs.contingency.escalation.considered","","1832",,,,,,,,,,,,,,,,,"","","","","","","","",,
"react-baseline-vs-ccrs-v1-t2","002-ccrs","react_ccrs_mazeV1_t2","react_ccrs_mazeV1_t2_20260625_141909.log","116775","react.ccrs.contingency.escalation.skipped","","1832",,,,,,"no_escalation_condition_met",,,,,,,,,,,"","","","","","","","",,
"react-baseline-vs-ccrs-v1-t2","002-ccrs","react_ccrs_mazeV1_t2","react_ccrs_mazeV1_t2_20260625_141909.log","116843","react.ccrs.contingency.escalation.considered","","1833",,,,,,,,,,,,,,,,,"","","","","","","","",,
"react-baseline-vs-ccrs-v1-t2","002-ccrs","react_ccrs_mazeV1_t2","react_ccrs_mazeV1_t2_20260625_141909.log","116844","react.ccrs.contingency.escalation.skipped","","1833",,,,,,"no_escalation_condition_met",,,,,,,,,,,"","","","","","","","",,
"react-baseline-vs-ccrs-v1-t2","002-ccrs","react_ccrs_mazeV1_t2","react_ccrs_mazeV1_t2_20260625_141909.log","116912","react.ccrs.contingency.escalation.considered","","1834",,,,,,,,,,,,,,,,,"","","","","","","","",,
"react-baseline-vs-ccrs-v1-t2","002-ccrs","react_ccrs_mazeV1_t2","react_ccrs_mazeV1_t2_20260625_141909.log","116913","react.ccrs.contingency.escalation.skipped","","1834",,,,,,"no_escalation_condition_met",,,,,,,,,,,"","","","","","","","",,
"react-baseline-vs-ccrs-v1-t2","002-ccrs","react_ccrs_mazeV1_t2","react_ccrs_mazeV1_t2_20260625_141909.log","116981","react.ccrs.contingency.escalation.considered","","1835",,,,,,,,,,,,,,,,,"","","","","","","","",,
"react-baseline-vs-ccrs-v1-t2","002-ccrs","react_ccrs_mazeV1_t2","react_ccrs_mazeV1_t2_20260625_141909.log","116982","react.ccrs.contingency.escalation.skipped","","1835",,,,,,"no_escalation_condition_met",,,,,,,,,,,"","","","","","","","",,
"react-baseline-vs-ccrs-v1-t2","002-ccrs","react_ccrs_mazeV1_t2","react_ccrs_mazeV1_t2_20260625_141909.log","117050","react.ccrs.contingency.escalation.considered","","1836",,,,,,,,,,,,,,,,,"","","","","","","","",,
"react-baseline-vs-ccrs-v1-t2","002-ccrs","react_ccrs_mazeV1_t2","react_ccrs_mazeV1_t2_20260625_141909.log","117051","react.ccrs.contingency.escalation.skipped","","1836",,,,,,"no_escalation_condition_met",,,,,,,,,,,"","","","","","","","",,
"react-baseline-vs-ccrs-v1-t2","002-ccrs","react_ccrs_mazeV1_t2","react_ccrs_mazeV1_t2_20260625_141909.log","117119","react.ccrs.contingency.escalation.considered","","1837",,,,,,,,,,,,,,,,,"","","","","","","","",,
"react-baseline-vs-ccrs-v1-t2","002-ccrs","react_ccrs_mazeV1_t2","react_ccrs_mazeV1_t2_20260625_141909.log","117120","react.ccrs.contingency.escalation.skipped","","1837",,,,,,"no_escalation_condition_met",,,,,,,,,,,"","","","","","","","",,
"react-baseline-vs-ccrs-v1-t2","002-ccrs","react_ccrs_mazeV1_t2","react_ccrs_mazeV1_t2_20260625_141909.log","117188","react.ccrs.contingency.escalation.considered","","1838",,,,,,,,,,,,,,,,,"","","","","","","","",,
"react-baseline-vs-ccrs-v1-t2","002-ccrs","react_ccrs_mazeV1_t2","react_ccrs_mazeV1_t2_20260625_141909.log","117189","react.ccrs.contingency.escalation.skipped","","1838",,,,,,"no_escalation_condition_met",,,,,,,,,,,"","","","","","","","",,
"react-baseline-vs-ccrs-v1-t2","002-ccrs","react_ccrs_mazeV1_t2","react_ccrs_mazeV1_t2_20260625_141909.log","117257","react.ccrs.contingency.escalation.considered","","1839",,,,,,,,,,,,,,,,,"","","","","","","","",,
"react-baseline-vs-ccrs-v1-t2","002-ccrs","react_ccrs_mazeV1_t2","react_ccrs_mazeV1_t2_20260625_141909.log","117258","react.ccrs.contingency.escalation.skipped","","1839",,,,,,"no_escalation_condition_met",,,,,,,,,,,"","","","","","","","",,
"react-baseline-vs-ccrs-v1-t2","002-ccrs","react_ccrs_mazeV1_t2","react_ccrs_mazeV1_t2_20260625_141909.log","117326","react.ccrs.contingency.escalation.considered","","1840",,,,,,,,,,,,,,,,,"","","","","","","","",,
"react-baseline-vs-ccrs-v1-t2","002-ccrs","react_ccrs_mazeV1_t2","react_ccrs_mazeV1_t2_20260625_141909.log","117327","react.ccrs.contingency.escalation.skipped","","1840",,,,,,"no_escalation_condition_met",,,,,,,,,,,"","","","","","","","",,
"react-baseline-vs-ccrs-v1-t2","002-ccrs","react_ccrs_mazeV1_t2","react_ccrs_mazeV1_t2_20260625_141909.log","117395","react.ccrs.contingency.escalation.considered","","1841",,,,,,,,,,,,,,,,,"","","","","","","","",,
"react-baseline-vs-ccrs-v1-t2","002-ccrs","react_ccrs_mazeV1_t2","react_ccrs_mazeV1_t2_20260625_141909.log","117396","react.ccrs.contingency.escalation.skipped","","1841",,,,,,"no_escalation_condition_met",,,,,,,,,,,"","","","","","","","",,
"react-baseline-vs-ccrs-v1-t2","002-ccrs","react_ccrs_mazeV1_t2","react_ccrs_mazeV1_t2_20260625_141909.log","117464","react.ccrs.contingency.escalation.considered","","1842",,,,,,,,,,,,,,,,,"","","","","","","","",,
"react-baseline-vs-ccrs-v1-t2","002-ccrs","react_ccrs_mazeV1_t2","react_ccrs_mazeV1_t2_20260625_141909.log","117465","react.ccrs.contingency.escalation.skipped","","1842",,,,,,"no_escalation_condition_met",,,,,,,,,,,"","","","","","","","",,
"react-baseline-vs-ccrs-v1-t2","002-ccrs","react_ccrs_mazeV1_t2","react_ccrs_mazeV1_t2_20260625_141909.log","117533","react.ccrs.contingency.escalation.considered","","1843",,,,,,,,,,,,,,,,,"","","","","","","","",,
"react-baseline-vs-ccrs-v1-t2","002-ccrs","react_ccrs_mazeV1_t2","react_ccrs_mazeV1_t2_20260625_141909.log","117534","react.ccrs.contingency.escalation.skipped","","1843",,,,,,"no_escalation_condition_met",,,,,,,,,,,"","","","","","","","",,
"react-baseline-vs-ccrs-v1-t2","002-ccrs","react_ccrs_mazeV1_t2","react_ccrs_mazeV1_t2_20260625_141909.log","117602","react.ccrs.contingency.escalation.considered","","1844",,,,,,,,,,,,,,,,,"","","","","","","","",,
"react-baseline-vs-ccrs-v1-t2","002-ccrs","react_ccrs_mazeV1_t2","react_ccrs_mazeV1_t2_20260625_141909.log","117603","react.ccrs.contingency.escalation.skipped","","1844",,,,,,"no_escalation_condition_met",,,,,,,,,,,"","","","","","","","",,
"react-baseline-vs-ccrs-v1-t2","002-ccrs","react_ccrs_mazeV1_t2","react_ccrs_mazeV1_t2_20260625_141909.log","117671","react.ccrs.contingency.escalation.considered","","1845",,,,,,,,,,,,,,,,,"","","","","","","","",,
"react-baseline-vs-ccrs-v1-t2","002-ccrs","react_ccrs_mazeV1_t2","react_ccrs_mazeV1_t2_20260625_141909.log","117672","react.ccrs.contingency.escalation.skipped","","1845",,,,,,"no_escalation_condition_met",,,,,,,,,,,"","","","","","","","",,
"react-baseline-vs-ccrs-v1-t2","002-ccrs","react_ccrs_mazeV1_t2","react_ccrs_mazeV1_t2_20260625_141909.log","117740","react.ccrs.contingency.escalation.considered","","1846",,,,,,,,,,,,,,,,,"","","","","","","","",,
"react-baseline-vs-ccrs-v1-t2","002-ccrs","react_ccrs_mazeV1_t2","react_ccrs_mazeV1_t2_20260625_141909.log","117741","react.ccrs.contingency.escalation.skipped","","1846",,,,,,"no_escalation_condition_met",,,,,,,,,,,"","","","","","","","",,
"react-baseline-vs-ccrs-v1-t2","002-ccrs","react_ccrs_mazeV1_t2","react_ccrs_mazeV1_t2_20260625_141909.log","117752","react.ccrs.contingency.escalation.considered","","1847",,,,,,,,,,,,,,,,,"","","","","","","","",,
"react-baseline-vs-ccrs-v1-t2","002-ccrs","react_ccrs_mazeV1_t2","react_ccrs_mazeV1_t2_20260625_141909.log","117753","react.ccrs.contingency.escalation.skipped","","1847",,,,,,"no_escalation_condition_met",,,,,,,,,,,"","","","","","","","",,
"react-baseline-vs-ccrs-v1-t2","002-ccrs","react_ccrs_mazeV1_t2","react_ccrs_mazeV1_t2_20260625_141909.log","117859","react.ccrs.contingency.escalation.considered","","1848",,,,,,,,,,,,,,,,,"","","","","","","","",,
"react-baseline-vs-ccrs-v1-t2","002-ccrs","react_ccrs_mazeV1_t2","react_ccrs_mazeV1_t2_20260625_141909.log","117860","react.ccrs.contingency.escalation.skipped","","1848",,,,,,"no_escalation_condition_met",,,,,,,,,,,"","","","","","","","",,
"react-baseline-vs-ccrs-v1-t2","002-ccrs","react_ccrs_mazeV1_t2","react_ccrs_mazeV1_t2_20260625_141909.log","117871","react.ccrs.contingency.escalation.considered","","1849",,,,,,,,,,,,,,,,,"","","","","","","","",,
"react-baseline-vs-ccrs-v1-t2","002-ccrs","react_ccrs_mazeV1_t2","react_ccrs_mazeV1_t2_20260625_141909.log","117872","react.ccrs.contingency.escalation.skipped","","1849",,,,,,"no_escalation_condition_met",,,,,,,,,,,"","","","","","","","",,
"react-baseline-vs-ccrs-v1-t2","002-ccrs","react_ccrs_mazeV1_t2","react_ccrs_mazeV1_t2_20260625_141909.log","117940","react.ccrs.contingency.escalation.considered","","1850",,,,,,,,,,,,,,,,,"","","","","","","","",,
"react-baseline-vs-ccrs-v1-t2","002-ccrs","react_ccrs_mazeV1_t2","react_ccrs_mazeV1_t2_20260625_141909.log","117941","react.ccrs.contingency.escalation.skipped","","1850",,,,,,"no_escalation_condition_met",,,,,,,,,,,"","","","","","","","",,
"react-baseline-vs-ccrs-v1-t2","002-ccrs","react_ccrs_mazeV1_t2","react_ccrs_mazeV1_t2_20260625_141909.log","118009","react.ccrs.contingency.escalation.considered","","1851",,,,,,,,,,,,,,,,,"","","","","","","","",,
"react-baseline-vs-ccrs-v1-t2","002-ccrs","react_ccrs_mazeV1_t2","react_ccrs_mazeV1_t2_20260625_141909.log","118010","react.ccrs.contingency.escalation.skipped","","1851",,,,,,"no_escalation_condition_met",,,,,,,,,,,"","","","","","","","",,
"react-baseline-vs-ccrs-v1-t2","002-ccrs","react_ccrs_mazeV1_t2","react_ccrs_mazeV1_t2_20260625_141909.log","118026","react.ccrs.contingency.escalation.considered","","1852",,,,,,,,,,,,,,,,,"","","","","","","","",,
"react-baseline-vs-ccrs-v1-t2","002-ccrs","react_ccrs_mazeV1_t2","react_ccrs_mazeV1_t2_20260625_141909.log","118027","react.ccrs.contingency.escalation.skipped","","1852",,,,,,"no_escalation_condition_met",,,,,,,,,,,"","","","","","","","",,
"react-baseline-vs-ccrs-v1-t2","002-ccrs","react_ccrs_mazeV1_t2","react_ccrs_mazeV1_t2_20260625_141909.log","118095","react.ccrs.contingency.escalation.considered","","1853",,,,,,,,,,,,,,,,,"","","","","","","","",,
"react-baseline-vs-ccrs-v1-t2","002-ccrs","react_ccrs_mazeV1_t2","react_ccrs_mazeV1_t2_20260625_141909.log","118096","react.ccrs.contingency.escalation.skipped","","1853",,,,,,"no_escalation_condition_met",,,,,,,,,,,"","","","","","","","",,
"react-baseline-vs-ccrs-v1-t2","002-ccrs","react_ccrs_mazeV1_t2","react_ccrs_mazeV1_t2_20260625_141909.log","118164","react.ccrs.contingency.escalation.considered","","1854",,,,,,,,,,,,,,,,,"","","","","","","","",,
"react-baseline-vs-ccrs-v1-t2","002-ccrs","react_ccrs_mazeV1_t2","react_ccrs_mazeV1_t2_20260625_141909.log","118165","react.ccrs.contingency.escalation.skipped","","1854",,,,,,"no_escalation_condition_met",,,,,,,,,,,"","","","","","","","",,
"react-baseline-vs-ccrs-v1-t2","002-ccrs","react_ccrs_mazeV1_t2","react_ccrs_mazeV1_t2_20260625_141909.log","118233","react.ccrs.contingency.escalation.considered","","1855",,,,,,,,,,,,,,,,,"","","","","","","","",,
"react-baseline-vs-ccrs-v1-t2","002-ccrs","react_ccrs_mazeV1_t2","react_ccrs_mazeV1_t2_20260625_141909.log","118234","react.ccrs.contingency.escalation.skipped","","1855",,,,,,"no_escalation_condition_met",,,,,,,,,,,"","","","","","","","",,
"react-baseline-vs-ccrs-v1-t2","002-ccrs","react_ccrs_mazeV1_t2","react_ccrs_mazeV1_t2_20260625_141909.log","118302","react.ccrs.contingency.escalation.considered","","1856",,,,,,,,,,,,,,,,,"","","","","","","","",,
"react-baseline-vs-ccrs-v1-t2","002-ccrs","react_ccrs_mazeV1_t2","react_ccrs_mazeV1_t2_20260625_141909.log","118303","react.ccrs.contingency.escalation.skipped","","1856",,,,,,"no_escalation_condition_met",,,,,,,,,,,"","","","","","","","",,
"react-baseline-vs-ccrs-v1-t2","002-ccrs","react_ccrs_mazeV1_t2","react_ccrs_mazeV1_t2_20260625_141909.log","118371","react.ccrs.contingency.escalation.considered","","1857",,,,,,,,,,,,,,,,,"","","","","","","","",,
"react-baseline-vs-ccrs-v1-t2","002-ccrs","react_ccrs_mazeV1_t2","react_ccrs_mazeV1_t2_20260625_141909.log","118372","react.ccrs.contingency.escalation.skipped","","1857",,,,,,"no_escalation_condition_met",,,,,,,,,,,"","","","","","","","",,
"react-baseline-vs-ccrs-v1-t2","002-ccrs","react_ccrs_mazeV1_t2","react_ccrs_mazeV1_t2_20260625_141909.log","118440","react.ccrs.contingency.escalation.considered","","1858",,,,,,,,,,,,,,,,,"","","","","","","","",,
"react-baseline-vs-ccrs-v1-t2","002-ccrs","react_ccrs_mazeV1_t2","react_ccrs_mazeV1_t2_20260625_141909.log","118441","react.ccrs.contingency.escalation.skipped","","1858",,,,,,"no_escalation_condition_met",,,,,,,,,,,"","","","","","","","",,
"react-baseline-vs-ccrs-v1-t2","002-ccrs","react_ccrs_mazeV1_t2","react_ccrs_mazeV1_t2_20260625_141909.log","118509","react.ccrs.contingency.escalation.considered","","1859",,,,,,,,,,,,,,,,,"","","","","","","","",,
"react-baseline-vs-ccrs-v1-t2","002-ccrs","react_ccrs_mazeV1_t2","react_ccrs_mazeV1_t2_20260625_141909.log","118510","react.ccrs.contingency.escalation.skipped","","1859",,,,,,"no_escalation_condition_met",,,,,,,,,,,"","","","","","","","",,
"react-baseline-vs-ccrs-v1-t2","002-ccrs","react_ccrs_mazeV1_t2","react_ccrs_mazeV1_t2_20260625_141909.log","118578","react.ccrs.contingency.escalation.considered","","1860",,,,,,,,,,,,,,,,,"","","","","","","","",,
"react-baseline-vs-ccrs-v1-t2","002-ccrs","react_ccrs_mazeV1_t2","react_ccrs_mazeV1_t2_20260625_141909.log","118579","react.ccrs.contingency.escalation.skipped","","1860",,,,,,"no_escalation_condition_met",,,,,,,,,,,"","","","","","","","",,
"react-baseline-vs-ccrs-v1-t2","002-ccrs","react_ccrs_mazeV1_t2","react_ccrs_mazeV1_t2_20260625_141909.log","118647","react.ccrs.contingency.escalation.considered","","1861",,,,,,,,,,,,,,,,,"","","","","","","","",,
"react-baseline-vs-ccrs-v1-t2","002-ccrs","react_ccrs_mazeV1_t2","react_ccrs_mazeV1_t2_20260625_141909.log","118648","react.ccrs.contingency.escalation.skipped","","1861",,,,,,"no_escalation_condition_met",,,,,,,,,,,"","","","","","","","",,
"react-baseline-vs-ccrs-v1-t2","002-ccrs","react_ccrs_mazeV1_t2","react_ccrs_mazeV1_t2_20260625_141909.log","118716","react.ccrs.contingency.escalation.considered","","1862",,,,,,,,,,,,,,,,,"","","","","","","","",,
"react-baseline-vs-ccrs-v1-t2","002-ccrs","react_ccrs_mazeV1_t2","react_ccrs_mazeV1_t2_20260625_141909.log","118717","react.ccrs.contingency.escalation.skipped","","1862",,,,,,"no_escalation_condition_met",,,,,,,,,,,"","","","","","","","",,
"react-baseline-vs-ccrs-v1-t2","002-ccrs","react_ccrs_mazeV1_t2","react_ccrs_mazeV1_t2_20260625_141909.log","118785","react.ccrs.contingency.escalation.considered","","1863",,,,,,,,,,,,,,,,,"","","","","","","","",,
"react-baseline-vs-ccrs-v1-t2","002-ccrs","react_ccrs_mazeV1_t2","react_ccrs_mazeV1_t2_20260625_141909.log","118786","react.ccrs.contingency.escalation.skipped","","1863",,,,,,"no_escalation_condition_met",,,,,,,,,,,"","","","","","","","",,
"react-baseline-vs-ccrs-v1-t2","002-ccrs","react_ccrs_mazeV1_t2","react_ccrs_mazeV1_t2_20260625_141909.log","118854","react.ccrs.contingency.escalation.considered","","1864",,,,,,,,,,,,,,,,,"","","","","","","","",,
"react-baseline-vs-ccrs-v1-t2","002-ccrs","react_ccrs_mazeV1_t2","react_ccrs_mazeV1_t2_20260625_141909.log","118855","react.ccrs.contingency.escalation.skipped","","1864",,,,,,"no_escalation_condition_met",,,,,,,,,,,"","","","","","","","",,
"react-baseline-vs-ccrs-v1-t2","002-ccrs","react_ccrs_mazeV1_t2","react_ccrs_mazeV1_t2_20260625_141909.log","118923","react.ccrs.contingency.escalation.considered","","1865",,,,,,,,,,,,,,,,,"","","","","","","","",,
"react-baseline-vs-ccrs-v1-t2","002-ccrs","react_ccrs_mazeV1_t2","react_ccrs_mazeV1_t2_20260625_141909.log","118924","react.ccrs.contingency.escalation.skipped","","1865",,,,,,"no_escalation_condition_met",,,,,,,,,,,"","","","","","","","",,
"react-baseline-vs-ccrs-v1-t2","002-ccrs","react_ccrs_mazeV1_t2","react_ccrs_mazeV1_t2_20260625_141909.log","118992","react.ccrs.contingency.escalation.considered","","1866",,,,,,,,,,,,,,,,,"","","","","","","","",,
"react-baseline-vs-ccrs-v1-t2","002-ccrs","react_ccrs_mazeV1_t2","react_ccrs_mazeV1_t2_20260625_141909.log","118993","react.ccrs.contingency.escalation.skipped","","1866",,,,,,"no_escalation_condition_met",,,,,,,,,,,"","","","","","","","",,
"react-baseline-vs-ccrs-v1-t2","002-ccrs","react_ccrs_mazeV1_t2","react_ccrs_mazeV1_t2_20260625_141909.log","119061","react.ccrs.contingency.escalation.considered","","1867",,,,,,,,,,,,,,,,,"","","","","","","","",,
"react-baseline-vs-ccrs-v1-t2","002-ccrs","react_ccrs_mazeV1_t2","react_ccrs_mazeV1_t2_20260625_141909.log","119062","react.ccrs.contingency.escalation.skipped","","1867",,,,,,"no_escalation_condition_met",,,,,,,,,,,"","","","","","","","",,
"react-baseline-vs-ccrs-v1-t2","002-ccrs","react_ccrs_mazeV1_t2","react_ccrs_mazeV1_t2_20260625_141909.log","119130","react.ccrs.contingency.escalation.considered","","1868",,,,,,,,,,,,,,,,,"","","","","","","","",,
"react-baseline-vs-ccrs-v1-t2","002-ccrs","react_ccrs_mazeV1_t2","react_ccrs_mazeV1_t2_20260625_141909.log","119131","react.ccrs.contingency.escalation.skipped","","1868",,,,,,"no_escalation_condition_met",,,,,,,,,,,"","","","","","","","",,
"react-baseline-vs-ccrs-v1-t2","002-ccrs","react_ccrs_mazeV1_t2","react_ccrs_mazeV1_t2_20260625_141909.log","119199","react.ccrs.contingency.escalation.considered","","1869",,,,,,,,,,,,,,,,,"","","","","","","","",,
"react-baseline-vs-ccrs-v1-t2","002-ccrs","react_ccrs_mazeV1_t2","react_ccrs_mazeV1_t2_20260625_141909.log","119200","react.ccrs.contingency.escalation.skipped","","1869",,,,,,"no_escalation_condition_met",,,,,,,,,,,"","","","","","","","",,
"react-baseline-vs-ccrs-v1-t2","002-ccrs","react_ccrs_mazeV1_t2","react_ccrs_mazeV1_t2_20260625_141909.log","119268","react.ccrs.contingency.escalation.considered","","1870",,,,,,,,,,,,,,,,,"","","","","","","","",,
"react-baseline-vs-ccrs-v1-t2","002-ccrs","react_ccrs_mazeV1_t2","react_ccrs_mazeV1_t2_20260625_141909.log","119269","react.ccrs.contingency.escalation.skipped","","1870",,,,,,"no_escalation_condition_met",,,,,,,,,,,"","","","","","","","",,
"react-baseline-vs-ccrs-v1-t2","002-ccrs","react_ccrs_mazeV1_t2","react_ccrs_mazeV1_t2_20260625_141909.log","119280","react.ccrs.contingency.escalation.considered","","1871",,,,,,,,,,,,,,,,,"","","","","","","","",,
"react-baseline-vs-ccrs-v1-t2","002-ccrs","react_ccrs_mazeV1_t2","react_ccrs_mazeV1_t2_20260625_141909.log","119281","react.ccrs.contingency.escalation.skipped","","1871",,,,,,"no_escalation_condition_met",,,,,,,,,,,"","","","","","","","",,
"react-baseline-vs-ccrs-v1-t2","002-ccrs","react_ccrs_mazeV1_t2","react_ccrs_mazeV1_t2_20260625_141909.log","119387","react.ccrs.contingency.escalation.considered","","1872",,,,,,,,,,,,,,,,,"","","","","","","","",,
"react-baseline-vs-ccrs-v1-t2","002-ccrs","react_ccrs_mazeV1_t2","react_ccrs_mazeV1_t2_20260625_141909.log","119388","react.ccrs.contingency.escalation.skipped","","1872",,,,,,"no_escalation_condition_met",,,,,,,,,,,"","","","","","","","",,
"react-baseline-vs-ccrs-v1-t2","002-ccrs","react_ccrs_mazeV1_t2","react_ccrs_mazeV1_t2_20260625_141909.log","119494","react.ccrs.contingency.escalation.considered","","1873",,,,,,,,,,,,,,,,,"","","","","","","","",,
"react-baseline-vs-ccrs-v1-t2","002-ccrs","react_ccrs_mazeV1_t2","react_ccrs_mazeV1_t2_20260625_141909.log","119495","react.ccrs.contingency.escalation.skipped","","1873",,,,,,"no_escalation_condition_met",,,,,,,,,,,"","","","","","","","",,
"react-baseline-vs-ccrs-v1-t2","002-ccrs","react_ccrs_mazeV1_t2","react_ccrs_mazeV1_t2_20260625_141909.log","119601","react.ccrs.contingency.escalation.considered","","1874",,,,,,,,,,,,,,,,,"","","","","","","","",,
"react-baseline-vs-ccrs-v1-t2","002-ccrs","react_ccrs_mazeV1_t2","react_ccrs_mazeV1_t2_20260625_141909.log","119602","react.ccrs.contingency.escalation.skipped","","1874",,,,,,"no_escalation_condition_met",,,,,,,,,,,"","","","","","","","",,
"react-baseline-vs-ccrs-v1-t2","002-ccrs","react_ccrs_mazeV1_t2","react_ccrs_mazeV1_t2_20260625_141909.log","119708","react.ccrs.contingency.escalation.considered","","1875",,,,,,,,,,,,,,,,,"","","","","","","","",,
"react-baseline-vs-ccrs-v1-t2","002-ccrs","react_ccrs_mazeV1_t2","react_ccrs_mazeV1_t2_20260625_141909.log","119709","react.ccrs.contingency.escalation.skipped","","1875",,,,,,"no_escalation_condition_met",,,,,,,,,,,"","","","","","","","",,
"react-baseline-vs-ccrs-v1-t2","002-ccrs","react_ccrs_mazeV1_t2","react_ccrs_mazeV1_t2_20260625_141909.log","119815","react.ccrs.contingency.escalation.considered","","1876",,,,,,,,,,,,,,,,,"","","","","","","","",,
"react-baseline-vs-ccrs-v1-t2","002-ccrs","react_ccrs_mazeV1_t2","react_ccrs_mazeV1_t2_20260625_141909.log","119816","react.ccrs.contingency.escalation.skipped","","1876",,,,,,"no_escalation_condition_met",,,,,,,,,,,"","","","","","","","",,
"react-baseline-vs-ccrs-v1-t2","002-ccrs","react_ccrs_mazeV1_t2","react_ccrs_mazeV1_t2_20260625_141909.log","119922","react.ccrs.contingency.escalation.considered","","1877",,,,,,,,,,,,,,,,,"","","","","","","","",,
"react-baseline-vs-ccrs-v1-t2","002-ccrs","react_ccrs_mazeV1_t2","react_ccrs_mazeV1_t2_20260625_141909.log","119923","react.ccrs.contingency.escalation.skipped","","1877",,,,,,"no_escalation_condition_met",,,,,,,,,,,"","","","","","","","",,
"react-baseline-vs-ccrs-v1-t2","002-ccrs","react_ccrs_mazeV1_t2","react_ccrs_mazeV1_t2_20260625_141909.log","120029","react.ccrs.contingency.escalation.considered","","1878",,,,,,,,,,,,,,,,,"","","","","","","","",,
"react-baseline-vs-ccrs-v1-t2","002-ccrs","react_ccrs_mazeV1_t2","react_ccrs_mazeV1_t2_20260625_141909.log","120030","react.ccrs.contingency.escalation.skipped","","1878",,,,,,"no_escalation_condition_met",,,,,,,,,,,"","","","","","","","",,
"react-baseline-vs-ccrs-v1-t2","002-ccrs","react_ccrs_mazeV1_t2","react_ccrs_mazeV1_t2_20260625_141909.log","120136","react.ccrs.contingency.escalation.considered","","1879",,,,,,,,,,,,,,,,,"","","","","","","","",,
"react-baseline-vs-ccrs-v1-t2","002-ccrs","react_ccrs_mazeV1_t2","react_ccrs_mazeV1_t2_20260625_141909.log","120137","react.ccrs.contingency.escalation.skipped","","1879",,,,,,"no_escalation_condition_met",,,,,,,,,,,"","","","","","","","",,
"react-baseline-vs-ccrs-v1-t2","002-ccrs","react_ccrs_mazeV1_t2","react_ccrs_mazeV1_t2_20260625_141909.log","120243","react.ccrs.contingency.escalation.considered","","1880",,,,,,,,,,,,,,,,,"","","","","","","","",,
"react-baseline-vs-ccrs-v1-t2","002-ccrs","react_ccrs_mazeV1_t2","react_ccrs_mazeV1_t2_20260625_141909.log","120244","react.ccrs.contingency.escalation.skipped","","1880",,,,,,"no_escalation_condition_met",,,,,,,,,,,"","","","","","","","",,
"react-baseline-vs-ccrs-v1-t2","002-ccrs","react_ccrs_mazeV1_t2","react_ccrs_mazeV1_t2_20260625_141909.log","120260","react.ccrs.contingency.escalation.considered","","1881",,,,,,,,,,,,,,,,,"","","","","","","","",,
"react-baseline-vs-ccrs-v1-t2","002-ccrs","react_ccrs_mazeV1_t2","react_ccrs_mazeV1_t2_20260625_141909.log","120261","react.ccrs.contingency.escalation.skipped","","1881",,,,,,"no_escalation_condition_met",,,,,,,,,,,"","","","","","","","",,
"react-baseline-vs-ccrs-v1-t2","002-ccrs","react_ccrs_mazeV1_t2","react_ccrs_mazeV1_t2_20260625_141909.log","120367","react.ccrs.contingency.escalation.considered","","1882",,,,,,,,,,,,,,,,,"","","","","","","","",,
"react-baseline-vs-ccrs-v1-t2","002-ccrs","react_ccrs_mazeV1_t2","react_ccrs_mazeV1_t2_20260625_141909.log","120368","react.ccrs.contingency.escalation.skipped","","1882",,,,,,"no_escalation_condition_met",,,,,,,,,,,"","","","","","","","",,
"react-baseline-vs-ccrs-v1-t2","002-ccrs","react_ccrs_mazeV1_t2","react_ccrs_mazeV1_t2_20260625_141909.log","120379","react.ccrs.contingency.escalation.considered","","1883",,,,,,,,,,,,,,,,,"","","","","","","","",,
"react-baseline-vs-ccrs-v1-t2","002-ccrs","react_ccrs_mazeV1_t2","react_ccrs_mazeV1_t2_20260625_141909.log","120380","react.ccrs.contingency.escalation.skipped","","1883",,,,,,"no_escalation_condition_met",,,,,,,,,,,"","","","","","","","",,
"react-baseline-vs-ccrs-v1-t2","002-ccrs","react_ccrs_mazeV1_t2","react_ccrs_mazeV1_t2_20260625_141909.log","120467","react.ccrs.contingency.escalation.considered","","1884",,,,,,,,,,,,,,,,,"","","","","","","","",,
"react-baseline-vs-ccrs-v1-t2","002-ccrs","react_ccrs_mazeV1_t2","react_ccrs_mazeV1_t2_20260625_141909.log","120468","react.ccrs.contingency.escalation.skipped","","1884",,,,,,"no_escalation_condition_met",,,,,,,,,,,"","","","","","","","",,
"react-baseline-vs-ccrs-v1-t2","002-ccrs","react_ccrs_mazeV1_t2","react_ccrs_mazeV1_t2_20260625_141909.log","120555","react.ccrs.contingency.escalation.considered","","1885",,,,,,,,,,,,,,,,,"","","","","","","","",,
"react-baseline-vs-ccrs-v1-t2","002-ccrs","react_ccrs_mazeV1_t2","react_ccrs_mazeV1_t2_20260625_141909.log","120556","react.ccrs.contingency.escalation.skipped","","1885",,,,,,"no_escalation_condition_met",,,,,,,,,,,"","","","","","","","",,
"react-baseline-vs-ccrs-v1-t2","002-ccrs","react_ccrs_mazeV1_t2","react_ccrs_mazeV1_t2_20260625_141909.log","120643","react.ccrs.contingency.escalation.considered","","1886",,,,,,,,,,,,,,,,,"","","","","","","","",,
"react-baseline-vs-ccrs-v1-t2","002-ccrs","react_ccrs_mazeV1_t2","react_ccrs_mazeV1_t2_20260625_141909.log","120644","react.ccrs.contingency.escalation.skipped","","1886",,,,,,"no_escalation_condition_met",,,,,,,,,,,"","","","","","","","",,
"react-baseline-vs-ccrs-v1-t2","002-ccrs","react_ccrs_mazeV1_t2","react_ccrs_mazeV1_t2_20260625_141909.log","120731","react.ccrs.contingency.escalation.considered","","1887",,,,,,,,,,,,,,,,,"","","","","","","","",,
"react-baseline-vs-ccrs-v1-t2","002-ccrs","react_ccrs_mazeV1_t2","react_ccrs_mazeV1_t2_20260625_141909.log","120732","react.ccrs.contingency.escalation.skipped","","1887",,,,,,"no_escalation_condition_met",,,,,,,,,,,"","","","","","","","",,
"react-baseline-vs-ccrs-v1-t2","002-ccrs","react_ccrs_mazeV1_t2","react_ccrs_mazeV1_t2_20260625_141909.log","120819","react.ccrs.contingency.escalation.considered","","1888",,,,,,,,,,,,,,,,,"","","","","","","","",,
"react-baseline-vs-ccrs-v1-t2","002-ccrs","react_ccrs_mazeV1_t2","react_ccrs_mazeV1_t2_20260625_141909.log","120820","react.ccrs.contingency.escalation.skipped","","1888",,,,,,"no_escalation_condition_met",,,,,,,,,,,"","","","","","","","",,
"react-baseline-vs-ccrs-v1-t2","002-ccrs","react_ccrs_mazeV1_t2","react_ccrs_mazeV1_t2_20260625_141909.log","120907","react.ccrs.contingency.escalation.considered","","1889",,,,,,,,,,,,,,,,,"","","","","","","","",,
"react-baseline-vs-ccrs-v1-t2","002-ccrs","react_ccrs_mazeV1_t2","react_ccrs_mazeV1_t2_20260625_141909.log","120908","react.ccrs.contingency.escalation.skipped","","1889",,,,,,"no_escalation_condition_met",,,,,,,,,,,"","","","","","","","",,
"react-baseline-vs-ccrs-v1-t2","002-ccrs","react_ccrs_mazeV1_t2","react_ccrs_mazeV1_t2_20260625_141909.log","120995","react.ccrs.contingency.escalation.considered","","1890",,,,,,,,,,,,,,,,,"","","","","","","","",,
"react-baseline-vs-ccrs-v1-t2","002-ccrs","react_ccrs_mazeV1_t2","react_ccrs_mazeV1_t2_20260625_141909.log","120996","react.ccrs.contingency.escalation.skipped","","1890",,,,,,"no_escalation_condition_met",,,,,,,,,,,"","","","","","","","",,
"react-baseline-vs-ccrs-v1-t2","002-ccrs","react_ccrs_mazeV1_t2","react_ccrs_mazeV1_t2_20260625_141909.log","121083","react.ccrs.contingency.escalation.considered","","1891",,,,,,,,,,,,,,,,,"","","","","","","","",,
"react-baseline-vs-ccrs-v1-t2","002-ccrs","react_ccrs_mazeV1_t2","react_ccrs_mazeV1_t2_20260625_141909.log","121084","react.ccrs.contingency.escalation.skipped","","1891",,,,,,"no_escalation_condition_met",,,,,,,,,,,"","","","","","","","",,
"react-baseline-vs-ccrs-v1-t2","002-ccrs","react_ccrs_mazeV1_t2","react_ccrs_mazeV1_t2_20260625_141909.log","121100","react.ccrs.contingency.escalation.considered","","1892",,,,,,,,,,,,,,,,,"","","","","","","","",,
"react-baseline-vs-ccrs-v1-t2","002-ccrs","react_ccrs_mazeV1_t2","react_ccrs_mazeV1_t2_20260625_141909.log","121101","react.ccrs.contingency.escalation.skipped","","1892",,,,,,"no_escalation_condition_met",,,,,,,,,,,"","","","","","","","",,
"react-baseline-vs-ccrs-v1-t2","002-ccrs","react_ccrs_mazeV1_t2","react_ccrs_mazeV1_t2_20260625_141909.log","121112","react.ccrs.contingency.escalation.considered","","1893",,,,,,,,,,,,,,,,,"","","","","","","","",,
"react-baseline-vs-ccrs-v1-t2","002-ccrs","react_ccrs_mazeV1_t2","react_ccrs_mazeV1_t2_20260625_141909.log","121113","react.ccrs.contingency.escalation.skipped","","1893",,,,,,"no_escalation_condition_met",,,,,,,,,,,"","","","","","","","",,
"react-baseline-vs-ccrs-v1-t2","002-ccrs","react_ccrs_mazeV1_t2","react_ccrs_mazeV1_t2_20260625_141909.log","121238","react.ccrs.contingency.escalation.considered","","1894",,,,,,,,,,,,,,,,,"","","","","","","","",,
"react-baseline-vs-ccrs-v1-t2","002-ccrs","react_ccrs_mazeV1_t2","react_ccrs_mazeV1_t2_20260625_141909.log","121239","react.ccrs.contingency.escalation.skipped","","1894",,,,,,"no_escalation_condition_met",,,,,,,,,,,"","","","","","","","",,
"react-baseline-vs-ccrs-v1-t2","002-ccrs","react_ccrs_mazeV1_t2","react_ccrs_mazeV1_t2_20260625_141909.log","121364","react.ccrs.contingency.escalation.considered","","1895",,,,,,,,,,,,,,,,,"","","","","","","","",,
"react-baseline-vs-ccrs-v1-t2","002-ccrs","react_ccrs_mazeV1_t2","react_ccrs_mazeV1_t2_20260625_141909.log","121365","react.ccrs.contingency.escalation.skipped","","1895",,,,,,"no_escalation_condition_met",,,,,,,,,,,"","","","","","","","",,
"react-baseline-vs-ccrs-v1-t2","002-ccrs","react_ccrs_mazeV1_t2","react_ccrs_mazeV1_t2_20260625_141909.log","121490","react.ccrs.contingency.escalation.considered","","1896",,,,,,,,,,,,,,,,,"","","","","","","","",,
"react-baseline-vs-ccrs-v1-t2","002-ccrs","react_ccrs_mazeV1_t2","react_ccrs_mazeV1_t2_20260625_141909.log","121491","react.ccrs.contingency.escalation.skipped","","1896",,,,,,"no_escalation_condition_met",,,,,,,,,,,"","","","","","","","",,
"react-baseline-vs-ccrs-v1-t2","002-ccrs","react_ccrs_mazeV1_t2","react_ccrs_mazeV1_t2_20260625_141909.log","121616","react.ccrs.contingency.escalation.considered","","1897",,,,,,,,,,,,,,,,,"","","","","","","","",,
"react-baseline-vs-ccrs-v1-t2","002-ccrs","react_ccrs_mazeV1_t2","react_ccrs_mazeV1_t2_20260625_141909.log","121617","react.ccrs.contingency.escalation.skipped","","1897",,,,,,"no_escalation_condition_met",,,,,,,,,,,"","","","","","","","",,
"react-baseline-vs-ccrs-v1-t2","002-ccrs","react_ccrs_mazeV1_t2","react_ccrs_mazeV1_t2_20260625_141909.log","121742","react.ccrs.contingency.escalation.considered","","1898",,,,,,,,,,,,,,,,,"","","","","","","","",,
"react-baseline-vs-ccrs-v1-t2","002-ccrs","react_ccrs_mazeV1_t2","react_ccrs_mazeV1_t2_20260625_141909.log","121743","react.ccrs.contingency.escalation.skipped","","1898",,,,,,"no_escalation_condition_met",,,,,,,,,,,"","","","","","","","",,
"react-baseline-vs-ccrs-v1-t2","002-ccrs","react_ccrs_mazeV1_t2","react_ccrs_mazeV1_t2_20260625_141909.log","121868","react.ccrs.contingency.escalation.considered","","1899",,,,,,,,,,,,,,,,,"","","","","","","","",,
"react-baseline-vs-ccrs-v1-t2","002-ccrs","react_ccrs_mazeV1_t2","react_ccrs_mazeV1_t2_20260625_141909.log","121869","react.ccrs.contingency.escalation.skipped","","1899",,,,,,"no_escalation_condition_met",,,,,,,,,,,"","","","","","","","",,
"react-baseline-vs-ccrs-v1-t2","002-ccrs","react_ccrs_mazeV1_t2","react_ccrs_mazeV1_t2_20260625_141909.log","121994","react.ccrs.contingency.escalation.considered","","1900",,,,,,,,,,,,,,,,,"","","","","","","","",,
"react-baseline-vs-ccrs-v1-t2","002-ccrs","react_ccrs_mazeV1_t2","react_ccrs_mazeV1_t2_20260625_141909.log","121995","react.ccrs.contingency.escalation.skipped","","1900",,,,,,"no_escalation_condition_met",,,,,,,,,,,"","","","","","","","",,
"react-baseline-vs-ccrs-v1-t2","002-ccrs","react_ccrs_mazeV1_t2","react_ccrs_mazeV1_t2_20260625_141909.log","122120","react.ccrs.contingency.escalation.considered","","1901",,,,,,,,,,,,,,,,,"","","","","","","","",,
"react-baseline-vs-ccrs-v1-t2","002-ccrs","react_ccrs_mazeV1_t2","react_ccrs_mazeV1_t2_20260625_141909.log","122121","react.ccrs.contingency.escalation.skipped","","1901",,,,,,"no_escalation_condition_met",,,,,,,,,,,"","","","","","","","",,
"react-baseline-vs-ccrs-v1-t2","002-ccrs","react_ccrs_mazeV1_t2","react_ccrs_mazeV1_t2_20260625_141909.log","122246","react.ccrs.contingency.escalation.considered","","1902",,,,,,,,,,,,,,,,,"","","","","","","","",,
"react-baseline-vs-ccrs-v1-t2","002-ccrs","react_ccrs_mazeV1_t2","react_ccrs_mazeV1_t2_20260625_141909.log","122247","react.ccrs.contingency.escalation.skipped","","1902",,,,,,"no_escalation_condition_met",,,,,,,,,,,"","","","","","","","",,
"react-baseline-vs-ccrs-v1-t2","002-ccrs","react_ccrs_mazeV1_t2","react_ccrs_mazeV1_t2_20260625_141909.log","122258","react.ccrs.contingency.escalation.considered","","1903",,,,,,,,,,,,,,,,,"","","","","","","","",,
"react-baseline-vs-ccrs-v1-t2","002-ccrs","react_ccrs_mazeV1_t2","react_ccrs_mazeV1_t2_20260625_141909.log","122259","react.ccrs.contingency.escalation.skipped","","1903",,,,,,"no_escalation_condition_met",,,,,,,,,,,"","","","","","","","",,
"react-baseline-vs-ccrs-v1-t2","002-ccrs","react_ccrs_mazeV1_t2","react_ccrs_mazeV1_t2_20260625_141909.log","122346","react.ccrs.contingency.escalation.considered","","1904",,,,,,,,,,,,,,,,,"","","","","","","","",,
"react-baseline-vs-ccrs-v1-t2","002-ccrs","react_ccrs_mazeV1_t2","react_ccrs_mazeV1_t2_20260625_141909.log","122347","react.ccrs.contingency.escalation.skipped","","1904",,,,,,"no_escalation_condition_met",,,,,,,,,,,"","","","","","","","",,
"react-baseline-vs-ccrs-v1-t2","002-ccrs","react_ccrs_mazeV1_t2","react_ccrs_mazeV1_t2_20260625_141909.log","122434","react.ccrs.contingency.escalation.considered","","1905",,,,,,,,,,,,,,,,,"","","","","","","","",,
"react-baseline-vs-ccrs-v1-t2","002-ccrs","react_ccrs_mazeV1_t2","react_ccrs_mazeV1_t2_20260625_141909.log","122435","react.ccrs.contingency.escalation.skipped","","1905",,,,,,"no_escalation_condition_met",,,,,,,,,,,"","","","","","","","",,
"react-baseline-vs-ccrs-v1-t2","002-ccrs","react_ccrs_mazeV1_t2","react_ccrs_mazeV1_t2_20260625_141909.log","122522","react.ccrs.contingency.escalation.considered","","1906",,,,,,,,,,,,,,,,,"","","","","","","","",,
"react-baseline-vs-ccrs-v1-t2","002-ccrs","react_ccrs_mazeV1_t2","react_ccrs_mazeV1_t2_20260625_141909.log","122523","react.ccrs.contingency.escalation.skipped","","1906",,,,,,"no_escalation_condition_met",,,,,,,,,,,"","","","","","","","",,
"react-baseline-vs-ccrs-v1-t2","002-ccrs","react_ccrs_mazeV1_t2","react_ccrs_mazeV1_t2_20260625_141909.log","122610","react.ccrs.contingency.escalation.considered","","1907",,,,,,,,,,,,,,,,,"","","","","","","","",,
"react-baseline-vs-ccrs-v1-t2","002-ccrs","react_ccrs_mazeV1_t2","react_ccrs_mazeV1_t2_20260625_141909.log","122611","react.ccrs.contingency.escalation.skipped","","1907",,,,,,"no_escalation_condition_met",,,,,,,,,,,"","","","","","","","",,
"react-baseline-vs-ccrs-v1-t2","002-ccrs","react_ccrs_mazeV1_t2","react_ccrs_mazeV1_t2_20260625_141909.log","122698","react.ccrs.contingency.escalation.considered","","1908",,,,,,,,,,,,,,,,,"","","","","","","","",,
"react-baseline-vs-ccrs-v1-t2","002-ccrs","react_ccrs_mazeV1_t2","react_ccrs_mazeV1_t2_20260625_141909.log","122699","react.ccrs.contingency.escalation.skipped","","1908",,,,,,"no_escalation_condition_met",,,,,,,,,,,"","","","","","","","",,
"react-baseline-vs-ccrs-v1-t2","002-ccrs","react_ccrs_mazeV1_t2","react_ccrs_mazeV1_t2_20260625_141909.log","122786","react.ccrs.contingency.escalation.considered","","1909",,,,,,,,,,,,,,,,,"","","","","","","","",,
"react-baseline-vs-ccrs-v1-t2","002-ccrs","react_ccrs_mazeV1_t2","react_ccrs_mazeV1_t2_20260625_141909.log","122787","react.ccrs.contingency.escalation.skipped","","1909",,,,,,"no_escalation_condition_met",,,,,,,,,,,"","","","","","","","",,
"react-baseline-vs-ccrs-v1-t2","002-ccrs","react_ccrs_mazeV1_t2","react_ccrs_mazeV1_t2_20260625_141909.log","122874","react.ccrs.contingency.escalation.considered","","1910",,,,,,,,,,,,,,,,,"","","","","","","","",,
"react-baseline-vs-ccrs-v1-t2","002-ccrs","react_ccrs_mazeV1_t2","react_ccrs_mazeV1_t2_20260625_141909.log","122875","react.ccrs.contingency.escalation.skipped","","1910",,,,,,"no_escalation_condition_met",,,,,,,,,,,"","","","","","","","",,
"react-baseline-vs-ccrs-v1-t2","002-ccrs","react_ccrs_mazeV1_t2","react_ccrs_mazeV1_t2_20260625_141909.log","122962","react.ccrs.contingency.escalation.considered","","1911",,,,,,,,,,,,,,,,,"","","","","","","","",,
"react-baseline-vs-ccrs-v1-t2","002-ccrs","react_ccrs_mazeV1_t2","react_ccrs_mazeV1_t2_20260625_141909.log","122963","react.ccrs.contingency.escalation.skipped","","1911",,,,,,"no_escalation_condition_met",,,,,,,,,,,"","","","","","","","",,
"react-baseline-vs-ccrs-v1-t2","002-ccrs","react_ccrs_mazeV1_t2","react_ccrs_mazeV1_t2_20260625_141909.log","123050","react.ccrs.contingency.escalation.considered","","1912",,,,,,,,,,,,,,,,,"","","","","","","","",,
"react-baseline-vs-ccrs-v1-t2","002-ccrs","react_ccrs_mazeV1_t2","react_ccrs_mazeV1_t2_20260625_141909.log","123051","react.ccrs.contingency.escalation.skipped","","1912",,,,,,"no_escalation_condition_met",,,,,,,,,,,"","","","","","","","",,
"react-baseline-vs-ccrs-v1-t2","002-ccrs","react_ccrs_mazeV1_t2","react_ccrs_mazeV1_t2_20260625_141909.log","123138","react.ccrs.contingency.escalation.considered","","1913",,,,,,,,,,,,,,,,,"","","","","","","","",,
"react-baseline-vs-ccrs-v1-t2","002-ccrs","react_ccrs_mazeV1_t2","react_ccrs_mazeV1_t2_20260625_141909.log","123139","react.ccrs.contingency.escalation.skipped","","1913",,,,,,"no_escalation_condition_met",,,,,,,,,,,"","","","","","","","",,
"react-baseline-vs-ccrs-v1-t2","002-ccrs","react_ccrs_mazeV1_t2","react_ccrs_mazeV1_t2_20260625_141909.log","123226","react.ccrs.contingency.escalation.considered","","1914",,,,,,,,,,,,,,,,,"","","","","","","","",,
"react-baseline-vs-ccrs-v1-t2","002-ccrs","react_ccrs_mazeV1_t2","react_ccrs_mazeV1_t2_20260625_141909.log","123227","react.ccrs.contingency.escalation.skipped","","1914",,,,,,"no_escalation_condition_met",,,,,,,,,,,"","","","","","","","",,
"react-baseline-vs-ccrs-v1-t2","002-ccrs","react_ccrs_mazeV1_t2","react_ccrs_mazeV1_t2_20260625_141909.log","123314","react.ccrs.contingency.escalation.considered","","1915",,,,,,,,,,,,,,,,,"","","","","","","","",,
"react-baseline-vs-ccrs-v1-t2","002-ccrs","react_ccrs_mazeV1_t2","react_ccrs_mazeV1_t2_20260625_141909.log","123315","react.ccrs.contingency.escalation.skipped","","1915",,,,,,"no_escalation_condition_met",,,,,,,,,,,"","","","","","","","",,
"react-baseline-vs-ccrs-v1-t2","002-ccrs","react_ccrs_mazeV1_t2","react_ccrs_mazeV1_t2_20260625_141909.log","123402","react.ccrs.contingency.escalation.considered","","1916",,,,,,,,,,,,,,,,,"","","","","","","","",,
"react-baseline-vs-ccrs-v1-t2","002-ccrs","react_ccrs_mazeV1_t2","react_ccrs_mazeV1_t2_20260625_141909.log","123403","react.ccrs.contingency.escalation.skipped","","1916",,,,,,"no_escalation_condition_met",,,,,,,,,,,"","","","","","","","",,
"react-baseline-vs-ccrs-v1-t2","002-ccrs","react_ccrs_mazeV1_t2","react_ccrs_mazeV1_t2_20260625_141909.log","123419","react.ccrs.contingency.escalation.considered","","1917",,,,,,,,,,,,,,,,,"","","","","","","","",,
"react-baseline-vs-ccrs-v1-t2","002-ccrs","react_ccrs_mazeV1_t2","react_ccrs_mazeV1_t2_20260625_141909.log","123420","react.ccrs.contingency.escalation.skipped","","1917",,,,,,"no_escalation_condition_met",,,,,,,,,,,"","","","","","","","",,
"react-baseline-vs-ccrs-v1-t2","002-ccrs","react_ccrs_mazeV1_t2","react_ccrs_mazeV1_t2_20260625_141909.log","123431","react.ccrs.contingency.escalation.considered","","1918",,,,,,,,,,,,,,,,,"","","","","","","","",,
"react-baseline-vs-ccrs-v1-t2","002-ccrs","react_ccrs_mazeV1_t2","react_ccrs_mazeV1_t2_20260625_141909.log","123432","react.ccrs.contingency.escalation.skipped","","1918",,,,,,"no_escalation_condition_met",,,,,,,,,,,"","","","","","","","",,
"react-baseline-vs-ccrs-v1-t2","002-ccrs","react_ccrs_mazeV1_t2","react_ccrs_mazeV1_t2_20260625_141909.log","123538","react.ccrs.contingency.escalation.considered","","1919",,,,,,,,,,,,,,,,,"","","","","","","","",,
"react-baseline-vs-ccrs-v1-t2","002-ccrs","react_ccrs_mazeV1_t2","react_ccrs_mazeV1_t2_20260625_141909.log","123539","react.ccrs.contingency.escalation.skipped","","1919",,,,,,"no_escalation_condition_met",,,,,,,,,,,"","","","","","","","",,
"react-baseline-vs-ccrs-v1-t2","002-ccrs","react_ccrs_mazeV1_t2","react_ccrs_mazeV1_t2_20260625_141909.log","123645","react.ccrs.contingency.escalation.considered","","1920",,,,,,,,,,,,,,,,,"","","","","","","","",,
"react-baseline-vs-ccrs-v1-t2","002-ccrs","react_ccrs_mazeV1_t2","react_ccrs_mazeV1_t2_20260625_141909.log","123646","react.ccrs.contingency.escalation.skipped","","1920",,,,,,"no_escalation_condition_met",,,,,,,,,,,"","","","","","","","",,
"react-baseline-vs-ccrs-v1-t2","002-ccrs","react_ccrs_mazeV1_t2","react_ccrs_mazeV1_t2_20260625_141909.log","123752","react.ccrs.contingency.escalation.considered","","1921",,,,,,,,,,,,,,,,,"","","","","","","","",,
"react-baseline-vs-ccrs-v1-t2","002-ccrs","react_ccrs_mazeV1_t2","react_ccrs_mazeV1_t2_20260625_141909.log","123753","react.ccrs.contingency.escalation.skipped","","1921",,,,,,"no_escalation_condition_met",,,,,,,,,,,"","","","","","","","",,
"react-baseline-vs-ccrs-v1-t2","002-ccrs","react_ccrs_mazeV1_t2","react_ccrs_mazeV1_t2_20260625_141909.log","123859","react.ccrs.contingency.escalation.considered","","1922",,,,,,,,,,,,,,,,,"","","","","","","","",,
"react-baseline-vs-ccrs-v1-t2","002-ccrs","react_ccrs_mazeV1_t2","react_ccrs_mazeV1_t2_20260625_141909.log","123860","react.ccrs.contingency.escalation.skipped","","1922",,,,,,"no_escalation_condition_met",,,,,,,,,,,"","","","","","","","",,
"react-baseline-vs-ccrs-v1-t2","002-ccrs","react_ccrs_mazeV1_t2","react_ccrs_mazeV1_t2_20260625_141909.log","123966","react.ccrs.contingency.escalation.considered","","1923",,,,,,,,,,,,,,,,,"","","","","","","","",,
"react-baseline-vs-ccrs-v1-t2","002-ccrs","react_ccrs_mazeV1_t2","react_ccrs_mazeV1_t2_20260625_141909.log","123967","react.ccrs.contingency.escalation.skipped","","1923",,,,,,"no_escalation_condition_met",,,,,,,,,,,"","","","","","","","",,
"react-baseline-vs-ccrs-v1-t2","002-ccrs","react_ccrs_mazeV1_t2","react_ccrs_mazeV1_t2_20260625_141909.log","124073","react.ccrs.contingency.escalation.considered","","1924",,,,,,,,,,,,,,,,,"","","","","","","","",,
"react-baseline-vs-ccrs-v1-t2","002-ccrs","react_ccrs_mazeV1_t2","react_ccrs_mazeV1_t2_20260625_141909.log","124074","react.ccrs.contingency.escalation.skipped","","1924",,,,,,"no_escalation_condition_met",,,,,,,,,,,"","","","","","","","",,
"react-baseline-vs-ccrs-v1-t2","002-ccrs","react_ccrs_mazeV1_t2","react_ccrs_mazeV1_t2_20260625_141909.log","124180","react.ccrs.contingency.escalation.considered","","1925",,,,,,,,,,,,,,,,,"","","","","","","","",,
"react-baseline-vs-ccrs-v1-t2","002-ccrs","react_ccrs_mazeV1_t2","react_ccrs_mazeV1_t2_20260625_141909.log","124181","react.ccrs.contingency.escalation.skipped","","1925",,,,,,"no_escalation_condition_met",,,,,,,,,,,"","","","","","","","",,
"react-baseline-vs-ccrs-v1-t2","002-ccrs","react_ccrs_mazeV1_t2","react_ccrs_mazeV1_t2_20260625_141909.log","124287","react.ccrs.contingency.escalation.considered","","1926",,,,,,,,,,,,,,,,,"","","","","","","","",,
"react-baseline-vs-ccrs-v1-t2","002-ccrs","react_ccrs_mazeV1_t2","react_ccrs_mazeV1_t2_20260625_141909.log","124288","react.ccrs.contingency.escalation.skipped","","1926",,,,,,"no_escalation_condition_met",,,,,,,,,,,"","","","","","","","",,
"react-baseline-vs-ccrs-v1-t2","002-ccrs","react_ccrs_mazeV1_t2","react_ccrs_mazeV1_t2_20260625_141909.log","124394","react.ccrs.contingency.escalation.considered","","1927",,,,,,,,,,,,,,,,,"","","","","","","","",,
"react-baseline-vs-ccrs-v1-t2","002-ccrs","react_ccrs_mazeV1_t2","react_ccrs_mazeV1_t2_20260625_141909.log","124395","react.ccrs.contingency.escalation.skipped","","1927",,,,,,"no_escalation_condition_met",,,,,,,,,,,"","","","","","","","",,
"react-baseline-vs-ccrs-v1-t2","002-ccrs","react_ccrs_mazeV1_t2","react_ccrs_mazeV1_t2_20260625_141909.log","124501","react.ccrs.contingency.escalation.considered","","1928",,,,,,,,,,,,,,,,,"","","","","","","","",,
"react-baseline-vs-ccrs-v1-t2","002-ccrs","react_ccrs_mazeV1_t2","react_ccrs_mazeV1_t2_20260625_141909.log","124502","react.ccrs.contingency.escalation.skipped","","1928",,,,,,"no_escalation_condition_met",,,,,,,,,,,"","","","","","","","",,
"react-baseline-vs-ccrs-v1-t2","002-ccrs","react_ccrs_mazeV1_t2","react_ccrs_mazeV1_t2_20260625_141909.log","124608","react.ccrs.contingency.escalation.considered","","1929",,,,,,,,,,,,,,,,,"","","","","","","","",,
"react-baseline-vs-ccrs-v1-t2","002-ccrs","react_ccrs_mazeV1_t2","react_ccrs_mazeV1_t2_20260625_141909.log","124609","react.ccrs.contingency.escalation.skipped","","1929",,,,,,"no_escalation_condition_met",,,,,,,,,,,"","","","","","","","",,
"react-baseline-vs-ccrs-v1-t2","002-ccrs","react_ccrs_mazeV1_t2","react_ccrs_mazeV1_t2_20260625_141909.log","124715","react.ccrs.contingency.escalation.considered","","1930",,,,,,,,,,,,,,,,,"","","","","","","","",,
"react-baseline-vs-ccrs-v1-t2","002-ccrs","react_ccrs_mazeV1_t2","react_ccrs_mazeV1_t2_20260625_141909.log","124716","react.ccrs.contingency.escalation.skipped","","1930",,,,,,"no_escalation_condition_met",,,,,,,,,,,"","","","","","","","",,
"react-baseline-vs-ccrs-v1-t2","002-ccrs","react_ccrs_mazeV1_t2","react_ccrs_mazeV1_t2_20260625_141909.log","124822","react.ccrs.contingency.escalation.considered","","1931",,,,,,,,,,,,,,,,,"","","","","","","","",,
"react-baseline-vs-ccrs-v1-t2","002-ccrs","react_ccrs_mazeV1_t2","react_ccrs_mazeV1_t2_20260625_141909.log","124823","react.ccrs.contingency.escalation.skipped","","1931",,,,,,"no_escalation_condition_met",,,,,,,,,,,"","","","","","","","",,
"react-baseline-vs-ccrs-v1-t2","002-ccrs","react_ccrs_mazeV1_t2","react_ccrs_mazeV1_t2_20260625_141909.log","124929","react.ccrs.contingency.escalation.considered","","1932",,,,,,,,,,,,,,,,,"","","","","","","","",,
"react-baseline-vs-ccrs-v1-t2","002-ccrs","react_ccrs_mazeV1_t2","react_ccrs_mazeV1_t2_20260625_141909.log","124930","react.ccrs.contingency.escalation.skipped","","1932",,,,,,"no_escalation_condition_met",,,,,,,,,,,"","","","","","","","",,
"react-baseline-vs-ccrs-v1-t2","002-ccrs","react_ccrs_mazeV1_t2","react_ccrs_mazeV1_t2_20260625_141909.log","124941","react.ccrs.contingency.escalation.considered","","1933",,,,,,,,,,,,,,,,,"","","","","","","","",,
"react-baseline-vs-ccrs-v1-t2","002-ccrs","react_ccrs_mazeV1_t2","react_ccrs_mazeV1_t2_20260625_141909.log","124942","react.ccrs.contingency.escalation.skipped","","1933",,,,,,"no_escalation_condition_met",,,,,,,,,,,"","","","","","","","",,
"react-baseline-vs-ccrs-v1-t2","002-ccrs","react_ccrs_mazeV1_t2","react_ccrs_mazeV1_t2_20260625_141909.log","125048","react.ccrs.contingency.escalation.considered","","1934",,,,,,,,,,,,,,,,,"","","","","","","","",,
"react-baseline-vs-ccrs-v1-t2","002-ccrs","react_ccrs_mazeV1_t2","react_ccrs_mazeV1_t2_20260625_141909.log","125049","react.ccrs.contingency.escalation.skipped","","1934",,,,,,"no_escalation_condition_met",,,,,,,,,,,"","","","","","","","",,
"react-baseline-vs-ccrs-v1-t2","002-ccrs","react_ccrs_mazeV1_t2","react_ccrs_mazeV1_t2_20260625_141909.log","125155","react.ccrs.contingency.escalation.considered","","1935",,,,,,,,,,,,,,,,,"","","","","","","","",,
"react-baseline-vs-ccrs-v1-t2","002-ccrs","react_ccrs_mazeV1_t2","react_ccrs_mazeV1_t2_20260625_141909.log","125156","react.ccrs.contingency.escalation.skipped","","1935",,,,,,"no_escalation_condition_met",,,,,,,,,,,"","","","","","","","",,
"react-baseline-vs-ccrs-v1-t2","002-ccrs","react_ccrs_mazeV1_t2","react_ccrs_mazeV1_t2_20260625_141909.log","125262","react.ccrs.contingency.escalation.considered","","1936",,,,,,,,,,,,,,,,,"","","","","","","","",,
"react-baseline-vs-ccrs-v1-t2","002-ccrs","react_ccrs_mazeV1_t2","react_ccrs_mazeV1_t2_20260625_141909.log","125263","react.ccrs.contingency.escalation.skipped","","1936",,,,,,"no_escalation_condition_met",,,,,,,,,,,"","","","","","","","",,
"react-baseline-vs-ccrs-v1-t2","002-ccrs","react_ccrs_mazeV1_t2","react_ccrs_mazeV1_t2_20260625_141909.log","125369","react.ccrs.contingency.escalation.considered","","1937",,,,,,,,,,,,,,,,,"","","","","","","","",,
"react-baseline-vs-ccrs-v1-t2","002-ccrs","react_ccrs_mazeV1_t2","react_ccrs_mazeV1_t2_20260625_141909.log","125370","react.ccrs.contingency.escalation.skipped","","1937",,,,,,"no_escalation_condition_met",,,,,,,,,,,"","","","","","","","",,
"react-baseline-vs-ccrs-v1-t2","002-ccrs","react_ccrs_mazeV1_t2","react_ccrs_mazeV1_t2_20260625_141909.log","125476","react.ccrs.contingency.escalation.considered","","1938",,,,,,,,,,,,,,,,,"","","","","","","","",,
"react-baseline-vs-ccrs-v1-t2","002-ccrs","react_ccrs_mazeV1_t2","react_ccrs_mazeV1_t2_20260625_141909.log","125477","react.ccrs.contingency.escalation.skipped","","1938",,,,,,"no_escalation_condition_met",,,,,,,,,,,"","","","","","","","",,
"react-baseline-vs-ccrs-v1-t2","002-ccrs","react_ccrs_mazeV1_t2","react_ccrs_mazeV1_t2_20260625_141909.log","125583","react.ccrs.contingency.escalation.considered","","1939",,,,,,,,,,,,,,,,,"","","","","","","","",,
"react-baseline-vs-ccrs-v1-t2","002-ccrs","react_ccrs_mazeV1_t2","react_ccrs_mazeV1_t2_20260625_141909.log","125584","react.ccrs.contingency.escalation.skipped","","1939",,,,,,"no_escalation_condition_met",,,,,,,,,,,"","","","","","","","",,
"react-baseline-vs-ccrs-v1-t2","002-ccrs","react_ccrs_mazeV1_t2","react_ccrs_mazeV1_t2_20260625_141909.log","125690","react.ccrs.contingency.escalation.considered","","1940",,,,,,,,,,,,,,,,,"","","","","","","","",,
"react-baseline-vs-ccrs-v1-t2","002-ccrs","react_ccrs_mazeV1_t2","react_ccrs_mazeV1_t2_20260625_141909.log","125691","react.ccrs.contingency.escalation.skipped","","1940",,,,,,"no_escalation_condition_met",,,,,,,,,,,"","","","","","","","",,
"react-baseline-vs-ccrs-v1-t2","002-ccrs","react_ccrs_mazeV1_t2","react_ccrs_mazeV1_t2_20260625_141909.log","125797","react.ccrs.contingency.escalation.considered","","1941",,,,,,,,,,,,,,,,,"","","","","","","","",,
"react-baseline-vs-ccrs-v1-t2","002-ccrs","react_ccrs_mazeV1_t2","react_ccrs_mazeV1_t2_20260625_141909.log","125798","react.ccrs.contingency.escalation.skipped","","1941",,,,,,"no_escalation_condition_met",,,,,,,,,,,"","","","","","","","",,
"react-baseline-vs-ccrs-v1-t2","002-ccrs","react_ccrs_mazeV1_t2","react_ccrs_mazeV1_t2_20260625_141909.log","125904","react.ccrs.contingency.escalation.considered","","1942",,,,,,,,,,,,,,,,,"","","","","","","","",,
"react-baseline-vs-ccrs-v1-t2","002-ccrs","react_ccrs_mazeV1_t2","react_ccrs_mazeV1_t2_20260625_141909.log","125905","react.ccrs.contingency.escalation.skipped","","1942",,,,,,"no_escalation_condition_met",,,,,,,,,,,"","","","","","","","",,
"react-baseline-vs-ccrs-v1-t2","002-ccrs","react_ccrs_mazeV1_t2","react_ccrs_mazeV1_t2_20260625_141909.log","126011","react.ccrs.contingency.escalation.considered","","1943",,,,,,,,,,,,,,,,,"","","","","","","","",,
"react-baseline-vs-ccrs-v1-t2","002-ccrs","react_ccrs_mazeV1_t2","react_ccrs_mazeV1_t2_20260625_141909.log","126012","react.ccrs.contingency.escalation.skipped","","1943",,,,,,"no_escalation_condition_met",,,,,,,,,,,"","","","","","","","",,
"react-baseline-vs-ccrs-v1-t2","002-ccrs","react_ccrs_mazeV1_t2","react_ccrs_mazeV1_t2_20260625_141909.log","126118","react.ccrs.contingency.escalation.considered","","1944",,,,,,,,,,,,,,,,,"","","","","","","","",,
"react-baseline-vs-ccrs-v1-t2","002-ccrs","react_ccrs_mazeV1_t2","react_ccrs_mazeV1_t2_20260625_141909.log","126119","react.ccrs.contingency.escalation.skipped","","1944",,,,,,"no_escalation_condition_met",,,,,,,,,,,"","","","","","","","",,
"react-baseline-vs-ccrs-v1-t2","002-ccrs","react_ccrs_mazeV1_t2","react_ccrs_mazeV1_t2_20260625_141909.log","126225","react.ccrs.contingency.escalation.considered","","1945",,,,,,,,,,,,,,,,,"","","","","","","","",,
"react-baseline-vs-ccrs-v1-t2","002-ccrs","react_ccrs_mazeV1_t2","react_ccrs_mazeV1_t2_20260625_141909.log","126226","react.ccrs.contingency.escalation.skipped","","1945",,,,,,"no_escalation_condition_met",,,,,,,,,,,"","","","","","","","",,
"react-baseline-vs-ccrs-v1-t2","002-ccrs","react_ccrs_mazeV1_t2","react_ccrs_mazeV1_t2_20260625_141909.log","126332","react.ccrs.contingency.escalation.considered","","1946",,,,,,,,,,,,,,,,,"","","","","","","","",,
"react-baseline-vs-ccrs-v1-t2","002-ccrs","react_ccrs_mazeV1_t2","react_ccrs_mazeV1_t2_20260625_141909.log","126333","react.ccrs.contingency.escalation.skipped","","1946",,,,,,"no_escalation_condition_met",,,,,,,,,,,"","","","","","","","",,
"react-baseline-vs-ccrs-v1-t2","002-ccrs","react_ccrs_mazeV1_t2","react_ccrs_mazeV1_t2_20260625_141909.log","126439","react.ccrs.contingency.escalation.considered","","1947",,,,,,,,,,,,,,,,,"","","","","","","","",,
"react-baseline-vs-ccrs-v1-t2","002-ccrs","react_ccrs_mazeV1_t2","react_ccrs_mazeV1_t2_20260625_141909.log","126440","react.ccrs.contingency.escalation.skipped","","1947",,,,,,"no_escalation_condition_met",,,,,,,,,,,"","","","","","","","",,
"react-baseline-vs-ccrs-v1-t2","002-ccrs","react_ccrs_mazeV1_t2","react_ccrs_mazeV1_t2_20260625_141909.log","126546","react.ccrs.contingency.escalation.considered","","1948",,,,,,,,,,,,,,,,,"","","","","","","","",,
"react-baseline-vs-ccrs-v1-t2","002-ccrs","react_ccrs_mazeV1_t2","react_ccrs_mazeV1_t2_20260625_141909.log","126547","react.ccrs.contingency.escalation.skipped","","1948",,,,,,"no_escalation_condition_met",,,,,,,,,,,"","","","","","","","",,
"react-baseline-vs-ccrs-v1-t2","002-ccrs","react_ccrs_mazeV1_t2","react_ccrs_mazeV1_t2_20260625_141909.log","126653","react.ccrs.contingency.escalation.considered","","1949",,,,,,,,,,,,,,,,,"","","","","","","","",,
"react-baseline-vs-ccrs-v1-t2","002-ccrs","react_ccrs_mazeV1_t2","react_ccrs_mazeV1_t2_20260625_141909.log","126654","react.ccrs.contingency.escalation.skipped","","1949",,,,,,"no_escalation_condition_met",,,,,,,,,,,"","","","","","","","",,
"react-baseline-vs-ccrs-v1-t2","002-ccrs","react_ccrs_mazeV1_t2","react_ccrs_mazeV1_t2_20260625_141909.log","126760","react.ccrs.contingency.escalation.considered","","1950",,,,,,,,,,,,,,,,,"","","","","","","","",,
"react-baseline-vs-ccrs-v1-t2","002-ccrs","react_ccrs_mazeV1_t2","react_ccrs_mazeV1_t2_20260625_141909.log","126761","react.ccrs.contingency.escalation.skipped","","1950",,,,,,"no_escalation_condition_met",,,,,,,,,,,"","","","","","","","",,
"react-baseline-vs-ccrs-v1-t2","002-ccrs","react_ccrs_mazeV1_t2","react_ccrs_mazeV1_t2_20260625_141909.log","126867","react.ccrs.contingency.escalation.considered","","1951",,,,,,,,,,,,,,,,,"","","","","","","","",,
"react-baseline-vs-ccrs-v1-t2","002-ccrs","react_ccrs_mazeV1_t2","react_ccrs_mazeV1_t2_20260625_141909.log","126868","react.ccrs.contingency.escalation.skipped","","1951",,,,,,"no_escalation_condition_met",,,,,,,,,,,"","","","","","","","",,
"react-baseline-vs-ccrs-v1-t2","002-ccrs","react_ccrs_mazeV1_t2","react_ccrs_mazeV1_t2_20260625_141909.log","126974","react.ccrs.contingency.escalation.considered","","1952",,,,,,,,,,,,,,,,,"","","","","","","","",,
"react-baseline-vs-ccrs-v1-t2","002-ccrs","react_ccrs_mazeV1_t2","react_ccrs_mazeV1_t2_20260625_141909.log","126975","react.ccrs.contingency.escalation.skipped","","1952",,,,,,"no_escalation_condition_met",,,,,,,,,,,"","","","","","","","",,
"react-baseline-vs-ccrs-v1-t2","002-ccrs","react_ccrs_mazeV1_t2","react_ccrs_mazeV1_t2_20260625_141909.log","127081","react.ccrs.contingency.escalation.considered","","1953",,,,,,,,,,,,,,,,,"","","","","","","","",,
"react-baseline-vs-ccrs-v1-t2","002-ccrs","react_ccrs_mazeV1_t2","react_ccrs_mazeV1_t2_20260625_141909.log","127082","react.ccrs.contingency.escalation.skipped","","1953",,,,,,"no_escalation_condition_met",,,,,,,,,,,"","","","","","","","",,
"react-baseline-vs-ccrs-v1-t2","002-ccrs","react_ccrs_mazeV1_t2","react_ccrs_mazeV1_t2_20260625_141909.log","127188","react.ccrs.contingency.escalation.considered","","1954",,,,,,,,,,,,,,,,,"","","","","","","","",,
"react-baseline-vs-ccrs-v1-t2","002-ccrs","react_ccrs_mazeV1_t2","react_ccrs_mazeV1_t2_20260625_141909.log","127189","react.ccrs.contingency.escalation.skipped","","1954",,,,,,"no_escalation_condition_met",,,,,,,,,,,"","","","","","","","",,
"react-baseline-vs-ccrs-v1-t2","002-ccrs","react_ccrs_mazeV1_t2","react_ccrs_mazeV1_t2_20260625_141909.log","127295","react.ccrs.contingency.escalation.considered","","1955",,,,,,,,,,,,,,,,,"","","","","","","","",,
"react-baseline-vs-ccrs-v1-t2","002-ccrs","react_ccrs_mazeV1_t2","react_ccrs_mazeV1_t2_20260625_141909.log","127296","react.ccrs.contingency.escalation.skipped","","1955",,,,,,"no_escalation_condition_met",,,,,,,,,,,"","","","","","","","",,
"react-baseline-vs-ccrs-v1-t2","002-ccrs","react_ccrs_mazeV1_t2","react_ccrs_mazeV1_t2_20260625_141909.log","127402","react.ccrs.contingency.escalation.considered","","1956",,,,,,,,,,,,,,,,,"","","","","","","","",,
"react-baseline-vs-ccrs-v1-t2","002-ccrs","react_ccrs_mazeV1_t2","react_ccrs_mazeV1_t2_20260625_141909.log","127403","react.ccrs.contingency.escalation.skipped","","1956",,,,,,"no_escalation_condition_met",,,,,,,,,,,"","","","","","","","",,
"react-baseline-vs-ccrs-v1-t2","002-ccrs","react_ccrs_mazeV1_t2","react_ccrs_mazeV1_t2_20260625_141909.log","127419","react.ccrs.contingency.escalation.considered","","1957",,,,,,,,,,,,,,,,,"","","","","","","","",,
"react-baseline-vs-ccrs-v1-t2","002-ccrs","react_ccrs_mazeV1_t2","react_ccrs_mazeV1_t2_20260625_141909.log","127420","react.ccrs.contingency.escalation.activated","","1957",,,,,,"explicit_llm_escalation",,"UNCERTAINTY","llm_self_escalation","http://127.0.1.1:8080/cells/36/36",,,,,,,"","","","","","","","",,
"react-baseline-vs-ccrs-v1-t2","002-ccrs","react_ccrs_mazeV1_t2","react_ccrs_mazeV1_t2_20260625_141909.log","127425","react.ccrs.contingency.classpath.resolved","",,,,,,,,,,,,,,,,,,"","","","","","","","",,
"react-baseline-vs-ccrs-v1-t2","002-ccrs","react_ccrs_mazeV1_t2","react_ccrs_mazeV1_t2_20260625_141909.log","127431","react.ccrs.contingency.classpath.resolved","",,,,,,,,,,,,,,,,,,"","","","","","","","",,
"react-baseline-vs-ccrs-v1-t2","002-ccrs","react_ccrs_mazeV1_t2","react_ccrs_mazeV1_t2_20260625_141909.log","127434","react.ccrs.contingency.evaluate","5",,,,,,,,,"UNCERTAINTY","llm_self_escalation","http://127.0.1.1:8080/cells/36/36",,,,,,,"","","","","","","","",,
"react-baseline-vs-ccrs-v1-t2","002-ccrs","react_ccrs_mazeV1_t2","react_ccrs_mazeV1_t2_20260625_141909.log","127435","react.ccrs.contingency.returned","5",,,"prediction_llm","2a4705cf-9965-48e6-b31b-ae5fed81b03e","post","False",,,,,,,,"4","1","0","0","","","","","","","","",,
"react-baseline-vs-ccrs-v1-t2","002-ccrs","react_ccrs_mazeV1_t2","react_ccrs_mazeV1_t2_20260625_141909.log","127628","react.ccrs.contingency.escalation.considered","","1958",,,,,,,,,,,,,,,,,"","","","","","","","",,
"react-baseline-vs-ccrs-v1-t2","002-ccrs","react_ccrs_mazeV1_t2","react_ccrs_mazeV1_t2_20260625_141909.log","127629","react.ccrs.contingency.escalation.skipped","","1958",,,,,,"no_escalation_condition_met",,,,,,,,,,,"","","","","","","","",,
"react-baseline-vs-ccrs-v1-t2","002-ccrs","react_ccrs_mazeV1_t2","react_ccrs_mazeV1_t2_20260625_141909.log","127640","react.ccrs.contingency.escalation.considered","","1959",,,,,,,,,,,,,,,,,"","","","","","","","",,
"react-baseline-vs-ccrs-v1-t2","002-ccrs","react_ccrs_mazeV1_t2","react_ccrs_mazeV1_t2_20260625_141909.log","127641","react.ccrs.contingency.escalation.skipped","","1959",,,,,,"no_escalation_condition_met",,,,,,,,,,,"","","","","","","","",,
"react-baseline-vs-ccrs-v1-t2","002-ccrs","react_ccrs_mazeV1_t2","react_ccrs_mazeV1_t2_20260625_141909.log","127725","react.ccrs.contingency.escalation.considered","","1960",,,,,,,,,,,,,,,,,"","","","","","","","",,
"react-baseline-vs-ccrs-v1-t2","002-ccrs","react_ccrs_mazeV1_t2","react_ccrs_mazeV1_t2_20260625_141909.log","127726","react.ccrs.contingency.escalation.skipped","","1960",,,,,,"no_escalation_condition_met",,,,,,,,,,,"","","","","","","","",,
"react-baseline-vs-ccrs-v1-t2","002-ccrs","react_ccrs_mazeV1_t2","react_ccrs_mazeV1_t2_20260625_141909.log","127810","react.ccrs.contingency.escalation.considered","","1961",,,,,,,,,,,,,,,,,"","","","","","","","",,
"react-baseline-vs-ccrs-v1-t2","002-ccrs","react_ccrs_mazeV1_t2","react_ccrs_mazeV1_t2_20260625_141909.log","127811","react.ccrs.contingency.escalation.skipped","","1961",,,,,,"no_escalation_condition_met",,,,,,,,,,,"","","","","","","","",,
"react-baseline-vs-ccrs-v1-t2","002-ccrs","react_ccrs_mazeV1_t2","react_ccrs_mazeV1_t2_20260625_141909.log","127895","react.ccrs.contingency.escalation.considered","","1962",,,,,,,,,,,,,,,,,"","","","","","","","",,
"react-baseline-vs-ccrs-v1-t2","002-ccrs","react_ccrs_mazeV1_t2","react_ccrs_mazeV1_t2_20260625_141909.log","127896","react.ccrs.contingency.escalation.skipped","","1962",,,,,,"no_escalation_condition_met",,,,,,,,,,,"","","","","","","","",,
"react-baseline-vs-ccrs-v1-t2","002-ccrs","react_ccrs_mazeV1_t2","react_ccrs_mazeV1_t2_20260625_141909.log","127980","react.ccrs.contingency.escalation.considered","","1963",,,,,,,,,,,,,,,,,"","","","","","","","",,
"react-baseline-vs-ccrs-v1-t2","002-ccrs","react_ccrs_mazeV1_t2","react_ccrs_mazeV1_t2_20260625_141909.log","127981","react.ccrs.contingency.escalation.skipped","","1963",,,,,,"no_escalation_condition_met",,,,,,,,,,,"","","","","","","","",,
"react-baseline-vs-ccrs-v1-t2","002-ccrs","react_ccrs_mazeV1_t2","react_ccrs_mazeV1_t2_20260625_141909.log","128065","react.ccrs.contingency.escalation.considered","","1964",,,,,,,,,,,,,,,,,"","","","","","","","",,
"react-baseline-vs-ccrs-v1-t2","002-ccrs","react_ccrs_mazeV1_t2","react_ccrs_mazeV1_t2_20260625_141909.log","128066","react.ccrs.contingency.escalation.skipped","","1964",,,,,,"no_escalation_condition_met",,,,,,,,,,,"","","","","","","","",,
"react-baseline-vs-ccrs-v1-t2","002-ccrs","react_ccrs_mazeV1_t2","react_ccrs_mazeV1_t2_20260625_141909.log","128150","react.ccrs.contingency.escalation.considered","","1965",,,,,,,,,,,,,,,,,"","","","","","","","",,
"react-baseline-vs-ccrs-v1-t2","002-ccrs","react_ccrs_mazeV1_t2","react_ccrs_mazeV1_t2_20260625_141909.log","128151","react.ccrs.contingency.escalation.skipped","","1965",,,,,,"no_escalation_condition_met",,,,,,,,,,,"","","","","","","","",,
"react-baseline-vs-ccrs-v1-t2","002-ccrs","react_ccrs_mazeV1_t2","react_ccrs_mazeV1_t2_20260625_141909.log","128235","react.ccrs.contingency.escalation.considered","","1966",,,,,,,,,,,,,,,,,"","","","","","","","",,
"react-baseline-vs-ccrs-v1-t2","002-ccrs","react_ccrs_mazeV1_t2","react_ccrs_mazeV1_t2_20260625_141909.log","128236","react.ccrs.contingency.escalation.skipped","","1966",,,,,,"no_escalation_condition_met",,,,,,,,,,,"","","","","","","","",,
"react-baseline-vs-ccrs-v1-t2","002-ccrs","react_ccrs_mazeV1_t2","react_ccrs_mazeV1_t2_20260625_141909.log","128252","react.ccrs.contingency.escalation.considered","","1967",,,,,,,,,,,,,,,,,"","","","","","","","",,
"react-baseline-vs-ccrs-v1-t2","002-ccrs","react_ccrs_mazeV1_t2","react_ccrs_mazeV1_t2_20260625_141909.log","128253","react.ccrs.contingency.escalation.skipped","","1967",,,,,,"no_escalation_condition_met",,,,,,,,,,,"","","","","","","","",,
"react-baseline-vs-ccrs-v1-t2","002-ccrs","react_ccrs_mazeV1_t2","react_ccrs_mazeV1_t2_20260625_141909.log","128337","react.ccrs.contingency.escalation.considered","","1968",,,,,,,,,,,,,,,,,"","","","","","","","",,
"react-baseline-vs-ccrs-v1-t2","002-ccrs","react_ccrs_mazeV1_t2","react_ccrs_mazeV1_t2_20260625_141909.log","128338","react.ccrs.contingency.escalation.skipped","","1968",,,,,,"no_escalation_condition_met",,,,,,,,,,,"","","","","","","","",,
"react-baseline-vs-ccrs-v1-t2","002-ccrs","react_ccrs_mazeV1_t2","react_ccrs_mazeV1_t2_20260625_141909.log","128422","react.ccrs.contingency.escalation.considered","","1969",,,,,,,,,,,,,,,,,"","","","","","","","",,
"react-baseline-vs-ccrs-v1-t2","002-ccrs","react_ccrs_mazeV1_t2","react_ccrs_mazeV1_t2_20260625_141909.log","128423","react.ccrs.contingency.escalation.skipped","","1969",,,,,,"no_escalation_condition_met",,,,,,,,,,,"","","","","","","","",,
"react-baseline-vs-ccrs-v1-t2","002-ccrs","react_ccrs_mazeV1_t2","react_ccrs_mazeV1_t2_20260625_141909.log","128507","react.ccrs.contingency.escalation.considered","","1970",,,,,,,,,,,,,,,,,"","","","","","","","",,
"react-baseline-vs-ccrs-v1-t2","002-ccrs","react_ccrs_mazeV1_t2","react_ccrs_mazeV1_t2_20260625_141909.log","128508","react.ccrs.contingency.escalation.skipped","","1970",,,,,,"no_escalation_condition_met",,,,,,,,,,,"","","","","","","","",,
"react-baseline-vs-ccrs-v1-t2","002-ccrs","react_ccrs_mazeV1_t2","react_ccrs_mazeV1_t2_20260625_141909.log","128592","react.ccrs.contingency.escalation.considered","","1971",,,,,,,,,,,,,,,,,"","","","","","","","",,
"react-baseline-vs-ccrs-v1-t2","002-ccrs","react_ccrs_mazeV1_t2","react_ccrs_mazeV1_t2_20260625_141909.log","128593","react.ccrs.contingency.escalation.skipped","","1971",,,,,,"no_escalation_condition_met",,,,,,,,,,,"","","","","","","","",,
"react-baseline-vs-ccrs-v1-t2","002-ccrs","react_ccrs_mazeV1_t2","react_ccrs_mazeV1_t2_20260625_141909.log","128677","react.ccrs.contingency.escalation.considered","","1972",,,,,,,,,,,,,,,,,"","","","","","","","",,
"react-baseline-vs-ccrs-v1-t2","002-ccrs","react_ccrs_mazeV1_t2","react_ccrs_mazeV1_t2_20260625_141909.log","128678","react.ccrs.contingency.escalation.skipped","","1972",,,,,,"no_escalation_condition_met",,,,,,,,,,,"","","","","","","","",,
"react-baseline-vs-ccrs-v1-t2","002-ccrs","react_ccrs_mazeV1_t2","react_ccrs_mazeV1_t2_20260625_141909.log","128762","react.ccrs.contingency.escalation.considered","","1973",,,,,,,,,,,,,,,,,"","","","","","","","",,
"react-baseline-vs-ccrs-v1-t2","002-ccrs","react_ccrs_mazeV1_t2","react_ccrs_mazeV1_t2_20260625_141909.log","128763","react.ccrs.contingency.escalation.skipped","","1973",,,,,,"no_escalation_condition_met",,,,,,,,,,,"","","","","","","","",,
"react-baseline-vs-ccrs-v1-t2","002-ccrs","react_ccrs_mazeV1_t2","react_ccrs_mazeV1_t2_20260625_141909.log","128847","react.ccrs.contingency.escalation.considered","","1974",,,,,,,,,,,,,,,,,"","","","","","","","",,
"react-baseline-vs-ccrs-v1-t2","002-ccrs","react_ccrs_mazeV1_t2","react_ccrs_mazeV1_t2_20260625_141909.log","128848","react.ccrs.contingency.escalation.skipped","","1974",,,,,,"no_escalation_condition_met",,,,,,,,,,,"","","","","","","","",,
"react-baseline-vs-ccrs-v1-t2","002-ccrs","react_ccrs_mazeV1_t2","react_ccrs_mazeV1_t2_20260625_141909.log","128932","react.ccrs.contingency.escalation.considered","","1975",,,,,,,,,,,,,,,,,"","","","","","","","",,
"react-baseline-vs-ccrs-v1-t2","002-ccrs","react_ccrs_mazeV1_t2","react_ccrs_mazeV1_t2_20260625_141909.log","128933","react.ccrs.contingency.escalation.skipped","","1975",,,,,,"no_escalation_condition_met",,,,,,,,,,,"","","","","","","","",,
"react-baseline-vs-ccrs-v1-t2","002-ccrs","react_ccrs_mazeV1_t2","react_ccrs_mazeV1_t2_20260625_141909.log","129017","react.ccrs.contingency.escalation.considered","","1976",,,,,,,,,,,,,,,,,"","","","","","","","",,
"react-baseline-vs-ccrs-v1-t2","002-ccrs","react_ccrs_mazeV1_t2","react_ccrs_mazeV1_t2_20260625_141909.log","129018","react.ccrs.contingency.escalation.skipped","","1976",,,,,,"no_escalation_condition_met",,,,,,,,,,,"","","","","","","","",,
"react-baseline-vs-ccrs-v1-t2","002-ccrs","react_ccrs_mazeV1_t2","react_ccrs_mazeV1_t2_20260625_141909.log","129102","react.ccrs.contingency.escalation.considered","","1977",,,,,,,,,,,,,,,,,"","","","","","","","",,
"react-baseline-vs-ccrs-v1-t2","002-ccrs","react_ccrs_mazeV1_t2","react_ccrs_mazeV1_t2_20260625_141909.log","129103","react.ccrs.contingency.escalation.skipped","","1977",,,,,,"no_escalation_condition_met",,,,,,,,,,,"","","","","","","","",,
"react-baseline-vs-ccrs-v1-t2","002-ccrs","react_ccrs_mazeV1_t2","react_ccrs_mazeV1_t2_20260625_141909.log","129187","react.ccrs.contingency.escalation.considered","","1978",,,,,,,,,,,,,,,,,"","","","","","","","",,
"react-baseline-vs-ccrs-v1-t2","002-ccrs","react_ccrs_mazeV1_t2","react_ccrs_mazeV1_t2_20260625_141909.log","129188","react.ccrs.contingency.escalation.skipped","","1978",,,,,,"no_escalation_condition_met",,,,,,,,,,,"","","","","","","","",,
"react-baseline-vs-ccrs-v1-t2","002-ccrs","react_ccrs_mazeV1_t2","react_ccrs_mazeV1_t2_20260625_141909.log","129272","react.ccrs.contingency.escalation.considered","","1979",,,,,,,,,,,,,,,,,"","","","","","","","",,
"react-baseline-vs-ccrs-v1-t2","002-ccrs","react_ccrs_mazeV1_t2","react_ccrs_mazeV1_t2_20260625_141909.log","129273","react.ccrs.contingency.escalation.skipped","","1979",,,,,,"no_escalation_condition_met",,,,,,,,,,,"","","","","","","","",,
"react-baseline-vs-ccrs-v1-t2","002-ccrs","react_ccrs_mazeV1_t2","react_ccrs_mazeV1_t2_20260625_141909.log","129289","react.ccrs.contingency.escalation.considered","","1980",,,,,,,,,,,,,,,,,"","","","","","","","",,
"react-baseline-vs-ccrs-v1-t2","002-ccrs","react_ccrs_mazeV1_t2","react_ccrs_mazeV1_t2_20260625_141909.log","129290","react.ccrs.contingency.escalation.skipped","","1980",,,,,,"no_escalation_condition_met",,,,,,,,,,,"","","","","","","","",,
"react-baseline-vs-ccrs-v1-t2","002-ccrs","react_ccrs_mazeV1_t2","react_ccrs_mazeV1_t2_20260625_141909.log","129374","react.ccrs.contingency.escalation.considered","","1981",,,,,,,,,,,,,,,,,"","","","","","","","",,
"react-baseline-vs-ccrs-v1-t2","002-ccrs","react_ccrs_mazeV1_t2","react_ccrs_mazeV1_t2_20260625_141909.log","129375","react.ccrs.contingency.escalation.skipped","","1981",,,,,,"no_escalation_condition_met",,,,,,,,,,,"","","","","","","","",,
"react-baseline-vs-ccrs-v1-t2","002-ccrs","react_ccrs_mazeV1_t2","react_ccrs_mazeV1_t2_20260625_141909.log","129459","react.ccrs.contingency.escalation.considered","","1982",,,,,,,,,,,,,,,,,"","","","","","","","",,
"react-baseline-vs-ccrs-v1-t2","002-ccrs","react_ccrs_mazeV1_t2","react_ccrs_mazeV1_t2_20260625_141909.log","129460","react.ccrs.contingency.escalation.skipped","","1982",,,,,,"no_escalation_condition_met",,,,,,,,,,,"","","","","","","","",,
"react-baseline-vs-ccrs-v1-t2","002-ccrs","react_ccrs_mazeV1_t2","react_ccrs_mazeV1_t2_20260625_141909.log","129476","react.ccrs.contingency.escalation.considered","","1983",,,,,,,,,,,,,,,,,"","","","","","","","",,
"react-baseline-vs-ccrs-v1-t2","002-ccrs","react_ccrs_mazeV1_t2","react_ccrs_mazeV1_t2_20260625_141909.log","129477","react.ccrs.contingency.escalation.skipped","","1983",,,,,,"no_escalation_condition_met",,,,,,,,,,,"","","","","","","","",,
"react-baseline-vs-ccrs-v1-t2","002-ccrs","react_ccrs_mazeV1_t2","react_ccrs_mazeV1_t2_20260625_141909.log","129561","react.ccrs.contingency.escalation.considered","","1984",,,,,,,,,,,,,,,,,"","","","","","","","",,
"react-baseline-vs-ccrs-v1-t2","002-ccrs","react_ccrs_mazeV1_t2","react_ccrs_mazeV1_t2_20260625_141909.log","129562","react.ccrs.contingency.escalation.skipped","","1984",,,,,,"no_escalation_condition_met",,,,,,,,,,,"","","","","","","","",,
"react-baseline-vs-ccrs-v1-t2","002-ccrs","react_ccrs_mazeV1_t2","react_ccrs_mazeV1_t2_20260625_141909.log","129646","react.ccrs.contingency.escalation.considered","","1985",,,,,,,,,,,,,,,,,"","","","","","","","",,
"react-baseline-vs-ccrs-v1-t2","002-ccrs","react_ccrs_mazeV1_t2","react_ccrs_mazeV1_t2_20260625_141909.log","129647","react.ccrs.contingency.escalation.skipped","","1985",,,,,,"no_escalation_condition_met",,,,,,,,,,,"","","","","","","","",,
"react-baseline-vs-ccrs-v1-t2","002-ccrs","react_ccrs_mazeV1_t2","react_ccrs_mazeV1_t2_20260625_141909.log","129731","react.ccrs.contingency.escalation.considered","","1986",,,,,,,,,,,,,,,,,"","","","","","","","",,
"react-baseline-vs-ccrs-v1-t2","002-ccrs","react_ccrs_mazeV1_t2","react_ccrs_mazeV1_t2_20260625_141909.log","129732","react.ccrs.contingency.escalation.skipped","","1986",,,,,,"no_escalation_condition_met",,,,,,,,,,,"","","","","","","","",,
"react-baseline-vs-ccrs-v1-t2","002-ccrs","react_ccrs_mazeV1_t2","react_ccrs_mazeV1_t2_20260625_141909.log","129816","react.ccrs.contingency.escalation.considered","","1987",,,,,,,,,,,,,,,,,"","","","","","","","",,
"react-baseline-vs-ccrs-v1-t2","002-ccrs","react_ccrs_mazeV1_t2","react_ccrs_mazeV1_t2_20260625_141909.log","129817","react.ccrs.contingency.escalation.skipped","","1987",,,,,,"no_escalation_condition_met",,,,,,,,,,,"","","","","","","","",,
"react-baseline-vs-ccrs-v1-t2","002-ccrs","react_ccrs_mazeV1_t2","react_ccrs_mazeV1_t2_20260625_141909.log","129901","react.ccrs.contingency.escalation.considered","","1988",,,,,,,,,,,,,,,,,"","","","","","","","",,
"react-baseline-vs-ccrs-v1-t2","002-ccrs","react_ccrs_mazeV1_t2","react_ccrs_mazeV1_t2_20260625_141909.log","129902","react.ccrs.contingency.escalation.skipped","","1988",,,,,,"no_escalation_condition_met",,,,,,,,,,,"","","","","","","","",,
"react-baseline-vs-ccrs-v1-t2","002-ccrs","react_ccrs_mazeV1_t2","react_ccrs_mazeV1_t2_20260625_141909.log","129913","react.ccrs.contingency.escalation.considered","","1989",,,,,,,,,,,,,,,,,"","","","","","","","",,
"react-baseline-vs-ccrs-v1-t2","002-ccrs","react_ccrs_mazeV1_t2","react_ccrs_mazeV1_t2_20260625_141909.log","129914","react.ccrs.contingency.escalation.skipped","","1989",,,,,,"no_escalation_condition_met",,,,,,,,,,,"","","","","","","","",,
"react-baseline-vs-ccrs-v1-t2","002-ccrs","react_ccrs_mazeV1_t2","react_ccrs_mazeV1_t2_20260625_141909.log","130020","react.ccrs.contingency.escalation.considered","","1990",,,,,,,,,,,,,,,,,"","","","","","","","",,
"react-baseline-vs-ccrs-v1-t2","002-ccrs","react_ccrs_mazeV1_t2","react_ccrs_mazeV1_t2_20260625_141909.log","130021","react.ccrs.contingency.escalation.skipped","","1990",,,,,,"no_escalation_condition_met",,,,,,,,,,,"","","","","","","","",,
"react-baseline-vs-ccrs-v1-t2","002-ccrs","react_ccrs_mazeV1_t2","react_ccrs_mazeV1_t2_20260625_141909.log","130032","react.ccrs.contingency.escalation.considered","","1991",,,,,,,,,,,,,,,,,"","","","","","","","",,
"react-baseline-vs-ccrs-v1-t2","002-ccrs","react_ccrs_mazeV1_t2","react_ccrs_mazeV1_t2_20260625_141909.log","130033","react.ccrs.contingency.escalation.skipped","","1991",,,,,,"no_escalation_condition_met",,,,,,,,,,,"","","","","","","","",,
"react-baseline-vs-ccrs-v1-t2","002-ccrs","react_ccrs_mazeV1_t2","react_ccrs_mazeV1_t2_20260625_141909.log","130139","react.ccrs.contingency.escalation.considered","","1992",,,,,,,,,,,,,,,,,"","","","","","","","",,
"react-baseline-vs-ccrs-v1-t2","002-ccrs","react_ccrs_mazeV1_t2","react_ccrs_mazeV1_t2_20260625_141909.log","130140","react.ccrs.contingency.escalation.skipped","","1992",,,,,,"no_escalation_condition_met",,,,,,,,,,,"","","","","","","","",,
"react-baseline-vs-ccrs-v1-t2","002-ccrs","react_ccrs_mazeV1_t2","react_ccrs_mazeV1_t2_20260625_141909.log","130246","react.ccrs.contingency.escalation.considered","","1993",,,,,,,,,,,,,,,,,"","","","","","","","",,
"react-baseline-vs-ccrs-v1-t2","002-ccrs","react_ccrs_mazeV1_t2","react_ccrs_mazeV1_t2_20260625_141909.log","130247","react.ccrs.contingency.escalation.skipped","","1993",,,,,,"no_escalation_condition_met",,,,,,,,,,,"","","","","","","","",,
"react-baseline-vs-ccrs-v1-t2","002-ccrs","react_ccrs_mazeV1_t2","react_ccrs_mazeV1_t2_20260625_141909.log","130258","react.ccrs.contingency.escalation.considered","","1994",,,,,,,,,,,,,,,,,"","","","","","","","",,
"react-baseline-vs-ccrs-v1-t2","002-ccrs","react_ccrs_mazeV1_t2","react_ccrs_mazeV1_t2_20260625_141909.log","130259","react.ccrs.contingency.escalation.skipped","","1994",,,,,,"no_escalation_condition_met",,,,,,,,,,,"","","","","","","","",,
"react-baseline-vs-ccrs-v1-t2","002-ccrs","react_ccrs_mazeV1_t2","react_ccrs_mazeV1_t2_20260625_141909.log","130346","react.ccrs.contingency.escalation.considered","","1995",,,,,,,,,,,,,,,,,"","","","","","","","",,
"react-baseline-vs-ccrs-v1-t2","002-ccrs","react_ccrs_mazeV1_t2","react_ccrs_mazeV1_t2_20260625_141909.log","130347","react.ccrs.contingency.escalation.skipped","","1995",,,,,,"no_escalation_condition_met",,,,,,,,,,,"","","","","","","","",,
"react-baseline-vs-ccrs-v1-t2","002-ccrs","react_ccrs_mazeV1_t2","react_ccrs_mazeV1_t2_20260625_141909.log","130358","react.ccrs.contingency.escalation.considered","","1996",,,,,,,,,,,,,,,,,"","","","","","","","",,
"react-baseline-vs-ccrs-v1-t2","002-ccrs","react_ccrs_mazeV1_t2","react_ccrs_mazeV1_t2_20260625_141909.log","130359","react.ccrs.contingency.escalation.skipped","","1996",,,,,,"no_escalation_condition_met",,,,,,,,,,,"","","","","","","","",,
"react-baseline-vs-ccrs-v1-t2","002-ccrs","react_ccrs_mazeV1_t2","react_ccrs_mazeV1_t2_20260625_141909.log","130484","react.ccrs.contingency.escalation.considered","","1997",,,,,,,,,,,,,,,,,"","","","","","","","",,
"react-baseline-vs-ccrs-v1-t2","002-ccrs","react_ccrs_mazeV1_t2","react_ccrs_mazeV1_t2_20260625_141909.log","130485","react.ccrs.contingency.escalation.skipped","","1997",,,,,,"no_escalation_condition_met",,,,,,,,,,,"","","","","","","","",,
"react-baseline-vs-ccrs-v1-t2","002-ccrs","react_ccrs_mazeV1_t2","react_ccrs_mazeV1_t2_20260625_141909.log","130496","react.ccrs.contingency.escalation.considered","","1998",,,,,,,,,,,,,,,,,"","","","","","","","",,
"react-baseline-vs-ccrs-v1-t2","002-ccrs","react_ccrs_mazeV1_t2","react_ccrs_mazeV1_t2_20260625_141909.log","130497","react.ccrs.contingency.escalation.skipped","","1998",,,,,,"no_escalation_condition_met",,,,,,,,,,,"","","","","","","","",,
"react-baseline-vs-ccrs-v1-t2","002-ccrs","react_ccrs_mazeV1_t2","react_ccrs_mazeV1_t2_20260625_141909.log","130584","react.ccrs.contingency.escalation.considered","","1999",,,,,,,,,,,,,,,,,"","","","","","","","",,
"react-baseline-vs-ccrs-v1-t2","002-ccrs","react_ccrs_mazeV1_t2","react_ccrs_mazeV1_t2_20260625_141909.log","130585","react.ccrs.contingency.escalation.skipped","","1999",,,,,,"no_escalation_condition_met",,,,,,,,,,,"","","","","","","","",,
"react-baseline-vs-ccrs-v1-t2","002-ccrs","react_ccrs_mazeV1_t2","react_ccrs_mazeV1_t2_20260625_141909.log","130672","react.ccrs.contingency.escalation.considered","","2000",,,,,,,,,,,,,,,,,"","","","","","","","",,
"react-baseline-vs-ccrs-v1-t2","002-ccrs","react_ccrs_mazeV1_t2","react_ccrs_mazeV1_t2_20260625_141909.log","130673","react.ccrs.contingency.escalation.skipped","","2000",,,,,,"no_escalation_condition_met",,,,,,,,,,,"","","","","","","","",,
"react-baseline-vs-ccrs-v1-t2","002-ccrs","react_ccrs_mazeV1_t2","react_ccrs_mazeV1_t2_20260625_141909.log","130689","react.ccrs.contingency.escalation.considered","","2001",,,,,,,,,,,,,,,,,"","","","","","","","",,
"react-baseline-vs-ccrs-v1-t2","002-ccrs","react_ccrs_mazeV1_t2","react_ccrs_mazeV1_t2_20260625_141909.log","130690","react.ccrs.contingency.escalation.skipped","","2001",,,,,,"no_escalation_condition_met",,,,,,,,,,,"","","","","","","","",,
"react-baseline-vs-ccrs-v1-t2","002-ccrs","react_ccrs_mazeV1_t2","react_ccrs_mazeV1_t2_20260625_141909.log","130777","react.ccrs.contingency.escalation.considered","","2002",,,,,,,,,,,,,,,,,"","","","","","","","",,
"react-baseline-vs-ccrs-v1-t2","002-ccrs","react_ccrs_mazeV1_t2","react_ccrs_mazeV1_t2_20260625_141909.log","130778","react.ccrs.contingency.escalation.skipped","","2002",,,,,,"no_escalation_condition_met",,,,,,,,,,,"","","","","","","","",,
"react-baseline-vs-ccrs-v1-t2","002-ccrs","react_ccrs_mazeV1_t2","react_ccrs_mazeV1_t2_20260625_141909.java.log","22","ccrs.contingency.strategy.evaluated","1","420",,"retry","",,"",,,"UNCERTAINTY","bad_post_payload","http://127.0.1.1:8080/cells/12/5",,"http_post","","0","0","False","none",,,,"0","False",,,"",""
"react-baseline-vs-ccrs-v1-t2","002-ccrs","react_ccrs_mazeV1_t2","react_ccrs_mazeV1_t2_20260625_141909.java.log","27","ccrs.contingency.strategy.evaluated","1","420",,"backtrack","",,"",,,"UNCERTAINTY","bad_post_payload","http://127.0.1.1:8080/cells/12/5",,"http_post","","0","0","False","none",,,,"1","False",,,"",""
"react-baseline-vs-ccrs-v1-t2","002-ccrs","react_ccrs_mazeV1_t2","react_ccrs_mazeV1_t2_20260625_141909.java.log","58","ccrs.contingency.strategy.evaluated","1","420",,"consultation","",,"",,,"UNCERTAINTY","bad_post_payload","http://127.0.1.1:8080/cells/12/5",,"http_post","","0","0","False","none",,,,"13","False",,,"",""
"react-baseline-vs-ccrs-v1-t2","002-ccrs","react_ccrs_mazeV1_t2","react_ccrs_mazeV1_t2_20260625_141909.java.log","1734","ccrs.contingency.strategy.evaluated","1","420",,"prediction_llm","","post","",,"http://127.0.1.1:8080/cells/12/5","UNCERTAINTY","bad_post_payload","http://127.0.1.1:8080/cells/12/5",,"http_post","","1","0","False","suggestion","post","http://127.0.1.1:8080/cells/12/5","0.82","120188","False",,"LLM suggests: post to http://127.0.1.1:8080/cells/12/5. Reasoning: The advertised POST operation on the current lock expects GreenKeyBodyShape with dyn:keyValue as a string, and the previous body used an undeclared prefix and the wrong dyn:useKey predicate instead...","",""
"react-baseline-vs-ccrs-v1-t2","002-ccrs","react_ccrs_mazeV1_t2","react_ccrs_mazeV1_t2_20260625_141909.java.log","3004","ccrs.contingency.strategy.evaluated","2","1453",,"retry","",,"",,,"STUCK","stuck_navigation","http://127.0.1.1:8080/cells/35/31",,,"","0","0","False","none",,,,"0","False",,,"",""
"react-baseline-vs-ccrs-v1-t2","002-ccrs","react_ccrs_mazeV1_t2","react_ccrs_mazeV1_t2_20260625_141909.java.log","3096","ccrs.contingency.strategy.evaluated","2","1453",,"backtrack","",,"","PRECONDITION_MISSING",,"STUCK","stuck_navigation","http://127.0.1.1:8080/cells/35/31",,,"","0","1","False","no_help",,,,"982","False","PRECONDITION_MISSING","All checkpoints exceed maximum graph distance","",""
"react-baseline-vs-ccrs-v1-t2","002-ccrs","react_ccrs_mazeV1_t2","react_ccrs_mazeV1_t2_20260625_141909.java.log","3133","ccrs.contingency.strategy.evaluated","2","1453",,"consultation","",,"",,,"STUCK","stuck_navigation","http://127.0.1.1:8080/cells/35/31",,,"","0","0","False","none",,,,"4","False",,,"",""
"react-baseline-vs-ccrs-v1-t2","002-ccrs","react_ccrs_mazeV1_t2","react_ccrs_mazeV1_t2_20260625_141909.java.log","5359","ccrs.contingency.strategy.evaluated","2","1453",,"prediction_llm","","post","",,"http://127.0.1.1:8080/cells/35/30","STUCK","stuck_navigation","http://127.0.1.1:8080/cells/35/31",,,"","1","0","False","suggestion","post","http://127.0.1.1:8080/cells/35/30","0.86","13647","False",,"LLM suggests: post to http://127.0.1.1:8080/cells/35/30. Reasoning: The west link to 35/30 is advertised from the current cell and the earlier 403 was caused by trying to GET a non-current cell, so navigation should use POST to the target with entersFrom set to the...","",""
"react-baseline-vs-ccrs-v1-t2","002-ccrs","react_ccrs_mazeV1_t2","react_ccrs_mazeV1_t2_20260625_141909.java.log","5689","ccrs.contingency.strategy.evaluated","3","1684",,"retry","",,"",,,"UNCERTAINTY","llm_self_escalation","http://127.0.1.1:8080/cells/34/36","http://127.0.1.1:8080/cells/35/36","http_get","","0","0","False","none",,,,"1","False",,,"",""
"react-baseline-vs-ccrs-v1-t2","002-ccrs","react_ccrs_mazeV1_t2","react_ccrs_mazeV1_t2_20260625_141909.java.log","5694","ccrs.contingency.strategy.evaluated","3","1684",,"backtrack","",,"",,,"UNCERTAINTY","llm_self_escalation","http://127.0.1.1:8080/cells/34/36","http://127.0.1.1:8080/cells/35/36","http_get","","0","0","False","none",,,,"0","False",,,"",""
"react-baseline-vs-ccrs-v1-t2","002-ccrs","react_ccrs_mazeV1_t2","react_ccrs_mazeV1_t2_20260625_141909.java.log","5734","ccrs.contingency.strategy.evaluated","3","1684",,"consultation","",,"",,,"UNCERTAINTY","llm_self_escalation","http://127.0.1.1:8080/cells/34/36","http://127.0.1.1:8080/cells/35/36","http_get","","0","0","False","none",,,,"4","False",,,"",""
"react-baseline-vs-ccrs-v1-t2","002-ccrs","react_ccrs_mazeV1_t2","react_ccrs_mazeV1_t2_20260625_141909.java.log","8271","ccrs.contingency.strategy.evaluated","3","1684",,"prediction_llm","","post","",,"http://127.0.1.1:8080/cells/35/36","UNCERTAINTY","llm_self_escalation","http://127.0.1.1:8080/cells/34/36","http://127.0.1.1:8080/cells/35/36","http_get","","1","0","False","suggestion","post","http://127.0.1.1:8080/cells/35/36","0.94","12329","False",,"LLM suggests: post to http://127.0.1.1:8080/cells/35/36. Reasoning: The current cell advertises south as http://127.0.1.1:8080/cells/35/36 and the 403 came from incorrectly GETting a non-current adjacent cell, so navigate by POSTing to the target with entersFrom se...","",""
"react-baseline-vs-ccrs-v1-t2","002-ccrs","react_ccrs_mazeV1_t2","react_ccrs_mazeV1_t2_20260625_141909.java.log","8527","ccrs.contingency.strategy.evaluated","4","1815",,"retry","",,"",,,"UNCERTAINTY","llm_self_escalation","http://127.0.1.1:8080/cells/31/36",,,"","0","0","False","none",,,,"0","False",,,"",""
"react-baseline-vs-ccrs-v1-t2","002-ccrs","react_ccrs_mazeV1_t2","react_ccrs_mazeV1_t2_20260625_141909.java.log","8532","ccrs.contingency.strategy.evaluated","4","1815",,"backtrack","",,"",,,"UNCERTAINTY","llm_self_escalation","http://127.0.1.1:8080/cells/31/36",,,"","0","0","False","none",,,,"0","False",,,"",""
"react-baseline-vs-ccrs-v1-t2","002-ccrs","react_ccrs_mazeV1_t2","react_ccrs_mazeV1_t2_20260625_141909.java.log","8566","ccrs.contingency.strategy.evaluated","4","1815",,"consultation","",,"",,,"UNCERTAINTY","llm_self_escalation","http://127.0.1.1:8080/cells/31/36",,,"","0","0","False","none",,,,"3","False",,,"",""
"react-baseline-vs-ccrs-v1-t2","002-ccrs","react_ccrs_mazeV1_t2","react_ccrs_mazeV1_t2_20260625_141909.java.log","11182","ccrs.contingency.strategy.evaluated","4","1815",,"prediction_llm","","post","",,"http://127.0.1.1:8080/cells/31/35","UNCERTAINTY","llm_self_escalation","http://127.0.1.1:8080/cells/31/36",,,"","1","0","False","suggestion","post","http://127.0.1.1:8080/cells/31/35","0.78","27475","False",,"LLM suggests: post to http://127.0.1.1:8080/cells/31/35. Reasoning: You are currently at 31/36; north leads back to the just-confirmed dead-end 30/36 and east is a wall, so use the advertised west transition by POSTing to 31/35 with entersFrom set to the current ce...","",""
"react-baseline-vs-ccrs-v1-t2","002-ccrs","react_ccrs_mazeV1_t2","react_ccrs_mazeV1_t2_20260625_141909.java.log","11463","ccrs.contingency.strategy.evaluated","5","1957",,"retry","",,"",,,"UNCERTAINTY","llm_self_escalation","http://127.0.1.1:8080/cells/36/36",,,"","0","0","False","none",,,,"0","False",,,"",""
"react-baseline-vs-ccrs-v1-t2","002-ccrs","react_ccrs_mazeV1_t2","react_ccrs_mazeV1_t2_20260625_141909.java.log","11468","ccrs.contingency.strategy.evaluated","5","1957",,"backtrack","",,"",,,"UNCERTAINTY","llm_self_escalation","http://127.0.1.1:8080/cells/36/36",,,"","0","0","False","none",,,,"0","False",,,"",""
"react-baseline-vs-ccrs-v1-t2","002-ccrs","react_ccrs_mazeV1_t2","react_ccrs_mazeV1_t2_20260625_141909.java.log","11511","ccrs.contingency.strategy.evaluated","5","1957",,"consultation","",,"",,,"UNCERTAINTY","llm_self_escalation","http://127.0.1.1:8080/cells/36/36",,,"","0","0","False","none",,,,"2","False",,,"",""
"react-baseline-vs-ccrs-v1-t2","002-ccrs","react_ccrs_mazeV1_t2","react_ccrs_mazeV1_t2_20260625_141909.java.log","14522","ccrs.contingency.strategy.evaluated","5","1957",,"prediction_llm","","post","",,"http://127.0.1.1:8080/cells/37/36","UNCERTAINTY","llm_self_escalation","http://127.0.1.1:8080/cells/36/36",,,"","1","0","False","suggestion","post","http://127.0.1.1:8080/cells/37/36","0.78","18849","False",,"LLM suggests: post to http://127.0.1.1:8080/cells/37/36. Reasoning: The current cell advertises a concrete south transition to 37/36, while the red lock operation requires an unknown dyn:keyValue, so navigating south is safer than inventing a key payload.","",""
