"batch_id","run_id","agent_name","sequence","cycle","cycle_timestamp","duration_ms","file","line","event_count","opportunistic_detected_count","opportunistic_prompt_visible_count","selection_count","contingency_event_count","contingency_guidance_event_count"
"react-baseline-vs-ccrs-v1-t2","001-baseline","react_baseline_mazeV1_t2","1","1","2026-06-25T17:26:09.072+00:00",,"react_baseline_mazeV1_t2_20260625_192604.log","6","1","0","0","0","0","0"
"react-baseline-vs-ccrs-v1-t2","001-baseline","react_baseline_mazeV1_t2","2","2","2026-06-25T17:26:13.691+00:00","4619","react_baseline_mazeV1_t2_20260625_192604.log","11","1","0","0","0","0","0"
"react-baseline-vs-ccrs-v1-t2","001-baseline","react_baseline_mazeV1_t2","3","3","2026-06-25T17:26:15.769+00:00","2078","react_baseline_mazeV1_t2_20260625_192604.log","17","1","0","0","0","0","0"
"react-baseline-vs-ccrs-v1-t2","001-baseline","react_baseline_mazeV1_t2","4","4","2026-06-25T17:26:18.519+00:00","2750","react_baseline_mazeV1_t2_20260625_192604.log","23","1","0","0","0","0","0"
"react-baseline-vs-ccrs-v1-t2","001-baseline","react_baseline_mazeV1_t2","5","5","2026-06-25T17:26:20.773+00:00","2254","react_baseline_mazeV1_t2_20260625_192604.log","29","1","0","0","0","0","0"
"react-baseline-vs-ccrs-v1-t2","001-baseline","react_baseline_mazeV1_t2","6","6","2026-06-25T17:26:23.023+00:00","2250","react_baseline_mazeV1_t2_20260625_192604.log","35","1","0","0","0","0","0"
"react-baseline-vs-ccrs-v1-t2","001-baseline","react_baseline_mazeV1_t2","7","7","2026-06-25T17:26:24.882+00:00","1859","react_baseline_mazeV1_t2_20260625_192604.log","41","1","0","0","0","0","0"
"react-baseline-vs-ccrs-v1-t2","001-baseline","react_baseline_mazeV1_t2","8","8","2026-06-25T17:26:28.091+00:00","3209","react_baseline_mazeV1_t2_20260625_192604.log","47","1","0","0","0","0","0"
"react-baseline-vs-ccrs-v1-t2","001-baseline","react_baseline_mazeV1_t2","9","9","2026-06-25T17:26:30.568+00:00","2477","react_baseline_mazeV1_t2_20260625_192604.log","53","1","0","0","0","0","0"
"react-baseline-vs-ccrs-v1-t2","001-baseline","react_baseline_mazeV1_t2","10","10","2026-06-25T17:26:33.432+00:00","2864","react_baseline_mazeV1_t2_20260625_192604.log","59","1","0","0","0","0","0"
"react-baseline-vs-ccrs-v1-t2","001-baseline","react_baseline_mazeV1_t2","11","11","2026-06-25T17:26:37.040+00:00","3608","react_baseline_mazeV1_t2_20260625_192604.log","65","1","0","0","0","0","0"
"react-baseline-vs-ccrs-v1-t2","001-baseline","react_baseline_mazeV1_t2","12","12","2026-06-25T17:26:38.913+00:00","1873","react_baseline_mazeV1_t2_20260625_192604.log","71","1","0","0","0","0","0"
"react-baseline-vs-ccrs-v1-t2","001-baseline","react_baseline_mazeV1_t2","13","13","2026-06-25T17:26:40.653+00:00","1740","react_baseline_mazeV1_t2_20260625_192604.log","77","1","0","0","0","0","0"
"react-baseline-vs-ccrs-v1-t2","001-baseline","react_baseline_mazeV1_t2","14","14","2026-06-25T17:26:42.590+00:00","1937","react_baseline_mazeV1_t2_20260625_192604.log","83","1","0","0","0","0","0"
"react-baseline-vs-ccrs-v1-t2","001-baseline","react_baseline_mazeV1_t2","15","15","2026-06-25T17:26:44.523+00:00","1933","react_baseline_mazeV1_t2_20260625_192604.log","89","1","0","0","0","0","0"
"react-baseline-vs-ccrs-v1-t2","001-baseline","react_baseline_mazeV1_t2","16","16","2026-06-25T17:26:46.212+00:00","1689","react_baseline_mazeV1_t2_20260625_192604.log","95","1","0","0","0","0","0"
"react-baseline-vs-ccrs-v1-t2","001-baseline","react_baseline_mazeV1_t2","17","17","2026-06-25T17:26:47.954+00:00","1742","react_baseline_mazeV1_t2_20260625_192604.log","101","1","0","0","0","0","0"
"react-baseline-vs-ccrs-v1-t2","001-baseline","react_baseline_mazeV1_t2","18","18","2026-06-25T17:26:49.973+00:00","2019","react_baseline_mazeV1_t2_20260625_192604.log","107","1","0","0","0","0","0"
"react-baseline-vs-ccrs-v1-t2","001-baseline","react_baseline_mazeV1_t2","19","19","2026-06-25T17:26:52.689+00:00","2716","react_baseline_mazeV1_t2_20260625_192604.log","113","1","0","0","0","0","0"
"react-baseline-vs-ccrs-v1-t2","001-baseline","react_baseline_mazeV1_t2","20","20","2026-06-25T17:26:54.487+00:00","1798","react_baseline_mazeV1_t2_20260625_192604.log","119","1","0","0","0","0","0"
"react-baseline-vs-ccrs-v1-t2","001-baseline","react_baseline_mazeV1_t2","21","21","2026-06-25T17:26:56.242+00:00","1755","react_baseline_mazeV1_t2_20260625_192604.log","125","1","0","0","0","0","0"
"react-baseline-vs-ccrs-v1-t2","001-baseline","react_baseline_mazeV1_t2","22","22","2026-06-25T17:26:58.524+00:00","2282","react_baseline_mazeV1_t2_20260625_192604.log","131","1","0","0","0","0","0"
"react-baseline-vs-ccrs-v1-t2","001-baseline","react_baseline_mazeV1_t2","23","23","2026-06-25T17:27:00.420+00:00","1896","react_baseline_mazeV1_t2_20260625_192604.log","137","1","0","0","0","0","0"
"react-baseline-vs-ccrs-v1-t2","001-baseline","react_baseline_mazeV1_t2","24","24","2026-06-25T17:27:02.248+00:00","1828","react_baseline_mazeV1_t2_20260625_192604.log","143","1","0","0","0","0","0"
"react-baseline-vs-ccrs-v1-t2","001-baseline","react_baseline_mazeV1_t2","25","25","2026-06-25T17:27:04.294+00:00","2046","react_baseline_mazeV1_t2_20260625_192604.log","149","1","0","0","0","0","0"
"react-baseline-vs-ccrs-v1-t2","001-baseline","react_baseline_mazeV1_t2","26","26","2026-06-25T17:27:05.966+00:00","1672","react_baseline_mazeV1_t2_20260625_192604.log","155","1","0","0","0","0","0"
"react-baseline-vs-ccrs-v1-t2","001-baseline","react_baseline_mazeV1_t2","27","27","2026-06-25T17:27:11.760+00:00","5794","react_baseline_mazeV1_t2_20260625_192604.log","161","1","0","0","0","0","0"
"react-baseline-vs-ccrs-v1-t2","001-baseline","react_baseline_mazeV1_t2","28","28","2026-06-25T17:27:14.612+00:00","2852","react_baseline_mazeV1_t2_20260625_192604.log","167","1","0","0","0","0","0"
"react-baseline-vs-ccrs-v1-t2","001-baseline","react_baseline_mazeV1_t2","29","29","2026-06-25T17:27:16.709+00:00","2097","react_baseline_mazeV1_t2_20260625_192604.log","173","1","0","0","0","0","0"
"react-baseline-vs-ccrs-v1-t2","001-baseline","react_baseline_mazeV1_t2","30","30","2026-06-25T17:27:18.497+00:00","1788","react_baseline_mazeV1_t2_20260625_192604.log","179","1","0","0","0","0","0"
"react-baseline-vs-ccrs-v1-t2","001-baseline","react_baseline_mazeV1_t2","31","31","2026-06-25T17:27:21.451+00:00","2954","react_baseline_mazeV1_t2_20260625_192604.log","185","1","0","0","0","0","0"
"react-baseline-vs-ccrs-v1-t2","001-baseline","react_baseline_mazeV1_t2","32","32","2026-06-25T17:27:25.020+00:00","3569","react_baseline_mazeV1_t2_20260625_192604.log","191","1","0","0","0","0","0"
"react-baseline-vs-ccrs-v1-t2","001-baseline","react_baseline_mazeV1_t2","33","33","2026-06-25T17:27:27.282+00:00","2262","react_baseline_mazeV1_t2_20260625_192604.log","197","1","0","0","0","0","0"
"react-baseline-vs-ccrs-v1-t2","001-baseline","react_baseline_mazeV1_t2","34","34","2026-06-25T17:27:31.654+00:00","4372","react_baseline_mazeV1_t2_20260625_192604.log","203","1","0","0","0","0","0"
"react-baseline-vs-ccrs-v1-t2","001-baseline","react_baseline_mazeV1_t2","35","35","2026-06-25T17:27:33.678+00:00","2024","react_baseline_mazeV1_t2_20260625_192604.log","209","1","0","0","0","0","0"
"react-baseline-vs-ccrs-v1-t2","001-baseline","react_baseline_mazeV1_t2","36","36","2026-06-25T17:27:41.675+00:00","7997","react_baseline_mazeV1_t2_20260625_192604.log","215","1","0","0","0","0","0"
"react-baseline-vs-ccrs-v1-t2","001-baseline","react_baseline_mazeV1_t2","37","37","2026-06-25T17:27:43.768+00:00","2093","react_baseline_mazeV1_t2_20260625_192604.log","221","1","0","0","0","0","0"
"react-baseline-vs-ccrs-v1-t2","001-baseline","react_baseline_mazeV1_t2","38","38","2026-06-25T17:27:45.804+00:00","2036","react_baseline_mazeV1_t2_20260625_192604.log","227","1","0","0","0","0","0"
"react-baseline-vs-ccrs-v1-t2","001-baseline","react_baseline_mazeV1_t2","39","39","2026-06-25T17:27:53.238+00:00","7434","react_baseline_mazeV1_t2_20260625_192604.log","233","1","0","0","0","0","0"
"react-baseline-vs-ccrs-v1-t2","001-baseline","react_baseline_mazeV1_t2","40","40","2026-06-25T17:27:55.393+00:00","2155","react_baseline_mazeV1_t2_20260625_192604.log","239","1","0","0","0","0","0"
"react-baseline-vs-ccrs-v1-t2","001-baseline","react_baseline_mazeV1_t2","41","41","2026-06-25T17:27:58.811+00:00","3418","react_baseline_mazeV1_t2_20260625_192604.log","245","1","0","0","0","0","0"
"react-baseline-vs-ccrs-v1-t2","001-baseline","react_baseline_mazeV1_t2","42","42","2026-06-25T17:28:01.046+00:00","2235","react_baseline_mazeV1_t2_20260625_192604.log","251","1","0","0","0","0","0"
"react-baseline-vs-ccrs-v1-t2","001-baseline","react_baseline_mazeV1_t2","43","43","2026-06-25T17:28:03.274+00:00","2228","react_baseline_mazeV1_t2_20260625_192604.log","257","1","0","0","0","0","0"
"react-baseline-vs-ccrs-v1-t2","001-baseline","react_baseline_mazeV1_t2","44","44","2026-06-25T17:28:05.507+00:00","2233","react_baseline_mazeV1_t2_20260625_192604.log","263","1","0","0","0","0","0"
"react-baseline-vs-ccrs-v1-t2","001-baseline","react_baseline_mazeV1_t2","45","45","2026-06-25T17:28:07.743+00:00","2236","react_baseline_mazeV1_t2_20260625_192604.log","269","1","0","0","0","0","0"
"react-baseline-vs-ccrs-v1-t2","001-baseline","react_baseline_mazeV1_t2","46","46","2026-06-25T17:28:09.869+00:00","2126","react_baseline_mazeV1_t2_20260625_192604.log","275","1","0","0","0","0","0"
"react-baseline-vs-ccrs-v1-t2","001-baseline","react_baseline_mazeV1_t2","47","47","2026-06-25T17:28:12.149+00:00","2280","react_baseline_mazeV1_t2_20260625_192604.log","281","1","0","0","0","0","0"
"react-baseline-vs-ccrs-v1-t2","001-baseline","react_baseline_mazeV1_t2","48","48","2026-06-25T17:28:14.475+00:00","2326","react_baseline_mazeV1_t2_20260625_192604.log","287","1","0","0","0","0","0"
"react-baseline-vs-ccrs-v1-t2","001-baseline","react_baseline_mazeV1_t2","49","49","2026-06-25T17:28:18.501+00:00","4026","react_baseline_mazeV1_t2_20260625_192604.log","293","1","0","0","0","0","0"
"react-baseline-vs-ccrs-v1-t2","001-baseline","react_baseline_mazeV1_t2","50","50","2026-06-25T17:28:21.551+00:00","3050","react_baseline_mazeV1_t2_20260625_192604.log","299","1","0","0","0","0","0"
"react-baseline-vs-ccrs-v1-t2","001-baseline","react_baseline_mazeV1_t2","51","51","2026-06-25T17:28:27.775+00:00","6224","react_baseline_mazeV1_t2_20260625_192604.log","305","1","0","0","0","0","0"
"react-baseline-vs-ccrs-v1-t2","001-baseline","react_baseline_mazeV1_t2","52","52","2026-06-25T17:28:29.815+00:00","2040","react_baseline_mazeV1_t2_20260625_192604.log","311","1","0","0","0","0","0"
"react-baseline-vs-ccrs-v1-t2","001-baseline","react_baseline_mazeV1_t2","53","53","2026-06-25T17:28:32.015+00:00","2200","react_baseline_mazeV1_t2_20260625_192604.log","317","1","0","0","0","0","0"
"react-baseline-vs-ccrs-v1-t2","001-baseline","react_baseline_mazeV1_t2","54","54","2026-06-25T17:28:35.068+00:00","3053","react_baseline_mazeV1_t2_20260625_192604.log","323","1","0","0","0","0","0"
"react-baseline-vs-ccrs-v1-t2","001-baseline","react_baseline_mazeV1_t2","55","55","2026-06-25T17:28:37.151+00:00","2083","react_baseline_mazeV1_t2_20260625_192604.log","329","1","0","0","0","0","0"
"react-baseline-vs-ccrs-v1-t2","001-baseline","react_baseline_mazeV1_t2","56","56","2026-06-25T17:28:41.284+00:00","4133","react_baseline_mazeV1_t2_20260625_192604.log","335","1","0","0","0","0","0"
"react-baseline-vs-ccrs-v1-t2","001-baseline","react_baseline_mazeV1_t2","57","57","2026-06-25T17:28:46.360+00:00","5076","react_baseline_mazeV1_t2_20260625_192604.log","341","1","0","0","0","0","0"
"react-baseline-vs-ccrs-v1-t2","001-baseline","react_baseline_mazeV1_t2","58","58","2026-06-25T17:28:49.793+00:00","3433","react_baseline_mazeV1_t2_20260625_192604.log","347","1","0","0","0","0","0"
"react-baseline-vs-ccrs-v1-t2","001-baseline","react_baseline_mazeV1_t2","59","59","2026-06-25T17:28:52.929+00:00","3136","react_baseline_mazeV1_t2_20260625_192604.log","353","1","0","0","0","0","0"
"react-baseline-vs-ccrs-v1-t2","001-baseline","react_baseline_mazeV1_t2","60","60","2026-06-25T17:28:54.917+00:00","1988","react_baseline_mazeV1_t2_20260625_192604.log","359","1","0","0","0","0","0"
"react-baseline-vs-ccrs-v1-t2","001-baseline","react_baseline_mazeV1_t2","61","61","2026-06-25T17:28:56.887+00:00","1970","react_baseline_mazeV1_t2_20260625_192604.log","365","1","0","0","0","0","0"
"react-baseline-vs-ccrs-v1-t2","001-baseline","react_baseline_mazeV1_t2","62","62","2026-06-25T17:28:58.831+00:00","1944","react_baseline_mazeV1_t2_20260625_192604.log","371","1","0","0","0","0","0"
"react-baseline-vs-ccrs-v1-t2","001-baseline","react_baseline_mazeV1_t2","63","63","2026-06-25T17:29:01.720+00:00","2889","react_baseline_mazeV1_t2_20260625_192604.log","377","1","0","0","0","0","0"
"react-baseline-vs-ccrs-v1-t2","001-baseline","react_baseline_mazeV1_t2","64","64","2026-06-25T17:29:04.768+00:00","3048","react_baseline_mazeV1_t2_20260625_192604.log","383","1","0","0","0","0","0"
"react-baseline-vs-ccrs-v1-t2","001-baseline","react_baseline_mazeV1_t2","65","65","2026-06-25T17:29:06.756+00:00","1988","react_baseline_mazeV1_t2_20260625_192604.log","389","1","0","0","0","0","0"
"react-baseline-vs-ccrs-v1-t2","001-baseline","react_baseline_mazeV1_t2","66","66","2026-06-25T17:29:08.971+00:00","2215","react_baseline_mazeV1_t2_20260625_192604.log","395","1","0","0","0","0","0"
"react-baseline-vs-ccrs-v1-t2","001-baseline","react_baseline_mazeV1_t2","67","67","2026-06-25T17:29:12.706+00:00","3735","react_baseline_mazeV1_t2_20260625_192604.log","401","1","0","0","0","0","0"
"react-baseline-vs-ccrs-v1-t2","001-baseline","react_baseline_mazeV1_t2","68","68","2026-06-25T17:29:14.614+00:00","1908","react_baseline_mazeV1_t2_20260625_192604.log","407","1","0","0","0","0","0"
"react-baseline-vs-ccrs-v1-t2","001-baseline","react_baseline_mazeV1_t2","69","69","2026-06-25T17:29:17.059+00:00","2445","react_baseline_mazeV1_t2_20260625_192604.log","413","1","0","0","0","0","0"
"react-baseline-vs-ccrs-v1-t2","001-baseline","react_baseline_mazeV1_t2","70","70","2026-06-25T17:29:19.072+00:00","2013","react_baseline_mazeV1_t2_20260625_192604.log","419","1","0","0","0","0","0"
"react-baseline-vs-ccrs-v1-t2","001-baseline","react_baseline_mazeV1_t2","71","71","2026-06-25T17:29:21.186+00:00","2114","react_baseline_mazeV1_t2_20260625_192604.log","425","1","0","0","0","0","0"
"react-baseline-vs-ccrs-v1-t2","001-baseline","react_baseline_mazeV1_t2","72","72","2026-06-25T17:29:37.018+00:00","15832","react_baseline_mazeV1_t2_20260625_192604.log","431","1","0","0","0","0","0"
"react-baseline-vs-ccrs-v1-t2","001-baseline","react_baseline_mazeV1_t2","73","73","2026-06-25T17:29:39.123+00:00","2105","react_baseline_mazeV1_t2_20260625_192604.log","437","1","0","0","0","0","0"
"react-baseline-vs-ccrs-v1-t2","001-baseline","react_baseline_mazeV1_t2","74","74","2026-06-25T17:29:41.548+00:00","2425","react_baseline_mazeV1_t2_20260625_192604.log","443","1","0","0","0","0","0"
"react-baseline-vs-ccrs-v1-t2","001-baseline","react_baseline_mazeV1_t2","75","75","2026-06-25T17:29:43.398+00:00","1850","react_baseline_mazeV1_t2_20260625_192604.log","449","1","0","0","0","0","0"
"react-baseline-vs-ccrs-v1-t2","001-baseline","react_baseline_mazeV1_t2","76","76","2026-06-25T17:29:45.488+00:00","2090","react_baseline_mazeV1_t2_20260625_192604.log","455","1","0","0","0","0","0"
"react-baseline-vs-ccrs-v1-t2","001-baseline","react_baseline_mazeV1_t2","77","77","2026-06-25T17:29:47.599+00:00","2111","react_baseline_mazeV1_t2_20260625_192604.log","461","1","0","0","0","0","0"
"react-baseline-vs-ccrs-v1-t2","001-baseline","react_baseline_mazeV1_t2","78","78","2026-06-25T17:29:49.577+00:00","1978","react_baseline_mazeV1_t2_20260625_192604.log","467","1","0","0","0","0","0"
"react-baseline-vs-ccrs-v1-t2","001-baseline","react_baseline_mazeV1_t2","79","79","2026-06-25T17:29:52.348+00:00","2771","react_baseline_mazeV1_t2_20260625_192604.log","473","1","0","0","0","0","0"
"react-baseline-vs-ccrs-v1-t2","001-baseline","react_baseline_mazeV1_t2","80","80","2026-06-25T17:29:54.969+00:00","2621","react_baseline_mazeV1_t2_20260625_192604.log","479","1","0","0","0","0","0"
"react-baseline-vs-ccrs-v1-t2","001-baseline","react_baseline_mazeV1_t2","81","81","2026-06-25T17:29:57.309+00:00","2340","react_baseline_mazeV1_t2_20260625_192604.log","485","1","0","0","0","0","0"
"react-baseline-vs-ccrs-v1-t2","001-baseline","react_baseline_mazeV1_t2","82","82","2026-06-25T17:30:01.407+00:00","4098","react_baseline_mazeV1_t2_20260625_192604.log","491","1","0","0","0","0","0"
"react-baseline-vs-ccrs-v1-t2","001-baseline","react_baseline_mazeV1_t2","83","83","2026-06-25T17:30:03.477+00:00","2070","react_baseline_mazeV1_t2_20260625_192604.log","497","1","0","0","0","0","0"
"react-baseline-vs-ccrs-v1-t2","001-baseline","react_baseline_mazeV1_t2","84","84","2026-06-25T17:30:05.517+00:00","2040","react_baseline_mazeV1_t2_20260625_192604.log","503","1","0","0","0","0","0"
"react-baseline-vs-ccrs-v1-t2","001-baseline","react_baseline_mazeV1_t2","85","85","2026-06-25T17:30:08.488+00:00","2971","react_baseline_mazeV1_t2_20260625_192604.log","509","1","0","0","0","0","0"
"react-baseline-vs-ccrs-v1-t2","001-baseline","react_baseline_mazeV1_t2","86","86","2026-06-25T17:30:11.022+00:00","2534","react_baseline_mazeV1_t2_20260625_192604.log","515","1","0","0","0","0","0"
"react-baseline-vs-ccrs-v1-t2","001-baseline","react_baseline_mazeV1_t2","87","87","2026-06-25T17:30:13.194+00:00","2172","react_baseline_mazeV1_t2_20260625_192604.log","521","1","0","0","0","0","0"
"react-baseline-vs-ccrs-v1-t2","001-baseline","react_baseline_mazeV1_t2","88","88","2026-06-25T17:30:15.318+00:00","2124","react_baseline_mazeV1_t2_20260625_192604.log","527","1","0","0","0","0","0"
"react-baseline-vs-ccrs-v1-t2","001-baseline","react_baseline_mazeV1_t2","89","89","2026-06-25T17:30:17.280+00:00","1962","react_baseline_mazeV1_t2_20260625_192604.log","533","1","0","0","0","0","0"
"react-baseline-vs-ccrs-v1-t2","001-baseline","react_baseline_mazeV1_t2","90","90","2026-06-25T17:30:19.495+00:00","2215","react_baseline_mazeV1_t2_20260625_192604.log","539","1","0","0","0","0","0"
"react-baseline-vs-ccrs-v1-t2","001-baseline","react_baseline_mazeV1_t2","91","91","2026-06-25T17:30:21.693+00:00","2198","react_baseline_mazeV1_t2_20260625_192604.log","545","1","0","0","0","0","0"
"react-baseline-vs-ccrs-v1-t2","001-baseline","react_baseline_mazeV1_t2","92","92","2026-06-25T17:30:23.729+00:00","2036","react_baseline_mazeV1_t2_20260625_192604.log","551","1","0","0","0","0","0"
"react-baseline-vs-ccrs-v1-t2","001-baseline","react_baseline_mazeV1_t2","93","93","2026-06-25T17:30:25.851+00:00","2122","react_baseline_mazeV1_t2_20260625_192604.log","557","1","0","0","0","0","0"
"react-baseline-vs-ccrs-v1-t2","001-baseline","react_baseline_mazeV1_t2","94","94","2026-06-25T17:30:27.827+00:00","1976","react_baseline_mazeV1_t2_20260625_192604.log","563","1","0","0","0","0","0"
"react-baseline-vs-ccrs-v1-t2","001-baseline","react_baseline_mazeV1_t2","95","95","2026-06-25T17:30:30.003+00:00","2176","react_baseline_mazeV1_t2_20260625_192604.log","569","1","0","0","0","0","0"
"react-baseline-vs-ccrs-v1-t2","001-baseline","react_baseline_mazeV1_t2","96","96","2026-06-25T17:30:32.477+00:00","2474","react_baseline_mazeV1_t2_20260625_192604.log","575","1","0","0","0","0","0"
"react-baseline-vs-ccrs-v1-t2","001-baseline","react_baseline_mazeV1_t2","97","97","2026-06-25T17:30:34.594+00:00","2117","react_baseline_mazeV1_t2_20260625_192604.log","581","1","0","0","0","0","0"
"react-baseline-vs-ccrs-v1-t2","001-baseline","react_baseline_mazeV1_t2","98","98","2026-06-25T17:30:36.871+00:00","2277","react_baseline_mazeV1_t2_20260625_192604.log","587","1","0","0","0","0","0"
"react-baseline-vs-ccrs-v1-t2","001-baseline","react_baseline_mazeV1_t2","99","99","2026-06-25T17:30:39.330+00:00","2459","react_baseline_mazeV1_t2_20260625_192604.log","593","1","0","0","0","0","0"
"react-baseline-vs-ccrs-v1-t2","001-baseline","react_baseline_mazeV1_t2","100","100","2026-06-25T17:30:41.326+00:00","1996","react_baseline_mazeV1_t2_20260625_192604.log","599","1","0","0","0","0","0"
"react-baseline-vs-ccrs-v1-t2","001-baseline","react_baseline_mazeV1_t2","101","101","2026-06-25T17:30:43.332+00:00","2006","react_baseline_mazeV1_t2_20260625_192604.log","605","1","0","0","0","0","0"
"react-baseline-vs-ccrs-v1-t2","001-baseline","react_baseline_mazeV1_t2","102","102","2026-06-25T17:30:45.390+00:00","2058","react_baseline_mazeV1_t2_20260625_192604.log","611","1","0","0","0","0","0"
"react-baseline-vs-ccrs-v1-t2","001-baseline","react_baseline_mazeV1_t2","103","103","2026-06-25T17:30:47.396+00:00","2006","react_baseline_mazeV1_t2_20260625_192604.log","617","1","0","0","0","0","0"
"react-baseline-vs-ccrs-v1-t2","001-baseline","react_baseline_mazeV1_t2","104","104","2026-06-25T17:30:49.590+00:00","2194","react_baseline_mazeV1_t2_20260625_192604.log","623","1","0","0","0","0","0"
"react-baseline-vs-ccrs-v1-t2","001-baseline","react_baseline_mazeV1_t2","105","105","2026-06-25T17:30:51.758+00:00","2168","react_baseline_mazeV1_t2_20260625_192604.log","629","1","0","0","0","0","0"
"react-baseline-vs-ccrs-v1-t2","001-baseline","react_baseline_mazeV1_t2","106","106","2026-06-25T17:30:54.793+00:00","3035","react_baseline_mazeV1_t2_20260625_192604.log","635","1","0","0","0","0","0"
"react-baseline-vs-ccrs-v1-t2","001-baseline","react_baseline_mazeV1_t2","107","107","2026-06-25T17:30:56.747+00:00","1954","react_baseline_mazeV1_t2_20260625_192604.log","641","1","0","0","0","0","0"
"react-baseline-vs-ccrs-v1-t2","001-baseline","react_baseline_mazeV1_t2","108","108","2026-06-25T17:30:58.647+00:00","1900","react_baseline_mazeV1_t2_20260625_192604.log","647","1","0","0","0","0","0"
"react-baseline-vs-ccrs-v1-t2","001-baseline","react_baseline_mazeV1_t2","109","109","2026-06-25T17:31:00.640+00:00","1993","react_baseline_mazeV1_t2_20260625_192604.log","652","1","0","0","0","0","0"
"react-baseline-vs-ccrs-v1-t2","001-baseline","react_baseline_mazeV1_t2","110","110","2026-06-25T17:31:03.376+00:00","2736","react_baseline_mazeV1_t2_20260625_192604.log","658","1","0","0","0","0","0"
"react-baseline-vs-ccrs-v1-t2","001-baseline","react_baseline_mazeV1_t2","111","111","2026-06-25T17:31:05.488+00:00","2112","react_baseline_mazeV1_t2_20260625_192604.log","664","1","0","0","0","0","0"
"react-baseline-vs-ccrs-v1-t2","001-baseline","react_baseline_mazeV1_t2","112","112","2026-06-25T17:31:07.947+00:00","2459","react_baseline_mazeV1_t2_20260625_192604.log","670","1","0","0","0","0","0"
"react-baseline-vs-ccrs-v1-t2","001-baseline","react_baseline_mazeV1_t2","113","113","2026-06-25T17:31:10.507+00:00","2560","react_baseline_mazeV1_t2_20260625_192604.log","676","1","0","0","0","0","0"
"react-baseline-vs-ccrs-v1-t2","001-baseline","react_baseline_mazeV1_t2","114","114","2026-06-25T17:31:13.018+00:00","2511","react_baseline_mazeV1_t2_20260625_192604.log","682","1","0","0","0","0","0"
"react-baseline-vs-ccrs-v1-t2","001-baseline","react_baseline_mazeV1_t2","115","115","2026-06-25T17:31:15.197+00:00","2179","react_baseline_mazeV1_t2_20260625_192604.log","688","1","0","0","0","0","0"
"react-baseline-vs-ccrs-v1-t2","001-baseline","react_baseline_mazeV1_t2","116","116","2026-06-25T17:31:18.889+00:00","3692","react_baseline_mazeV1_t2_20260625_192604.log","694","1","0","0","0","0","0"
"react-baseline-vs-ccrs-v1-t2","001-baseline","react_baseline_mazeV1_t2","117","117","2026-06-25T17:31:20.949+00:00","2060","react_baseline_mazeV1_t2_20260625_192604.log","700","1","0","0","0","0","0"
"react-baseline-vs-ccrs-v1-t2","001-baseline","react_baseline_mazeV1_t2","118","118","2026-06-25T17:31:22.827+00:00","1878","react_baseline_mazeV1_t2_20260625_192604.log","706","1","0","0","0","0","0"
"react-baseline-vs-ccrs-v1-t2","001-baseline","react_baseline_mazeV1_t2","119","119","2026-06-25T17:31:24.794+00:00","1967","react_baseline_mazeV1_t2_20260625_192604.log","712","1","0","0","0","0","0"
"react-baseline-vs-ccrs-v1-t2","001-baseline","react_baseline_mazeV1_t2","120","120","2026-06-25T17:31:26.944+00:00","2150","react_baseline_mazeV1_t2_20260625_192604.log","718","1","0","0","0","0","0"
"react-baseline-vs-ccrs-v1-t2","001-baseline","react_baseline_mazeV1_t2","121","121","2026-06-25T17:31:34.496+00:00","7552","react_baseline_mazeV1_t2_20260625_192604.log","724","1","0","0","0","0","0"
"react-baseline-vs-ccrs-v1-t2","001-baseline","react_baseline_mazeV1_t2","122","122","2026-06-25T17:31:36.524+00:00","2028","react_baseline_mazeV1_t2_20260625_192604.log","730","1","0","0","0","0","0"
"react-baseline-vs-ccrs-v1-t2","001-baseline","react_baseline_mazeV1_t2","123","123","2026-06-25T17:31:38.537+00:00","2013","react_baseline_mazeV1_t2_20260625_192604.log","736","1","0","0","0","0","0"
"react-baseline-vs-ccrs-v1-t2","001-baseline","react_baseline_mazeV1_t2","124","124","2026-06-25T17:31:40.813+00:00","2276","react_baseline_mazeV1_t2_20260625_192604.log","742","1","0","0","0","0","0"
"react-baseline-vs-ccrs-v1-t2","001-baseline","react_baseline_mazeV1_t2","125","125","2026-06-25T17:31:42.985+00:00","2172","react_baseline_mazeV1_t2_20260625_192604.log","748","1","0","0","0","0","0"
"react-baseline-vs-ccrs-v1-t2","001-baseline","react_baseline_mazeV1_t2","126","126","2026-06-25T17:31:45.006+00:00","2021","react_baseline_mazeV1_t2_20260625_192604.log","754","1","0","0","0","0","0"
"react-baseline-vs-ccrs-v1-t2","001-baseline","react_baseline_mazeV1_t2","127","127","2026-06-25T17:31:47.086+00:00","2080","react_baseline_mazeV1_t2_20260625_192604.log","759","1","0","0","0","0","0"
"react-baseline-vs-ccrs-v1-t2","001-baseline","react_baseline_mazeV1_t2","128","128","2026-06-25T17:31:49.553+00:00","2467","react_baseline_mazeV1_t2_20260625_192604.log","765","1","0","0","0","0","0"
"react-baseline-vs-ccrs-v1-t2","001-baseline","react_baseline_mazeV1_t2","129","129","2026-06-25T17:31:52.034+00:00","2481","react_baseline_mazeV1_t2_20260625_192604.log","771","1","0","0","0","0","0"
"react-baseline-vs-ccrs-v1-t2","001-baseline","react_baseline_mazeV1_t2","130","130","2026-06-25T17:31:53.908+00:00","1874","react_baseline_mazeV1_t2_20260625_192604.log","777","1","0","0","0","0","0"
"react-baseline-vs-ccrs-v1-t2","001-baseline","react_baseline_mazeV1_t2","131","131","2026-06-25T17:31:56.072+00:00","2164","react_baseline_mazeV1_t2_20260625_192604.log","783","1","0","0","0","0","0"
"react-baseline-vs-ccrs-v1-t2","001-baseline","react_baseline_mazeV1_t2","132","132","2026-06-25T17:31:58.191+00:00","2119","react_baseline_mazeV1_t2_20260625_192604.log","789","1","0","0","0","0","0"
"react-baseline-vs-ccrs-v1-t2","001-baseline","react_baseline_mazeV1_t2","133","133","2026-06-25T17:32:00.226+00:00","2035","react_baseline_mazeV1_t2_20260625_192604.log","795","1","0","0","0","0","0"
"react-baseline-vs-ccrs-v1-t2","001-baseline","react_baseline_mazeV1_t2","134","134","2026-06-25T17:32:02.249+00:00","2023","react_baseline_mazeV1_t2_20260625_192604.log","801","1","0","0","0","0","0"
"react-baseline-vs-ccrs-v1-t2","001-baseline","react_baseline_mazeV1_t2","135","135","2026-06-25T17:32:04.789+00:00","2540","react_baseline_mazeV1_t2_20260625_192604.log","807","1","0","0","0","0","0"
"react-baseline-vs-ccrs-v1-t2","001-baseline","react_baseline_mazeV1_t2","136","136","2026-06-25T17:32:07.322+00:00","2533","react_baseline_mazeV1_t2_20260625_192604.log","813","1","0","0","0","0","0"
"react-baseline-vs-ccrs-v1-t2","001-baseline","react_baseline_mazeV1_t2","137","137","2026-06-25T17:32:09.234+00:00","1912","react_baseline_mazeV1_t2_20260625_192604.log","819","1","0","0","0","0","0"
"react-baseline-vs-ccrs-v1-t2","002-ccrs","react_ccrs_mazeV1_t2","1","1","2026-06-25T12:19:13.107+00:00",,"react_ccrs_mazeV1_t2_20260625_141909.log","7","1","0","0","0","0","0"
"react-baseline-vs-ccrs-v1-t2","002-ccrs","react_ccrs_mazeV1_t2","2","2","2026-06-25T12:19:17.659+00:00","4552","react_ccrs_mazeV1_t2_20260625_141909.log","27","1","0","0","0","0","0"
"react-baseline-vs-ccrs-v1-t2","002-ccrs","react_ccrs_mazeV1_t2","3","3","2026-06-25T12:19:19.761+00:00","2102","react_ccrs_mazeV1_t2_20260625_141909.log","39","1","0","0","0","0","0"
"react-baseline-vs-ccrs-v1-t2","002-ccrs","react_ccrs_mazeV1_t2","4","4","2026-06-25T12:19:23.986+00:00","4225","react_ccrs_mazeV1_t2_20260625_141909.log","105","1","0","0","0","0","0"
"react-baseline-vs-ccrs-v1-t2","002-ccrs","react_ccrs_mazeV1_t2","5","5","2026-06-25T12:19:26.439+00:00","2453","react_ccrs_mazeV1_t2_20260625_141909.log","117","1","0","0","0","0","0"
"react-baseline-vs-ccrs-v1-t2","002-ccrs","react_ccrs_mazeV1_t2","6","6","2026-06-25T12:19:29.356+00:00","2917","react_ccrs_mazeV1_t2_20260625_141909.log","183","1","0","0","0","0","0"
"react-baseline-vs-ccrs-v1-t2","002-ccrs","react_ccrs_mazeV1_t2","7","7","2026-06-25T12:19:31.514+00:00","2158","react_ccrs_mazeV1_t2_20260625_141909.log","195","1","0","0","0","0","0"
"react-baseline-vs-ccrs-v1-t2","002-ccrs","react_ccrs_mazeV1_t2","8","8","2026-06-25T12:19:34.529+00:00","3015","react_ccrs_mazeV1_t2_20260625_141909.log","261","1","0","0","0","0","0"
"react-baseline-vs-ccrs-v1-t2","002-ccrs","react_ccrs_mazeV1_t2","9","9","2026-06-25T12:19:36.278+00:00","1749","react_ccrs_mazeV1_t2_20260625_141909.log","273","1","0","0","0","0","0"
"react-baseline-vs-ccrs-v1-t2","002-ccrs","react_ccrs_mazeV1_t2","10","10","2026-06-25T12:19:38.986+00:00","2708","react_ccrs_mazeV1_t2_20260625_141909.log","339","1","0","0","0","0","0"
"react-baseline-vs-ccrs-v1-t2","002-ccrs","react_ccrs_mazeV1_t2","11","11","2026-06-25T12:19:40.955+00:00","1969","react_ccrs_mazeV1_t2_20260625_141909.log","351","1","0","0","0","0","0"
"react-baseline-vs-ccrs-v1-t2","002-ccrs","react_ccrs_mazeV1_t2","12","12","2026-06-25T12:19:44.081+00:00","3126","react_ccrs_mazeV1_t2_20260625_141909.log","417","1","0","0","0","0","0"
"react-baseline-vs-ccrs-v1-t2","002-ccrs","react_ccrs_mazeV1_t2","13","13","2026-06-25T12:19:46.960+00:00","2879","react_ccrs_mazeV1_t2_20260625_141909.log","429","1","0","0","0","0","0"
"react-baseline-vs-ccrs-v1-t2","002-ccrs","react_ccrs_mazeV1_t2","14","14","2026-06-25T12:19:51.061+00:00","4101","react_ccrs_mazeV1_t2_20260625_141909.log","495","1","0","0","0","0","0"
"react-baseline-vs-ccrs-v1-t2","002-ccrs","react_ccrs_mazeV1_t2","15","15","2026-06-25T12:19:52.878+00:00","1817","react_ccrs_mazeV1_t2_20260625_141909.log","507","1","0","0","0","0","0"
"react-baseline-vs-ccrs-v1-t2","002-ccrs","react_ccrs_mazeV1_t2","16","16","2026-06-25T12:19:58.727+00:00","5849","react_ccrs_mazeV1_t2_20260625_141909.log","573","1","0","0","0","0","0"
"react-baseline-vs-ccrs-v1-t2","002-ccrs","react_ccrs_mazeV1_t2","17","17","2026-06-25T12:20:00.781+00:00","2054","react_ccrs_mazeV1_t2_20260625_141909.log","585","1","0","0","0","0","0"
"react-baseline-vs-ccrs-v1-t2","002-ccrs","react_ccrs_mazeV1_t2","18","18","2026-06-25T12:20:04.002+00:00","3221","react_ccrs_mazeV1_t2_20260625_141909.log","651","1","0","0","0","0","0"
"react-baseline-vs-ccrs-v1-t2","002-ccrs","react_ccrs_mazeV1_t2","19","19","2026-06-25T12:20:07.288+00:00","3286","react_ccrs_mazeV1_t2_20260625_141909.log","663","1","0","0","0","0","0"
"react-baseline-vs-ccrs-v1-t2","002-ccrs","react_ccrs_mazeV1_t2","20","20","2026-06-25T12:20:13.310+00:00","6022","react_ccrs_mazeV1_t2_20260625_141909.log","729","1","0","0","0","0","0"
"react-baseline-vs-ccrs-v1-t2","002-ccrs","react_ccrs_mazeV1_t2","21","21","2026-06-25T12:20:16.564+00:00","3254","react_ccrs_mazeV1_t2_20260625_141909.log","795","1","0","0","0","0","0"
"react-baseline-vs-ccrs-v1-t2","002-ccrs","react_ccrs_mazeV1_t2","22","22","2026-06-25T12:20:18.948+00:00","2384","react_ccrs_mazeV1_t2_20260625_141909.log","807","1","0","0","0","0","0"
"react-baseline-vs-ccrs-v1-t2","002-ccrs","react_ccrs_mazeV1_t2","23","23","2026-06-25T12:20:22.501+00:00","3553","react_ccrs_mazeV1_t2_20260625_141909.log","873","1","0","0","0","0","0"
"react-baseline-vs-ccrs-v1-t2","002-ccrs","react_ccrs_mazeV1_t2","24","24","2026-06-25T12:20:24.686+00:00","2185","react_ccrs_mazeV1_t2_20260625_141909.log","885","1","0","0","0","0","0"
"react-baseline-vs-ccrs-v1-t2","002-ccrs","react_ccrs_mazeV1_t2","25","25","2026-06-25T12:20:26.967+00:00","2281","react_ccrs_mazeV1_t2_20260625_141909.log","951","1","0","0","0","0","0"
"react-baseline-vs-ccrs-v1-t2","002-ccrs","react_ccrs_mazeV1_t2","26","26","2026-06-25T12:20:30.098+00:00","3131","react_ccrs_mazeV1_t2_20260625_141909.log","1017","1","0","0","0","0","0"
"react-baseline-vs-ccrs-v1-t2","002-ccrs","react_ccrs_mazeV1_t2","27","27","2026-06-25T12:20:32.191+00:00","2093","react_ccrs_mazeV1_t2_20260625_141909.log","1029","1","0","0","0","0","0"
"react-baseline-vs-ccrs-v1-t2","002-ccrs","react_ccrs_mazeV1_t2","28","28","2026-06-25T12:20:36.056+00:00","3865","react_ccrs_mazeV1_t2_20260625_141909.log","1095","1","0","0","0","0","0"
"react-baseline-vs-ccrs-v1-t2","002-ccrs","react_ccrs_mazeV1_t2","29","29","2026-06-25T12:20:38.288+00:00","2232","react_ccrs_mazeV1_t2_20260625_141909.log","1107","1","0","0","0","0","0"
"react-baseline-vs-ccrs-v1-t2","002-ccrs","react_ccrs_mazeV1_t2","30","30","2026-06-25T12:20:42.139+00:00","3851","react_ccrs_mazeV1_t2_20260625_141909.log","1173","1","0","0","0","0","0"
"react-baseline-vs-ccrs-v1-t2","002-ccrs","react_ccrs_mazeV1_t2","31","31","2026-06-25T12:20:44.449+00:00","2310","react_ccrs_mazeV1_t2_20260625_141909.log","1185","1","0","0","0","0","0"
"react-baseline-vs-ccrs-v1-t2","002-ccrs","react_ccrs_mazeV1_t2","32","32","2026-06-25T12:20:46.489+00:00","2040","react_ccrs_mazeV1_t2_20260625_141909.log","1251","1","0","0","0","0","0"
"react-baseline-vs-ccrs-v1-t2","002-ccrs","react_ccrs_mazeV1_t2","33","33","2026-06-25T12:20:49.449+00:00","2960","react_ccrs_mazeV1_t2_20260625_141909.log","1317","1","0","0","0","0","0"
"react-baseline-vs-ccrs-v1-t2","002-ccrs","react_ccrs_mazeV1_t2","34","34","2026-06-25T12:20:51.695+00:00","2246","react_ccrs_mazeV1_t2_20260625_141909.log","1329","1","0","0","0","0","0"
"react-baseline-vs-ccrs-v1-t2","002-ccrs","react_ccrs_mazeV1_t2","35","35","2026-06-25T12:20:54.149+00:00","2454","react_ccrs_mazeV1_t2_20260625_141909.log","1395","1","0","0","0","0","0"
"react-baseline-vs-ccrs-v1-t2","002-ccrs","react_ccrs_mazeV1_t2","36","36","2026-06-25T12:20:56.371+00:00","2222","react_ccrs_mazeV1_t2_20260625_141909.log","1461","1","0","0","0","0","0"
"react-baseline-vs-ccrs-v1-t2","002-ccrs","react_ccrs_mazeV1_t2","37","37","2026-06-25T12:20:59.559+00:00","3188","react_ccrs_mazeV1_t2_20260625_141909.log","1527","1","0","0","0","0","0"
"react-baseline-vs-ccrs-v1-t2","002-ccrs","react_ccrs_mazeV1_t2","38","38","2026-06-25T12:21:02.196+00:00","2637","react_ccrs_mazeV1_t2_20260625_141909.log","1539","1","0","0","0","0","0"
"react-baseline-vs-ccrs-v1-t2","002-ccrs","react_ccrs_mazeV1_t2","39","39","2026-06-25T12:21:05.248+00:00","3052","react_ccrs_mazeV1_t2_20260625_141909.log","1605","1","0","0","0","0","0"
"react-baseline-vs-ccrs-v1-t2","002-ccrs","react_ccrs_mazeV1_t2","40","40","2026-06-25T12:21:07.739+00:00","2491","react_ccrs_mazeV1_t2_20260625_141909.log","1617","1","0","0","0","0","0"
"react-baseline-vs-ccrs-v1-t2","002-ccrs","react_ccrs_mazeV1_t2","41","41","2026-06-25T12:21:10.230+00:00","2491","react_ccrs_mazeV1_t2_20260625_141909.log","1683","1","0","0","0","0","0"
"react-baseline-vs-ccrs-v1-t2","002-ccrs","react_ccrs_mazeV1_t2","42","42","2026-06-25T12:21:12.504+00:00","2274","react_ccrs_mazeV1_t2_20260625_141909.log","1749","1","0","0","0","0","0"
"react-baseline-vs-ccrs-v1-t2","002-ccrs","react_ccrs_mazeV1_t2","43","43","2026-06-25T12:21:14.576+00:00","2072","react_ccrs_mazeV1_t2_20260625_141909.log","1815","1","0","0","0","0","0"
"react-baseline-vs-ccrs-v1-t2","002-ccrs","react_ccrs_mazeV1_t2","44","44","2026-06-25T12:21:16.729+00:00","2153","react_ccrs_mazeV1_t2_20260625_141909.log","1881","1","0","0","0","0","0"
"react-baseline-vs-ccrs-v1-t2","002-ccrs","react_ccrs_mazeV1_t2","45","45","2026-06-25T12:21:19.345+00:00","2616","react_ccrs_mazeV1_t2_20260625_141909.log","1947","1","0","0","0","0","0"
"react-baseline-vs-ccrs-v1-t2","002-ccrs","react_ccrs_mazeV1_t2","46","46","2026-06-25T12:21:21.989+00:00","2644","react_ccrs_mazeV1_t2_20260625_141909.log","2013","1","0","0","0","0","0"
"react-baseline-vs-ccrs-v1-t2","002-ccrs","react_ccrs_mazeV1_t2","47","47","2026-06-25T12:21:25.065+00:00","3076","react_ccrs_mazeV1_t2_20260625_141909.log","2079","1","0","0","0","0","0"
"react-baseline-vs-ccrs-v1-t2","002-ccrs","react_ccrs_mazeV1_t2","48","48","2026-06-25T12:21:27.404+00:00","2339","react_ccrs_mazeV1_t2_20260625_141909.log","2091","1","0","0","0","0","0"
"react-baseline-vs-ccrs-v1-t2","002-ccrs","react_ccrs_mazeV1_t2","49","49","2026-06-25T12:21:31.129+00:00","3725","react_ccrs_mazeV1_t2_20260625_141909.log","2157","1","0","0","0","0","0"
"react-baseline-vs-ccrs-v1-t2","002-ccrs","react_ccrs_mazeV1_t2","50","50","2026-06-25T12:21:33.014+00:00","1885","react_ccrs_mazeV1_t2_20260625_141909.log","2174","1","0","0","0","0","0"
"react-baseline-vs-ccrs-v1-t2","002-ccrs","react_ccrs_mazeV1_t2","51","51","2026-06-25T12:21:35.417+00:00","2403","react_ccrs_mazeV1_t2_20260625_141909.log","2240","1","0","0","0","0","0"
"react-baseline-vs-ccrs-v1-t2","002-ccrs","react_ccrs_mazeV1_t2","52","52","2026-06-25T12:21:37.814+00:00","2397","react_ccrs_mazeV1_t2_20260625_141909.log","2306","1","0","0","0","0","0"
"react-baseline-vs-ccrs-v1-t2","002-ccrs","react_ccrs_mazeV1_t2","53","53","2026-06-25T12:21:39.929+00:00","2115","react_ccrs_mazeV1_t2_20260625_141909.log","2372","1","0","0","0","0","0"
"react-baseline-vs-ccrs-v1-t2","002-ccrs","react_ccrs_mazeV1_t2","54","54","2026-06-25T12:21:44.202+00:00","4273","react_ccrs_mazeV1_t2_20260625_141909.log","2438","1","0","0","0","0","0"
"react-baseline-vs-ccrs-v1-t2","002-ccrs","react_ccrs_mazeV1_t2","55","55","2026-06-25T12:21:47.224+00:00","3022","react_ccrs_mazeV1_t2_20260625_141909.log","2504","1","0","0","0","0","0"
"react-baseline-vs-ccrs-v1-t2","002-ccrs","react_ccrs_mazeV1_t2","56","56","2026-06-25T12:21:49.571+00:00","2347","react_ccrs_mazeV1_t2_20260625_141909.log","2570","1","0","0","0","0","0"
"react-baseline-vs-ccrs-v1-t2","002-ccrs","react_ccrs_mazeV1_t2","57","57","2026-06-25T12:21:52.168+00:00","2597","react_ccrs_mazeV1_t2_20260625_141909.log","2636","1","0","0","0","0","0"
"react-baseline-vs-ccrs-v1-t2","002-ccrs","react_ccrs_mazeV1_t2","58","58","2026-06-25T12:21:54.504+00:00","2336","react_ccrs_mazeV1_t2_20260625_141909.log","2702","1","0","0","0","0","0"
"react-baseline-vs-ccrs-v1-t2","002-ccrs","react_ccrs_mazeV1_t2","59","59","2026-06-25T12:21:57.630+00:00","3126","react_ccrs_mazeV1_t2_20260625_141909.log","2768","1","0","0","0","0","0"
"react-baseline-vs-ccrs-v1-t2","002-ccrs","react_ccrs_mazeV1_t2","60","60","2026-06-25T12:21:59.809+00:00","2179","react_ccrs_mazeV1_t2_20260625_141909.log","2834","1","0","0","0","0","0"
"react-baseline-vs-ccrs-v1-t2","002-ccrs","react_ccrs_mazeV1_t2","61","61","2026-06-25T12:22:02.088+00:00","2279","react_ccrs_mazeV1_t2_20260625_141909.log","2900","1","0","0","0","0","0"
"react-baseline-vs-ccrs-v1-t2","002-ccrs","react_ccrs_mazeV1_t2","62","62","2026-06-25T12:22:04.408+00:00","2320","react_ccrs_mazeV1_t2_20260625_141909.log","2966","1","0","0","0","0","0"
"react-baseline-vs-ccrs-v1-t2","002-ccrs","react_ccrs_mazeV1_t2","63","63","2026-06-25T12:22:06.528+00:00","2120","react_ccrs_mazeV1_t2_20260625_141909.log","3032","1","0","0","0","0","0"
"react-baseline-vs-ccrs-v1-t2","002-ccrs","react_ccrs_mazeV1_t2","64","64","2026-06-25T12:22:09.016+00:00","2488","react_ccrs_mazeV1_t2_20260625_141909.log","3098","1","0","0","0","0","0"
"react-baseline-vs-ccrs-v1-t2","002-ccrs","react_ccrs_mazeV1_t2","65","65","2026-06-25T12:22:11.697+00:00","2681","react_ccrs_mazeV1_t2_20260625_141909.log","3164","1","0","0","0","0","0"
"react-baseline-vs-ccrs-v1-t2","002-ccrs","react_ccrs_mazeV1_t2","66","66","2026-06-25T12:22:13.992+00:00","2295","react_ccrs_mazeV1_t2_20260625_141909.log","3230","1","0","0","0","0","0"
"react-baseline-vs-ccrs-v1-t2","002-ccrs","react_ccrs_mazeV1_t2","67","67","2026-06-25T12:22:16.618+00:00","2626","react_ccrs_mazeV1_t2_20260625_141909.log","3296","1","0","0","0","0","0"
"react-baseline-vs-ccrs-v1-t2","002-ccrs","react_ccrs_mazeV1_t2","68","68","2026-06-25T12:22:22.311+00:00","5693","react_ccrs_mazeV1_t2_20260625_141909.log","3362","1","0","0","0","0","0"
"react-baseline-vs-ccrs-v1-t2","002-ccrs","react_ccrs_mazeV1_t2","69","69","2026-06-25T12:22:25.363+00:00","3052","react_ccrs_mazeV1_t2_20260625_141909.log","3428","1","0","0","0","0","0"
"react-baseline-vs-ccrs-v1-t2","002-ccrs","react_ccrs_mazeV1_t2","70","70","2026-06-25T12:22:28.691+00:00","3328","react_ccrs_mazeV1_t2_20260625_141909.log","3494","1","0","0","0","0","0"
"react-baseline-vs-ccrs-v1-t2","002-ccrs","react_ccrs_mazeV1_t2","71","71","2026-06-25T12:22:31.141+00:00","2450","react_ccrs_mazeV1_t2_20260625_141909.log","3506","1","0","0","0","0","0"
"react-baseline-vs-ccrs-v1-t2","002-ccrs","react_ccrs_mazeV1_t2","72","72","2026-06-25T12:22:34.702+00:00","3561","react_ccrs_mazeV1_t2_20260625_141909.log","3523","1","0","0","0","0","0"
"react-baseline-vs-ccrs-v1-t2","002-ccrs","react_ccrs_mazeV1_t2","73","73","2026-06-25T12:22:37.299+00:00","2597","react_ccrs_mazeV1_t2_20260625_141909.log","3535","1","0","0","0","0","0"
"react-baseline-vs-ccrs-v1-t2","002-ccrs","react_ccrs_mazeV1_t2","74","74","2026-06-25T12:22:39.926+00:00","2627","react_ccrs_mazeV1_t2_20260625_141909.log","3552","1","0","0","0","0","0"
"react-baseline-vs-ccrs-v1-t2","002-ccrs","react_ccrs_mazeV1_t2","75","75","2026-06-25T12:22:43.061+00:00","3135","react_ccrs_mazeV1_t2_20260625_141909.log","3569","1","0","0","0","0","0"
"react-baseline-vs-ccrs-v1-t2","002-ccrs","react_ccrs_mazeV1_t2","76","76","2026-06-25T12:22:45.747+00:00","2686","react_ccrs_mazeV1_t2_20260625_141909.log","3586","1","0","0","0","0","0"
"react-baseline-vs-ccrs-v1-t2","002-ccrs","react_ccrs_mazeV1_t2","77","77","2026-06-25T12:22:47.952+00:00","2205","react_ccrs_mazeV1_t2_20260625_141909.log","3603","1","0","0","0","0","0"
"react-baseline-vs-ccrs-v1-t2","002-ccrs","react_ccrs_mazeV1_t2","78","78","2026-06-25T12:22:50.222+00:00","2270","react_ccrs_mazeV1_t2_20260625_141909.log","3620","1","0","0","0","0","0"
"react-baseline-vs-ccrs-v1-t2","002-ccrs","react_ccrs_mazeV1_t2","79","79","2026-06-25T12:22:52.966+00:00","2744","react_ccrs_mazeV1_t2_20260625_141909.log","3637","1","0","0","0","0","0"
"react-baseline-vs-ccrs-v1-t2","002-ccrs","react_ccrs_mazeV1_t2","80","80","2026-06-25T12:22:55.087+00:00","2121","react_ccrs_mazeV1_t2_20260625_141909.log","3654","1","0","0","0","0","0"
"react-baseline-vs-ccrs-v1-t2","002-ccrs","react_ccrs_mazeV1_t2","81","81","2026-06-25T12:22:57.028+00:00","1941","react_ccrs_mazeV1_t2_20260625_141909.log","3671","1","0","0","0","0","0"
"react-baseline-vs-ccrs-v1-t2","002-ccrs","react_ccrs_mazeV1_t2","82","82","2026-06-25T12:22:59.089+00:00","2061","react_ccrs_mazeV1_t2_20260625_141909.log","3688","1","0","0","0","0","0"
"react-baseline-vs-ccrs-v1-t2","002-ccrs","react_ccrs_mazeV1_t2","83","83","2026-06-25T12:23:01.537+00:00","2448","react_ccrs_mazeV1_t2_20260625_141909.log","3705","1","0","0","0","0","0"
"react-baseline-vs-ccrs-v1-t2","002-ccrs","react_ccrs_mazeV1_t2","84","84","2026-06-25T12:23:03.992+00:00","2455","react_ccrs_mazeV1_t2_20260625_141909.log","3722","1","0","0","0","0","0"
"react-baseline-vs-ccrs-v1-t2","002-ccrs","react_ccrs_mazeV1_t2","85","85","2026-06-25T12:23:06.169+00:00","2177","react_ccrs_mazeV1_t2_20260625_141909.log","3739","1","0","0","0","0","0"
"react-baseline-vs-ccrs-v1-t2","002-ccrs","react_ccrs_mazeV1_t2","86","86","2026-06-25T12:23:08.276+00:00","2107","react_ccrs_mazeV1_t2_20260625_141909.log","3756","1","0","0","0","0","0"
"react-baseline-vs-ccrs-v1-t2","002-ccrs","react_ccrs_mazeV1_t2","87","87","2026-06-25T12:23:10.381+00:00","2105","react_ccrs_mazeV1_t2_20260625_141909.log","3773","1","0","0","0","0","0"
"react-baseline-vs-ccrs-v1-t2","002-ccrs","react_ccrs_mazeV1_t2","88","88","2026-06-25T12:23:13.026+00:00","2645","react_ccrs_mazeV1_t2_20260625_141909.log","3790","1","0","0","0","0","0"
"react-baseline-vs-ccrs-v1-t2","002-ccrs","react_ccrs_mazeV1_t2","89","89","2026-06-25T12:23:15.451+00:00","2425","react_ccrs_mazeV1_t2_20260625_141909.log","3807","1","0","0","0","0","0"
"react-baseline-vs-ccrs-v1-t2","002-ccrs","react_ccrs_mazeV1_t2","90","90","2026-06-25T12:23:17.604+00:00","2153","react_ccrs_mazeV1_t2_20260625_141909.log","3824","1","0","0","0","0","0"
"react-baseline-vs-ccrs-v1-t2","002-ccrs","react_ccrs_mazeV1_t2","91","91","2026-06-25T12:23:20.129+00:00","2525","react_ccrs_mazeV1_t2_20260625_141909.log","3841","1","0","0","0","0","0"
"react-baseline-vs-ccrs-v1-t2","002-ccrs","react_ccrs_mazeV1_t2","92","92","2026-06-25T12:23:22.430+00:00","2301","react_ccrs_mazeV1_t2_20260625_141909.log","3858","1","0","0","0","0","0"
"react-baseline-vs-ccrs-v1-t2","002-ccrs","react_ccrs_mazeV1_t2","93","93","2026-06-25T12:23:25.818+00:00","3388","react_ccrs_mazeV1_t2_20260625_141909.log","3875","1","0","0","0","0","0"
"react-baseline-vs-ccrs-v1-t2","002-ccrs","react_ccrs_mazeV1_t2","94","94","2026-06-25T12:23:27.778+00:00","1960","react_ccrs_mazeV1_t2_20260625_141909.log","3892","1","0","0","0","0","0"
"react-baseline-vs-ccrs-v1-t2","002-ccrs","react_ccrs_mazeV1_t2","95","95","2026-06-25T12:23:30.344+00:00","2566","react_ccrs_mazeV1_t2_20260625_141909.log","3909","1","0","0","0","0","0"
"react-baseline-vs-ccrs-v1-t2","002-ccrs","react_ccrs_mazeV1_t2","96","96","2026-06-25T12:23:32.528+00:00","2184","react_ccrs_mazeV1_t2_20260625_141909.log","3926","1","0","0","0","0","0"
"react-baseline-vs-ccrs-v1-t2","002-ccrs","react_ccrs_mazeV1_t2","97","97","2026-06-25T12:23:34.875+00:00","2347","react_ccrs_mazeV1_t2_20260625_141909.log","3943","1","0","0","0","0","0"
"react-baseline-vs-ccrs-v1-t2","002-ccrs","react_ccrs_mazeV1_t2","98","98","2026-06-25T12:23:37.419+00:00","2544","react_ccrs_mazeV1_t2_20260625_141909.log","3960","1","0","0","0","0","0"
"react-baseline-vs-ccrs-v1-t2","002-ccrs","react_ccrs_mazeV1_t2","99","99","2026-06-25T12:23:39.625+00:00","2206","react_ccrs_mazeV1_t2_20260625_141909.log","3977","1","0","0","0","0","0"
"react-baseline-vs-ccrs-v1-t2","002-ccrs","react_ccrs_mazeV1_t2","100","100","2026-06-25T12:23:42.107+00:00","2482","react_ccrs_mazeV1_t2_20260625_141909.log","3994","1","0","0","0","0","0"
"react-baseline-vs-ccrs-v1-t2","002-ccrs","react_ccrs_mazeV1_t2","101","101","2026-06-25T12:23:45.172+00:00","3065","react_ccrs_mazeV1_t2_20260625_141909.log","4011","1","0","0","0","0","0"
"react-baseline-vs-ccrs-v1-t2","002-ccrs","react_ccrs_mazeV1_t2","102","102","2026-06-25T12:23:47.376+00:00","2204","react_ccrs_mazeV1_t2_20260625_141909.log","4023","1","0","0","0","0","0"
"react-baseline-vs-ccrs-v1-t2","002-ccrs","react_ccrs_mazeV1_t2","103","103","2026-06-25T12:23:49.992+00:00","2616","react_ccrs_mazeV1_t2_20260625_141909.log","4040","1","0","0","0","0","0"
"react-baseline-vs-ccrs-v1-t2","002-ccrs","react_ccrs_mazeV1_t2","104","104","2026-06-25T12:23:52.768+00:00","2776","react_ccrs_mazeV1_t2_20260625_141909.log","4057","1","0","0","0","0","0"
"react-baseline-vs-ccrs-v1-t2","002-ccrs","react_ccrs_mazeV1_t2","105","105","2026-06-25T12:23:54.979+00:00","2211","react_ccrs_mazeV1_t2_20260625_141909.log","4069","1","0","0","0","0","0"
"react-baseline-vs-ccrs-v1-t2","002-ccrs","react_ccrs_mazeV1_t2","106","106","2026-06-25T12:23:57.538+00:00","2559","react_ccrs_mazeV1_t2_20260625_141909.log","4086","1","0","0","0","0","0"
"react-baseline-vs-ccrs-v1-t2","002-ccrs","react_ccrs_mazeV1_t2","107","107","2026-06-25T12:23:59.826+00:00","2288","react_ccrs_mazeV1_t2_20260625_141909.log","4103","1","0","0","0","0","0"
"react-baseline-vs-ccrs-v1-t2","002-ccrs","react_ccrs_mazeV1_t2","108","108","2026-06-25T12:24:03.550+00:00","3724","react_ccrs_mazeV1_t2_20260625_141909.log","4120","1","0","0","0","0","0"
"react-baseline-vs-ccrs-v1-t2","002-ccrs","react_ccrs_mazeV1_t2","109","109","2026-06-25T12:24:06.343+00:00","2793","react_ccrs_mazeV1_t2_20260625_141909.log","4137","1","0","0","0","0","0"
"react-baseline-vs-ccrs-v1-t2","002-ccrs","react_ccrs_mazeV1_t2","110","110","2026-06-25T12:24:08.547+00:00","2204","react_ccrs_mazeV1_t2_20260625_141909.log","4149","1","0","0","0","0","0"
"react-baseline-vs-ccrs-v1-t2","002-ccrs","react_ccrs_mazeV1_t2","111","111","2026-06-25T12:24:11.782+00:00","3235","react_ccrs_mazeV1_t2_20260625_141909.log","4166","1","0","0","0","0","0"
"react-baseline-vs-ccrs-v1-t2","002-ccrs","react_ccrs_mazeV1_t2","112","112","2026-06-25T12:24:14.028+00:00","2246","react_ccrs_mazeV1_t2_20260625_141909.log","4183","1","0","0","0","0","0"
"react-baseline-vs-ccrs-v1-t2","002-ccrs","react_ccrs_mazeV1_t2","113","113","2026-06-25T12:24:16.076+00:00","2048","react_ccrs_mazeV1_t2_20260625_141909.log","4200","1","0","0","0","0","0"
"react-baseline-vs-ccrs-v1-t2","002-ccrs","react_ccrs_mazeV1_t2","114","114","2026-06-25T12:24:18.686+00:00","2610","react_ccrs_mazeV1_t2_20260625_141909.log","4217","1","0","0","0","0","0"
"react-baseline-vs-ccrs-v1-t2","002-ccrs","react_ccrs_mazeV1_t2","115","115","2026-06-25T12:24:21.087+00:00","2401","react_ccrs_mazeV1_t2_20260625_141909.log","4234","1","0","0","0","0","0"
"react-baseline-vs-ccrs-v1-t2","002-ccrs","react_ccrs_mazeV1_t2","116","116","2026-06-25T12:24:23.965+00:00","2878","react_ccrs_mazeV1_t2_20260625_141909.log","4251","1","0","0","0","0","0"
"react-baseline-vs-ccrs-v1-t2","002-ccrs","react_ccrs_mazeV1_t2","117","117","2026-06-25T12:24:25.865+00:00","1900","react_ccrs_mazeV1_t2_20260625_141909.log","4268","1","0","0","0","0","0"
"react-baseline-vs-ccrs-v1-t2","002-ccrs","react_ccrs_mazeV1_t2","118","118","2026-06-25T12:24:28.722+00:00","2857","react_ccrs_mazeV1_t2_20260625_141909.log","4285","1","0","0","0","0","0"
"react-baseline-vs-ccrs-v1-t2","002-ccrs","react_ccrs_mazeV1_t2","119","119","2026-06-25T12:24:31.488+00:00","2766","react_ccrs_mazeV1_t2_20260625_141909.log","4302","1","0","0","0","0","0"
"react-baseline-vs-ccrs-v1-t2","002-ccrs","react_ccrs_mazeV1_t2","120","120","2026-06-25T12:24:34.327+00:00","2839","react_ccrs_mazeV1_t2_20260625_141909.log","4319","1","0","0","0","0","0"
"react-baseline-vs-ccrs-v1-t2","002-ccrs","react_ccrs_mazeV1_t2","121","121","2026-06-25T12:24:36.556+00:00","2229","react_ccrs_mazeV1_t2_20260625_141909.log","4336","1","0","0","0","0","0"
"react-baseline-vs-ccrs-v1-t2","002-ccrs","react_ccrs_mazeV1_t2","122","122","2026-06-25T12:24:39.627+00:00","3071","react_ccrs_mazeV1_t2_20260625_141909.log","4353","1","0","0","0","0","0"
"react-baseline-vs-ccrs-v1-t2","002-ccrs","react_ccrs_mazeV1_t2","123","123","2026-06-25T12:24:41.902+00:00","2275","react_ccrs_mazeV1_t2_20260625_141909.log","4365","1","0","0","0","0","0"
"react-baseline-vs-ccrs-v1-t2","002-ccrs","react_ccrs_mazeV1_t2","124","124","2026-06-25T12:24:44.628+00:00","2726","react_ccrs_mazeV1_t2_20260625_141909.log","4382","1","0","0","0","0","0"
"react-baseline-vs-ccrs-v1-t2","002-ccrs","react_ccrs_mazeV1_t2","125","125","2026-06-25T12:24:46.605+00:00","1977","react_ccrs_mazeV1_t2_20260625_141909.log","4399","1","0","0","0","0","0"
"react-baseline-vs-ccrs-v1-t2","002-ccrs","react_ccrs_mazeV1_t2","126","126","2026-06-25T12:24:50.645+00:00","4040","react_ccrs_mazeV1_t2_20260625_141909.log","4416","1","0","0","0","0","0"
"react-baseline-vs-ccrs-v1-t2","002-ccrs","react_ccrs_mazeV1_t2","127","127","2026-06-25T12:24:52.814+00:00","2169","react_ccrs_mazeV1_t2_20260625_141909.log","4433","1","0","0","0","0","0"
"react-baseline-vs-ccrs-v1-t2","002-ccrs","react_ccrs_mazeV1_t2","128","128","2026-06-25T12:24:55.944+00:00","3130","react_ccrs_mazeV1_t2_20260625_141909.log","4450","1","0","0","0","0","0"
"react-baseline-vs-ccrs-v1-t2","002-ccrs","react_ccrs_mazeV1_t2","129","129","2026-06-25T12:24:58.500+00:00","2556","react_ccrs_mazeV1_t2_20260625_141909.log","4462","1","0","0","0","0","0"
"react-baseline-vs-ccrs-v1-t2","002-ccrs","react_ccrs_mazeV1_t2","130","130","2026-06-25T12:25:01.652+00:00","3152","react_ccrs_mazeV1_t2_20260625_141909.log","4479","1","0","0","0","0","0"
"react-baseline-vs-ccrs-v1-t2","002-ccrs","react_ccrs_mazeV1_t2","131","131","2026-06-25T12:25:03.916+00:00","2264","react_ccrs_mazeV1_t2_20260625_141909.log","4491","1","0","0","0","0","0"
"react-baseline-vs-ccrs-v1-t2","002-ccrs","react_ccrs_mazeV1_t2","132","132","2026-06-25T12:25:06.273+00:00","2357","react_ccrs_mazeV1_t2_20260625_141909.log","4508","1","0","0","0","0","0"
"react-baseline-vs-ccrs-v1-t2","002-ccrs","react_ccrs_mazeV1_t2","133","133","2026-06-25T12:25:08.448+00:00","2175","react_ccrs_mazeV1_t2_20260625_141909.log","4525","1","0","0","0","0","0"
"react-baseline-vs-ccrs-v1-t2","002-ccrs","react_ccrs_mazeV1_t2","134","134","2026-06-25T12:25:10.416+00:00","1968","react_ccrs_mazeV1_t2_20260625_141909.log","4542","1","0","0","0","0","0"
"react-baseline-vs-ccrs-v1-t2","002-ccrs","react_ccrs_mazeV1_t2","135","135","2026-06-25T12:25:13.839+00:00","3423","react_ccrs_mazeV1_t2_20260625_141909.log","4559","1","0","0","0","0","0"
"react-baseline-vs-ccrs-v1-t2","002-ccrs","react_ccrs_mazeV1_t2","136","136","2026-06-25T12:25:15.969+00:00","2130","react_ccrs_mazeV1_t2_20260625_141909.log","4576","1","0","0","0","0","0"
"react-baseline-vs-ccrs-v1-t2","002-ccrs","react_ccrs_mazeV1_t2","137","137","2026-06-25T12:25:18.095+00:00","2126","react_ccrs_mazeV1_t2_20260625_141909.log","4593","1","0","0","0","0","0"
"react-baseline-vs-ccrs-v1-t2","002-ccrs","react_ccrs_mazeV1_t2","138","138","2026-06-25T12:25:21.058+00:00","2963","react_ccrs_mazeV1_t2_20260625_141909.log","4610","1","0","0","0","0","0"
"react-baseline-vs-ccrs-v1-t2","002-ccrs","react_ccrs_mazeV1_t2","139","139","2026-06-25T12:25:23.195+00:00","2137","react_ccrs_mazeV1_t2_20260625_141909.log","4627","1","0","0","0","0","0"
"react-baseline-vs-ccrs-v1-t2","002-ccrs","react_ccrs_mazeV1_t2","140","140","2026-06-25T12:25:25.588+00:00","2393","react_ccrs_mazeV1_t2_20260625_141909.log","4644","1","0","0","0","0","0"
"react-baseline-vs-ccrs-v1-t2","002-ccrs","react_ccrs_mazeV1_t2","141","141","2026-06-25T12:25:28.070+00:00","2482","react_ccrs_mazeV1_t2_20260625_141909.log","4661","1","0","0","0","0","0"
"react-baseline-vs-ccrs-v1-t2","002-ccrs","react_ccrs_mazeV1_t2","142","142","2026-06-25T12:25:30.092+00:00","2022","react_ccrs_mazeV1_t2_20260625_141909.log","4678","1","0","0","0","0","0"
"react-baseline-vs-ccrs-v1-t2","002-ccrs","react_ccrs_mazeV1_t2","143","143","2026-06-25T12:25:32.376+00:00","2284","react_ccrs_mazeV1_t2_20260625_141909.log","4695","1","0","0","0","0","0"
"react-baseline-vs-ccrs-v1-t2","002-ccrs","react_ccrs_mazeV1_t2","144","144","2026-06-25T12:25:34.718+00:00","2342","react_ccrs_mazeV1_t2_20260625_141909.log","4712","1","0","0","0","0","0"
"react-baseline-vs-ccrs-v1-t2","002-ccrs","react_ccrs_mazeV1_t2","145","145","2026-06-25T12:25:36.764+00:00","2046","react_ccrs_mazeV1_t2_20260625_141909.log","4729","1","0","0","0","0","0"
"react-baseline-vs-ccrs-v1-t2","002-ccrs","react_ccrs_mazeV1_t2","146","146","2026-06-25T12:25:38.904+00:00","2140","react_ccrs_mazeV1_t2_20260625_141909.log","4746","1","0","0","0","0","0"
"react-baseline-vs-ccrs-v1-t2","002-ccrs","react_ccrs_mazeV1_t2","147","147","2026-06-25T12:25:41.029+00:00","2125","react_ccrs_mazeV1_t2_20260625_141909.log","4763","1","0","0","0","0","0"
"react-baseline-vs-ccrs-v1-t2","002-ccrs","react_ccrs_mazeV1_t2","148","148","2026-06-25T12:25:43.287+00:00","2258","react_ccrs_mazeV1_t2_20260625_141909.log","4780","1","0","0","0","0","0"
"react-baseline-vs-ccrs-v1-t2","002-ccrs","react_ccrs_mazeV1_t2","149","149","2026-06-25T12:25:45.533+00:00","2246","react_ccrs_mazeV1_t2_20260625_141909.log","4797","1","0","0","0","0","0"
"react-baseline-vs-ccrs-v1-t2","002-ccrs","react_ccrs_mazeV1_t2","150","150","2026-06-25T12:25:47.756+00:00","2223","react_ccrs_mazeV1_t2_20260625_141909.log","4814","1","0","0","0","0","0"
"react-baseline-vs-ccrs-v1-t2","002-ccrs","react_ccrs_mazeV1_t2","151","151","2026-06-25T12:25:50.146+00:00","2390","react_ccrs_mazeV1_t2_20260625_141909.log","4831","1","0","0","0","0","0"
"react-baseline-vs-ccrs-v1-t2","002-ccrs","react_ccrs_mazeV1_t2","152","152","2026-06-25T12:25:52.685+00:00","2539","react_ccrs_mazeV1_t2_20260625_141909.log","4848","1","0","0","0","0","0"
"react-baseline-vs-ccrs-v1-t2","002-ccrs","react_ccrs_mazeV1_t2","153","153","2026-06-25T12:25:55.943+00:00","3258","react_ccrs_mazeV1_t2_20260625_141909.log","4865","1","0","0","0","0","0"
"react-baseline-vs-ccrs-v1-t2","002-ccrs","react_ccrs_mazeV1_t2","154","154","2026-06-25T12:25:58.369+00:00","2426","react_ccrs_mazeV1_t2_20260625_141909.log","4882","1","0","0","0","0","0"
"react-baseline-vs-ccrs-v1-t2","002-ccrs","react_ccrs_mazeV1_t2","155","155","2026-06-25T12:26:01.647+00:00","3278","react_ccrs_mazeV1_t2_20260625_141909.log","4899","1","0","0","0","0","0"
"react-baseline-vs-ccrs-v1-t2","002-ccrs","react_ccrs_mazeV1_t2","156","156","2026-06-25T12:26:08.331+00:00","6684","react_ccrs_mazeV1_t2_20260625_141909.log","4911","1","0","0","0","0","0"
"react-baseline-vs-ccrs-v1-t2","002-ccrs","react_ccrs_mazeV1_t2","157","157","2026-06-25T12:26:12.576+00:00","4245","react_ccrs_mazeV1_t2_20260625_141909.log","4977","1","0","0","0","0","0"
"react-baseline-vs-ccrs-v1-t2","002-ccrs","react_ccrs_mazeV1_t2","158","158","2026-06-25T12:26:15.075+00:00","2499","react_ccrs_mazeV1_t2_20260625_141909.log","4989","1","0","0","0","0","0"
"react-baseline-vs-ccrs-v1-t2","002-ccrs","react_ccrs_mazeV1_t2","159","159","2026-06-25T12:26:18.166+00:00","3091","react_ccrs_mazeV1_t2_20260625_141909.log","5055","1","0","0","0","0","0"
"react-baseline-vs-ccrs-v1-t2","002-ccrs","react_ccrs_mazeV1_t2","160","160","2026-06-25T12:26:21.897+00:00","3731","react_ccrs_mazeV1_t2_20260625_141909.log","5067","1","0","0","0","0","0"
"react-baseline-vs-ccrs-v1-t2","002-ccrs","react_ccrs_mazeV1_t2","161","161","2026-06-25T12:26:24.383+00:00","2486","react_ccrs_mazeV1_t2_20260625_141909.log","5133","1","0","0","0","0","0"
"react-baseline-vs-ccrs-v1-t2","002-ccrs","react_ccrs_mazeV1_t2","162","162","2026-06-25T12:26:26.650+00:00","2267","react_ccrs_mazeV1_t2_20260625_141909.log","5199","1","0","0","0","0","0"
"react-baseline-vs-ccrs-v1-t2","002-ccrs","react_ccrs_mazeV1_t2","163","163","2026-06-25T12:26:28.939+00:00","2289","react_ccrs_mazeV1_t2_20260625_141909.log","5265","1","0","0","0","0","0"
"react-baseline-vs-ccrs-v1-t2","002-ccrs","react_ccrs_mazeV1_t2","164","164","2026-06-25T12:26:31.399+00:00","2460","react_ccrs_mazeV1_t2_20260625_141909.log","5331","1","0","0","0","0","0"
"react-baseline-vs-ccrs-v1-t2","002-ccrs","react_ccrs_mazeV1_t2","165","165","2026-06-25T12:26:33.594+00:00","2195","react_ccrs_mazeV1_t2_20260625_141909.log","5397","1","0","0","0","0","0"
"react-baseline-vs-ccrs-v1-t2","002-ccrs","react_ccrs_mazeV1_t2","166","166","2026-06-25T12:26:38.657+00:00","5063","react_ccrs_mazeV1_t2_20260625_141909.log","5463","1","0","0","0","0","0"
"react-baseline-vs-ccrs-v1-t2","002-ccrs","react_ccrs_mazeV1_t2","167","167","2026-06-25T12:26:42.772+00:00","4115","react_ccrs_mazeV1_t2_20260625_141909.log","5529","1","0","0","0","0","0"
"react-baseline-vs-ccrs-v1-t2","002-ccrs","react_ccrs_mazeV1_t2","168","168","2026-06-25T12:26:45.687+00:00","2915","react_ccrs_mazeV1_t2_20260625_141909.log","5541","1","0","0","0","0","0"
"react-baseline-vs-ccrs-v1-t2","002-ccrs","react_ccrs_mazeV1_t2","169","169","2026-06-25T12:26:47.889+00:00","2202","react_ccrs_mazeV1_t2_20260625_141909.log","5607","1","0","0","0","0","0"
"react-baseline-vs-ccrs-v1-t2","002-ccrs","react_ccrs_mazeV1_t2","170","170","2026-06-25T12:26:50.853+00:00","2964","react_ccrs_mazeV1_t2_20260625_141909.log","5624","1","0","0","0","0","0"
"react-baseline-vs-ccrs-v1-t2","002-ccrs","react_ccrs_mazeV1_t2","171","171","2026-06-25T12:26:53.147+00:00","2294","react_ccrs_mazeV1_t2_20260625_141909.log","5636","1","0","0","0","0","0"
"react-baseline-vs-ccrs-v1-t2","002-ccrs","react_ccrs_mazeV1_t2","172","172","2026-06-25T12:26:56.557+00:00","3410","react_ccrs_mazeV1_t2_20260625_141909.log","5702","1","0","0","0","0","0"
"react-baseline-vs-ccrs-v1-t2","002-ccrs","react_ccrs_mazeV1_t2","173","173","2026-06-25T12:27:00.530+00:00","3973","react_ccrs_mazeV1_t2_20260625_141909.log","5714","1","0","0","0","0","0"
"react-baseline-vs-ccrs-v1-t2","002-ccrs","react_ccrs_mazeV1_t2","174","174","2026-06-25T12:27:02.699+00:00","2169","react_ccrs_mazeV1_t2_20260625_141909.log","5780","1","0","0","0","0","0"
"react-baseline-vs-ccrs-v1-t2","002-ccrs","react_ccrs_mazeV1_t2","175","175","2026-06-25T12:27:05.012+00:00","2313","react_ccrs_mazeV1_t2_20260625_141909.log","5846","1","0","0","0","0","0"
"react-baseline-vs-ccrs-v1-t2","002-ccrs","react_ccrs_mazeV1_t2","176","176","2026-06-25T12:27:08.445+00:00","3433","react_ccrs_mazeV1_t2_20260625_141909.log","5863","1","0","0","0","0","0"
"react-baseline-vs-ccrs-v1-t2","002-ccrs","react_ccrs_mazeV1_t2","177","177","2026-06-25T12:27:11.385+00:00","2940","react_ccrs_mazeV1_t2_20260625_141909.log","5875","1","0","0","0","0","0"
"react-baseline-vs-ccrs-v1-t2","002-ccrs","react_ccrs_mazeV1_t2","178","178","2026-06-25T12:27:14.651+00:00","3266","react_ccrs_mazeV1_t2_20260625_141909.log","5941","1","0","0","0","0","0"
"react-baseline-vs-ccrs-v1-t2","002-ccrs","react_ccrs_mazeV1_t2","179","179","2026-06-25T12:27:16.637+00:00","1986","react_ccrs_mazeV1_t2_20260625_141909.log","5953","1","0","0","0","0","0"
"react-baseline-vs-ccrs-v1-t2","002-ccrs","react_ccrs_mazeV1_t2","180","180","2026-06-25T12:27:18.819+00:00","2182","react_ccrs_mazeV1_t2_20260625_141909.log","6019","1","0","0","0","0","0"
"react-baseline-vs-ccrs-v1-t2","002-ccrs","react_ccrs_mazeV1_t2","181","181","2026-06-25T12:27:22.536+00:00","3717","react_ccrs_mazeV1_t2_20260625_141909.log","6036","1","0","0","0","0","0"
"react-baseline-vs-ccrs-v1-t2","002-ccrs","react_ccrs_mazeV1_t2","182","182","2026-06-25T12:27:26.491+00:00","3955","react_ccrs_mazeV1_t2_20260625_141909.log","6048","1","0","0","0","0","0"
"react-baseline-vs-ccrs-v1-t2","002-ccrs","react_ccrs_mazeV1_t2","183","183","2026-06-25T12:27:29.121+00:00","2630","react_ccrs_mazeV1_t2_20260625_141909.log","6114","1","0","0","0","0","0"
"react-baseline-vs-ccrs-v1-t2","002-ccrs","react_ccrs_mazeV1_t2","184","184","2026-06-25T12:27:32.387+00:00","3266","react_ccrs_mazeV1_t2_20260625_141909.log","6131","1","0","0","0","0","0"
"react-baseline-vs-ccrs-v1-t2","002-ccrs","react_ccrs_mazeV1_t2","185","185","2026-06-25T12:27:35.123+00:00","2736","react_ccrs_mazeV1_t2_20260625_141909.log","6143","1","0","0","0","0","0"
"react-baseline-vs-ccrs-v1-t2","002-ccrs","react_ccrs_mazeV1_t2","186","186","2026-06-25T12:27:38.833+00:00","3710","react_ccrs_mazeV1_t2_20260625_141909.log","6209","1","0","0","0","0","0"
"react-baseline-vs-ccrs-v1-t2","002-ccrs","react_ccrs_mazeV1_t2","187","187","2026-06-25T12:27:41.648+00:00","2815","react_ccrs_mazeV1_t2_20260625_141909.log","6221","1","0","0","0","0","0"
"react-baseline-vs-ccrs-v1-t2","002-ccrs","react_ccrs_mazeV1_t2","188","188","2026-06-25T12:27:43.935+00:00","2287","react_ccrs_mazeV1_t2_20260625_141909.log","6238","1","0","0","0","0","0"
"react-baseline-vs-ccrs-v1-t2","002-ccrs","react_ccrs_mazeV1_t2","189","189","2026-06-25T12:27:46.785+00:00","2850","react_ccrs_mazeV1_t2_20260625_141909.log","6255","1","0","0","0","0","0"
"react-baseline-vs-ccrs-v1-t2","002-ccrs","react_ccrs_mazeV1_t2","190","190","2026-06-25T12:27:51.855+00:00","5070","react_ccrs_mazeV1_t2_20260625_141909.log","6266","1","0","0","0","0","0"
"react-baseline-vs-ccrs-v1-t2","002-ccrs","react_ccrs_mazeV1_t2","191","191","2026-06-25T12:27:53.727+00:00","1872","react_ccrs_mazeV1_t2_20260625_141909.log","6283","1","0","0","0","0","0"
"react-baseline-vs-ccrs-v1-t2","002-ccrs","react_ccrs_mazeV1_t2","192","192","2026-06-25T12:27:55.889+00:00","2162","react_ccrs_mazeV1_t2_20260625_141909.log","6300","1","0","0","0","0","0"
"react-baseline-vs-ccrs-v1-t2","002-ccrs","react_ccrs_mazeV1_t2","193","193","2026-06-25T12:27:58.980+00:00","3091","react_ccrs_mazeV1_t2_20260625_141909.log","6317","1","0","0","0","0","0"
"react-baseline-vs-ccrs-v1-t2","002-ccrs","react_ccrs_mazeV1_t2","194","194","2026-06-25T12:28:01.965+00:00","2985","react_ccrs_mazeV1_t2_20260625_141909.log","6329","1","0","0","0","0","0"
"react-baseline-vs-ccrs-v1-t2","002-ccrs","react_ccrs_mazeV1_t2","195","195","2026-06-25T12:28:04.468+00:00","2503","react_ccrs_mazeV1_t2_20260625_141909.log","6346","1","0","0","0","0","0"
"react-baseline-vs-ccrs-v1-t2","002-ccrs","react_ccrs_mazeV1_t2","196","196","2026-06-25T12:28:06.972+00:00","2504","react_ccrs_mazeV1_t2_20260625_141909.log","6363","1","0","0","0","0","0"
"react-baseline-vs-ccrs-v1-t2","002-ccrs","react_ccrs_mazeV1_t2","197","197","2026-06-25T12:28:10.890+00:00","3918","react_ccrs_mazeV1_t2_20260625_141909.log","6380","1","0","0","0","0","0"
"react-baseline-vs-ccrs-v1-t2","002-ccrs","react_ccrs_mazeV1_t2","198","198","2026-06-25T12:28:14.143+00:00","3253","react_ccrs_mazeV1_t2_20260625_141909.log","6397","1","0","0","0","0","0"
"react-baseline-vs-ccrs-v1-t2","002-ccrs","react_ccrs_mazeV1_t2","199","199","2026-06-25T12:28:16.777+00:00","2634","react_ccrs_mazeV1_t2_20260625_141909.log","6414","1","0","0","0","0","0"
"react-baseline-vs-ccrs-v1-t2","002-ccrs","react_ccrs_mazeV1_t2","200","200","2026-06-25T12:28:19.168+00:00","2391","react_ccrs_mazeV1_t2_20260625_141909.log","6431","1","0","0","0","0","0"
"react-baseline-vs-ccrs-v1-t2","002-ccrs","react_ccrs_mazeV1_t2","201","201","2026-06-25T12:28:21.428+00:00","2260","react_ccrs_mazeV1_t2_20260625_141909.log","6448","1","0","0","0","0","0"
"react-baseline-vs-ccrs-v1-t2","002-ccrs","react_ccrs_mazeV1_t2","202","202","2026-06-25T12:28:24.034+00:00","2606","react_ccrs_mazeV1_t2_20260625_141909.log","6465","1","0","0","0","0","0"
"react-baseline-vs-ccrs-v1-t2","002-ccrs","react_ccrs_mazeV1_t2","203","203","2026-06-25T12:28:26.752+00:00","2718","react_ccrs_mazeV1_t2_20260625_141909.log","6482","1","0","0","0","0","0"
"react-baseline-vs-ccrs-v1-t2","002-ccrs","react_ccrs_mazeV1_t2","204","204","2026-06-25T12:28:29.411+00:00","2659","react_ccrs_mazeV1_t2_20260625_141909.log","6499","1","0","0","0","0","0"
"react-baseline-vs-ccrs-v1-t2","002-ccrs","react_ccrs_mazeV1_t2","205","205","2026-06-25T12:28:32.579+00:00","3168","react_ccrs_mazeV1_t2_20260625_141909.log","6516","1","0","0","0","0","0"
"react-baseline-vs-ccrs-v1-t2","002-ccrs","react_ccrs_mazeV1_t2","206","206","2026-06-25T12:28:36.390+00:00","3811","react_ccrs_mazeV1_t2_20260625_141909.log","6528","1","0","0","0","0","0"
"react-baseline-vs-ccrs-v1-t2","002-ccrs","react_ccrs_mazeV1_t2","207","207","2026-06-25T12:28:38.657+00:00","2267","react_ccrs_mazeV1_t2_20260625_141909.log","6545","1","0","0","0","0","0"
"react-baseline-vs-ccrs-v1-t2","002-ccrs","react_ccrs_mazeV1_t2","208","208","2026-06-25T12:28:41.075+00:00","2418","react_ccrs_mazeV1_t2_20260625_141909.log","6562","1","0","0","0","0","0"
"react-baseline-vs-ccrs-v1-t2","002-ccrs","react_ccrs_mazeV1_t2","209","209","2026-06-25T12:28:43.569+00:00","2494","react_ccrs_mazeV1_t2_20260625_141909.log","6579","1","0","0","0","0","0"
"react-baseline-vs-ccrs-v1-t2","002-ccrs","react_ccrs_mazeV1_t2","210","210","2026-06-25T12:28:46.628+00:00","3059","react_ccrs_mazeV1_t2_20260625_141909.log","6596","1","0","0","0","0","0"
"react-baseline-vs-ccrs-v1-t2","002-ccrs","react_ccrs_mazeV1_t2","211","211","2026-06-25T12:28:48.568+00:00","1940","react_ccrs_mazeV1_t2_20260625_141909.log","6608","1","0","0","0","0","0"
"react-baseline-vs-ccrs-v1-t2","002-ccrs","react_ccrs_mazeV1_t2","212","212","2026-06-25T12:28:51.429+00:00","2861","react_ccrs_mazeV1_t2_20260625_141909.log","6625","1","0","0","0","0","0"
"react-baseline-vs-ccrs-v1-t2","002-ccrs","react_ccrs_mazeV1_t2","213","213","2026-06-25T12:28:54.407+00:00","2978","react_ccrs_mazeV1_t2_20260625_141909.log","6642","1","0","0","0","0","0"
"react-baseline-vs-ccrs-v1-t2","002-ccrs","react_ccrs_mazeV1_t2","214","214","2026-06-25T12:28:57.434+00:00","3027","react_ccrs_mazeV1_t2_20260625_141909.log","6654","1","0","0","0","0","0"
"react-baseline-vs-ccrs-v1-t2","002-ccrs","react_ccrs_mazeV1_t2","215","215","2026-06-25T12:29:00.034+00:00","2600","react_ccrs_mazeV1_t2_20260625_141909.log","6671","1","0","0","0","0","0"
"react-baseline-vs-ccrs-v1-t2","002-ccrs","react_ccrs_mazeV1_t2","216","216","2026-06-25T12:29:02.115+00:00","2081","react_ccrs_mazeV1_t2_20260625_141909.log","6688","1","0","0","0","0","0"
"react-baseline-vs-ccrs-v1-t2","002-ccrs","react_ccrs_mazeV1_t2","217","217","2026-06-25T12:29:04.415+00:00","2300","react_ccrs_mazeV1_t2_20260625_141909.log","6705","1","0","0","0","0","0"
"react-baseline-vs-ccrs-v1-t2","002-ccrs","react_ccrs_mazeV1_t2","218","218","2026-06-25T12:29:07.702+00:00","3287","react_ccrs_mazeV1_t2_20260625_141909.log","6722","1","0","0","0","0","0"
"react-baseline-vs-ccrs-v1-t2","002-ccrs","react_ccrs_mazeV1_t2","219","219","2026-06-25T12:29:09.975+00:00","2273","react_ccrs_mazeV1_t2_20260625_141909.log","6734","1","0","0","0","0","0"
"react-baseline-vs-ccrs-v1-t2","002-ccrs","react_ccrs_mazeV1_t2","220","220","2026-06-25T12:29:12.279+00:00","2304","react_ccrs_mazeV1_t2_20260625_141909.log","6751","1","0","0","0","0","0"
"react-baseline-vs-ccrs-v1-t2","002-ccrs","react_ccrs_mazeV1_t2","221","221","2026-06-25T12:29:15.077+00:00","2798","react_ccrs_mazeV1_t2_20260625_141909.log","6768","1","0","0","0","0","0"
"react-baseline-vs-ccrs-v1-t2","002-ccrs","react_ccrs_mazeV1_t2","222","222","2026-06-25T12:29:17.316+00:00","2239","react_ccrs_mazeV1_t2_20260625_141909.log","6785","1","0","0","0","0","0"
"react-baseline-vs-ccrs-v1-t2","002-ccrs","react_ccrs_mazeV1_t2","223","223","2026-06-25T12:29:22.607+00:00","5291","react_ccrs_mazeV1_t2_20260625_141909.log","6802","1","0","0","0","0","0"
"react-baseline-vs-ccrs-v1-t2","002-ccrs","react_ccrs_mazeV1_t2","224","224","2026-06-25T12:29:24.926+00:00","2319","react_ccrs_mazeV1_t2_20260625_141909.log","6814","1","0","0","0","0","0"
"react-baseline-vs-ccrs-v1-t2","002-ccrs","react_ccrs_mazeV1_t2","225","225","2026-06-25T12:29:29.186+00:00","4260","react_ccrs_mazeV1_t2_20260625_141909.log","6831","1","0","0","0","0","0"
"react-baseline-vs-ccrs-v1-t2","002-ccrs","react_ccrs_mazeV1_t2","226","226","2026-06-25T12:29:33.767+00:00","4581","react_ccrs_mazeV1_t2_20260625_141909.log","6843","1","0","0","0","0","0"
"react-baseline-vs-ccrs-v1-t2","002-ccrs","react_ccrs_mazeV1_t2","227","227","2026-06-25T12:29:36.367+00:00","2600","react_ccrs_mazeV1_t2_20260625_141909.log","6860","1","0","0","0","0","0"
"react-baseline-vs-ccrs-v1-t2","002-ccrs","react_ccrs_mazeV1_t2","228","228","2026-06-25T12:29:38.530+00:00","2163","react_ccrs_mazeV1_t2_20260625_141909.log","6877","1","0","0","0","0","0"
"react-baseline-vs-ccrs-v1-t2","002-ccrs","react_ccrs_mazeV1_t2","229","229","2026-06-25T12:29:40.574+00:00","2044","react_ccrs_mazeV1_t2_20260625_141909.log","6894","1","0","0","0","0","0"
"react-baseline-vs-ccrs-v1-t2","002-ccrs","react_ccrs_mazeV1_t2","230","230","2026-06-25T12:29:42.722+00:00","2148","react_ccrs_mazeV1_t2_20260625_141909.log","6911","1","0","0","0","0","0"
"react-baseline-vs-ccrs-v1-t2","002-ccrs","react_ccrs_mazeV1_t2","231","231","2026-06-25T12:29:44.954+00:00","2232","react_ccrs_mazeV1_t2_20260625_141909.log","6928","1","0","0","0","0","0"
"react-baseline-vs-ccrs-v1-t2","002-ccrs","react_ccrs_mazeV1_t2","232","232","2026-06-25T12:29:47.087+00:00","2133","react_ccrs_mazeV1_t2_20260625_141909.log","6945","1","0","0","0","0","0"
"react-baseline-vs-ccrs-v1-t2","002-ccrs","react_ccrs_mazeV1_t2","233","233","2026-06-25T12:29:49.316+00:00","2229","react_ccrs_mazeV1_t2_20260625_141909.log","6962","1","0","0","0","0","0"
"react-baseline-vs-ccrs-v1-t2","002-ccrs","react_ccrs_mazeV1_t2","234","234","2026-06-25T12:29:51.990+00:00","2674","react_ccrs_mazeV1_t2_20260625_141909.log","6979","1","0","0","0","0","0"
"react-baseline-vs-ccrs-v1-t2","002-ccrs","react_ccrs_mazeV1_t2","235","235","2026-06-25T12:29:54.027+00:00","2037","react_ccrs_mazeV1_t2_20260625_141909.log","6996","1","0","0","0","0","0"
"react-baseline-vs-ccrs-v1-t2","002-ccrs","react_ccrs_mazeV1_t2","236","236","2026-06-25T12:29:56.311+00:00","2284","react_ccrs_mazeV1_t2_20260625_141909.log","7013","1","0","0","0","0","0"
"react-baseline-vs-ccrs-v1-t2","002-ccrs","react_ccrs_mazeV1_t2","237","237","2026-06-25T12:29:58.681+00:00","2370","react_ccrs_mazeV1_t2_20260625_141909.log","7030","1","0","0","0","0","0"
"react-baseline-vs-ccrs-v1-t2","002-ccrs","react_ccrs_mazeV1_t2","238","238","2026-06-25T12:30:01.055+00:00","2374","react_ccrs_mazeV1_t2_20260625_141909.log","7047","1","0","0","0","0","0"
"react-baseline-vs-ccrs-v1-t2","002-ccrs","react_ccrs_mazeV1_t2","239","239","2026-06-25T12:30:03.888+00:00","2833","react_ccrs_mazeV1_t2_20260625_141909.log","7064","1","0","0","0","0","0"
"react-baseline-vs-ccrs-v1-t2","002-ccrs","react_ccrs_mazeV1_t2","240","240","2026-06-25T12:30:06.312+00:00","2424","react_ccrs_mazeV1_t2_20260625_141909.log","7076","1","0","0","0","0","0"
"react-baseline-vs-ccrs-v1-t2","002-ccrs","react_ccrs_mazeV1_t2","241","241","2026-06-25T12:30:08.572+00:00","2260","react_ccrs_mazeV1_t2_20260625_141909.log","7093","1","0","0","0","0","0"
"react-baseline-vs-ccrs-v1-t2","002-ccrs","react_ccrs_mazeV1_t2","242","242","2026-06-25T12:30:11.613+00:00","3041","react_ccrs_mazeV1_t2_20260625_141909.log","7110","1","0","0","0","0","0"
"react-baseline-vs-ccrs-v1-t2","002-ccrs","react_ccrs_mazeV1_t2","243","243","2026-06-25T12:30:13.904+00:00","2291","react_ccrs_mazeV1_t2_20260625_141909.log","7122","1","0","0","0","0","0"
"react-baseline-vs-ccrs-v1-t2","002-ccrs","react_ccrs_mazeV1_t2","244","244","2026-06-25T12:30:16.099+00:00","2195","react_ccrs_mazeV1_t2_20260625_141909.log","7139","1","0","0","0","0","0"
"react-baseline-vs-ccrs-v1-t2","002-ccrs","react_ccrs_mazeV1_t2","245","245","2026-06-25T12:30:21.350+00:00","5251","react_ccrs_mazeV1_t2_20260625_141909.log","7156","1","0","0","0","0","0"
"react-baseline-vs-ccrs-v1-t2","002-ccrs","react_ccrs_mazeV1_t2","246","246","2026-06-25T12:30:23.428+00:00","2078","react_ccrs_mazeV1_t2_20260625_141909.log","7168","1","0","0","0","0","0"
"react-baseline-vs-ccrs-v1-t2","002-ccrs","react_ccrs_mazeV1_t2","247","247","2026-06-25T12:30:25.778+00:00","2350","react_ccrs_mazeV1_t2_20260625_141909.log","7234","1","0","0","0","0","0"
"react-baseline-vs-ccrs-v1-t2","002-ccrs","react_ccrs_mazeV1_t2","248","248","2026-06-25T12:30:28.878+00:00","3100","react_ccrs_mazeV1_t2_20260625_141909.log","7300","1","0","0","0","0","0"
"react-baseline-vs-ccrs-v1-t2","002-ccrs","react_ccrs_mazeV1_t2","249","249","2026-06-25T12:30:31.576+00:00","2698","react_ccrs_mazeV1_t2_20260625_141909.log","7312","1","0","0","0","0","0"
"react-baseline-vs-ccrs-v1-t2","002-ccrs","react_ccrs_mazeV1_t2","250","250","2026-06-25T12:30:34.358+00:00","2782","react_ccrs_mazeV1_t2_20260625_141909.log","7378","1","0","0","0","0","0"
"react-baseline-vs-ccrs-v1-t2","002-ccrs","react_ccrs_mazeV1_t2","251","251","2026-06-25T12:30:37.343+00:00","2985","react_ccrs_mazeV1_t2_20260625_141909.log","7444","1","0","0","0","0","0"
"react-baseline-vs-ccrs-v1-t2","002-ccrs","react_ccrs_mazeV1_t2","252","252","2026-06-25T12:30:39.855+00:00","2512","react_ccrs_mazeV1_t2_20260625_141909.log","7456","1","0","0","0","0","0"
"react-baseline-vs-ccrs-v1-t2","002-ccrs","react_ccrs_mazeV1_t2","253","253","2026-06-25T12:30:42.056+00:00","2201","react_ccrs_mazeV1_t2_20260625_141909.log","7522","1","0","0","0","0","0"
"react-baseline-vs-ccrs-v1-t2","002-ccrs","react_ccrs_mazeV1_t2","254","254","2026-06-25T12:30:44.953+00:00","2897","react_ccrs_mazeV1_t2_20260625_141909.log","7588","1","0","0","0","0","0"
"react-baseline-vs-ccrs-v1-t2","002-ccrs","react_ccrs_mazeV1_t2","255","255","2026-06-25T12:30:46.786+00:00","1833","react_ccrs_mazeV1_t2_20260625_141909.log","7600","1","0","0","0","0","0"
"react-baseline-vs-ccrs-v1-t2","002-ccrs","react_ccrs_mazeV1_t2","256","256","2026-06-25T12:30:50.782+00:00","3996","react_ccrs_mazeV1_t2_20260625_141909.log","7666","1","0","0","0","0","0"
"react-baseline-vs-ccrs-v1-t2","002-ccrs","react_ccrs_mazeV1_t2","257","257","2026-06-25T12:30:53.825+00:00","3043","react_ccrs_mazeV1_t2_20260625_141909.log","7678","1","0","0","0","0","0"
"react-baseline-vs-ccrs-v1-t2","002-ccrs","react_ccrs_mazeV1_t2","258","258","2026-06-25T12:30:57.896+00:00","4071","react_ccrs_mazeV1_t2_20260625_141909.log","7744","1","0","0","0","0","0"
"react-baseline-vs-ccrs-v1-t2","002-ccrs","react_ccrs_mazeV1_t2","259","259","2026-06-25T12:31:00.833+00:00","2937","react_ccrs_mazeV1_t2_20260625_141909.log","7756","1","0","0","0","0","0"
"react-baseline-vs-ccrs-v1-t2","002-ccrs","react_ccrs_mazeV1_t2","260","260","2026-06-25T12:31:03.077+00:00","2244","react_ccrs_mazeV1_t2_20260625_141909.log","7822","1","0","0","0","0","0"
"react-baseline-vs-ccrs-v1-t2","002-ccrs","react_ccrs_mazeV1_t2","261","261","2026-06-25T12:31:06.103+00:00","3026","react_ccrs_mazeV1_t2_20260625_141909.log","7888","1","0","0","0","0","0"
"react-baseline-vs-ccrs-v1-t2","002-ccrs","react_ccrs_mazeV1_t2","262","262","2026-06-25T12:31:08.753+00:00","2650","react_ccrs_mazeV1_t2_20260625_141909.log","7900","1","0","0","0","0","0"
"react-baseline-vs-ccrs-v1-t2","002-ccrs","react_ccrs_mazeV1_t2","263","263","2026-06-25T12:31:11.130+00:00","2377","react_ccrs_mazeV1_t2_20260625_141909.log","7966","1","0","0","0","0","0"
"react-baseline-vs-ccrs-v1-t2","002-ccrs","react_ccrs_mazeV1_t2","264","264","2026-06-25T12:31:14.012+00:00","2882","react_ccrs_mazeV1_t2_20260625_141909.log","8032","1","0","0","0","0","0"
"react-baseline-vs-ccrs-v1-t2","002-ccrs","react_ccrs_mazeV1_t2","265","265","2026-06-25T12:31:17.263+00:00","3251","react_ccrs_mazeV1_t2_20260625_141909.log","8098","1","0","0","0","0","0"
"react-baseline-vs-ccrs-v1-t2","002-ccrs","react_ccrs_mazeV1_t2","266","266","2026-06-25T12:31:19.214+00:00","1951","react_ccrs_mazeV1_t2_20260625_141909.log","8110","1","0","0","0","0","0"
"react-baseline-vs-ccrs-v1-t2","002-ccrs","react_ccrs_mazeV1_t2","267","267","2026-06-25T12:31:21.915+00:00","2701","react_ccrs_mazeV1_t2_20260625_141909.log","8176","1","0","0","0","0","0"
"react-baseline-vs-ccrs-v1-t2","002-ccrs","react_ccrs_mazeV1_t2","268","268","2026-06-25T12:31:24.864+00:00","2949","react_ccrs_mazeV1_t2_20260625_141909.log","8242","1","0","0","0","0","0"
"react-baseline-vs-ccrs-v1-t2","002-ccrs","react_ccrs_mazeV1_t2","269","269","2026-06-25T12:31:27.383+00:00","2519","react_ccrs_mazeV1_t2_20260625_141909.log","8308","1","0","0","0","0","0"
"react-baseline-vs-ccrs-v1-t2","002-ccrs","react_ccrs_mazeV1_t2","270","270","2026-06-25T12:31:29.545+00:00","2162","react_ccrs_mazeV1_t2_20260625_141909.log","8374","1","0","0","0","0","0"
"react-baseline-vs-ccrs-v1-t2","002-ccrs","react_ccrs_mazeV1_t2","271","271","2026-06-25T12:31:31.758+00:00","2213","react_ccrs_mazeV1_t2_20260625_141909.log","8440","1","0","0","0","0","0"
"react-baseline-vs-ccrs-v1-t2","002-ccrs","react_ccrs_mazeV1_t2","272","272","2026-06-25T12:31:34.023+00:00","2265","react_ccrs_mazeV1_t2_20260625_141909.log","8457","1","0","0","0","0","0"
"react-baseline-vs-ccrs-v1-t2","002-ccrs","react_ccrs_mazeV1_t2","273","273","2026-06-25T12:31:36.167+00:00","2144","react_ccrs_mazeV1_t2_20260625_141909.log","8523","1","0","0","0","0","0"
"react-baseline-vs-ccrs-v1-t2","002-ccrs","react_ccrs_mazeV1_t2","274","274","2026-06-25T12:31:38.204+00:00","2037","react_ccrs_mazeV1_t2_20260625_141909.log","8540","1","0","0","0","0","0"
"react-baseline-vs-ccrs-v1-t2","002-ccrs","react_ccrs_mazeV1_t2","275","275","2026-06-25T12:31:40.707+00:00","2503","react_ccrs_mazeV1_t2_20260625_141909.log","8606","1","0","0","0","0","0"
"react-baseline-vs-ccrs-v1-t2","002-ccrs","react_ccrs_mazeV1_t2","276","276","2026-06-25T12:31:44.746+00:00","4039","react_ccrs_mazeV1_t2_20260625_141909.log","8672","1","0","0","0","0","0"
"react-baseline-vs-ccrs-v1-t2","002-ccrs","react_ccrs_mazeV1_t2","277","277","2026-06-25T12:31:50.997+00:00","6251","react_ccrs_mazeV1_t2_20260625_141909.log","8689","1","0","0","0","0","0"
"react-baseline-vs-ccrs-v1-t2","002-ccrs","react_ccrs_mazeV1_t2","278","278","2026-06-25T12:31:53.447+00:00","2450","react_ccrs_mazeV1_t2_20260625_141909.log","8701","1","0","0","0","0","0"
"react-baseline-vs-ccrs-v1-t2","002-ccrs","react_ccrs_mazeV1_t2","279","279","2026-06-25T12:31:56.156+00:00","2709","react_ccrs_mazeV1_t2_20260625_141909.log","8767","1","0","0","0","0","0"
"react-baseline-vs-ccrs-v1-t2","002-ccrs","react_ccrs_mazeV1_t2","280","280","2026-06-25T12:31:58.241+00:00","2085","react_ccrs_mazeV1_t2_20260625_141909.log","8833","1","0","0","0","0","0"
"react-baseline-vs-ccrs-v1-t2","002-ccrs","react_ccrs_mazeV1_t2","281","281","2026-06-25T12:32:00.651+00:00","2410","react_ccrs_mazeV1_t2_20260625_141909.log","8899","1","0","0","0","0","0"
"react-baseline-vs-ccrs-v1-t2","002-ccrs","react_ccrs_mazeV1_t2","282","282","2026-06-25T12:32:03.670+00:00","3019","react_ccrs_mazeV1_t2_20260625_141909.log","8965","1","0","0","0","0","0"
"react-baseline-vs-ccrs-v1-t2","002-ccrs","react_ccrs_mazeV1_t2","283","283","2026-06-25T12:32:06.435+00:00","2765","react_ccrs_mazeV1_t2_20260625_141909.log","9031","1","0","0","0","0","0"
"react-baseline-vs-ccrs-v1-t2","002-ccrs","react_ccrs_mazeV1_t2","284","284","2026-06-25T12:32:09.136+00:00","2701","react_ccrs_mazeV1_t2_20260625_141909.log","9097","1","0","0","0","0","0"
"react-baseline-vs-ccrs-v1-t2","002-ccrs","react_ccrs_mazeV1_t2","285","285","2026-06-25T12:32:11.209+00:00","2073","react_ccrs_mazeV1_t2_20260625_141909.log","9163","1","0","0","0","0","0"
"react-baseline-vs-ccrs-v1-t2","002-ccrs","react_ccrs_mazeV1_t2","286","286","2026-06-25T12:32:13.481+00:00","2272","react_ccrs_mazeV1_t2_20260625_141909.log","9180","1","0","0","0","0","0"
"react-baseline-vs-ccrs-v1-t2","002-ccrs","react_ccrs_mazeV1_t2","287","287","2026-06-25T12:32:16.307+00:00","2826","react_ccrs_mazeV1_t2_20260625_141909.log","9246","1","0","0","0","0","0"
"react-baseline-vs-ccrs-v1-t2","002-ccrs","react_ccrs_mazeV1_t2","288","288","2026-06-25T12:32:20.389+00:00","4082","react_ccrs_mazeV1_t2_20260625_141909.log","9312","1","0","0","0","0","0"
"react-baseline-vs-ccrs-v1-t2","002-ccrs","react_ccrs_mazeV1_t2","289","289","2026-06-25T12:32:22.612+00:00","2223","react_ccrs_mazeV1_t2_20260625_141909.log","9378","1","0","0","0","0","0"
"react-baseline-vs-ccrs-v1-t2","002-ccrs","react_ccrs_mazeV1_t2","290","290","2026-06-25T12:32:25.269+00:00","2657","react_ccrs_mazeV1_t2_20260625_141909.log","9444","1","0","0","0","0","0"
"react-baseline-vs-ccrs-v1-t2","002-ccrs","react_ccrs_mazeV1_t2","291","291","2026-06-25T12:32:27.654+00:00","2385","react_ccrs_mazeV1_t2_20260625_141909.log","9510","1","0","0","0","0","0"
"react-baseline-vs-ccrs-v1-t2","002-ccrs","react_ccrs_mazeV1_t2","292","292","2026-06-25T12:32:30.042+00:00","2388","react_ccrs_mazeV1_t2_20260625_141909.log","9576","1","0","0","0","0","0"
"react-baseline-vs-ccrs-v1-t2","002-ccrs","react_ccrs_mazeV1_t2","293","293","2026-06-25T12:32:32.505+00:00","2463","react_ccrs_mazeV1_t2_20260625_141909.log","9642","1","0","0","0","0","0"
"react-baseline-vs-ccrs-v1-t2","002-ccrs","react_ccrs_mazeV1_t2","294","294","2026-06-25T12:32:34.881+00:00","2376","react_ccrs_mazeV1_t2_20260625_141909.log","9708","1","0","0","0","0","0"
"react-baseline-vs-ccrs-v1-t2","002-ccrs","react_ccrs_mazeV1_t2","295","295","2026-06-25T12:32:37.347+00:00","2466","react_ccrs_mazeV1_t2_20260625_141909.log","9774","1","0","0","0","0","0"
"react-baseline-vs-ccrs-v1-t2","002-ccrs","react_ccrs_mazeV1_t2","296","296","2026-06-25T12:32:40.216+00:00","2869","react_ccrs_mazeV1_t2_20260625_141909.log","9840","1","0","0","0","0","0"
"react-baseline-vs-ccrs-v1-t2","002-ccrs","react_ccrs_mazeV1_t2","297","297","2026-06-25T12:32:45.153+00:00","4937","react_ccrs_mazeV1_t2_20260625_141909.log","9906","1","0","0","0","0","0"
"react-baseline-vs-ccrs-v1-t2","002-ccrs","react_ccrs_mazeV1_t2","298","298","2026-06-25T12:32:47.189+00:00","2036","react_ccrs_mazeV1_t2_20260625_141909.log","9918","1","0","0","0","0","0"
"react-baseline-vs-ccrs-v1-t2","002-ccrs","react_ccrs_mazeV1_t2","299","299","2026-06-25T12:32:49.667+00:00","2478","react_ccrs_mazeV1_t2_20260625_141909.log","9984","1","0","0","0","0","0"
"react-baseline-vs-ccrs-v1-t2","002-ccrs","react_ccrs_mazeV1_t2","300","300","2026-06-25T12:32:52.847+00:00","3180","react_ccrs_mazeV1_t2_20260625_141909.log","10001","1","0","0","0","0","0"
"react-baseline-vs-ccrs-v1-t2","002-ccrs","react_ccrs_mazeV1_t2","301","301","2026-06-25T12:32:55.558+00:00","2711","react_ccrs_mazeV1_t2_20260625_141909.log","10013","1","0","0","0","0","0"
"react-baseline-vs-ccrs-v1-t2","002-ccrs","react_ccrs_mazeV1_t2","302","302","2026-06-25T12:32:59.169+00:00","3611","react_ccrs_mazeV1_t2_20260625_141909.log","10030","1","0","0","0","0","0"
"react-baseline-vs-ccrs-v1-t2","002-ccrs","react_ccrs_mazeV1_t2","303","303","2026-06-25T12:33:01.554+00:00","2385","react_ccrs_mazeV1_t2_20260625_141909.log","10041","1","0","0","0","0","0"
"react-baseline-vs-ccrs-v1-t2","002-ccrs","react_ccrs_mazeV1_t2","304","304","2026-06-25T12:33:04.724+00:00","3170","react_ccrs_mazeV1_t2_20260625_141909.log","10058","1","0","0","0","0","0"
"react-baseline-vs-ccrs-v1-t2","002-ccrs","react_ccrs_mazeV1_t2","305","305","2026-06-25T12:33:06.790+00:00","2066","react_ccrs_mazeV1_t2_20260625_141909.log","10070","1","0","0","0","0","0"
"react-baseline-vs-ccrs-v1-t2","002-ccrs","react_ccrs_mazeV1_t2","306","306","2026-06-25T12:33:09.141+00:00","2351","react_ccrs_mazeV1_t2_20260625_141909.log","10087","1","0","0","0","0","0"
"react-baseline-vs-ccrs-v1-t2","002-ccrs","react_ccrs_mazeV1_t2","307","307","2026-06-25T12:33:11.333+00:00","2192","react_ccrs_mazeV1_t2_20260625_141909.log","10104","1","0","0","0","0","0"
"react-baseline-vs-ccrs-v1-t2","002-ccrs","react_ccrs_mazeV1_t2","308","308","2026-06-25T12:33:13.415+00:00","2082","react_ccrs_mazeV1_t2_20260625_141909.log","10121","1","0","0","0","0","0"
"react-baseline-vs-ccrs-v1-t2","002-ccrs","react_ccrs_mazeV1_t2","309","309","2026-06-25T12:33:16.516+00:00","3101","react_ccrs_mazeV1_t2_20260625_141909.log","10138","1","0","0","0","0","0"
"react-baseline-vs-ccrs-v1-t2","002-ccrs","react_ccrs_mazeV1_t2","310","310","2026-06-25T12:33:18.986+00:00","2470","react_ccrs_mazeV1_t2_20260625_141909.log","10155","1","0","0","0","0","0"
"react-baseline-vs-ccrs-v1-t2","002-ccrs","react_ccrs_mazeV1_t2","311","311","2026-06-25T12:33:23.701+00:00","4715","react_ccrs_mazeV1_t2_20260625_141909.log","10172","1","0","0","0","0","0"
"react-baseline-vs-ccrs-v1-t2","002-ccrs","react_ccrs_mazeV1_t2","312","312","2026-06-25T12:33:25.900+00:00","2199","react_ccrs_mazeV1_t2_20260625_141909.log","10184","1","0","0","0","0","0"
"react-baseline-vs-ccrs-v1-t2","002-ccrs","react_ccrs_mazeV1_t2","313","313","2026-06-25T12:33:28.190+00:00","2290","react_ccrs_mazeV1_t2_20260625_141909.log","10201","1","0","0","0","0","0"
"react-baseline-vs-ccrs-v1-t2","002-ccrs","react_ccrs_mazeV1_t2","314","314","2026-06-25T12:33:30.345+00:00","2155","react_ccrs_mazeV1_t2_20260625_141909.log","10218","1","0","0","0","0","0"
"react-baseline-vs-ccrs-v1-t2","002-ccrs","react_ccrs_mazeV1_t2","315","315","2026-06-25T12:33:32.678+00:00","2333","react_ccrs_mazeV1_t2_20260625_141909.log","10235","1","0","0","0","0","0"
"react-baseline-vs-ccrs-v1-t2","002-ccrs","react_ccrs_mazeV1_t2","316","316","2026-06-25T12:33:34.925+00:00","2247","react_ccrs_mazeV1_t2_20260625_141909.log","10252","1","0","0","0","0","0"
"react-baseline-vs-ccrs-v1-t2","002-ccrs","react_ccrs_mazeV1_t2","317","317","2026-06-25T12:33:37.712+00:00","2787","react_ccrs_mazeV1_t2_20260625_141909.log","10269","1","0","0","0","0","0"
"react-baseline-vs-ccrs-v1-t2","002-ccrs","react_ccrs_mazeV1_t2","318","318","2026-06-25T12:33:40.611+00:00","2899","react_ccrs_mazeV1_t2_20260625_141909.log","10286","1","0","0","0","0","0"
"react-baseline-vs-ccrs-v1-t2","002-ccrs","react_ccrs_mazeV1_t2","319","319","2026-06-25T12:33:46.586+00:00","5975","react_ccrs_mazeV1_t2_20260625_141909.log","10303","1","0","0","0","0","0"
"react-baseline-vs-ccrs-v1-t2","002-ccrs","react_ccrs_mazeV1_t2","320","320","2026-06-25T12:33:48.481+00:00","1895","react_ccrs_mazeV1_t2_20260625_141909.log","10320","1","0","0","0","0","0"
"react-baseline-vs-ccrs-v1-t2","002-ccrs","react_ccrs_mazeV1_t2","321","321","2026-06-25T12:33:50.932+00:00","2451","react_ccrs_mazeV1_t2_20260625_141909.log","10337","1","0","0","0","0","0"
"react-baseline-vs-ccrs-v1-t2","002-ccrs","react_ccrs_mazeV1_t2","322","322","2026-06-25T12:33:53.106+00:00","2174","react_ccrs_mazeV1_t2_20260625_141909.log","10354","1","0","0","0","0","0"
"react-baseline-vs-ccrs-v1-t2","002-ccrs","react_ccrs_mazeV1_t2","323","323","2026-06-25T12:33:55.234+00:00","2128","react_ccrs_mazeV1_t2_20260625_141909.log","10371","1","0","0","0","0","0"
"react-baseline-vs-ccrs-v1-t2","002-ccrs","react_ccrs_mazeV1_t2","324","324","2026-06-25T12:33:58.031+00:00","2797","react_ccrs_mazeV1_t2_20260625_141909.log","10388","1","0","0","0","0","0"
"react-baseline-vs-ccrs-v1-t2","002-ccrs","react_ccrs_mazeV1_t2","325","325","2026-06-25T12:34:01.484+00:00","3453","react_ccrs_mazeV1_t2_20260625_141909.log","10405","1","0","0","0","0","0"
"react-baseline-vs-ccrs-v1-t2","002-ccrs","react_ccrs_mazeV1_t2","326","326","2026-06-25T12:34:03.762+00:00","2278","react_ccrs_mazeV1_t2_20260625_141909.log","10422","1","0","0","0","0","0"
"react-baseline-vs-ccrs-v1-t2","002-ccrs","react_ccrs_mazeV1_t2","327","327","2026-06-25T12:34:06.478+00:00","2716","react_ccrs_mazeV1_t2_20260625_141909.log","10439","1","0","0","0","0","0"
"react-baseline-vs-ccrs-v1-t2","002-ccrs","react_ccrs_mazeV1_t2","328","328","2026-06-25T12:34:08.604+00:00","2126","react_ccrs_mazeV1_t2_20260625_141909.log","10456","1","0","0","0","0","0"
"react-baseline-vs-ccrs-v1-t2","002-ccrs","react_ccrs_mazeV1_t2","329","329","2026-06-25T12:34:10.886+00:00","2282","react_ccrs_mazeV1_t2_20260625_141909.log","10473","1","0","0","0","0","0"
"react-baseline-vs-ccrs-v1-t2","002-ccrs","react_ccrs_mazeV1_t2","330","330","2026-06-25T12:34:13.395+00:00","2509","react_ccrs_mazeV1_t2_20260625_141909.log","10490","1","0","0","0","0","0"
"react-baseline-vs-ccrs-v1-t2","002-ccrs","react_ccrs_mazeV1_t2","331","331","2026-06-25T12:34:17.930+00:00","4535","react_ccrs_mazeV1_t2_20260625_141909.log","10507","1","0","0","0","0","0"
"react-baseline-vs-ccrs-v1-t2","002-ccrs","react_ccrs_mazeV1_t2","332","332","2026-06-25T12:34:21.049+00:00","3119","react_ccrs_mazeV1_t2_20260625_141909.log","10524","1","0","0","0","0","0"
"react-baseline-vs-ccrs-v1-t2","002-ccrs","react_ccrs_mazeV1_t2","333","333","2026-06-25T12:34:23.496+00:00","2447","react_ccrs_mazeV1_t2_20260625_141909.log","10541","1","0","0","0","0","0"
"react-baseline-vs-ccrs-v1-t2","002-ccrs","react_ccrs_mazeV1_t2","334","334","2026-06-25T12:34:31.105+00:00","7609","react_ccrs_mazeV1_t2_20260625_141909.log","10558","1","0","0","0","0","0"
"react-baseline-vs-ccrs-v1-t2","002-ccrs","react_ccrs_mazeV1_t2","335","335","2026-06-25T12:34:33.171+00:00","2066","react_ccrs_mazeV1_t2_20260625_141909.log","10570","1","0","0","0","0","0"
"react-baseline-vs-ccrs-v1-t2","002-ccrs","react_ccrs_mazeV1_t2","336","336","2026-06-25T12:34:35.608+00:00","2437","react_ccrs_mazeV1_t2_20260625_141909.log","10587","1","0","0","0","0","0"
"react-baseline-vs-ccrs-v1-t2","002-ccrs","react_ccrs_mazeV1_t2","337","337","2026-06-25T12:34:38.800+00:00","3192","react_ccrs_mazeV1_t2_20260625_141909.log","10604","1","0","0","0","0","0"
"react-baseline-vs-ccrs-v1-t2","002-ccrs","react_ccrs_mazeV1_t2","338","338","2026-06-25T12:34:41.096+00:00","2296","react_ccrs_mazeV1_t2_20260625_141909.log","10616","1","0","0","0","0","0"
"react-baseline-vs-ccrs-v1-t2","002-ccrs","react_ccrs_mazeV1_t2","339","339","2026-06-25T12:34:43.492+00:00","2396","react_ccrs_mazeV1_t2_20260625_141909.log","10633","1","0","0","0","0","0"
"react-baseline-vs-ccrs-v1-t2","002-ccrs","react_ccrs_mazeV1_t2","340","340","2026-06-25T12:34:47.034+00:00","3542","react_ccrs_mazeV1_t2_20260625_141909.log","10650","1","0","0","0","0","0"
"react-baseline-vs-ccrs-v1-t2","002-ccrs","react_ccrs_mazeV1_t2","341","341","2026-06-25T12:34:49.641+00:00","2607","react_ccrs_mazeV1_t2_20260625_141909.log","10667","1","0","0","0","0","0"
"react-baseline-vs-ccrs-v1-t2","002-ccrs","react_ccrs_mazeV1_t2","342","342","2026-06-25T12:34:52.203+00:00","2562","react_ccrs_mazeV1_t2_20260625_141909.log","10684","1","0","0","0","0","0"
"react-baseline-vs-ccrs-v1-t2","002-ccrs","react_ccrs_mazeV1_t2","343","343","2026-06-25T12:34:54.424+00:00","2221","react_ccrs_mazeV1_t2_20260625_141909.log","10701","1","0","0","0","0","0"
"react-baseline-vs-ccrs-v1-t2","002-ccrs","react_ccrs_mazeV1_t2","344","344","2026-06-25T12:34:56.957+00:00","2533","react_ccrs_mazeV1_t2_20260625_141909.log","10718","1","0","0","0","0","0"
"react-baseline-vs-ccrs-v1-t2","002-ccrs","react_ccrs_mazeV1_t2","345","345","2026-06-25T12:34:59.407+00:00","2450","react_ccrs_mazeV1_t2_20260625_141909.log","10735","1","0","0","0","0","0"
"react-baseline-vs-ccrs-v1-t2","002-ccrs","react_ccrs_mazeV1_t2","346","346","2026-06-25T12:35:01.573+00:00","2166","react_ccrs_mazeV1_t2_20260625_141909.log","10752","1","0","0","0","0","0"
"react-baseline-vs-ccrs-v1-t2","002-ccrs","react_ccrs_mazeV1_t2","347","347","2026-06-25T12:35:03.870+00:00","2297","react_ccrs_mazeV1_t2_20260625_141909.log","10769","1","0","0","0","0","0"
"react-baseline-vs-ccrs-v1-t2","002-ccrs","react_ccrs_mazeV1_t2","348","348","2026-06-25T12:35:06.072+00:00","2202","react_ccrs_mazeV1_t2_20260625_141909.log","10786","1","0","0","0","0","0"
"react-baseline-vs-ccrs-v1-t2","002-ccrs","react_ccrs_mazeV1_t2","349","349","2026-06-25T12:35:08.383+00:00","2311","react_ccrs_mazeV1_t2_20260625_141909.log","10803","1","0","0","0","0","0"
"react-baseline-vs-ccrs-v1-t2","002-ccrs","react_ccrs_mazeV1_t2","350","350","2026-06-25T12:35:10.715+00:00","2332","react_ccrs_mazeV1_t2_20260625_141909.log","10820","1","0","0","0","0","0"
"react-baseline-vs-ccrs-v1-t2","002-ccrs","react_ccrs_mazeV1_t2","351","351","2026-06-25T12:35:13.148+00:00","2433","react_ccrs_mazeV1_t2_20260625_141909.log","10837","1","0","0","0","0","0"
"react-baseline-vs-ccrs-v1-t2","002-ccrs","react_ccrs_mazeV1_t2","352","352","2026-06-25T12:35:15.414+00:00","2266","react_ccrs_mazeV1_t2_20260625_141909.log","10854","1","0","0","0","0","0"
"react-baseline-vs-ccrs-v1-t2","002-ccrs","react_ccrs_mazeV1_t2","353","353","2026-06-25T12:35:18.819+00:00","3405","react_ccrs_mazeV1_t2_20260625_141909.log","10871","1","0","0","0","0","0"
"react-baseline-vs-ccrs-v1-t2","002-ccrs","react_ccrs_mazeV1_t2","354","354","2026-06-25T12:35:22.107+00:00","3288","react_ccrs_mazeV1_t2_20260625_141909.log","10883","1","0","0","0","0","0"
"react-baseline-vs-ccrs-v1-t2","002-ccrs","react_ccrs_mazeV1_t2","355","355","2026-06-25T12:35:24.728+00:00","2621","react_ccrs_mazeV1_t2_20260625_141909.log","10900","1","0","0","0","0","0"
"react-baseline-vs-ccrs-v1-t2","002-ccrs","react_ccrs_mazeV1_t2","356","356","2026-06-25T12:35:27.142+00:00","2414","react_ccrs_mazeV1_t2_20260625_141909.log","10917","1","0","0","0","0","0"
"react-baseline-vs-ccrs-v1-t2","002-ccrs","react_ccrs_mazeV1_t2","357","357","2026-06-25T12:35:29.447+00:00","2305","react_ccrs_mazeV1_t2_20260625_141909.log","10934","1","0","0","0","0","0"
"react-baseline-vs-ccrs-v1-t2","002-ccrs","react_ccrs_mazeV1_t2","358","358","2026-06-25T12:35:31.728+00:00","2281","react_ccrs_mazeV1_t2_20260625_141909.log","10951","1","0","0","0","0","0"
"react-baseline-vs-ccrs-v1-t2","002-ccrs","react_ccrs_mazeV1_t2","359","359","2026-06-25T12:35:33.963+00:00","2235","react_ccrs_mazeV1_t2_20260625_141909.log","10968","1","0","0","0","0","0"
"react-baseline-vs-ccrs-v1-t2","002-ccrs","react_ccrs_mazeV1_t2","360","360","2026-06-25T12:35:37.623+00:00","3660","react_ccrs_mazeV1_t2_20260625_141909.log","10985","1","0","0","0","0","0"
"react-baseline-vs-ccrs-v1-t2","002-ccrs","react_ccrs_mazeV1_t2","361","361","2026-06-25T12:35:40.438+00:00","2815","react_ccrs_mazeV1_t2_20260625_141909.log","10997","1","0","0","0","0","0"
"react-baseline-vs-ccrs-v1-t2","002-ccrs","react_ccrs_mazeV1_t2","362","362","2026-06-25T12:35:43.576+00:00","3138","react_ccrs_mazeV1_t2_20260625_141909.log","11014","1","0","0","0","0","0"
"react-baseline-vs-ccrs-v1-t2","002-ccrs","react_ccrs_mazeV1_t2","363","363","2026-06-25T12:35:46.005+00:00","2429","react_ccrs_mazeV1_t2_20260625_141909.log","11026","1","0","0","0","0","0"
"react-baseline-vs-ccrs-v1-t2","002-ccrs","react_ccrs_mazeV1_t2","364","364","2026-06-25T12:35:48.687+00:00","2682","react_ccrs_mazeV1_t2_20260625_141909.log","11043","1","0","0","0","0","0"
"react-baseline-vs-ccrs-v1-t2","002-ccrs","react_ccrs_mazeV1_t2","365","365","2026-06-25T12:35:51.373+00:00","2686","react_ccrs_mazeV1_t2_20260625_141909.log","11060","1","0","0","0","0","0"
"react-baseline-vs-ccrs-v1-t2","002-ccrs","react_ccrs_mazeV1_t2","366","366","2026-06-25T12:35:53.563+00:00","2190","react_ccrs_mazeV1_t2_20260625_141909.log","11077","1","0","0","0","0","0"
"react-baseline-vs-ccrs-v1-t2","002-ccrs","react_ccrs_mazeV1_t2","367","367","2026-06-25T12:35:55.850+00:00","2287","react_ccrs_mazeV1_t2_20260625_141909.log","11094","1","0","0","0","0","0"
"react-baseline-vs-ccrs-v1-t2","002-ccrs","react_ccrs_mazeV1_t2","368","368","2026-06-25T12:35:58.077+00:00","2227","react_ccrs_mazeV1_t2_20260625_141909.log","11111","1","0","0","0","0","0"
"react-baseline-vs-ccrs-v1-t2","002-ccrs","react_ccrs_mazeV1_t2","369","369","2026-06-25T12:36:00.643+00:00","2566","react_ccrs_mazeV1_t2_20260625_141909.log","11128","1","0","0","0","0","0"
"react-baseline-vs-ccrs-v1-t2","002-ccrs","react_ccrs_mazeV1_t2","370","370","2026-06-25T12:36:03.033+00:00","2390","react_ccrs_mazeV1_t2_20260625_141909.log","11145","1","0","0","0","0","0"
"react-baseline-vs-ccrs-v1-t2","002-ccrs","react_ccrs_mazeV1_t2","371","371","2026-06-25T12:36:05.170+00:00","2137","react_ccrs_mazeV1_t2_20260625_141909.log","11162","1","0","0","0","0","0"
"react-baseline-vs-ccrs-v1-t2","002-ccrs","react_ccrs_mazeV1_t2","372","372","2026-06-25T12:37:07.470+00:00","62300","react_ccrs_mazeV1_t2_20260625_141909.log","11179","1","0","0","0","0","0"
"react-baseline-vs-ccrs-v1-t2","002-ccrs","react_ccrs_mazeV1_t2","373","373","2026-06-25T12:37:10.710+00:00","3240","react_ccrs_mazeV1_t2_20260625_141909.log","11196","1","0","0","0","0","0"
"react-baseline-vs-ccrs-v1-t2","002-ccrs","react_ccrs_mazeV1_t2","374","374","2026-06-25T12:37:13.116+00:00","2406","react_ccrs_mazeV1_t2_20260625_141909.log","11208","1","0","0","0","0","0"
"react-baseline-vs-ccrs-v1-t2","002-ccrs","react_ccrs_mazeV1_t2","375","375","2026-06-25T12:37:15.943+00:00","2827","react_ccrs_mazeV1_t2_20260625_141909.log","11274","1","0","0","0","0","0"
"react-baseline-vs-ccrs-v1-t2","002-ccrs","react_ccrs_mazeV1_t2","376","376","2026-06-25T12:37:18.157+00:00","2214","react_ccrs_mazeV1_t2_20260625_141909.log","11286","1","0","0","0","0","0"
"react-baseline-vs-ccrs-v1-t2","002-ccrs","react_ccrs_mazeV1_t2","377","377","2026-06-25T12:37:21.173+00:00","3016","react_ccrs_mazeV1_t2_20260625_141909.log","11352","1","0","0","0","0","0"
"react-baseline-vs-ccrs-v1-t2","002-ccrs","react_ccrs_mazeV1_t2","378","378","2026-06-25T12:37:23.797+00:00","2624","react_ccrs_mazeV1_t2_20260625_141909.log","11364","1","0","0","0","0","0"
"react-baseline-vs-ccrs-v1-t2","002-ccrs","react_ccrs_mazeV1_t2","379","379","2026-06-25T12:37:26.631+00:00","2834","react_ccrs_mazeV1_t2_20260625_141909.log","11430","1","0","0","0","0","0"
"react-baseline-vs-ccrs-v1-t2","002-ccrs","react_ccrs_mazeV1_t2","380","380","2026-06-25T12:37:29.729+00:00","3098","react_ccrs_mazeV1_t2_20260625_141909.log","11496","1","0","0","0","0","0"
"react-baseline-vs-ccrs-v1-t2","002-ccrs","react_ccrs_mazeV1_t2","381","381","2026-06-25T12:37:32.234+00:00","2505","react_ccrs_mazeV1_t2_20260625_141909.log","11508","1","0","0","0","0","0"
"react-baseline-vs-ccrs-v1-t2","002-ccrs","react_ccrs_mazeV1_t2","382","382","2026-06-25T12:37:34.440+00:00","2206","react_ccrs_mazeV1_t2_20260625_141909.log","11574","1","0","0","0","0","0"
"react-baseline-vs-ccrs-v1-t2","002-ccrs","react_ccrs_mazeV1_t2","383","383","2026-06-25T12:37:36.796+00:00","2356","react_ccrs_mazeV1_t2_20260625_141909.log","11640","1","0","0","0","0","0"
"react-baseline-vs-ccrs-v1-t2","002-ccrs","react_ccrs_mazeV1_t2","384","384","2026-06-25T12:37:39.279+00:00","2483","react_ccrs_mazeV1_t2_20260625_141909.log","11706","1","0","0","0","0","0"
"react-baseline-vs-ccrs-v1-t2","002-ccrs","react_ccrs_mazeV1_t2","385","385","2026-06-25T12:37:41.686+00:00","2407","react_ccrs_mazeV1_t2_20260625_141909.log","11772","1","0","0","0","0","0"
"react-baseline-vs-ccrs-v1-t2","002-ccrs","react_ccrs_mazeV1_t2","386","386","2026-06-25T12:37:43.863+00:00","2177","react_ccrs_mazeV1_t2_20260625_141909.log","11838","1","0","0","0","0","0"
"react-baseline-vs-ccrs-v1-t2","002-ccrs","react_ccrs_mazeV1_t2","387","387","2026-06-25T12:37:46.056+00:00","2193","react_ccrs_mazeV1_t2_20260625_141909.log","11904","1","0","0","0","0","0"
"react-baseline-vs-ccrs-v1-t2","002-ccrs","react_ccrs_mazeV1_t2","388","388","2026-06-25T12:37:48.412+00:00","2356","react_ccrs_mazeV1_t2_20260625_141909.log","11970","1","0","0","0","0","0"
"react-baseline-vs-ccrs-v1-t2","002-ccrs","react_ccrs_mazeV1_t2","389","389","2026-06-25T12:37:51.213+00:00","2801","react_ccrs_mazeV1_t2_20260625_141909.log","11987","1","0","0","0","0","0"
"react-baseline-vs-ccrs-v1-t2","002-ccrs","react_ccrs_mazeV1_t2","390","390","2026-06-25T12:37:53.624+00:00","2411","react_ccrs_mazeV1_t2_20260625_141909.log","11999","1","0","0","0","0","0"
"react-baseline-vs-ccrs-v1-t2","002-ccrs","react_ccrs_mazeV1_t2","391","391","2026-06-25T12:37:56.960+00:00","3336","react_ccrs_mazeV1_t2_20260625_141909.log","12065","1","0","0","0","0","0"
"react-baseline-vs-ccrs-v1-t2","002-ccrs","react_ccrs_mazeV1_t2","392","392","2026-06-25T12:37:59.533+00:00","2573","react_ccrs_mazeV1_t2_20260625_141909.log","12077","1","0","0","0","0","0"
"react-baseline-vs-ccrs-v1-t2","002-ccrs","react_ccrs_mazeV1_t2","393","393","2026-06-25T12:38:01.880+00:00","2347","react_ccrs_mazeV1_t2_20260625_141909.log","12143","1","0","0","0","0","0"
"react-baseline-vs-ccrs-v1-t2","002-ccrs","react_ccrs_mazeV1_t2","394","394","2026-06-25T12:38:04.492+00:00","2612","react_ccrs_mazeV1_t2_20260625_141909.log","12209","1","0","0","0","0","0"
"react-baseline-vs-ccrs-v1-t2","002-ccrs","react_ccrs_mazeV1_t2","395","395","2026-06-25T12:38:06.652+00:00","2160","react_ccrs_mazeV1_t2_20260625_141909.log","12275","1","0","0","0","0","0"
"react-baseline-vs-ccrs-v1-t2","002-ccrs","react_ccrs_mazeV1_t2","396","396","2026-06-25T12:38:09.064+00:00","2412","react_ccrs_mazeV1_t2_20260625_141909.log","12341","1","0","0","0","0","0"
"react-baseline-vs-ccrs-v1-t2","002-ccrs","react_ccrs_mazeV1_t2","397","397","2026-06-25T12:38:12.161+00:00","3097","react_ccrs_mazeV1_t2_20260625_141909.log","12358","1","0","0","0","0","0"
"react-baseline-vs-ccrs-v1-t2","002-ccrs","react_ccrs_mazeV1_t2","398","398","2026-06-25T12:38:14.237+00:00","2076","react_ccrs_mazeV1_t2_20260625_141909.log","12370","1","0","0","0","0","0"
"react-baseline-vs-ccrs-v1-t2","002-ccrs","react_ccrs_mazeV1_t2","399","399","2026-06-25T12:38:16.493+00:00","2256","react_ccrs_mazeV1_t2_20260625_141909.log","12436","1","0","0","0","0","0"
"react-baseline-vs-ccrs-v1-t2","002-ccrs","react_ccrs_mazeV1_t2","400","400","2026-06-25T12:38:19.681+00:00","3188","react_ccrs_mazeV1_t2_20260625_141909.log","12502","1","0","0","0","0","0"
"react-baseline-vs-ccrs-v1-t2","002-ccrs","react_ccrs_mazeV1_t2","401","401","2026-06-25T12:38:22.077+00:00","2396","react_ccrs_mazeV1_t2_20260625_141909.log","12514","1","0","0","0","0","0"
"react-baseline-vs-ccrs-v1-t2","002-ccrs","react_ccrs_mazeV1_t2","402","402","2026-06-25T12:38:24.475+00:00","2398","react_ccrs_mazeV1_t2_20260625_141909.log","12580","1","0","0","0","0","0"
"react-baseline-vs-ccrs-v1-t2","002-ccrs","react_ccrs_mazeV1_t2","403","403","2026-06-25T12:38:30.456+00:00","5981","react_ccrs_mazeV1_t2_20260625_141909.log","12597","1","0","0","0","0","0"
"react-baseline-vs-ccrs-v1-t2","002-ccrs","react_ccrs_mazeV1_t2","404","404","2026-06-25T12:38:32.635+00:00","2179","react_ccrs_mazeV1_t2_20260625_141909.log","12609","1","0","0","0","0","0"
"react-baseline-vs-ccrs-v1-t2","002-ccrs","react_ccrs_mazeV1_t2","405","405","2026-06-25T12:38:34.907+00:00","2272","react_ccrs_mazeV1_t2_20260625_141909.log","12675","1","0","0","0","0","0"
"react-baseline-vs-ccrs-v1-t2","002-ccrs","react_ccrs_mazeV1_t2","406","406","2026-06-25T12:38:37.220+00:00","2313","react_ccrs_mazeV1_t2_20260625_141909.log","12741","1","0","0","0","0","0"
"react-baseline-vs-ccrs-v1-t2","002-ccrs","react_ccrs_mazeV1_t2","407","407","2026-06-25T12:38:40.375+00:00","3155","react_ccrs_mazeV1_t2_20260625_141909.log","12807","1","0","0","0","0","0"
"react-baseline-vs-ccrs-v1-t2","002-ccrs","react_ccrs_mazeV1_t2","408","408","2026-06-25T12:38:43.096+00:00","2721","react_ccrs_mazeV1_t2_20260625_141909.log","12873","1","0","0","0","0","0"
"react-baseline-vs-ccrs-v1-t2","002-ccrs","react_ccrs_mazeV1_t2","409","409","2026-06-25T12:38:45.409+00:00","2313","react_ccrs_mazeV1_t2_20260625_141909.log","12939","1","0","0","0","0","0"
"react-baseline-vs-ccrs-v1-t2","002-ccrs","react_ccrs_mazeV1_t2","410","410","2026-06-25T12:38:47.628+00:00","2219","react_ccrs_mazeV1_t2_20260625_141909.log","13005","1","0","0","0","0","0"
"react-baseline-vs-ccrs-v1-t2","002-ccrs","react_ccrs_mazeV1_t2","411","411","2026-06-25T12:38:51.202+00:00","3574","react_ccrs_mazeV1_t2_20260625_141909.log","13071","1","0","0","0","0","0"
"react-baseline-vs-ccrs-v1-t2","002-ccrs","react_ccrs_mazeV1_t2","412","412","2026-06-25T12:38:53.799+00:00","2597","react_ccrs_mazeV1_t2_20260625_141909.log","13137","1","0","0","0","0","0"
"react-baseline-vs-ccrs-v1-t2","002-ccrs","react_ccrs_mazeV1_t2","413","413","2026-06-25T12:38:56.045+00:00","2246","react_ccrs_mazeV1_t2_20260625_141909.log","13203","1","0","0","0","0","0"
"react-baseline-vs-ccrs-v1-t2","002-ccrs","react_ccrs_mazeV1_t2","414","414","2026-06-25T12:38:59.467+00:00","3422","react_ccrs_mazeV1_t2_20260625_141909.log","13220","1","0","0","0","0","0"
"react-baseline-vs-ccrs-v1-t2","002-ccrs","react_ccrs_mazeV1_t2","415","415","2026-06-25T12:39:01.707+00:00","2240","react_ccrs_mazeV1_t2_20260625_141909.log","13232","1","0","0","0","0","0"
"react-baseline-vs-ccrs-v1-t2","002-ccrs","react_ccrs_mazeV1_t2","416","416","2026-06-25T12:39:03.983+00:00","2276","react_ccrs_mazeV1_t2_20260625_141909.log","13298","1","0","0","0","0","0"
"react-baseline-vs-ccrs-v1-t2","002-ccrs","react_ccrs_mazeV1_t2","417","417","2026-06-25T12:39:06.958+00:00","2975","react_ccrs_mazeV1_t2_20260625_141909.log","13315","1","0","0","0","0","0"
"react-baseline-vs-ccrs-v1-t2","002-ccrs","react_ccrs_mazeV1_t2","418","418","2026-06-25T12:39:10.830+00:00","3872","react_ccrs_mazeV1_t2_20260625_141909.log","13327","1","0","0","0","0","0"
"react-baseline-vs-ccrs-v1-t2","002-ccrs","react_ccrs_mazeV1_t2","419","419","2026-06-25T12:39:13.774+00:00","2944","react_ccrs_mazeV1_t2_20260625_141909.log","13344","1","0","0","0","0","0"
"react-baseline-vs-ccrs-v1-t2","002-ccrs","react_ccrs_mazeV1_t2","420","420","2026-06-25T12:39:16.944+00:00","3170","react_ccrs_mazeV1_t2_20260625_141909.log","13361","1","0","0","0","0","0"
"react-baseline-vs-ccrs-v1-t2","002-ccrs","react_ccrs_mazeV1_t2","421","421","2026-06-25T12:41:29.645+00:00","132701","react_ccrs_mazeV1_t2_20260625_141909.log","13560","1","0","0","0","0","0"
"react-baseline-vs-ccrs-v1-t2","002-ccrs","react_ccrs_mazeV1_t2","422","422","2026-06-25T12:41:31.722+00:00","2077","react_ccrs_mazeV1_t2_20260625_141909.log","13571","1","0","0","0","0","0"
"react-baseline-vs-ccrs-v1-t2","002-ccrs","react_ccrs_mazeV1_t2","423","423","2026-06-25T12:41:37.592+00:00","5870","react_ccrs_mazeV1_t2_20260625_141909.log","13637","1","0","0","0","0","0"
"react-baseline-vs-ccrs-v1-t2","002-ccrs","react_ccrs_mazeV1_t2","424","424","2026-06-25T12:41:40.908+00:00","3316","react_ccrs_mazeV1_t2_20260625_141909.log","13703","1","0","0","0","0","0"
"react-baseline-vs-ccrs-v1-t2","002-ccrs","react_ccrs_mazeV1_t2","425","425","2026-06-25T12:41:43.209+00:00","2301","react_ccrs_mazeV1_t2_20260625_141909.log","13715","1","0","0","0","0","0"
"react-baseline-vs-ccrs-v1-t2","002-ccrs","react_ccrs_mazeV1_t2","426","426","2026-06-25T12:41:47.387+00:00","4178","react_ccrs_mazeV1_t2_20260625_141909.log","13784","1","0","0","0","0","0"
"react-baseline-vs-ccrs-v1-t2","002-ccrs","react_ccrs_mazeV1_t2","427","427","2026-06-25T12:41:50.026+00:00","2639","react_ccrs_mazeV1_t2_20260625_141909.log","13853","1","0","0","0","0","0"
"react-baseline-vs-ccrs-v1-t2","002-ccrs","react_ccrs_mazeV1_t2","428","428","2026-06-25T12:41:52.453+00:00","2427","react_ccrs_mazeV1_t2_20260625_141909.log","13922","1","0","0","0","0","0"
"react-baseline-vs-ccrs-v1-t2","002-ccrs","react_ccrs_mazeV1_t2","429","429","2026-06-25T12:41:55.834+00:00","3381","react_ccrs_mazeV1_t2_20260625_141909.log","13991","1","0","0","0","0","0"
"react-baseline-vs-ccrs-v1-t2","002-ccrs","react_ccrs_mazeV1_t2","430","430","2026-06-25T12:41:58.363+00:00","2529","react_ccrs_mazeV1_t2_20260625_141909.log","14060","1","0","0","0","0","0"
"react-baseline-vs-ccrs-v1-t2","002-ccrs","react_ccrs_mazeV1_t2","431","431","2026-06-25T12:42:00.899+00:00","2536","react_ccrs_mazeV1_t2_20260625_141909.log","14129","1","0","0","0","0","0"
"react-baseline-vs-ccrs-v1-t2","002-ccrs","react_ccrs_mazeV1_t2","432","432","2026-06-25T12:42:03.964+00:00","3065","react_ccrs_mazeV1_t2_20260625_141909.log","14146","1","0","0","0","0","0"
"react-baseline-vs-ccrs-v1-t2","002-ccrs","react_ccrs_mazeV1_t2","433","433","2026-06-25T12:42:06.555+00:00","2591","react_ccrs_mazeV1_t2_20260625_141909.log","14158","1","0","0","0","0","0"
"react-baseline-vs-ccrs-v1-t2","002-ccrs","react_ccrs_mazeV1_t2","434","434","2026-06-25T12:42:08.681+00:00","2126","react_ccrs_mazeV1_t2_20260625_141909.log","14227","1","0","0","0","0","0"
"react-baseline-vs-ccrs-v1-t2","002-ccrs","react_ccrs_mazeV1_t2","435","435","2026-06-25T12:42:11.389+00:00","2708","react_ccrs_mazeV1_t2_20260625_141909.log","14296","1","0","0","0","0","0"
"react-baseline-vs-ccrs-v1-t2","002-ccrs","react_ccrs_mazeV1_t2","436","436","2026-06-25T12:42:13.533+00:00","2144","react_ccrs_mazeV1_t2_20260625_141909.log","14365","1","0","0","0","0","0"
"react-baseline-vs-ccrs-v1-t2","002-ccrs","react_ccrs_mazeV1_t2","437","437","2026-06-25T12:42:16.003+00:00","2470","react_ccrs_mazeV1_t2_20260625_141909.log","14434","1","0","0","0","0","0"
"react-baseline-vs-ccrs-v1-t2","002-ccrs","react_ccrs_mazeV1_t2","438","438","2026-06-25T12:42:19.088+00:00","3085","react_ccrs_mazeV1_t2_20260625_141909.log","14503","1","0","0","0","0","0"
"react-baseline-vs-ccrs-v1-t2","002-ccrs","react_ccrs_mazeV1_t2","439","439","2026-06-25T12:42:22.072+00:00","2984","react_ccrs_mazeV1_t2_20260625_141909.log","14572","1","0","0","0","0","0"
"react-baseline-vs-ccrs-v1-t2","002-ccrs","react_ccrs_mazeV1_t2","440","440","2026-06-25T12:42:24.761+00:00","2689","react_ccrs_mazeV1_t2_20260625_141909.log","14641","1","0","0","0","0","0"
"react-baseline-vs-ccrs-v1-t2","002-ccrs","react_ccrs_mazeV1_t2","441","441","2026-06-25T12:42:27.438+00:00","2677","react_ccrs_mazeV1_t2_20260625_141909.log","14710","1","0","0","0","0","0"
"react-baseline-vs-ccrs-v1-t2","002-ccrs","react_ccrs_mazeV1_t2","442","442","2026-06-25T12:42:30.393+00:00","2955","react_ccrs_mazeV1_t2_20260625_141909.log","14779","1","0","0","0","0","0"
"react-baseline-vs-ccrs-v1-t2","002-ccrs","react_ccrs_mazeV1_t2","443","443","2026-06-25T12:42:32.930+00:00","2537","react_ccrs_mazeV1_t2_20260625_141909.log","14848","1","0","0","0","0","0"
"react-baseline-vs-ccrs-v1-t2","002-ccrs","react_ccrs_mazeV1_t2","444","444","2026-06-25T12:42:35.310+00:00","2380","react_ccrs_mazeV1_t2_20260625_141909.log","14917","1","0","0","0","0","0"
"react-baseline-vs-ccrs-v1-t2","002-ccrs","react_ccrs_mazeV1_t2","445","445","2026-06-25T12:42:37.816+00:00","2506","react_ccrs_mazeV1_t2_20260625_141909.log","14986","1","0","0","0","0","0"
"react-baseline-vs-ccrs-v1-t2","002-ccrs","react_ccrs_mazeV1_t2","446","446","2026-06-25T12:42:40.271+00:00","2455","react_ccrs_mazeV1_t2_20260625_141909.log","15055","1","0","0","0","0","0"
"react-baseline-vs-ccrs-v1-t2","002-ccrs","react_ccrs_mazeV1_t2","447","447","2026-06-25T12:42:42.535+00:00","2264","react_ccrs_mazeV1_t2_20260625_141909.log","15124","1","0","0","0","0","0"
"react-baseline-vs-ccrs-v1-t2","002-ccrs","react_ccrs_mazeV1_t2","448","448","2026-06-25T12:42:45.065+00:00","2530","react_ccrs_mazeV1_t2_20260625_141909.log","15193","1","0","0","0","0","0"
"react-baseline-vs-ccrs-v1-t2","002-ccrs","react_ccrs_mazeV1_t2","449","449","2026-06-25T12:42:47.759+00:00","2694","react_ccrs_mazeV1_t2_20260625_141909.log","15262","1","0","0","0","0","0"
"react-baseline-vs-ccrs-v1-t2","002-ccrs","react_ccrs_mazeV1_t2","450","450","2026-06-25T12:42:50.024+00:00","2265","react_ccrs_mazeV1_t2_20260625_141909.log","15331","1","0","0","0","0","0"
"react-baseline-vs-ccrs-v1-t2","002-ccrs","react_ccrs_mazeV1_t2","451","451","2026-06-25T12:42:52.952+00:00","2928","react_ccrs_mazeV1_t2_20260625_141909.log","15400","1","0","0","0","0","0"
"react-baseline-vs-ccrs-v1-t2","002-ccrs","react_ccrs_mazeV1_t2","452","452","2026-06-25T12:42:55.609+00:00","2657","react_ccrs_mazeV1_t2_20260625_141909.log","15469","1","0","0","0","0","0"
"react-baseline-vs-ccrs-v1-t2","002-ccrs","react_ccrs_mazeV1_t2","453","453","2026-06-25T12:42:58.564+00:00","2955","react_ccrs_mazeV1_t2_20260625_141909.log","15538","1","0","0","0","0","0"
"react-baseline-vs-ccrs-v1-t2","002-ccrs","react_ccrs_mazeV1_t2","454","454","2026-06-25T12:43:07.778+00:00","9214","react_ccrs_mazeV1_t2_20260625_141909.log","15607","1","0","0","0","0","0"
"react-baseline-vs-ccrs-v1-t2","002-ccrs","react_ccrs_mazeV1_t2","455","455","2026-06-25T12:43:10.551+00:00","2773","react_ccrs_mazeV1_t2_20260625_141909.log","15676","1","0","0","0","0","0"
"react-baseline-vs-ccrs-v1-t2","002-ccrs","react_ccrs_mazeV1_t2","456","456","2026-06-25T12:43:13.113+00:00","2562","react_ccrs_mazeV1_t2_20260625_141909.log","15745","1","0","0","0","0","0"
"react-baseline-vs-ccrs-v1-t2","002-ccrs","react_ccrs_mazeV1_t2","457","457","2026-06-25T12:43:16.582+00:00","3469","react_ccrs_mazeV1_t2_20260625_141909.log","15814","1","0","0","0","0","0"
"react-baseline-vs-ccrs-v1-t2","002-ccrs","react_ccrs_mazeV1_t2","458","458","2026-06-25T12:43:19.150+00:00","2568","react_ccrs_mazeV1_t2_20260625_141909.log","15826","1","0","0","0","0","0"
"react-baseline-vs-ccrs-v1-t2","002-ccrs","react_ccrs_mazeV1_t2","459","459","2026-06-25T12:43:21.782+00:00","2632","react_ccrs_mazeV1_t2_20260625_141909.log","15914","1","0","0","0","0","0"
"react-baseline-vs-ccrs-v1-t2","002-ccrs","react_ccrs_mazeV1_t2","460","460","2026-06-25T12:43:24.449+00:00","2667","react_ccrs_mazeV1_t2_20260625_141909.log","16002","1","0","0","0","0","0"
"react-baseline-vs-ccrs-v1-t2","002-ccrs","react_ccrs_mazeV1_t2","461","461","2026-06-25T12:43:27.684+00:00","3235","react_ccrs_mazeV1_t2_20260625_141909.log","16090","1","0","0","0","0","0"
"react-baseline-vs-ccrs-v1-t2","002-ccrs","react_ccrs_mazeV1_t2","462","462","2026-06-25T12:43:30.356+00:00","2672","react_ccrs_mazeV1_t2_20260625_141909.log","16178","1","0","0","0","0","0"
"react-baseline-vs-ccrs-v1-t2","002-ccrs","react_ccrs_mazeV1_t2","463","463","2026-06-25T12:43:33.770+00:00","3414","react_ccrs_mazeV1_t2_20260625_141909.log","16266","1","0","0","0","0","0"
"react-baseline-vs-ccrs-v1-t2","002-ccrs","react_ccrs_mazeV1_t2","464","464","2026-06-25T12:43:36.189+00:00","2419","react_ccrs_mazeV1_t2_20260625_141909.log","16283","1","0","0","0","0","0"
"react-baseline-vs-ccrs-v1-t2","002-ccrs","react_ccrs_mazeV1_t2","465","465","2026-06-25T12:43:40.006+00:00","3817","react_ccrs_mazeV1_t2_20260625_141909.log","16371","1","0","0","0","0","0"
"react-baseline-vs-ccrs-v1-t2","002-ccrs","react_ccrs_mazeV1_t2","466","466","2026-06-25T12:43:42.569+00:00","2563","react_ccrs_mazeV1_t2_20260625_141909.log","16383","1","0","0","0","0","0"
"react-baseline-vs-ccrs-v1-t2","002-ccrs","react_ccrs_mazeV1_t2","467","467","2026-06-25T12:43:44.969+00:00","2400","react_ccrs_mazeV1_t2_20260625_141909.log","16471","1","0","0","0","0","0"
"react-baseline-vs-ccrs-v1-t2","002-ccrs","react_ccrs_mazeV1_t2","468","468","2026-06-25T12:43:47.388+00:00","2419","react_ccrs_mazeV1_t2_20260625_141909.log","16559","1","0","0","0","0","0"
"react-baseline-vs-ccrs-v1-t2","002-ccrs","react_ccrs_mazeV1_t2","469","469","2026-06-25T12:43:50.326+00:00","2938","react_ccrs_mazeV1_t2_20260625_141909.log","16647","1","0","0","0","0","0"
"react-baseline-vs-ccrs-v1-t2","002-ccrs","react_ccrs_mazeV1_t2","470","470","2026-06-25T12:43:53.391+00:00","3065","react_ccrs_mazeV1_t2_20260625_141909.log","16735","1","0","0","0","0","0"
"react-baseline-vs-ccrs-v1-t2","002-ccrs","react_ccrs_mazeV1_t2","471","471","2026-06-25T12:43:57.847+00:00","4456","react_ccrs_mazeV1_t2_20260625_141909.log","16823","1","0","0","0","0","0"
"react-baseline-vs-ccrs-v1-t2","002-ccrs","react_ccrs_mazeV1_t2","472","472","2026-06-25T12:44:00.631+00:00","2784","react_ccrs_mazeV1_t2_20260625_141909.log","16911","1","0","0","0","0","0"
"react-baseline-vs-ccrs-v1-t2","002-ccrs","react_ccrs_mazeV1_t2","473","473","2026-06-25T12:44:03.339+00:00","2708","react_ccrs_mazeV1_t2_20260625_141909.log","16999","1","0","0","0","0","0"
"react-baseline-vs-ccrs-v1-t2","002-ccrs","react_ccrs_mazeV1_t2","474","474","2026-06-25T12:44:06.158+00:00","2819","react_ccrs_mazeV1_t2_20260625_141909.log","17087","1","0","0","0","0","0"
"react-baseline-vs-ccrs-v1-t2","002-ccrs","react_ccrs_mazeV1_t2","475","475","2026-06-25T12:44:08.812+00:00","2654","react_ccrs_mazeV1_t2_20260625_141909.log","17175","1","0","0","0","0","0"
"react-baseline-vs-ccrs-v1-t2","002-ccrs","react_ccrs_mazeV1_t2","476","476","2026-06-25T12:44:12.975+00:00","4163","react_ccrs_mazeV1_t2_20260625_141909.log","17263","1","0","0","0","0","0"
"react-baseline-vs-ccrs-v1-t2","002-ccrs","react_ccrs_mazeV1_t2","477","477","2026-06-25T12:44:15.803+00:00","2828","react_ccrs_mazeV1_t2_20260625_141909.log","17351","1","0","0","0","0","0"
"react-baseline-vs-ccrs-v1-t2","002-ccrs","react_ccrs_mazeV1_t2","478","478","2026-06-25T12:44:18.655+00:00","2852","react_ccrs_mazeV1_t2_20260625_141909.log","17439","1","0","0","0","0","0"
"react-baseline-vs-ccrs-v1-t2","002-ccrs","react_ccrs_mazeV1_t2","479","479","2026-06-25T12:44:21.372+00:00","2717","react_ccrs_mazeV1_t2_20260625_141909.log","17527","1","0","0","0","0","0"
"react-baseline-vs-ccrs-v1-t2","002-ccrs","react_ccrs_mazeV1_t2","480","480","2026-06-25T12:44:23.803+00:00","2431","react_ccrs_mazeV1_t2_20260625_141909.log","17615","1","0","0","0","0","0"
"react-baseline-vs-ccrs-v1-t2","002-ccrs","react_ccrs_mazeV1_t2","481","481","2026-06-25T12:44:26.927+00:00","3124","react_ccrs_mazeV1_t2_20260625_141909.log","17703","1","0","0","0","0","0"
"react-baseline-vs-ccrs-v1-t2","002-ccrs","react_ccrs_mazeV1_t2","482","482","2026-06-25T12:44:32.612+00:00","5685","react_ccrs_mazeV1_t2_20260625_141909.log","17791","1","0","0","0","0","0"
"react-baseline-vs-ccrs-v1-t2","002-ccrs","react_ccrs_mazeV1_t2","483","483","2026-06-25T12:44:35.762+00:00","3150","react_ccrs_mazeV1_t2_20260625_141909.log","17879","1","0","0","0","0","0"
"react-baseline-vs-ccrs-v1-t2","002-ccrs","react_ccrs_mazeV1_t2","484","484","2026-06-25T12:44:38.470+00:00","2708","react_ccrs_mazeV1_t2_20260625_141909.log","17896","1","0","0","0","0","0"
"react-baseline-vs-ccrs-v1-t2","002-ccrs","react_ccrs_mazeV1_t2","485","485","2026-06-25T12:44:41.358+00:00","2888","react_ccrs_mazeV1_t2_20260625_141909.log","17984","1","0","0","0","0","0"
"react-baseline-vs-ccrs-v1-t2","002-ccrs","react_ccrs_mazeV1_t2","486","486","2026-06-25T12:44:44.556+00:00","3198","react_ccrs_mazeV1_t2_20260625_141909.log","18072","1","0","0","0","0","0"
"react-baseline-vs-ccrs-v1-t2","002-ccrs","react_ccrs_mazeV1_t2","487","487","2026-06-25T12:44:48.052+00:00","3496","react_ccrs_mazeV1_t2_20260625_141909.log","18089","1","0","0","0","0","0"
"react-baseline-vs-ccrs-v1-t2","002-ccrs","react_ccrs_mazeV1_t2","488","488","2026-06-25T12:44:50.978+00:00","2926","react_ccrs_mazeV1_t2_20260625_141909.log","18177","1","0","0","0","0","0"
"react-baseline-vs-ccrs-v1-t2","002-ccrs","react_ccrs_mazeV1_t2","489","489","2026-06-25T12:44:53.597+00:00","2619","react_ccrs_mazeV1_t2_20260625_141909.log","18265","1","0","0","0","0","0"
"react-baseline-vs-ccrs-v1-t2","002-ccrs","react_ccrs_mazeV1_t2","490","490","2026-06-25T12:44:57.094+00:00","3497","react_ccrs_mazeV1_t2_20260625_141909.log","18353","1","0","0","0","0","0"
"react-baseline-vs-ccrs-v1-t2","002-ccrs","react_ccrs_mazeV1_t2","491","491","2026-06-25T12:44:59.687+00:00","2593","react_ccrs_mazeV1_t2_20260625_141909.log","18441","1","0","0","0","0","0"
"react-baseline-vs-ccrs-v1-t2","002-ccrs","react_ccrs_mazeV1_t2","492","492","2026-06-25T12:45:02.805+00:00","3118","react_ccrs_mazeV1_t2_20260625_141909.log","18529","1","0","0","0","0","0"
"react-baseline-vs-ccrs-v1-t2","002-ccrs","react_ccrs_mazeV1_t2","493","493","2026-06-25T12:45:06.151+00:00","3346","react_ccrs_mazeV1_t2_20260625_141909.log","18617","1","0","0","0","0","0"
"react-baseline-vs-ccrs-v1-t2","002-ccrs","react_ccrs_mazeV1_t2","494","494","2026-06-25T12:45:08.928+00:00","2777","react_ccrs_mazeV1_t2_20260625_141909.log","18629","1","0","0","0","0","0"
"react-baseline-vs-ccrs-v1-t2","002-ccrs","react_ccrs_mazeV1_t2","495","495","2026-06-25T12:45:13.558+00:00","4630","react_ccrs_mazeV1_t2_20260625_141909.log","18717","1","0","0","0","0","0"
"react-baseline-vs-ccrs-v1-t2","002-ccrs","react_ccrs_mazeV1_t2","496","496","2026-06-25T12:45:18.123+00:00","4565","react_ccrs_mazeV1_t2_20260625_141909.log","18805","1","0","0","0","0","0"
"react-baseline-vs-ccrs-v1-t2","002-ccrs","react_ccrs_mazeV1_t2","497","497","2026-06-25T12:45:21.148+00:00","3025","react_ccrs_mazeV1_t2_20260625_141909.log","18817","1","0","0","0","0","0"
"react-baseline-vs-ccrs-v1-t2","002-ccrs","react_ccrs_mazeV1_t2","498","498","2026-06-25T12:45:24.683+00:00","3535","react_ccrs_mazeV1_t2_20260625_141909.log","18924","1","0","0","0","0","0"
"react-baseline-vs-ccrs-v1-t2","002-ccrs","react_ccrs_mazeV1_t2","499","499","2026-06-25T12:45:27.309+00:00","2626","react_ccrs_mazeV1_t2_20260625_141909.log","18941","1","0","0","0","0","0"
"react-baseline-vs-ccrs-v1-t2","002-ccrs","react_ccrs_mazeV1_t2","500","500","2026-06-25T12:45:33.128+00:00","5819","react_ccrs_mazeV1_t2_20260625_141909.log","19048","1","0","0","0","0","0"
"react-baseline-vs-ccrs-v1-t2","002-ccrs","react_ccrs_mazeV1_t2","501","501","2026-06-25T12:45:36.786+00:00","3658","react_ccrs_mazeV1_t2_20260625_141909.log","19060","1","0","0","0","0","0"
"react-baseline-vs-ccrs-v1-t2","002-ccrs","react_ccrs_mazeV1_t2","502","502","2026-06-25T12:45:39.570+00:00","2784","react_ccrs_mazeV1_t2_20260625_141909.log","19148","1","0","0","0","0","0"
"react-baseline-vs-ccrs-v1-t2","002-ccrs","react_ccrs_mazeV1_t2","503","503","2026-06-25T12:45:43.752+00:00","4182","react_ccrs_mazeV1_t2_20260625_141909.log","19236","1","0","0","0","0","0"
"react-baseline-vs-ccrs-v1-t2","002-ccrs","react_ccrs_mazeV1_t2","504","504","2026-06-25T12:45:46.320+00:00","2568","react_ccrs_mazeV1_t2_20260625_141909.log","19324","1","0","0","0","0","0"
"react-baseline-vs-ccrs-v1-t2","002-ccrs","react_ccrs_mazeV1_t2","505","505","2026-06-25T12:45:49.036+00:00","2716","react_ccrs_mazeV1_t2_20260625_141909.log","19412","1","0","0","0","0","0"
"react-baseline-vs-ccrs-v1-t2","002-ccrs","react_ccrs_mazeV1_t2","506","506","2026-06-25T12:45:51.703+00:00","2667","react_ccrs_mazeV1_t2_20260625_141909.log","19500","1","0","0","0","0","0"
"react-baseline-vs-ccrs-v1-t2","002-ccrs","react_ccrs_mazeV1_t2","507","507","2026-06-25T12:45:54.721+00:00","3018","react_ccrs_mazeV1_t2_20260625_141909.log","19588","1","0","0","0","0","0"
"react-baseline-vs-ccrs-v1-t2","002-ccrs","react_ccrs_mazeV1_t2","508","508","2026-06-25T12:45:57.682+00:00","2961","react_ccrs_mazeV1_t2_20260625_141909.log","19676","1","0","0","0","0","0"
"react-baseline-vs-ccrs-v1-t2","002-ccrs","react_ccrs_mazeV1_t2","509","509","2026-06-25T12:46:01.063+00:00","3381","react_ccrs_mazeV1_t2_20260625_141909.log","19764","1","0","0","0","0","0"
"react-baseline-vs-ccrs-v1-t2","002-ccrs","react_ccrs_mazeV1_t2","510","510","2026-06-25T12:46:04.159+00:00","3096","react_ccrs_mazeV1_t2_20260625_141909.log","19852","1","0","0","0","0","0"
"react-baseline-vs-ccrs-v1-t2","002-ccrs","react_ccrs_mazeV1_t2","511","511","2026-06-25T12:46:06.887+00:00","2728","react_ccrs_mazeV1_t2_20260625_141909.log","19940","1","0","0","0","0","0"
"react-baseline-vs-ccrs-v1-t2","002-ccrs","react_ccrs_mazeV1_t2","512","512","2026-06-25T12:46:10.090+00:00","3203","react_ccrs_mazeV1_t2_20260625_141909.log","20028","1","0","0","0","0","0"
"react-baseline-vs-ccrs-v1-t2","002-ccrs","react_ccrs_mazeV1_t2","513","513","2026-06-25T12:46:13.941+00:00","3851","react_ccrs_mazeV1_t2_20260625_141909.log","20116","1","0","0","0","0","0"
"react-baseline-vs-ccrs-v1-t2","002-ccrs","react_ccrs_mazeV1_t2","514","514","2026-06-25T12:46:16.854+00:00","2913","react_ccrs_mazeV1_t2_20260625_141909.log","20133","1","0","0","0","0","0"
"react-baseline-vs-ccrs-v1-t2","002-ccrs","react_ccrs_mazeV1_t2","515","515","2026-06-25T12:46:19.796+00:00","2942","react_ccrs_mazeV1_t2_20260625_141909.log","20221","1","0","0","0","0","0"
"react-baseline-vs-ccrs-v1-t2","002-ccrs","react_ccrs_mazeV1_t2","516","516","2026-06-25T12:46:22.701+00:00","2905","react_ccrs_mazeV1_t2_20260625_141909.log","20309","1","0","0","0","0","0"
"react-baseline-vs-ccrs-v1-t2","002-ccrs","react_ccrs_mazeV1_t2","517","517","2026-06-25T12:46:26.140+00:00","3439","react_ccrs_mazeV1_t2_20260625_141909.log","20397","1","0","0","0","0","0"
"react-baseline-vs-ccrs-v1-t2","002-ccrs","react_ccrs_mazeV1_t2","518","518","2026-06-25T12:46:29.380+00:00","3240","react_ccrs_mazeV1_t2_20260625_141909.log","20485","1","0","0","0","0","0"
"react-baseline-vs-ccrs-v1-t2","002-ccrs","react_ccrs_mazeV1_t2","519","519","2026-06-25T12:46:32.917+00:00","3537","react_ccrs_mazeV1_t2_20260625_141909.log","20573","1","0","0","0","0","0"
"react-baseline-vs-ccrs-v1-t2","002-ccrs","react_ccrs_mazeV1_t2","520","520","2026-06-25T12:46:35.399+00:00","2482","react_ccrs_mazeV1_t2_20260625_141909.log","20590","1","0","0","0","0","0"
"react-baseline-vs-ccrs-v1-t2","002-ccrs","react_ccrs_mazeV1_t2","521","521","2026-06-25T12:46:38.415+00:00","3016","react_ccrs_mazeV1_t2_20260625_141909.log","20678","1","0","0","0","0","0"
"react-baseline-vs-ccrs-v1-t2","002-ccrs","react_ccrs_mazeV1_t2","522","522","2026-06-25T12:46:41.377+00:00","2962","react_ccrs_mazeV1_t2_20260625_141909.log","20766","1","0","0","0","0","0"
"react-baseline-vs-ccrs-v1-t2","002-ccrs","react_ccrs_mazeV1_t2","523","523","2026-06-25T12:46:44.291+00:00","2914","react_ccrs_mazeV1_t2_20260625_141909.log","20854","1","0","0","0","0","0"
"react-baseline-vs-ccrs-v1-t2","002-ccrs","react_ccrs_mazeV1_t2","524","524","2026-06-25T12:46:47.210+00:00","2919","react_ccrs_mazeV1_t2_20260625_141909.log","20942","1","0","0","0","0","0"
"react-baseline-vs-ccrs-v1-t2","002-ccrs","react_ccrs_mazeV1_t2","525","525","2026-06-25T12:46:50.080+00:00","2870","react_ccrs_mazeV1_t2_20260625_141909.log","21030","1","0","0","0","0","0"
"react-baseline-vs-ccrs-v1-t2","002-ccrs","react_ccrs_mazeV1_t2","526","526","2026-06-25T12:46:52.922+00:00","2842","react_ccrs_mazeV1_t2_20260625_141909.log","21118","1","0","0","0","0","0"
"react-baseline-vs-ccrs-v1-t2","002-ccrs","react_ccrs_mazeV1_t2","527","527","2026-06-25T12:46:57.997+00:00","5075","react_ccrs_mazeV1_t2_20260625_141909.log","21206","1","0","0","0","0","0"
"react-baseline-vs-ccrs-v1-t2","002-ccrs","react_ccrs_mazeV1_t2","528","528","2026-06-25T12:47:00.875+00:00","2878","react_ccrs_mazeV1_t2_20260625_141909.log","21294","1","0","0","0","0","0"
"react-baseline-vs-ccrs-v1-t2","002-ccrs","react_ccrs_mazeV1_t2","529","529","2026-06-25T12:47:03.563+00:00","2688","react_ccrs_mazeV1_t2_20260625_141909.log","21382","1","0","0","0","0","0"
"react-baseline-vs-ccrs-v1-t2","002-ccrs","react_ccrs_mazeV1_t2","530","530","2026-06-25T12:47:06.644+00:00","3081","react_ccrs_mazeV1_t2_20260625_141909.log","21470","1","0","0","0","0","0"
"react-baseline-vs-ccrs-v1-t2","002-ccrs","react_ccrs_mazeV1_t2","531","531","2026-06-25T12:47:23.581+00:00","16937","react_ccrs_mazeV1_t2_20260625_141909.log","21487","1","0","0","0","0","0"
"react-baseline-vs-ccrs-v1-t2","002-ccrs","react_ccrs_mazeV1_t2","532","532","2026-06-25T12:47:26.271+00:00","2690","react_ccrs_mazeV1_t2_20260625_141909.log","21499","1","0","0","0","0","0"
"react-baseline-vs-ccrs-v1-t2","002-ccrs","react_ccrs_mazeV1_t2","533","533","2026-06-25T12:47:29.207+00:00","2936","react_ccrs_mazeV1_t2_20260625_141909.log","21606","1","0","0","0","0","0"
"react-baseline-vs-ccrs-v1-t2","002-ccrs","react_ccrs_mazeV1_t2","534","534","2026-06-25T12:47:31.893+00:00","2686","react_ccrs_mazeV1_t2_20260625_141909.log","21713","1","0","0","0","0","0"
"react-baseline-vs-ccrs-v1-t2","002-ccrs","react_ccrs_mazeV1_t2","535","535","2026-06-25T12:47:34.292+00:00","2399","react_ccrs_mazeV1_t2_20260625_141909.log","21730","1","0","0","0","0","0"
"react-baseline-vs-ccrs-v1-t2","002-ccrs","react_ccrs_mazeV1_t2","536","536","2026-06-25T12:47:36.967+00:00","2675","react_ccrs_mazeV1_t2_20260625_141909.log","21837","1","0","0","0","0","0"
"react-baseline-vs-ccrs-v1-t2","002-ccrs","react_ccrs_mazeV1_t2","537","537","2026-06-25T12:47:39.940+00:00","2973","react_ccrs_mazeV1_t2_20260625_141909.log","21944","1","0","0","0","0","0"
"react-baseline-vs-ccrs-v1-t2","002-ccrs","react_ccrs_mazeV1_t2","538","538","2026-06-25T12:47:42.829+00:00","2889","react_ccrs_mazeV1_t2_20260625_141909.log","22051","1","0","0","0","0","0"
"react-baseline-vs-ccrs-v1-t2","002-ccrs","react_ccrs_mazeV1_t2","539","539","2026-06-25T12:47:45.973+00:00","3144","react_ccrs_mazeV1_t2_20260625_141909.log","22158","1","0","0","0","0","0"
"react-baseline-vs-ccrs-v1-t2","002-ccrs","react_ccrs_mazeV1_t2","540","540","2026-06-25T12:47:48.977+00:00","3004","react_ccrs_mazeV1_t2_20260625_141909.log","22265","1","0","0","0","0","0"
"react-baseline-vs-ccrs-v1-t2","002-ccrs","react_ccrs_mazeV1_t2","541","541","2026-06-25T12:47:51.990+00:00","3013","react_ccrs_mazeV1_t2_20260625_141909.log","22372","1","0","0","0","0","0"
"react-baseline-vs-ccrs-v1-t2","002-ccrs","react_ccrs_mazeV1_t2","542","542","2026-06-25T12:47:54.857+00:00","2867","react_ccrs_mazeV1_t2_20260625_141909.log","22479","1","0","0","0","0","0"
"react-baseline-vs-ccrs-v1-t2","002-ccrs","react_ccrs_mazeV1_t2","543","543","2026-06-25T12:47:57.655+00:00","2798","react_ccrs_mazeV1_t2_20260625_141909.log","22586","1","0","0","0","0","0"
"react-baseline-vs-ccrs-v1-t2","002-ccrs","react_ccrs_mazeV1_t2","544","544","2026-06-25T12:48:00.529+00:00","2874","react_ccrs_mazeV1_t2_20260625_141909.log","22693","1","0","0","0","0","0"
"react-baseline-vs-ccrs-v1-t2","002-ccrs","react_ccrs_mazeV1_t2","545","545","2026-06-25T12:48:03.942+00:00","3413","react_ccrs_mazeV1_t2_20260625_141909.log","22800","1","0","0","0","0","0"
"react-baseline-vs-ccrs-v1-t2","002-ccrs","react_ccrs_mazeV1_t2","546","546","2026-06-25T12:48:07.369+00:00","3427","react_ccrs_mazeV1_t2_20260625_141909.log","22907","1","0","0","0","0","0"
"react-baseline-vs-ccrs-v1-t2","002-ccrs","react_ccrs_mazeV1_t2","547","547","2026-06-25T12:48:12.305+00:00","4936","react_ccrs_mazeV1_t2_20260625_141909.log","23014","1","0","0","0","0","0"
"react-baseline-vs-ccrs-v1-t2","002-ccrs","react_ccrs_mazeV1_t2","548","548","2026-06-25T12:48:16.010+00:00","3705","react_ccrs_mazeV1_t2_20260625_141909.log","23026","1","0","0","0","0","0"
"react-baseline-vs-ccrs-v1-t2","002-ccrs","react_ccrs_mazeV1_t2","549","549","2026-06-25T12:48:19.924+00:00","3914","react_ccrs_mazeV1_t2_20260625_141909.log","23114","1","0","0","0","0","0"
"react-baseline-vs-ccrs-v1-t2","002-ccrs","react_ccrs_mazeV1_t2","550","550","2026-06-25T12:48:22.792+00:00","2868","react_ccrs_mazeV1_t2_20260625_141909.log","23202","1","0","0","0","0","0"
"react-baseline-vs-ccrs-v1-t2","002-ccrs","react_ccrs_mazeV1_t2","551","551","2026-06-25T12:48:25.832+00:00","3040","react_ccrs_mazeV1_t2_20260625_141909.log","23290","1","0","0","0","0","0"
"react-baseline-vs-ccrs-v1-t2","002-ccrs","react_ccrs_mazeV1_t2","552","552","2026-06-25T12:48:29.530+00:00","3698","react_ccrs_mazeV1_t2_20260625_141909.log","23378","1","0","0","0","0","0"
"react-baseline-vs-ccrs-v1-t2","002-ccrs","react_ccrs_mazeV1_t2","553","553","2026-06-25T12:48:32.938+00:00","3408","react_ccrs_mazeV1_t2_20260625_141909.log","23466","1","0","0","0","0","0"
"react-baseline-vs-ccrs-v1-t2","002-ccrs","react_ccrs_mazeV1_t2","554","554","2026-06-25T12:48:35.698+00:00","2760","react_ccrs_mazeV1_t2_20260625_141909.log","23554","1","0","0","0","0","0"
"react-baseline-vs-ccrs-v1-t2","002-ccrs","react_ccrs_mazeV1_t2","555","555","2026-06-25T12:48:38.594+00:00","2896","react_ccrs_mazeV1_t2_20260625_141909.log","23642","1","0","0","0","0","0"
"react-baseline-vs-ccrs-v1-t2","002-ccrs","react_ccrs_mazeV1_t2","556","556","2026-06-25T12:48:42.127+00:00","3533","react_ccrs_mazeV1_t2_20260625_141909.log","23730","1","0","0","0","0","0"
"react-baseline-vs-ccrs-v1-t2","002-ccrs","react_ccrs_mazeV1_t2","557","557","2026-06-25T12:48:45.403+00:00","3276","react_ccrs_mazeV1_t2_20260625_141909.log","23818","1","0","0","0","0","0"
"react-baseline-vs-ccrs-v1-t2","002-ccrs","react_ccrs_mazeV1_t2","558","558","2026-06-25T12:48:48.671+00:00","3268","react_ccrs_mazeV1_t2_20260625_141909.log","23906","1","0","0","0","0","0"
"react-baseline-vs-ccrs-v1-t2","002-ccrs","react_ccrs_mazeV1_t2","559","559","2026-06-25T12:48:51.810+00:00","3139","react_ccrs_mazeV1_t2_20260625_141909.log","23994","1","0","0","0","0","0"
"react-baseline-vs-ccrs-v1-t2","002-ccrs","react_ccrs_mazeV1_t2","560","560","2026-06-25T12:48:54.664+00:00","2854","react_ccrs_mazeV1_t2_20260625_141909.log","24082","1","0","0","0","0","0"
"react-baseline-vs-ccrs-v1-t2","002-ccrs","react_ccrs_mazeV1_t2","561","561","2026-06-25T12:48:57.676+00:00","3012","react_ccrs_mazeV1_t2_20260625_141909.log","24170","1","0","0","0","0","0"
"react-baseline-vs-ccrs-v1-t2","002-ccrs","react_ccrs_mazeV1_t2","562","562","2026-06-25T12:49:01.129+00:00","3453","react_ccrs_mazeV1_t2_20260625_141909.log","24258","1","0","0","0","0","0"
"react-baseline-vs-ccrs-v1-t2","002-ccrs","react_ccrs_mazeV1_t2","563","563","2026-06-25T12:49:04.063+00:00","2934","react_ccrs_mazeV1_t2_20260625_141909.log","24346","1","0","0","0","0","0"
"react-baseline-vs-ccrs-v1-t2","002-ccrs","react_ccrs_mazeV1_t2","564","564","2026-06-25T12:49:07.984+00:00","3921","react_ccrs_mazeV1_t2_20260625_141909.log","24434","1","0","0","0","0","0"
"react-baseline-vs-ccrs-v1-t2","002-ccrs","react_ccrs_mazeV1_t2","565","565","2026-06-25T12:49:11.085+00:00","3101","react_ccrs_mazeV1_t2_20260625_141909.log","24522","1","0","0","0","0","0"
"react-baseline-vs-ccrs-v1-t2","002-ccrs","react_ccrs_mazeV1_t2","566","566","2026-06-25T12:49:14.634+00:00","3549","react_ccrs_mazeV1_t2_20260625_141909.log","24610","1","0","0","0","0","0"
"react-baseline-vs-ccrs-v1-t2","002-ccrs","react_ccrs_mazeV1_t2","567","567","2026-06-25T12:49:18.732+00:00","4098","react_ccrs_mazeV1_t2_20260625_141909.log","24627","1","0","0","0","0","0"
"react-baseline-vs-ccrs-v1-t2","002-ccrs","react_ccrs_mazeV1_t2","568","568","2026-06-25T12:49:23.284+00:00","4552","react_ccrs_mazeV1_t2_20260625_141909.log","24715","1","0","0","0","0","0"
"react-baseline-vs-ccrs-v1-t2","002-ccrs","react_ccrs_mazeV1_t2","569","569","2026-06-25T12:49:26.180+00:00","2896","react_ccrs_mazeV1_t2_20260625_141909.log","24803","1","0","0","0","0","0"
"react-baseline-vs-ccrs-v1-t2","002-ccrs","react_ccrs_mazeV1_t2","570","570","2026-06-25T12:49:31.104+00:00","4924","react_ccrs_mazeV1_t2_20260625_141909.log","24891","1","0","0","0","0","0"
"react-baseline-vs-ccrs-v1-t2","002-ccrs","react_ccrs_mazeV1_t2","571","571","2026-06-25T12:49:34.155+00:00","3051","react_ccrs_mazeV1_t2_20260625_141909.log","24979","1","0","0","0","0","0"
"react-baseline-vs-ccrs-v1-t2","002-ccrs","react_ccrs_mazeV1_t2","572","572","2026-06-25T12:49:37.136+00:00","2981","react_ccrs_mazeV1_t2_20260625_141909.log","25067","1","0","0","0","0","0"
"react-baseline-vs-ccrs-v1-t2","002-ccrs","react_ccrs_mazeV1_t2","573","573","2026-06-25T12:49:41.463+00:00","4327","react_ccrs_mazeV1_t2_20260625_141909.log","25155","1","0","0","0","0","0"
"react-baseline-vs-ccrs-v1-t2","002-ccrs","react_ccrs_mazeV1_t2","574","574","2026-06-25T12:49:44.293+00:00","2830","react_ccrs_mazeV1_t2_20260625_141909.log","25167","1","0","0","0","0","0"
"react-baseline-vs-ccrs-v1-t2","002-ccrs","react_ccrs_mazeV1_t2","575","575","2026-06-25T12:49:49.370+00:00","5077","react_ccrs_mazeV1_t2_20260625_141909.log","25255","1","0","0","0","0","0"
"react-baseline-vs-ccrs-v1-t2","002-ccrs","react_ccrs_mazeV1_t2","576","576","2026-06-25T12:49:51.995+00:00","2625","react_ccrs_mazeV1_t2_20260625_141909.log","25343","1","0","0","0","0","0"
"react-baseline-vs-ccrs-v1-t2","002-ccrs","react_ccrs_mazeV1_t2","577","577","2026-06-25T12:49:55.171+00:00","3176","react_ccrs_mazeV1_t2_20260625_141909.log","25431","1","0","0","0","0","0"
"react-baseline-vs-ccrs-v1-t2","002-ccrs","react_ccrs_mazeV1_t2","578","578","2026-06-25T12:49:58.275+00:00","3104","react_ccrs_mazeV1_t2_20260625_141909.log","25519","1","0","0","0","0","0"
"react-baseline-vs-ccrs-v1-t2","002-ccrs","react_ccrs_mazeV1_t2","579","579","2026-06-25T12:50:01.967+00:00","3692","react_ccrs_mazeV1_t2_20260625_141909.log","25607","1","0","0","0","0","0"
"react-baseline-vs-ccrs-v1-t2","002-ccrs","react_ccrs_mazeV1_t2","580","580","2026-06-25T12:50:05.966+00:00","3999","react_ccrs_mazeV1_t2_20260625_141909.log","25624","1","0","0","0","0","0"
"react-baseline-vs-ccrs-v1-t2","002-ccrs","react_ccrs_mazeV1_t2","581","581","2026-06-25T12:50:08.442+00:00","2476","react_ccrs_mazeV1_t2_20260625_141909.log","25636","1","0","0","0","0","0"
"react-baseline-vs-ccrs-v1-t2","002-ccrs","react_ccrs_mazeV1_t2","582","582","2026-06-25T12:50:11.117+00:00","2675","react_ccrs_mazeV1_t2_20260625_141909.log","25705","1","0","0","0","0","0"
"react-baseline-vs-ccrs-v1-t2","002-ccrs","react_ccrs_mazeV1_t2","583","583","2026-06-25T12:50:13.799+00:00","2682","react_ccrs_mazeV1_t2_20260625_141909.log","25774","1","0","0","0","0","0"
"react-baseline-vs-ccrs-v1-t2","002-ccrs","react_ccrs_mazeV1_t2","584","584","2026-06-25T12:50:16.621+00:00","2822","react_ccrs_mazeV1_t2_20260625_141909.log","25843","1","0","0","0","0","0"
"react-baseline-vs-ccrs-v1-t2","002-ccrs","react_ccrs_mazeV1_t2","585","585","2026-06-25T12:50:19.435+00:00","2814","react_ccrs_mazeV1_t2_20260625_141909.log","25912","1","0","0","0","0","0"
"react-baseline-vs-ccrs-v1-t2","002-ccrs","react_ccrs_mazeV1_t2","586","586","2026-06-25T12:50:22.188+00:00","2753","react_ccrs_mazeV1_t2_20260625_141909.log","25981","1","0","0","0","0","0"
"react-baseline-vs-ccrs-v1-t2","002-ccrs","react_ccrs_mazeV1_t2","587","587","2026-06-25T12:50:24.810+00:00","2622","react_ccrs_mazeV1_t2_20260625_141909.log","26050","1","0","0","0","0","0"
"react-baseline-vs-ccrs-v1-t2","002-ccrs","react_ccrs_mazeV1_t2","588","588","2026-06-25T12:50:27.439+00:00","2629","react_ccrs_mazeV1_t2_20260625_141909.log","26119","1","0","0","0","0","0"
"react-baseline-vs-ccrs-v1-t2","002-ccrs","react_ccrs_mazeV1_t2","589","589","2026-06-25T12:50:30.173+00:00","2734","react_ccrs_mazeV1_t2_20260625_141909.log","26188","1","0","0","0","0","0"
"react-baseline-vs-ccrs-v1-t2","002-ccrs","react_ccrs_mazeV1_t2","590","590","2026-06-25T12:50:33.988+00:00","3815","react_ccrs_mazeV1_t2_20260625_141909.log","26257","1","0","0","0","0","0"
"react-baseline-vs-ccrs-v1-t2","002-ccrs","react_ccrs_mazeV1_t2","591","591","2026-06-25T12:50:37.494+00:00","3506","react_ccrs_mazeV1_t2_20260625_141909.log","26326","1","0","0","0","0","0"
"react-baseline-vs-ccrs-v1-t2","002-ccrs","react_ccrs_mazeV1_t2","592","592","2026-06-25T12:50:40.447+00:00","2953","react_ccrs_mazeV1_t2_20260625_141909.log","26395","1","0","0","0","0","0"
"react-baseline-vs-ccrs-v1-t2","002-ccrs","react_ccrs_mazeV1_t2","593","593","2026-06-25T12:50:43.605+00:00","3158","react_ccrs_mazeV1_t2_20260625_141909.log","26464","1","0","0","0","0","0"
"react-baseline-vs-ccrs-v1-t2","002-ccrs","react_ccrs_mazeV1_t2","594","594","2026-06-25T12:50:45.965+00:00","2360","react_ccrs_mazeV1_t2_20260625_141909.log","26533","1","0","0","0","0","0"
"react-baseline-vs-ccrs-v1-t2","002-ccrs","react_ccrs_mazeV1_t2","595","595","2026-06-25T12:50:48.828+00:00","2863","react_ccrs_mazeV1_t2_20260625_141909.log","26602","1","0","0","0","0","0"
"react-baseline-vs-ccrs-v1-t2","002-ccrs","react_ccrs_mazeV1_t2","596","596","2026-06-25T12:50:51.549+00:00","2721","react_ccrs_mazeV1_t2_20260625_141909.log","26671","1","0","0","0","0","0"
"react-baseline-vs-ccrs-v1-t2","002-ccrs","react_ccrs_mazeV1_t2","597","597","2026-06-25T12:50:54.341+00:00","2792","react_ccrs_mazeV1_t2_20260625_141909.log","26740","1","0","0","0","0","0"
"react-baseline-vs-ccrs-v1-t2","002-ccrs","react_ccrs_mazeV1_t2","598","598","2026-06-25T12:50:57.323+00:00","2982","react_ccrs_mazeV1_t2_20260625_141909.log","26809","1","0","0","0","0","0"
"react-baseline-vs-ccrs-v1-t2","002-ccrs","react_ccrs_mazeV1_t2","599","599","2026-06-25T12:50:59.916+00:00","2593","react_ccrs_mazeV1_t2_20260625_141909.log","26878","1","0","0","0","0","0"
"react-baseline-vs-ccrs-v1-t2","002-ccrs","react_ccrs_mazeV1_t2","600","600","2026-06-25T12:51:02.886+00:00","2970","react_ccrs_mazeV1_t2_20260625_141909.log","26947","1","0","0","0","0","0"
"react-baseline-vs-ccrs-v1-t2","002-ccrs","react_ccrs_mazeV1_t2","601","601","2026-06-25T12:51:05.503+00:00","2617","react_ccrs_mazeV1_t2_20260625_141909.log","27016","1","0","0","0","0","0"
"react-baseline-vs-ccrs-v1-t2","002-ccrs","react_ccrs_mazeV1_t2","602","602","2026-06-25T12:51:08.157+00:00","2654","react_ccrs_mazeV1_t2_20260625_141909.log","27085","1","0","0","0","0","0"
"react-baseline-vs-ccrs-v1-t2","002-ccrs","react_ccrs_mazeV1_t2","603","603","2026-06-25T12:51:10.806+00:00","2649","react_ccrs_mazeV1_t2_20260625_141909.log","27154","1","0","0","0","0","0"
"react-baseline-vs-ccrs-v1-t2","002-ccrs","react_ccrs_mazeV1_t2","604","604","2026-06-25T12:51:14.270+00:00","3464","react_ccrs_mazeV1_t2_20260625_141909.log","27223","1","0","0","0","0","0"
"react-baseline-vs-ccrs-v1-t2","002-ccrs","react_ccrs_mazeV1_t2","605","605","2026-06-25T12:51:16.848+00:00","2578","react_ccrs_mazeV1_t2_20260625_141909.log","27292","1","0","0","0","0","0"
"react-baseline-vs-ccrs-v1-t2","002-ccrs","react_ccrs_mazeV1_t2","606","606","2026-06-25T12:51:19.548+00:00","2700","react_ccrs_mazeV1_t2_20260625_141909.log","27361","1","0","0","0","0","0"
"react-baseline-vs-ccrs-v1-t2","002-ccrs","react_ccrs_mazeV1_t2","607","607","2026-06-25T12:51:21.975+00:00","2427","react_ccrs_mazeV1_t2_20260625_141909.log","27430","1","0","0","0","0","0"
"react-baseline-vs-ccrs-v1-t2","002-ccrs","react_ccrs_mazeV1_t2","608","608","2026-06-25T12:51:24.325+00:00","2350","react_ccrs_mazeV1_t2_20260625_141909.log","27499","1","0","0","0","0","0"
"react-baseline-vs-ccrs-v1-t2","002-ccrs","react_ccrs_mazeV1_t2","609","609","2026-06-25T12:51:26.957+00:00","2632","react_ccrs_mazeV1_t2_20260625_141909.log","27568","1","0","0","0","0","0"
"react-baseline-vs-ccrs-v1-t2","002-ccrs","react_ccrs_mazeV1_t2","610","610","2026-06-25T12:51:30.887+00:00","3930","react_ccrs_mazeV1_t2_20260625_141909.log","27637","1","0","0","0","0","0"
"react-baseline-vs-ccrs-v1-t2","002-ccrs","react_ccrs_mazeV1_t2","611","611","2026-06-25T12:51:33.026+00:00","2139","react_ccrs_mazeV1_t2_20260625_141909.log","27649","1","0","0","0","0","0"
"react-baseline-vs-ccrs-v1-t2","002-ccrs","react_ccrs_mazeV1_t2","612","612","2026-06-25T12:51:36.242+00:00","3216","react_ccrs_mazeV1_t2_20260625_141909.log","27737","1","0","0","0","0","0"
"react-baseline-vs-ccrs-v1-t2","002-ccrs","react_ccrs_mazeV1_t2","613","613","2026-06-25T12:51:38.667+00:00","2425","react_ccrs_mazeV1_t2_20260625_141909.log","27825","1","0","0","0","0","0"
"react-baseline-vs-ccrs-v1-t2","002-ccrs","react_ccrs_mazeV1_t2","614","614","2026-06-25T12:51:41.682+00:00","3015","react_ccrs_mazeV1_t2_20260625_141909.log","27913","1","0","0","0","0","0"
"react-baseline-vs-ccrs-v1-t2","002-ccrs","react_ccrs_mazeV1_t2","615","615","2026-06-25T12:51:45.440+00:00","3758","react_ccrs_mazeV1_t2_20260625_141909.log","28001","1","0","0","0","0","0"
"react-baseline-vs-ccrs-v1-t2","002-ccrs","react_ccrs_mazeV1_t2","616","616","2026-06-25T12:51:48.076+00:00","2636","react_ccrs_mazeV1_t2_20260625_141909.log","28089","1","0","0","0","0","0"
"react-baseline-vs-ccrs-v1-t2","002-ccrs","react_ccrs_mazeV1_t2","617","617","2026-06-25T12:51:57.819+00:00","9743","react_ccrs_mazeV1_t2_20260625_141909.log","28106","1","0","0","0","0","0"
"react-baseline-vs-ccrs-v1-t2","002-ccrs","react_ccrs_mazeV1_t2","618","618","2026-06-25T12:52:00.239+00:00","2420","react_ccrs_mazeV1_t2_20260625_141909.log","28118","1","0","0","0","0","0"
"react-baseline-vs-ccrs-v1-t2","002-ccrs","react_ccrs_mazeV1_t2","619","619","2026-06-25T12:52:06.127+00:00","5888","react_ccrs_mazeV1_t2_20260625_141909.log","28206","1","0","0","0","0","0"
"react-baseline-vs-ccrs-v1-t2","002-ccrs","react_ccrs_mazeV1_t2","620","620","2026-06-25T12:52:08.773+00:00","2646","react_ccrs_mazeV1_t2_20260625_141909.log","28294","1","0","0","0","0","0"
"react-baseline-vs-ccrs-v1-t2","002-ccrs","react_ccrs_mazeV1_t2","621","621","2026-06-25T12:52:11.718+00:00","2945","react_ccrs_mazeV1_t2_20260625_141909.log","28382","1","0","0","0","0","0"
"react-baseline-vs-ccrs-v1-t2","002-ccrs","react_ccrs_mazeV1_t2","622","622","2026-06-25T12:52:14.158+00:00","2440","react_ccrs_mazeV1_t2_20260625_141909.log","28470","1","0","0","0","0","0"
"react-baseline-vs-ccrs-v1-t2","002-ccrs","react_ccrs_mazeV1_t2","623","623","2026-06-25T12:52:17.165+00:00","3007","react_ccrs_mazeV1_t2_20260625_141909.log","28558","1","0","0","0","0","0"
"react-baseline-vs-ccrs-v1-t2","002-ccrs","react_ccrs_mazeV1_t2","624","624","2026-06-25T12:52:20.407+00:00","3242","react_ccrs_mazeV1_t2_20260625_141909.log","28646","1","0","0","0","0","0"
"react-baseline-vs-ccrs-v1-t2","002-ccrs","react_ccrs_mazeV1_t2","625","625","2026-06-25T12:52:23.215+00:00","2808","react_ccrs_mazeV1_t2_20260625_141909.log","28663","1","0","0","0","0","0"
"react-baseline-vs-ccrs-v1-t2","002-ccrs","react_ccrs_mazeV1_t2","626","626","2026-06-25T12:52:26.530+00:00","3315","react_ccrs_mazeV1_t2_20260625_141909.log","28751","1","0","0","0","0","0"
"react-baseline-vs-ccrs-v1-t2","002-ccrs","react_ccrs_mazeV1_t2","627","627","2026-06-25T12:52:29.424+00:00","2894","react_ccrs_mazeV1_t2_20260625_141909.log","28839","1","0","0","0","0","0"
"react-baseline-vs-ccrs-v1-t2","002-ccrs","react_ccrs_mazeV1_t2","628","628","2026-06-25T12:52:33.147+00:00","3723","react_ccrs_mazeV1_t2_20260625_141909.log","28856","1","0","0","0","0","0"
"react-baseline-vs-ccrs-v1-t2","002-ccrs","react_ccrs_mazeV1_t2","629","629","2026-06-25T12:52:35.988+00:00","2841","react_ccrs_mazeV1_t2_20260625_141909.log","28944","1","0","0","0","0","0"
"react-baseline-vs-ccrs-v1-t2","002-ccrs","react_ccrs_mazeV1_t2","630","630","2026-06-25T12:52:38.968+00:00","2980","react_ccrs_mazeV1_t2_20260625_141909.log","29032","1","0","0","0","0","0"
"react-baseline-vs-ccrs-v1-t2","002-ccrs","react_ccrs_mazeV1_t2","631","631","2026-06-25T12:52:42.305+00:00","3337","react_ccrs_mazeV1_t2_20260625_141909.log","29120","1","0","0","0","0","0"
"react-baseline-vs-ccrs-v1-t2","002-ccrs","react_ccrs_mazeV1_t2","632","632","2026-06-25T12:52:45.517+00:00","3212","react_ccrs_mazeV1_t2_20260625_141909.log","29208","1","0","0","0","0","0"
"react-baseline-vs-ccrs-v1-t2","002-ccrs","react_ccrs_mazeV1_t2","633","633","2026-06-25T12:52:49.286+00:00","3769","react_ccrs_mazeV1_t2_20260625_141909.log","29225","1","0","0","0","0","0"
"react-baseline-vs-ccrs-v1-t2","002-ccrs","react_ccrs_mazeV1_t2","634","634","2026-06-25T12:52:52.580+00:00","3294","react_ccrs_mazeV1_t2_20260625_141909.log","29313","1","0","0","0","0","0"
"react-baseline-vs-ccrs-v1-t2","002-ccrs","react_ccrs_mazeV1_t2","635","635","2026-06-25T12:52:55.383+00:00","2803","react_ccrs_mazeV1_t2_20260625_141909.log","29401","1","0","0","0","0","0"
"react-baseline-vs-ccrs-v1-t2","002-ccrs","react_ccrs_mazeV1_t2","636","636","2026-06-25T12:52:59.390+00:00","4007","react_ccrs_mazeV1_t2_20260625_141909.log","29489","1","0","0","0","0","0"
"react-baseline-vs-ccrs-v1-t2","002-ccrs","react_ccrs_mazeV1_t2","637","637","2026-06-25T12:53:02.157+00:00","2767","react_ccrs_mazeV1_t2_20260625_141909.log","29577","1","0","0","0","0","0"
"react-baseline-vs-ccrs-v1-t2","002-ccrs","react_ccrs_mazeV1_t2","638","638","2026-06-25T12:53:05.130+00:00","2973","react_ccrs_mazeV1_t2_20260625_141909.log","29665","1","0","0","0","0","0"
"react-baseline-vs-ccrs-v1-t2","002-ccrs","react_ccrs_mazeV1_t2","639","639","2026-06-25T12:53:08.028+00:00","2898","react_ccrs_mazeV1_t2_20260625_141909.log","29753","1","0","0","0","0","0"
"react-baseline-vs-ccrs-v1-t2","002-ccrs","react_ccrs_mazeV1_t2","640","640","2026-06-25T12:53:11.727+00:00","3699","react_ccrs_mazeV1_t2_20260625_141909.log","29770","1","0","0","0","0","0"
"react-baseline-vs-ccrs-v1-t2","002-ccrs","react_ccrs_mazeV1_t2","641","641","2026-06-25T12:53:14.452+00:00","2725","react_ccrs_mazeV1_t2_20260625_141909.log","29858","1","0","0","0","0","0"
"react-baseline-vs-ccrs-v1-t2","002-ccrs","react_ccrs_mazeV1_t2","642","642","2026-06-25T12:53:17.613+00:00","3161","react_ccrs_mazeV1_t2_20260625_141909.log","29946","1","0","0","0","0","0"
"react-baseline-vs-ccrs-v1-t2","002-ccrs","react_ccrs_mazeV1_t2","643","643","2026-06-25T12:53:21.607+00:00","3994","react_ccrs_mazeV1_t2_20260625_141909.log","30034","1","0","0","0","0","0"
"react-baseline-vs-ccrs-v1-t2","002-ccrs","react_ccrs_mazeV1_t2","644","644","2026-06-25T12:53:25.545+00:00","3938","react_ccrs_mazeV1_t2_20260625_141909.log","30122","1","0","0","0","0","0"
"react-baseline-vs-ccrs-v1-t2","002-ccrs","react_ccrs_mazeV1_t2","645","645","2026-06-25T12:53:28.224+00:00","2679","react_ccrs_mazeV1_t2_20260625_141909.log","30210","1","0","0","0","0","0"
"react-baseline-vs-ccrs-v1-t2","002-ccrs","react_ccrs_mazeV1_t2","646","646","2026-06-25T12:53:32.603+00:00","4379","react_ccrs_mazeV1_t2_20260625_141909.log","30298","1","0","0","0","0","0"
"react-baseline-vs-ccrs-v1-t2","002-ccrs","react_ccrs_mazeV1_t2","647","647","2026-06-25T12:53:35.543+00:00","2940","react_ccrs_mazeV1_t2_20260625_141909.log","30310","1","0","0","0","0","0"
"react-baseline-vs-ccrs-v1-t2","002-ccrs","react_ccrs_mazeV1_t2","648","648","2026-06-25T12:53:41.828+00:00","6285","react_ccrs_mazeV1_t2_20260625_141909.log","30417","1","0","0","0","0","0"
"react-baseline-vs-ccrs-v1-t2","002-ccrs","react_ccrs_mazeV1_t2","649","649","2026-06-25T12:53:48.922+00:00","7094","react_ccrs_mazeV1_t2_20260625_141909.log","30434","1","0","0","0","0","0"
"react-baseline-vs-ccrs-v1-t2","002-ccrs","react_ccrs_mazeV1_t2","650","650","2026-06-25T12:53:53.756+00:00","4834","react_ccrs_mazeV1_t2_20260625_141909.log","30541","1","0","0","0","0","0"
"react-baseline-vs-ccrs-v1-t2","002-ccrs","react_ccrs_mazeV1_t2","651","651","2026-06-25T12:53:57.446+00:00","3690","react_ccrs_mazeV1_t2_20260625_141909.log","30648","1","0","0","0","0","0"
"react-baseline-vs-ccrs-v1-t2","002-ccrs","react_ccrs_mazeV1_t2","652","652","2026-06-25T12:54:01.905+00:00","4459","react_ccrs_mazeV1_t2_20260625_141909.log","30660","1","0","0","0","0","0"
"react-baseline-vs-ccrs-v1-t2","002-ccrs","react_ccrs_mazeV1_t2","653","653","2026-06-25T12:54:06.639+00:00","4734","react_ccrs_mazeV1_t2_20260625_141909.log","30748","1","0","0","0","0","0"
"react-baseline-vs-ccrs-v1-t2","002-ccrs","react_ccrs_mazeV1_t2","654","654","2026-06-25T12:54:09.455+00:00","2816","react_ccrs_mazeV1_t2_20260625_141909.log","30836","1","0","0","0","0","0"
"react-baseline-vs-ccrs-v1-t2","002-ccrs","react_ccrs_mazeV1_t2","655","655","2026-06-25T12:54:13.055+00:00","3600","react_ccrs_mazeV1_t2_20260625_141909.log","30853","1","0","0","0","0","0"
"react-baseline-vs-ccrs-v1-t2","002-ccrs","react_ccrs_mazeV1_t2","656","656","2026-06-25T12:54:15.858+00:00","2803","react_ccrs_mazeV1_t2_20260625_141909.log","30865","1","0","0","0","0","0"
"react-baseline-vs-ccrs-v1-t2","002-ccrs","react_ccrs_mazeV1_t2","657","657","2026-06-25T12:54:19.730+00:00","3872","react_ccrs_mazeV1_t2_20260625_141909.log","30953","1","0","0","0","0","0"
"react-baseline-vs-ccrs-v1-t2","002-ccrs","react_ccrs_mazeV1_t2","658","658","2026-06-25T12:54:23.617+00:00","3887","react_ccrs_mazeV1_t2_20260625_141909.log","31041","1","0","0","0","0","0"
"react-baseline-vs-ccrs-v1-t2","002-ccrs","react_ccrs_mazeV1_t2","659","659","2026-06-25T12:54:27.667+00:00","4050","react_ccrs_mazeV1_t2_20260625_141909.log","31129","1","0","0","0","0","0"
"react-baseline-vs-ccrs-v1-t2","002-ccrs","react_ccrs_mazeV1_t2","660","660","2026-06-25T12:54:30.262+00:00","2595","react_ccrs_mazeV1_t2_20260625_141909.log","31217","1","0","0","0","0","0"
"react-baseline-vs-ccrs-v1-t2","002-ccrs","react_ccrs_mazeV1_t2","661","661","2026-06-25T12:54:33.565+00:00","3303","react_ccrs_mazeV1_t2_20260625_141909.log","31234","1","0","0","0","0","0"
"react-baseline-vs-ccrs-v1-t2","002-ccrs","react_ccrs_mazeV1_t2","662","662","2026-06-25T12:54:36.346+00:00","2781","react_ccrs_mazeV1_t2_20260625_141909.log","31246","1","0","0","0","0","0"
"react-baseline-vs-ccrs-v1-t2","002-ccrs","react_ccrs_mazeV1_t2","663","663","2026-06-25T12:54:40.384+00:00","4038","react_ccrs_mazeV1_t2_20260625_141909.log","31334","1","0","0","0","0","0"
"react-baseline-vs-ccrs-v1-t2","002-ccrs","react_ccrs_mazeV1_t2","664","664","2026-06-25T12:54:43.392+00:00","3008","react_ccrs_mazeV1_t2_20260625_141909.log","31346","1","0","0","0","0","0"
"react-baseline-vs-ccrs-v1-t2","002-ccrs","react_ccrs_mazeV1_t2","665","665","2026-06-25T12:54:46.575+00:00","3183","react_ccrs_mazeV1_t2_20260625_141909.log","31415","1","0","0","0","0","0"
"react-baseline-vs-ccrs-v1-t2","002-ccrs","react_ccrs_mazeV1_t2","666","666","2026-06-25T12:54:49.854+00:00","3279","react_ccrs_mazeV1_t2_20260625_141909.log","31484","1","0","0","0","0","0"
"react-baseline-vs-ccrs-v1-t2","002-ccrs","react_ccrs_mazeV1_t2","667","667","2026-06-25T12:54:54.225+00:00","4371","react_ccrs_mazeV1_t2_20260625_141909.log","31553","1","0","0","0","0","0"
"react-baseline-vs-ccrs-v1-t2","002-ccrs","react_ccrs_mazeV1_t2","668","668","2026-06-25T12:54:56.823+00:00","2598","react_ccrs_mazeV1_t2_20260625_141909.log","31622","1","0","0","0","0","0"
"react-baseline-vs-ccrs-v1-t2","002-ccrs","react_ccrs_mazeV1_t2","669","669","2026-06-25T12:54:59.744+00:00","2921","react_ccrs_mazeV1_t2_20260625_141909.log","31691","1","0","0","0","0","0"
"react-baseline-vs-ccrs-v1-t2","002-ccrs","react_ccrs_mazeV1_t2","670","670","2026-06-25T12:55:02.744+00:00","3000","react_ccrs_mazeV1_t2_20260625_141909.log","31760","1","0","0","0","0","0"
"react-baseline-vs-ccrs-v1-t2","002-ccrs","react_ccrs_mazeV1_t2","671","671","2026-06-25T12:55:06.277+00:00","3533","react_ccrs_mazeV1_t2_20260625_141909.log","31829","1","0","0","0","0","0"
"react-baseline-vs-ccrs-v1-t2","002-ccrs","react_ccrs_mazeV1_t2","672","672","2026-06-25T12:55:15.215+00:00","8938","react_ccrs_mazeV1_t2_20260625_141909.log","31898","1","0","0","0","0","0"
"react-baseline-vs-ccrs-v1-t2","002-ccrs","react_ccrs_mazeV1_t2","673","673","2026-06-25T12:55:18.577+00:00","3362","react_ccrs_mazeV1_t2_20260625_141909.log","31915","1","0","0","0","0","0"
"react-baseline-vs-ccrs-v1-t2","002-ccrs","react_ccrs_mazeV1_t2","674","674","2026-06-25T12:55:21.287+00:00","2710","react_ccrs_mazeV1_t2_20260625_141909.log","31927","1","0","0","0","0","0"
"react-baseline-vs-ccrs-v1-t2","002-ccrs","react_ccrs_mazeV1_t2","675","675","2026-06-25T12:55:25.106+00:00","3819","react_ccrs_mazeV1_t2_20260625_141909.log","31996","1","0","0","0","0","0"
"react-baseline-vs-ccrs-v1-t2","002-ccrs","react_ccrs_mazeV1_t2","676","676","2026-06-25T12:55:29.942+00:00","4836","react_ccrs_mazeV1_t2_20260625_141909.log","32065","1","0","0","0","0","0"
"react-baseline-vs-ccrs-v1-t2","002-ccrs","react_ccrs_mazeV1_t2","677","677","2026-06-25T12:55:32.746+00:00","2804","react_ccrs_mazeV1_t2_20260625_141909.log","32134","1","0","0","0","0","0"
"react-baseline-vs-ccrs-v1-t2","002-ccrs","react_ccrs_mazeV1_t2","678","678","2026-06-25T12:55:35.398+00:00","2652","react_ccrs_mazeV1_t2_20260625_141909.log","32203","1","0","0","0","0","0"
"react-baseline-vs-ccrs-v1-t2","002-ccrs","react_ccrs_mazeV1_t2","679","679","2026-06-25T12:55:38.003+00:00","2605","react_ccrs_mazeV1_t2_20260625_141909.log","32272","1","0","0","0","0","0"
"react-baseline-vs-ccrs-v1-t2","002-ccrs","react_ccrs_mazeV1_t2","680","680","2026-06-25T12:55:40.640+00:00","2637","react_ccrs_mazeV1_t2_20260625_141909.log","32341","1","0","0","0","0","0"
"react-baseline-vs-ccrs-v1-t2","002-ccrs","react_ccrs_mazeV1_t2","681","681","2026-06-25T12:55:43.983+00:00","3343","react_ccrs_mazeV1_t2_20260625_141909.log","32410","1","0","0","0","0","0"
"react-baseline-vs-ccrs-v1-t2","002-ccrs","react_ccrs_mazeV1_t2","682","682","2026-06-25T12:55:46.735+00:00","2752","react_ccrs_mazeV1_t2_20260625_141909.log","32422","1","0","0","0","0","0"
"react-baseline-vs-ccrs-v1-t2","002-ccrs","react_ccrs_mazeV1_t2","683","683","2026-06-25T12:55:49.298+00:00","2563","react_ccrs_mazeV1_t2_20260625_141909.log","32491","1","0","0","0","0","0"
"react-baseline-vs-ccrs-v1-t2","002-ccrs","react_ccrs_mazeV1_t2","684","684","2026-06-25T12:55:51.859+00:00","2561","react_ccrs_mazeV1_t2_20260625_141909.log","32560","1","0","0","0","0","0"
"react-baseline-vs-ccrs-v1-t2","002-ccrs","react_ccrs_mazeV1_t2","685","685","2026-06-25T12:55:54.579+00:00","2720","react_ccrs_mazeV1_t2_20260625_141909.log","32629","1","0","0","0","0","0"
"react-baseline-vs-ccrs-v1-t2","002-ccrs","react_ccrs_mazeV1_t2","686","686","2026-06-25T12:55:57.195+00:00","2616","react_ccrs_mazeV1_t2_20260625_141909.log","32698","1","0","0","0","0","0"
"react-baseline-vs-ccrs-v1-t2","002-ccrs","react_ccrs_mazeV1_t2","687","687","2026-06-25T12:56:00.476+00:00","3281","react_ccrs_mazeV1_t2_20260625_141909.log","32767","1","0","0","0","0","0"
"react-baseline-vs-ccrs-v1-t2","002-ccrs","react_ccrs_mazeV1_t2","688","688","2026-06-25T12:56:03.384+00:00","2908","react_ccrs_mazeV1_t2_20260625_141909.log","32836","1","0","0","0","0","0"
"react-baseline-vs-ccrs-v1-t2","002-ccrs","react_ccrs_mazeV1_t2","689","689","2026-06-25T12:56:05.790+00:00","2406","react_ccrs_mazeV1_t2_20260625_141909.log","32905","1","0","0","0","0","0"
"react-baseline-vs-ccrs-v1-t2","002-ccrs","react_ccrs_mazeV1_t2","690","690","2026-06-25T12:56:08.702+00:00","2912","react_ccrs_mazeV1_t2_20260625_141909.log","32974","1","0","0","0","0","0"
"react-baseline-vs-ccrs-v1-t2","002-ccrs","react_ccrs_mazeV1_t2","691","691","2026-06-25T12:56:11.401+00:00","2699","react_ccrs_mazeV1_t2_20260625_141909.log","33043","1","0","0","0","0","0"
"react-baseline-vs-ccrs-v1-t2","002-ccrs","react_ccrs_mazeV1_t2","692","692","2026-06-25T12:56:13.754+00:00","2353","react_ccrs_mazeV1_t2_20260625_141909.log","33112","1","0","0","0","0","0"
"react-baseline-vs-ccrs-v1-t2","002-ccrs","react_ccrs_mazeV1_t2","693","693","2026-06-25T12:56:16.913+00:00","3159","react_ccrs_mazeV1_t2_20260625_141909.log","33181","1","0","0","0","0","0"
"react-baseline-vs-ccrs-v1-t2","002-ccrs","react_ccrs_mazeV1_t2","694","694","2026-06-25T12:56:19.722+00:00","2809","react_ccrs_mazeV1_t2_20260625_141909.log","33250","1","0","0","0","0","0"
"react-baseline-vs-ccrs-v1-t2","002-ccrs","react_ccrs_mazeV1_t2","695","695","2026-06-25T12:56:22.162+00:00","2440","react_ccrs_mazeV1_t2_20260625_141909.log","33319","1","0","0","0","0","0"
"react-baseline-vs-ccrs-v1-t2","002-ccrs","react_ccrs_mazeV1_t2","696","696","2026-06-25T12:56:24.862+00:00","2700","react_ccrs_mazeV1_t2_20260625_141909.log","33388","1","0","0","0","0","0"
"react-baseline-vs-ccrs-v1-t2","002-ccrs","react_ccrs_mazeV1_t2","697","697","2026-06-25T12:56:27.231+00:00","2369","react_ccrs_mazeV1_t2_20260625_141909.log","33457","1","0","0","0","0","0"
"react-baseline-vs-ccrs-v1-t2","002-ccrs","react_ccrs_mazeV1_t2","698","698","2026-06-25T12:56:30.903+00:00","3672","react_ccrs_mazeV1_t2_20260625_141909.log","33474","1","0","0","0","0","0"
"react-baseline-vs-ccrs-v1-t2","002-ccrs","react_ccrs_mazeV1_t2","699","699","2026-06-25T12:56:33.753+00:00","2850","react_ccrs_mazeV1_t2_20260625_141909.log","33486","1","0","0","0","0","0"
"react-baseline-vs-ccrs-v1-t2","002-ccrs","react_ccrs_mazeV1_t2","700","700","2026-06-25T12:56:36.273+00:00","2520","react_ccrs_mazeV1_t2_20260625_141909.log","33555","1","0","0","0","0","0"
"react-baseline-vs-ccrs-v1-t2","002-ccrs","react_ccrs_mazeV1_t2","701","701","2026-06-25T12:56:38.711+00:00","2438","react_ccrs_mazeV1_t2_20260625_141909.log","33624","1","0","0","0","0","0"
"react-baseline-vs-ccrs-v1-t2","002-ccrs","react_ccrs_mazeV1_t2","702","702","2026-06-25T12:56:41.527+00:00","2816","react_ccrs_mazeV1_t2_20260625_141909.log","33693","1","0","0","0","0","0"
"react-baseline-vs-ccrs-v1-t2","002-ccrs","react_ccrs_mazeV1_t2","703","703","2026-06-25T12:56:43.776+00:00","2249","react_ccrs_mazeV1_t2_20260625_141909.log","33762","1","0","0","0","0","0"
"react-baseline-vs-ccrs-v1-t2","002-ccrs","react_ccrs_mazeV1_t2","704","704","2026-06-25T12:56:47.155+00:00","3379","react_ccrs_mazeV1_t2_20260625_141909.log","33831","1","0","0","0","0","0"
"react-baseline-vs-ccrs-v1-t2","002-ccrs","react_ccrs_mazeV1_t2","705","705","2026-06-25T12:56:49.852+00:00","2697","react_ccrs_mazeV1_t2_20260625_141909.log","33900","1","0","0","0","0","0"
"react-baseline-vs-ccrs-v1-t2","002-ccrs","react_ccrs_mazeV1_t2","706","706","2026-06-25T12:56:52.684+00:00","2832","react_ccrs_mazeV1_t2_20260625_141909.log","33969","1","0","0","0","0","0"
"react-baseline-vs-ccrs-v1-t2","002-ccrs","react_ccrs_mazeV1_t2","707","707","2026-06-25T12:56:58.544+00:00","5860","react_ccrs_mazeV1_t2_20260625_141909.log","34038","1","0","0","0","0","0"
"react-baseline-vs-ccrs-v1-t2","002-ccrs","react_ccrs_mazeV1_t2","708","708","2026-06-25T12:57:03.439+00:00","4895","react_ccrs_mazeV1_t2_20260625_141909.log","34107","1","0","0","0","0","0"
"react-baseline-vs-ccrs-v1-t2","002-ccrs","react_ccrs_mazeV1_t2","709","709","2026-06-25T12:57:05.843+00:00","2404","react_ccrs_mazeV1_t2_20260625_141909.log","34176","1","0","0","0","0","0"
"react-baseline-vs-ccrs-v1-t2","002-ccrs","react_ccrs_mazeV1_t2","710","710","2026-06-25T12:57:08.197+00:00","2354","react_ccrs_mazeV1_t2_20260625_141909.log","34245","1","0","0","0","0","0"
"react-baseline-vs-ccrs-v1-t2","002-ccrs","react_ccrs_mazeV1_t2","711","711","2026-06-25T12:57:11.134+00:00","2937","react_ccrs_mazeV1_t2_20260625_141909.log","34314","1","0","0","0","0","0"
"react-baseline-vs-ccrs-v1-t2","002-ccrs","react_ccrs_mazeV1_t2","712","712","2026-06-25T12:57:14.076+00:00","2942","react_ccrs_mazeV1_t2_20260625_141909.log","34383","1","0","0","0","0","0"
"react-baseline-vs-ccrs-v1-t2","002-ccrs","react_ccrs_mazeV1_t2","713","713","2026-06-25T12:57:18.765+00:00","4689","react_ccrs_mazeV1_t2_20260625_141909.log","34452","1","0","0","0","0","0"
"react-baseline-vs-ccrs-v1-t2","002-ccrs","react_ccrs_mazeV1_t2","714","714","2026-06-25T12:57:21.343+00:00","2578","react_ccrs_mazeV1_t2_20260625_141909.log","34521","1","0","0","0","0","0"
"react-baseline-vs-ccrs-v1-t2","002-ccrs","react_ccrs_mazeV1_t2","715","715","2026-06-25T12:57:23.807+00:00","2464","react_ccrs_mazeV1_t2_20260625_141909.log","34590","1","0","0","0","0","0"
"react-baseline-vs-ccrs-v1-t2","002-ccrs","react_ccrs_mazeV1_t2","716","716","2026-06-25T12:57:26.145+00:00","2338","react_ccrs_mazeV1_t2_20260625_141909.log","34659","1","0","0","0","0","0"
"react-baseline-vs-ccrs-v1-t2","002-ccrs","react_ccrs_mazeV1_t2","717","717","2026-06-25T12:57:31.553+00:00","5408","react_ccrs_mazeV1_t2_20260625_141909.log","34728","1","0","0","0","0","0"
"react-baseline-vs-ccrs-v1-t2","002-ccrs","react_ccrs_mazeV1_t2","718","718","2026-06-25T12:57:35.181+00:00","3628","react_ccrs_mazeV1_t2_20260625_141909.log","34797","1","0","0","0","0","0"
"react-baseline-vs-ccrs-v1-t2","002-ccrs","react_ccrs_mazeV1_t2","719","719","2026-06-25T12:57:38.415+00:00","3234","react_ccrs_mazeV1_t2_20260625_141909.log","34866","1","0","0","0","0","0"
"react-baseline-vs-ccrs-v1-t2","002-ccrs","react_ccrs_mazeV1_t2","720","720","2026-06-25T12:57:41.143+00:00","2728","react_ccrs_mazeV1_t2_20260625_141909.log","34935","1","0","0","0","0","0"
"react-baseline-vs-ccrs-v1-t2","002-ccrs","react_ccrs_mazeV1_t2","721","721","2026-06-25T12:57:44.079+00:00","2936","react_ccrs_mazeV1_t2_20260625_141909.log","35004","1","0","0","0","0","0"
"react-baseline-vs-ccrs-v1-t2","002-ccrs","react_ccrs_mazeV1_t2","722","722","2026-06-25T12:57:47.583+00:00","3504","react_ccrs_mazeV1_t2_20260625_141909.log","35073","1","0","0","0","0","0"
"react-baseline-vs-ccrs-v1-t2","002-ccrs","react_ccrs_mazeV1_t2","723","723","2026-06-25T12:57:49.863+00:00","2280","react_ccrs_mazeV1_t2_20260625_141909.log","35085","1","0","0","0","0","0"
"react-baseline-vs-ccrs-v1-t2","002-ccrs","react_ccrs_mazeV1_t2","724","724","2026-06-25T12:57:53.197+00:00","3334","react_ccrs_mazeV1_t2_20260625_141909.log","35173","1","0","0","0","0","0"
"react-baseline-vs-ccrs-v1-t2","002-ccrs","react_ccrs_mazeV1_t2","725","725","2026-06-25T12:57:55.519+00:00","2322","react_ccrs_mazeV1_t2_20260625_141909.log","35185","1","0","0","0","0","0"
"react-baseline-vs-ccrs-v1-t2","002-ccrs","react_ccrs_mazeV1_t2","726","726","2026-06-25T12:57:58.228+00:00","2709","react_ccrs_mazeV1_t2_20260625_141909.log","35273","1","0","0","0","0","0"
"react-baseline-vs-ccrs-v1-t2","002-ccrs","react_ccrs_mazeV1_t2","727","727","2026-06-25T12:58:01.318+00:00","3090","react_ccrs_mazeV1_t2_20260625_141909.log","35361","1","0","0","0","0","0"
"react-baseline-vs-ccrs-v1-t2","002-ccrs","react_ccrs_mazeV1_t2","728","728","2026-06-25T12:58:04.031+00:00","2713","react_ccrs_mazeV1_t2_20260625_141909.log","35449","1","0","0","0","0","0"
"react-baseline-vs-ccrs-v1-t2","002-ccrs","react_ccrs_mazeV1_t2","729","729","2026-06-25T12:58:06.549+00:00","2518","react_ccrs_mazeV1_t2_20260625_141909.log","35537","1","0","0","0","0","0"
"react-baseline-vs-ccrs-v1-t2","002-ccrs","react_ccrs_mazeV1_t2","730","730","2026-06-25T12:58:09.342+00:00","2793","react_ccrs_mazeV1_t2_20260625_141909.log","35625","1","0","0","0","0","0"
"react-baseline-vs-ccrs-v1-t2","002-ccrs","react_ccrs_mazeV1_t2","731","731","2026-06-25T12:58:11.669+00:00","2327","react_ccrs_mazeV1_t2_20260625_141909.log","35713","1","0","0","0","0","0"
"react-baseline-vs-ccrs-v1-t2","002-ccrs","react_ccrs_mazeV1_t2","732","732","2026-06-25T12:58:15.039+00:00","3370","react_ccrs_mazeV1_t2_20260625_141909.log","35801","1","0","0","0","0","0"
"react-baseline-vs-ccrs-v1-t2","002-ccrs","react_ccrs_mazeV1_t2","733","733","2026-06-25T12:58:17.597+00:00","2558","react_ccrs_mazeV1_t2_20260625_141909.log","35889","1","0","0","0","0","0"
"react-baseline-vs-ccrs-v1-t2","002-ccrs","react_ccrs_mazeV1_t2","734","734","2026-06-25T12:58:20.744+00:00","3147","react_ccrs_mazeV1_t2_20260625_141909.log","35977","1","0","0","0","0","0"
"react-baseline-vs-ccrs-v1-t2","002-ccrs","react_ccrs_mazeV1_t2","735","735","2026-06-25T12:58:23.581+00:00","2837","react_ccrs_mazeV1_t2_20260625_141909.log","36065","1","0","0","0","0","0"
"react-baseline-vs-ccrs-v1-t2","002-ccrs","react_ccrs_mazeV1_t2","736","736","2026-06-25T12:58:26.147+00:00","2566","react_ccrs_mazeV1_t2_20260625_141909.log","36082","1","0","0","0","0","0"
"react-baseline-vs-ccrs-v1-t2","002-ccrs","react_ccrs_mazeV1_t2","737","737","2026-06-25T12:58:29.480+00:00","3333","react_ccrs_mazeV1_t2_20260625_141909.log","36170","1","0","0","0","0","0"
"react-baseline-vs-ccrs-v1-t2","002-ccrs","react_ccrs_mazeV1_t2","738","738","2026-06-25T12:58:32.703+00:00","3223","react_ccrs_mazeV1_t2_20260625_141909.log","36258","1","0","0","0","0","0"
"react-baseline-vs-ccrs-v1-t2","002-ccrs","react_ccrs_mazeV1_t2","739","739","2026-06-25T12:58:35.683+00:00","2980","react_ccrs_mazeV1_t2_20260625_141909.log","36346","1","0","0","0","0","0"
"react-baseline-vs-ccrs-v1-t2","002-ccrs","react_ccrs_mazeV1_t2","740","740","2026-06-25T12:58:40.723+00:00","5040","react_ccrs_mazeV1_t2_20260625_141909.log","36434","1","0","0","0","0","0"
"react-baseline-vs-ccrs-v1-t2","002-ccrs","react_ccrs_mazeV1_t2","741","741","2026-06-25T12:58:44.432+00:00","3709","react_ccrs_mazeV1_t2_20260625_141909.log","36522","1","0","0","0","0","0"
"react-baseline-vs-ccrs-v1-t2","002-ccrs","react_ccrs_mazeV1_t2","742","742","2026-06-25T12:58:46.782+00:00","2350","react_ccrs_mazeV1_t2_20260625_141909.log","36539","1","0","0","0","0","0"
"react-baseline-vs-ccrs-v1-t2","002-ccrs","react_ccrs_mazeV1_t2","743","743","2026-06-25T12:58:50.118+00:00","3336","react_ccrs_mazeV1_t2_20260625_141909.log","36627","1","0","0","0","0","0"
"react-baseline-vs-ccrs-v1-t2","002-ccrs","react_ccrs_mazeV1_t2","744","744","2026-06-25T12:58:52.841+00:00","2723","react_ccrs_mazeV1_t2_20260625_141909.log","36715","1","0","0","0","0","0"
"react-baseline-vs-ccrs-v1-t2","002-ccrs","react_ccrs_mazeV1_t2","745","745","2026-06-25T12:58:55.550+00:00","2709","react_ccrs_mazeV1_t2_20260625_141909.log","36803","1","0","0","0","0","0"
"react-baseline-vs-ccrs-v1-t2","002-ccrs","react_ccrs_mazeV1_t2","746","746","2026-06-25T12:59:00.627+00:00","5077","react_ccrs_mazeV1_t2_20260625_141909.log","36891","1","0","0","0","0","0"
"react-baseline-vs-ccrs-v1-t2","002-ccrs","react_ccrs_mazeV1_t2","747","747","2026-06-25T12:59:03.483+00:00","2856","react_ccrs_mazeV1_t2_20260625_141909.log","36979","1","0","0","0","0","0"
"react-baseline-vs-ccrs-v1-t2","002-ccrs","react_ccrs_mazeV1_t2","748","748","2026-06-25T12:59:06.044+00:00","2561","react_ccrs_mazeV1_t2_20260625_141909.log","36996","1","0","0","0","0","0"
"react-baseline-vs-ccrs-v1-t2","002-ccrs","react_ccrs_mazeV1_t2","749","749","2026-06-25T12:59:11.271+00:00","5227","react_ccrs_mazeV1_t2_20260625_141909.log","37084","1","0","0","0","0","0"
"react-baseline-vs-ccrs-v1-t2","002-ccrs","react_ccrs_mazeV1_t2","750","750","2026-06-25T12:59:14.195+00:00","2924","react_ccrs_mazeV1_t2_20260625_141909.log","37172","1","0","0","0","0","0"
"react-baseline-vs-ccrs-v1-t2","002-ccrs","react_ccrs_mazeV1_t2","751","751","2026-06-25T12:59:17.870+00:00","3675","react_ccrs_mazeV1_t2_20260625_141909.log","37260","1","0","0","0","0","0"
"react-baseline-vs-ccrs-v1-t2","002-ccrs","react_ccrs_mazeV1_t2","752","752","2026-06-25T12:59:21.343+00:00","3473","react_ccrs_mazeV1_t2_20260625_141909.log","37348","1","0","0","0","0","0"
"react-baseline-vs-ccrs-v1-t2","002-ccrs","react_ccrs_mazeV1_t2","753","753","2026-06-25T12:59:24.039+00:00","2696","react_ccrs_mazeV1_t2_20260625_141909.log","37436","1","0","0","0","0","0"
"react-baseline-vs-ccrs-v1-t2","002-ccrs","react_ccrs_mazeV1_t2","754","754","2026-06-25T12:59:30.698+00:00","6659","react_ccrs_mazeV1_t2_20260625_141909.log","37453","1","0","0","0","0","0"
"react-baseline-vs-ccrs-v1-t2","002-ccrs","react_ccrs_mazeV1_t2","755","755","2026-06-25T12:59:33.454+00:00","2756","react_ccrs_mazeV1_t2_20260625_141909.log","37465","1","0","0","0","0","0"
"react-baseline-vs-ccrs-v1-t2","002-ccrs","react_ccrs_mazeV1_t2","756","756","2026-06-25T12:59:37.381+00:00","3927","react_ccrs_mazeV1_t2_20260625_141909.log","37553","1","0","0","0","0","0"
"react-baseline-vs-ccrs-v1-t2","002-ccrs","react_ccrs_mazeV1_t2","757","757","2026-06-25T12:59:41.359+00:00","3978","react_ccrs_mazeV1_t2_20260625_141909.log","37565","1","0","0","0","0","0"
"react-baseline-vs-ccrs-v1-t2","002-ccrs","react_ccrs_mazeV1_t2","758","758","2026-06-25T12:59:44.240+00:00","2881","react_ccrs_mazeV1_t2_20260625_141909.log","37634","1","0","0","0","0","0"
"react-baseline-vs-ccrs-v1-t2","002-ccrs","react_ccrs_mazeV1_t2","759","759","2026-06-25T12:59:47.135+00:00","2895","react_ccrs_mazeV1_t2_20260625_141909.log","37703","1","0","0","0","0","0"
"react-baseline-vs-ccrs-v1-t2","002-ccrs","react_ccrs_mazeV1_t2","760","760","2026-06-25T12:59:50.326+00:00","3191","react_ccrs_mazeV1_t2_20260625_141909.log","37772","1","0","0","0","0","0"
"react-baseline-vs-ccrs-v1-t2","002-ccrs","react_ccrs_mazeV1_t2","761","761","2026-06-25T12:59:53.435+00:00","3109","react_ccrs_mazeV1_t2_20260625_141909.log","37841","1","0","0","0","0","0"
"react-baseline-vs-ccrs-v1-t2","002-ccrs","react_ccrs_mazeV1_t2","762","762","2026-06-25T12:59:57.661+00:00","4226","react_ccrs_mazeV1_t2_20260625_141909.log","37910","1","0","0","0","0","0"
"react-baseline-vs-ccrs-v1-t2","002-ccrs","react_ccrs_mazeV1_t2","763","763","2026-06-25T13:00:00.315+00:00","2654","react_ccrs_mazeV1_t2_20260625_141909.log","37979","1","0","0","0","0","0"
"react-baseline-vs-ccrs-v1-t2","002-ccrs","react_ccrs_mazeV1_t2","764","764","2026-06-25T13:00:02.880+00:00","2565","react_ccrs_mazeV1_t2_20260625_141909.log","38048","1","0","0","0","0","0"
"react-baseline-vs-ccrs-v1-t2","002-ccrs","react_ccrs_mazeV1_t2","765","765","2026-06-25T13:00:06.010+00:00","3130","react_ccrs_mazeV1_t2_20260625_141909.log","38117","1","0","0","0","0","0"
"react-baseline-vs-ccrs-v1-t2","002-ccrs","react_ccrs_mazeV1_t2","766","766","2026-06-25T13:00:08.718+00:00","2708","react_ccrs_mazeV1_t2_20260625_141909.log","38186","1","0","0","0","0","0"
"react-baseline-vs-ccrs-v1-t2","002-ccrs","react_ccrs_mazeV1_t2","767","767","2026-06-25T13:00:11.873+00:00","3155","react_ccrs_mazeV1_t2_20260625_141909.log","38255","1","0","0","0","0","0"
"react-baseline-vs-ccrs-v1-t2","002-ccrs","react_ccrs_mazeV1_t2","768","768","2026-06-25T13:00:16.249+00:00","4376","react_ccrs_mazeV1_t2_20260625_141909.log","38324","1","0","0","0","0","0"
"react-baseline-vs-ccrs-v1-t2","002-ccrs","react_ccrs_mazeV1_t2","769","769","2026-06-25T13:00:19.896+00:00","3647","react_ccrs_mazeV1_t2_20260625_141909.log","38341","1","0","0","0","0","0"
"react-baseline-vs-ccrs-v1-t2","002-ccrs","react_ccrs_mazeV1_t2","770","770","2026-06-25T13:00:22.667+00:00","2771","react_ccrs_mazeV1_t2_20260625_141909.log","38353","1","0","0","0","0","0"
"react-baseline-vs-ccrs-v1-t2","002-ccrs","react_ccrs_mazeV1_t2","771","771","2026-06-25T13:00:25.390+00:00","2723","react_ccrs_mazeV1_t2_20260625_141909.log","38422","1","0","0","0","0","0"
"react-baseline-vs-ccrs-v1-t2","002-ccrs","react_ccrs_mazeV1_t2","772","772","2026-06-25T13:00:28.694+00:00","3304","react_ccrs_mazeV1_t2_20260625_141909.log","38491","1","0","0","0","0","0"
"react-baseline-vs-ccrs-v1-t2","002-ccrs","react_ccrs_mazeV1_t2","773","773","2026-06-25T13:00:35.436+00:00","6742","react_ccrs_mazeV1_t2_20260625_141909.log","38560","1","0","0","0","0","0"
"react-baseline-vs-ccrs-v1-t2","002-ccrs","react_ccrs_mazeV1_t2","774","774","2026-06-25T13:00:38.462+00:00","3026","react_ccrs_mazeV1_t2_20260625_141909.log","38629","1","0","0","0","0","0"
"react-baseline-vs-ccrs-v1-t2","002-ccrs","react_ccrs_mazeV1_t2","775","775","2026-06-25T13:00:41.117+00:00","2655","react_ccrs_mazeV1_t2_20260625_141909.log","38698","1","0","0","0","0","0"
"react-baseline-vs-ccrs-v1-t2","002-ccrs","react_ccrs_mazeV1_t2","776","776","2026-06-25T13:00:44.875+00:00","3758","react_ccrs_mazeV1_t2_20260625_141909.log","38715","1","0","0","0","0","0"
"react-baseline-vs-ccrs-v1-t2","002-ccrs","react_ccrs_mazeV1_t2","777","777","2026-06-25T13:00:47.883+00:00","3008","react_ccrs_mazeV1_t2_20260625_141909.log","38727","1","0","0","0","0","0"
"react-baseline-vs-ccrs-v1-t2","002-ccrs","react_ccrs_mazeV1_t2","778","778","2026-06-25T13:00:50.980+00:00","3097","react_ccrs_mazeV1_t2_20260625_141909.log","38796","1","0","0","0","0","0"
"react-baseline-vs-ccrs-v1-t2","002-ccrs","react_ccrs_mazeV1_t2","779","779","2026-06-25T13:00:55.022+00:00","4042","react_ccrs_mazeV1_t2_20260625_141909.log","38813","1","0","0","0","0","0"
"react-baseline-vs-ccrs-v1-t2","002-ccrs","react_ccrs_mazeV1_t2","780","780","2026-06-25T13:00:59.356+00:00","4334","react_ccrs_mazeV1_t2_20260625_141909.log","38825","1","0","0","0","0","0"
"react-baseline-vs-ccrs-v1-t2","002-ccrs","react_ccrs_mazeV1_t2","781","781","2026-06-25T13:01:03.321+00:00","3965","react_ccrs_mazeV1_t2_20260625_141909.log","38894","1","0","0","0","0","0"
"react-baseline-vs-ccrs-v1-t2","002-ccrs","react_ccrs_mazeV1_t2","782","782","2026-06-25T13:01:05.856+00:00","2535","react_ccrs_mazeV1_t2_20260625_141909.log","38906","1","0","0","0","0","0"
"react-baseline-vs-ccrs-v1-t2","002-ccrs","react_ccrs_mazeV1_t2","783","783","2026-06-25T13:01:09.843+00:00","3987","react_ccrs_mazeV1_t2_20260625_141909.log","38994","1","0","0","0","0","0"
"react-baseline-vs-ccrs-v1-t2","002-ccrs","react_ccrs_mazeV1_t2","784","784","2026-06-25T13:01:12.676+00:00","2833","react_ccrs_mazeV1_t2_20260625_141909.log","39082","1","0","0","0","0","0"
"react-baseline-vs-ccrs-v1-t2","002-ccrs","react_ccrs_mazeV1_t2","785","785","2026-06-25T13:01:15.801+00:00","3125","react_ccrs_mazeV1_t2_20260625_141909.log","39170","1","0","0","0","0","0"
"react-baseline-vs-ccrs-v1-t2","002-ccrs","react_ccrs_mazeV1_t2","786","786","2026-06-25T13:01:19.105+00:00","3304","react_ccrs_mazeV1_t2_20260625_141909.log","39258","1","0","0","0","0","0"
"react-baseline-vs-ccrs-v1-t2","002-ccrs","react_ccrs_mazeV1_t2","787","787","2026-06-25T13:01:21.577+00:00","2472","react_ccrs_mazeV1_t2_20260625_141909.log","39346","1","0","0","0","0","0"
"react-baseline-vs-ccrs-v1-t2","002-ccrs","react_ccrs_mazeV1_t2","788","788","2026-06-25T13:01:23.956+00:00","2379","react_ccrs_mazeV1_t2_20260625_141909.log","39434","1","0","0","0","0","0"
"react-baseline-vs-ccrs-v1-t2","002-ccrs","react_ccrs_mazeV1_t2","789","789","2026-06-25T13:01:26.923+00:00","2967","react_ccrs_mazeV1_t2_20260625_141909.log","39522","1","0","0","0","0","0"
"react-baseline-vs-ccrs-v1-t2","002-ccrs","react_ccrs_mazeV1_t2","790","790","2026-06-25T13:01:30.236+00:00","3313","react_ccrs_mazeV1_t2_20260625_141909.log","39539","1","0","0","0","0","0"
"react-baseline-vs-ccrs-v1-t2","002-ccrs","react_ccrs_mazeV1_t2","791","791","2026-06-25T13:01:33.207+00:00","2971","react_ccrs_mazeV1_t2_20260625_141909.log","39627","1","0","0","0","0","0"
"react-baseline-vs-ccrs-v1-t2","002-ccrs","react_ccrs_mazeV1_t2","792","792","2026-06-25T13:01:36.637+00:00","3430","react_ccrs_mazeV1_t2_20260625_141909.log","39715","1","0","0","0","0","0"
"react-baseline-vs-ccrs-v1-t2","002-ccrs","react_ccrs_mazeV1_t2","793","793","2026-06-25T13:01:39.196+00:00","2559","react_ccrs_mazeV1_t2_20260625_141909.log","39732","1","0","0","0","0","0"
"react-baseline-vs-ccrs-v1-t2","002-ccrs","react_ccrs_mazeV1_t2","794","794","2026-06-25T13:01:41.917+00:00","2721","react_ccrs_mazeV1_t2_20260625_141909.log","39749","1","0","0","0","0","0"
"react-baseline-vs-ccrs-v1-t2","002-ccrs","react_ccrs_mazeV1_t2","795","795","2026-06-25T13:01:45.425+00:00","3508","react_ccrs_mazeV1_t2_20260625_141909.log","39766","1","0","0","0","0","0"
"react-baseline-vs-ccrs-v1-t2","002-ccrs","react_ccrs_mazeV1_t2","796","796","2026-06-25T13:01:48.189+00:00","2764","react_ccrs_mazeV1_t2_20260625_141909.log","39854","1","0","0","0","0","0"
"react-baseline-vs-ccrs-v1-t2","002-ccrs","react_ccrs_mazeV1_t2","797","797","2026-06-25T13:01:51.356+00:00","3167","react_ccrs_mazeV1_t2_20260625_141909.log","39942","1","0","0","0","0","0"
"react-baseline-vs-ccrs-v1-t2","002-ccrs","react_ccrs_mazeV1_t2","798","798","2026-06-25T13:01:55.329+00:00","3973","react_ccrs_mazeV1_t2_20260625_141909.log","40030","1","0","0","0","0","0"
"react-baseline-vs-ccrs-v1-t2","002-ccrs","react_ccrs_mazeV1_t2","799","799","2026-06-25T13:01:58.031+00:00","2702","react_ccrs_mazeV1_t2_20260625_141909.log","40118","1","0","0","0","0","0"
"react-baseline-vs-ccrs-v1-t2","002-ccrs","react_ccrs_mazeV1_t2","800","800","2026-06-25T13:02:01.123+00:00","3092","react_ccrs_mazeV1_t2_20260625_141909.log","40206","1","0","0","0","0","0"
"react-baseline-vs-ccrs-v1-t2","002-ccrs","react_ccrs_mazeV1_t2","801","801","2026-06-25T13:02:04.133+00:00","3010","react_ccrs_mazeV1_t2_20260625_141909.log","40223","1","0","0","0","0","0"
"react-baseline-vs-ccrs-v1-t2","002-ccrs","react_ccrs_mazeV1_t2","802","802","2026-06-25T13:02:07.141+00:00","3008","react_ccrs_mazeV1_t2_20260625_141909.log","40311","1","0","0","0","0","0"
"react-baseline-vs-ccrs-v1-t2","002-ccrs","react_ccrs_mazeV1_t2","803","803","2026-06-25T13:02:09.642+00:00","2501","react_ccrs_mazeV1_t2_20260625_141909.log","40328","1","0","0","0","0","0"
"react-baseline-vs-ccrs-v1-t2","002-ccrs","react_ccrs_mazeV1_t2","804","804","2026-06-25T13:02:13.908+00:00","4266","react_ccrs_mazeV1_t2_20260625_141909.log","40416","1","0","0","0","0","0"
"react-baseline-vs-ccrs-v1-t2","002-ccrs","react_ccrs_mazeV1_t2","805","805","2026-06-25T13:02:16.407+00:00","2499","react_ccrs_mazeV1_t2_20260625_141909.log","40428","1","0","0","0","0","0"
"react-baseline-vs-ccrs-v1-t2","002-ccrs","react_ccrs_mazeV1_t2","806","806","2026-06-25T13:02:19.753+00:00","3346","react_ccrs_mazeV1_t2_20260625_141909.log","40497","1","0","0","0","0","0"
"react-baseline-vs-ccrs-v1-t2","002-ccrs","react_ccrs_mazeV1_t2","807","807","2026-06-25T13:02:22.480+00:00","2727","react_ccrs_mazeV1_t2_20260625_141909.log","40566","1","0","0","0","0","0"
"react-baseline-vs-ccrs-v1-t2","002-ccrs","react_ccrs_mazeV1_t2","808","808","2026-06-25T13:02:28.284+00:00","5804","react_ccrs_mazeV1_t2_20260625_141909.log","40635","1","0","0","0","0","0"
"react-baseline-vs-ccrs-v1-t2","002-ccrs","react_ccrs_mazeV1_t2","809","809","2026-06-25T13:02:32.102+00:00","3818","react_ccrs_mazeV1_t2_20260625_141909.log","40704","1","0","0","0","0","0"
"react-baseline-vs-ccrs-v1-t2","002-ccrs","react_ccrs_mazeV1_t2","810","810","2026-06-25T13:02:38.127+00:00","6025","react_ccrs_mazeV1_t2_20260625_141909.log","40773","1","0","0","0","0","0"
"react-baseline-vs-ccrs-v1-t2","002-ccrs","react_ccrs_mazeV1_t2","811","811","2026-06-25T13:02:45.855+00:00","7728","react_ccrs_mazeV1_t2_20260625_141909.log","40842","1","0","0","0","0","0"
"react-baseline-vs-ccrs-v1-t2","002-ccrs","react_ccrs_mazeV1_t2","812","812","2026-06-25T13:02:49.581+00:00","3726","react_ccrs_mazeV1_t2_20260625_141909.log","40911","1","0","0","0","0","0"
"react-baseline-vs-ccrs-v1-t2","002-ccrs","react_ccrs_mazeV1_t2","813","813","2026-06-25T13:02:54.098+00:00","4517","react_ccrs_mazeV1_t2_20260625_141909.log","40980","1","0","0","0","0","0"
"react-baseline-vs-ccrs-v1-t2","002-ccrs","react_ccrs_mazeV1_t2","814","814","2026-06-25T13:03:03.174+00:00","9076","react_ccrs_mazeV1_t2_20260625_141909.log","41049","1","0","0","0","0","0"
"react-baseline-vs-ccrs-v1-t2","002-ccrs","react_ccrs_mazeV1_t2","815","815","2026-06-25T13:03:05.817+00:00","2643","react_ccrs_mazeV1_t2_20260625_141909.log","41066","1","0","0","0","0","0"
"react-baseline-vs-ccrs-v1-t2","002-ccrs","react_ccrs_mazeV1_t2","816","816","2026-06-25T13:03:10.299+00:00","4482","react_ccrs_mazeV1_t2_20260625_141909.log","41135","1","0","0","0","0","0"
"react-baseline-vs-ccrs-v1-t2","002-ccrs","react_ccrs_mazeV1_t2","817","817","2026-06-25T13:03:13.406+00:00","3107","react_ccrs_mazeV1_t2_20260625_141909.log","41147","1","0","0","0","0","0"
"react-baseline-vs-ccrs-v1-t2","002-ccrs","react_ccrs_mazeV1_t2","818","818","2026-06-25T13:03:17.222+00:00","3816","react_ccrs_mazeV1_t2_20260625_141909.log","41235","1","0","0","0","0","0"
"react-baseline-vs-ccrs-v1-t2","002-ccrs","react_ccrs_mazeV1_t2","819","819","2026-06-25T13:03:20.829+00:00","3607","react_ccrs_mazeV1_t2_20260625_141909.log","41252","1","0","0","0","0","0"
"react-baseline-vs-ccrs-v1-t2","002-ccrs","react_ccrs_mazeV1_t2","820","820","2026-06-25T13:03:23.434+00:00","2605","react_ccrs_mazeV1_t2_20260625_141909.log","41264","1","0","0","0","0","0"
"react-baseline-vs-ccrs-v1-t2","002-ccrs","react_ccrs_mazeV1_t2","821","821","2026-06-25T13:03:26.327+00:00","2893","react_ccrs_mazeV1_t2_20260625_141909.log","41333","1","0","0","0","0","0"
"react-baseline-vs-ccrs-v1-t2","002-ccrs","react_ccrs_mazeV1_t2","822","822","2026-06-25T13:03:28.798+00:00","2471","react_ccrs_mazeV1_t2_20260625_141909.log","41350","1","0","0","0","0","0"
"react-baseline-vs-ccrs-v1-t2","002-ccrs","react_ccrs_mazeV1_t2","823","823","2026-06-25T13:03:31.289+00:00","2491","react_ccrs_mazeV1_t2_20260625_141909.log","41367","1","0","0","0","0","0"
"react-baseline-vs-ccrs-v1-t2","002-ccrs","react_ccrs_mazeV1_t2","824","824","2026-06-25T13:03:33.771+00:00","2482","react_ccrs_mazeV1_t2_20260625_141909.log","41436","1","0","0","0","0","0"
"react-baseline-vs-ccrs-v1-t2","002-ccrs","react_ccrs_mazeV1_t2","825","825","2026-06-25T13:03:36.426+00:00","2655","react_ccrs_mazeV1_t2_20260625_141909.log","41505","1","0","0","0","0","0"
"react-baseline-vs-ccrs-v1-t2","002-ccrs","react_ccrs_mazeV1_t2","826","826","2026-06-25T13:03:40.182+00:00","3756","react_ccrs_mazeV1_t2_20260625_141909.log","41574","1","0","0","0","0","0"
"react-baseline-vs-ccrs-v1-t2","002-ccrs","react_ccrs_mazeV1_t2","827","827","2026-06-25T13:03:42.898+00:00","2716","react_ccrs_mazeV1_t2_20260625_141909.log","41643","1","0","0","0","0","0"
"react-baseline-vs-ccrs-v1-t2","002-ccrs","react_ccrs_mazeV1_t2","828","828","2026-06-25T13:03:46.171+00:00","3273","react_ccrs_mazeV1_t2_20260625_141909.log","41712","1","0","0","0","0","0"
"react-baseline-vs-ccrs-v1-t2","002-ccrs","react_ccrs_mazeV1_t2","829","829","2026-06-25T13:03:48.817+00:00","2646","react_ccrs_mazeV1_t2_20260625_141909.log","41781","1","0","0","0","0","0"
"react-baseline-vs-ccrs-v1-t2","002-ccrs","react_ccrs_mazeV1_t2","830","830","2026-06-25T13:03:51.502+00:00","2685","react_ccrs_mazeV1_t2_20260625_141909.log","41850","1","0","0","0","0","0"
"react-baseline-vs-ccrs-v1-t2","002-ccrs","react_ccrs_mazeV1_t2","831","831","2026-06-25T13:03:54.887+00:00","3385","react_ccrs_mazeV1_t2_20260625_141909.log","41919","1","0","0","0","0","0"
"react-baseline-vs-ccrs-v1-t2","002-ccrs","react_ccrs_mazeV1_t2","832","832","2026-06-25T13:03:57.704+00:00","2817","react_ccrs_mazeV1_t2_20260625_141909.log","41931","1","0","0","0","0","0"
"react-baseline-vs-ccrs-v1-t2","002-ccrs","react_ccrs_mazeV1_t2","833","833","2026-06-25T13:04:01.871+00:00","4167","react_ccrs_mazeV1_t2_20260625_141909.log","42000","1","0","0","0","0","0"
"react-baseline-vs-ccrs-v1-t2","002-ccrs","react_ccrs_mazeV1_t2","834","834","2026-06-25T13:04:04.496+00:00","2625","react_ccrs_mazeV1_t2_20260625_141909.log","42069","1","0","0","0","0","0"
"react-baseline-vs-ccrs-v1-t2","002-ccrs","react_ccrs_mazeV1_t2","835","835","2026-06-25T13:04:07.750+00:00","3254","react_ccrs_mazeV1_t2_20260625_141909.log","42138","1","0","0","0","0","0"
"react-baseline-vs-ccrs-v1-t2","002-ccrs","react_ccrs_mazeV1_t2","836","836","2026-06-25T13:04:10.323+00:00","2573","react_ccrs_mazeV1_t2_20260625_141909.log","42207","1","0","0","0","0","0"
"react-baseline-vs-ccrs-v1-t2","002-ccrs","react_ccrs_mazeV1_t2","837","837","2026-06-25T13:04:12.953+00:00","2630","react_ccrs_mazeV1_t2_20260625_141909.log","42276","1","0","0","0","0","0"
"react-baseline-vs-ccrs-v1-t2","002-ccrs","react_ccrs_mazeV1_t2","838","838","2026-06-25T13:04:19.617+00:00","6664","react_ccrs_mazeV1_t2_20260625_141909.log","42345","1","0","0","0","0","0"
"react-baseline-vs-ccrs-v1-t2","002-ccrs","react_ccrs_mazeV1_t2","839","839","2026-06-25T13:04:22.227+00:00","2610","react_ccrs_mazeV1_t2_20260625_141909.log","42414","1","0","0","0","0","0"
"react-baseline-vs-ccrs-v1-t2","002-ccrs","react_ccrs_mazeV1_t2","840","840","2026-06-25T13:04:24.858+00:00","2631","react_ccrs_mazeV1_t2_20260625_141909.log","42483","1","0","0","0","0","0"
"react-baseline-vs-ccrs-v1-t2","002-ccrs","react_ccrs_mazeV1_t2","841","841","2026-06-25T13:04:27.205+00:00","2347","react_ccrs_mazeV1_t2_20260625_141909.log","42552","1","0","0","0","0","0"
"react-baseline-vs-ccrs-v1-t2","002-ccrs","react_ccrs_mazeV1_t2","842","842","2026-06-25T13:04:29.950+00:00","2745","react_ccrs_mazeV1_t2_20260625_141909.log","42621","1","0","0","0","0","0"
"react-baseline-vs-ccrs-v1-t2","002-ccrs","react_ccrs_mazeV1_t2","843","843","2026-06-25T13:04:32.660+00:00","2710","react_ccrs_mazeV1_t2_20260625_141909.log","42690","1","0","0","0","0","0"
"react-baseline-vs-ccrs-v1-t2","002-ccrs","react_ccrs_mazeV1_t2","844","844","2026-06-25T13:04:35.425+00:00","2765","react_ccrs_mazeV1_t2_20260625_141909.log","42759","1","0","0","0","0","0"
"react-baseline-vs-ccrs-v1-t2","002-ccrs","react_ccrs_mazeV1_t2","845","845","2026-06-25T13:04:38.246+00:00","2821","react_ccrs_mazeV1_t2_20260625_141909.log","42828","1","0","0","0","0","0"
"react-baseline-vs-ccrs-v1-t2","002-ccrs","react_ccrs_mazeV1_t2","846","846","2026-06-25T13:04:41.012+00:00","2766","react_ccrs_mazeV1_t2_20260625_141909.log","42897","1","0","0","0","0","0"
"react-baseline-vs-ccrs-v1-t2","002-ccrs","react_ccrs_mazeV1_t2","847","847","2026-06-25T13:04:43.607+00:00","2595","react_ccrs_mazeV1_t2_20260625_141909.log","42966","1","0","0","0","0","0"
"react-baseline-vs-ccrs-v1-t2","002-ccrs","react_ccrs_mazeV1_t2","848","848","2026-06-25T13:04:46.433+00:00","2826","react_ccrs_mazeV1_t2_20260625_141909.log","43035","1","0","0","0","0","0"
"react-baseline-vs-ccrs-v1-t2","002-ccrs","react_ccrs_mazeV1_t2","849","849","2026-06-25T13:04:49.356+00:00","2923","react_ccrs_mazeV1_t2_20260625_141909.log","43104","1","0","0","0","0","0"
"react-baseline-vs-ccrs-v1-t2","002-ccrs","react_ccrs_mazeV1_t2","850","850","2026-06-25T13:04:53.395+00:00","4039","react_ccrs_mazeV1_t2_20260625_141909.log","43173","1","0","0","0","0","0"
"react-baseline-vs-ccrs-v1-t2","002-ccrs","react_ccrs_mazeV1_t2","851","851","2026-06-25T13:04:55.938+00:00","2543","react_ccrs_mazeV1_t2_20260625_141909.log","43185","1","0","0","0","0","0"
"react-baseline-vs-ccrs-v1-t2","002-ccrs","react_ccrs_mazeV1_t2","852","852","2026-06-25T13:04:58.589+00:00","2651","react_ccrs_mazeV1_t2_20260625_141909.log","43254","1","0","0","0","0","0"
"react-baseline-vs-ccrs-v1-t2","002-ccrs","react_ccrs_mazeV1_t2","853","853","2026-06-25T13:05:01.599+00:00","3010","react_ccrs_mazeV1_t2_20260625_141909.log","43323","1","0","0","0","0","0"
"react-baseline-vs-ccrs-v1-t2","002-ccrs","react_ccrs_mazeV1_t2","854","854","2026-06-25T13:05:04.310+00:00","2711","react_ccrs_mazeV1_t2_20260625_141909.log","43392","1","0","0","0","0","0"
"react-baseline-vs-ccrs-v1-t2","002-ccrs","react_ccrs_mazeV1_t2","855","855","2026-06-25T13:05:07.339+00:00","3029","react_ccrs_mazeV1_t2_20260625_141909.log","43461","1","0","0","0","0","0"
"react-baseline-vs-ccrs-v1-t2","002-ccrs","react_ccrs_mazeV1_t2","856","856","2026-06-25T13:05:10.119+00:00","2780","react_ccrs_mazeV1_t2_20260625_141909.log","43530","1","0","0","0","0","0"
"react-baseline-vs-ccrs-v1-t2","002-ccrs","react_ccrs_mazeV1_t2","857","857","2026-06-25T13:05:13.398+00:00","3279","react_ccrs_mazeV1_t2_20260625_141909.log","43599","1","0","0","0","0","0"
"react-baseline-vs-ccrs-v1-t2","002-ccrs","react_ccrs_mazeV1_t2","858","858","2026-06-25T13:05:17.073+00:00","3675","react_ccrs_mazeV1_t2_20260625_141909.log","43668","1","0","0","0","0","0"
"react-baseline-vs-ccrs-v1-t2","002-ccrs","react_ccrs_mazeV1_t2","859","859","2026-06-25T13:05:19.846+00:00","2773","react_ccrs_mazeV1_t2_20260625_141909.log","43737","1","0","0","0","0","0"
"react-baseline-vs-ccrs-v1-t2","002-ccrs","react_ccrs_mazeV1_t2","860","860","2026-06-25T13:05:22.554+00:00","2708","react_ccrs_mazeV1_t2_20260625_141909.log","43806","1","0","0","0","0","0"
"react-baseline-vs-ccrs-v1-t2","002-ccrs","react_ccrs_mazeV1_t2","861","861","2026-06-25T13:05:25.225+00:00","2671","react_ccrs_mazeV1_t2_20260625_141909.log","43875","1","0","0","0","0","0"
"react-baseline-vs-ccrs-v1-t2","002-ccrs","react_ccrs_mazeV1_t2","862","862","2026-06-25T13:05:28.167+00:00","2942","react_ccrs_mazeV1_t2_20260625_141909.log","43944","1","0","0","0","0","0"
"react-baseline-vs-ccrs-v1-t2","002-ccrs","react_ccrs_mazeV1_t2","863","863","2026-06-25T13:05:32.643+00:00","4476","react_ccrs_mazeV1_t2_20260625_141909.log","44013","1","0","0","0","0","0"
"react-baseline-vs-ccrs-v1-t2","002-ccrs","react_ccrs_mazeV1_t2","864","864","2026-06-25T13:05:35.498+00:00","2855","react_ccrs_mazeV1_t2_20260625_141909.log","44025","1","0","0","0","0","0"
"react-baseline-vs-ccrs-v1-t2","002-ccrs","react_ccrs_mazeV1_t2","865","865","2026-06-25T13:05:38.954+00:00","3456","react_ccrs_mazeV1_t2_20260625_141909.log","44113","1","0","0","0","0","0"
"react-baseline-vs-ccrs-v1-t2","002-ccrs","react_ccrs_mazeV1_t2","866","866","2026-06-25T13:05:43.701+00:00","4747","react_ccrs_mazeV1_t2_20260625_141909.log","44201","1","0","0","0","0","0"
"react-baseline-vs-ccrs-v1-t2","002-ccrs","react_ccrs_mazeV1_t2","867","867","2026-06-25T13:05:46.536+00:00","2835","react_ccrs_mazeV1_t2_20260625_141909.log","44289","1","0","0","0","0","0"
"react-baseline-vs-ccrs-v1-t2","002-ccrs","react_ccrs_mazeV1_t2","868","868","2026-06-25T13:05:49.562+00:00","3026","react_ccrs_mazeV1_t2_20260625_141909.log","44377","1","0","0","0","0","0"
"react-baseline-vs-ccrs-v1-t2","002-ccrs","react_ccrs_mazeV1_t2","869","869","2026-06-25T13:05:52.720+00:00","3158","react_ccrs_mazeV1_t2_20260625_141909.log","44465","1","0","0","0","0","0"
"react-baseline-vs-ccrs-v1-t2","002-ccrs","react_ccrs_mazeV1_t2","870","870","2026-06-25T13:05:55.446+00:00","2726","react_ccrs_mazeV1_t2_20260625_141909.log","44553","1","0","0","0","0","0"
"react-baseline-vs-ccrs-v1-t2","002-ccrs","react_ccrs_mazeV1_t2","871","871","2026-06-25T13:05:58.744+00:00","3298","react_ccrs_mazeV1_t2_20260625_141909.log","44641","1","0","0","0","0","0"
"react-baseline-vs-ccrs-v1-t2","002-ccrs","react_ccrs_mazeV1_t2","872","872","2026-06-25T13:06:01.766+00:00","3022","react_ccrs_mazeV1_t2_20260625_141909.log","44729","1","0","0","0","0","0"
"react-baseline-vs-ccrs-v1-t2","002-ccrs","react_ccrs_mazeV1_t2","873","873","2026-06-25T13:06:05.912+00:00","4146","react_ccrs_mazeV1_t2_20260625_141909.log","44817","1","0","0","0","0","0"
"react-baseline-vs-ccrs-v1-t2","002-ccrs","react_ccrs_mazeV1_t2","874","874","2026-06-25T13:06:08.853+00:00","2941","react_ccrs_mazeV1_t2_20260625_141909.log","44905","1","0","0","0","0","0"
"react-baseline-vs-ccrs-v1-t2","002-ccrs","react_ccrs_mazeV1_t2","875","875","2026-06-25T13:06:11.906+00:00","3053","react_ccrs_mazeV1_t2_20260625_141909.log","44993","1","0","0","0","0","0"
"react-baseline-vs-ccrs-v1-t2","002-ccrs","react_ccrs_mazeV1_t2","876","876","2026-06-25T13:06:15.091+00:00","3185","react_ccrs_mazeV1_t2_20260625_141909.log","45081","1","0","0","0","0","0"
"react-baseline-vs-ccrs-v1-t2","002-ccrs","react_ccrs_mazeV1_t2","877","877","2026-06-25T13:06:18.037+00:00","2946","react_ccrs_mazeV1_t2_20260625_141909.log","45169","1","0","0","0","0","0"
"react-baseline-vs-ccrs-v1-t2","002-ccrs","react_ccrs_mazeV1_t2","878","878","2026-06-25T13:06:23.481+00:00","5444","react_ccrs_mazeV1_t2_20260625_141909.log","45257","1","0","0","0","0","0"
"react-baseline-vs-ccrs-v1-t2","002-ccrs","react_ccrs_mazeV1_t2","879","879","2026-06-25T13:06:26.315+00:00","2834","react_ccrs_mazeV1_t2_20260625_141909.log","45345","1","0","0","0","0","0"
"react-baseline-vs-ccrs-v1-t2","002-ccrs","react_ccrs_mazeV1_t2","880","880","2026-06-25T13:06:29.120+00:00","2805","react_ccrs_mazeV1_t2_20260625_141909.log","45433","1","0","0","0","0","0"
"react-baseline-vs-ccrs-v1-t2","002-ccrs","react_ccrs_mazeV1_t2","881","881","2026-06-25T13:06:32.404+00:00","3284","react_ccrs_mazeV1_t2_20260625_141909.log","45521","1","0","0","0","0","0"
"react-baseline-vs-ccrs-v1-t2","002-ccrs","react_ccrs_mazeV1_t2","882","882","2026-06-25T13:06:36.327+00:00","3923","react_ccrs_mazeV1_t2_20260625_141909.log","45609","1","0","0","0","0","0"
"react-baseline-vs-ccrs-v1-t2","002-ccrs","react_ccrs_mazeV1_t2","883","883","2026-06-25T13:06:39.205+00:00","2878","react_ccrs_mazeV1_t2_20260625_141909.log","45697","1","0","0","0","0","0"
"react-baseline-vs-ccrs-v1-t2","002-ccrs","react_ccrs_mazeV1_t2","884","884","2026-06-25T13:06:42.864+00:00","3659","react_ccrs_mazeV1_t2_20260625_141909.log","45785","1","0","0","0","0","0"
"react-baseline-vs-ccrs-v1-t2","002-ccrs","react_ccrs_mazeV1_t2","885","885","2026-06-25T13:06:45.926+00:00","3062","react_ccrs_mazeV1_t2_20260625_141909.log","45873","1","0","0","0","0","0"
"react-baseline-vs-ccrs-v1-t2","002-ccrs","react_ccrs_mazeV1_t2","886","886","2026-06-25T13:06:48.843+00:00","2917","react_ccrs_mazeV1_t2_20260625_141909.log","45961","1","0","0","0","0","0"
"react-baseline-vs-ccrs-v1-t2","002-ccrs","react_ccrs_mazeV1_t2","887","887","2026-06-25T13:06:52.011+00:00","3168","react_ccrs_mazeV1_t2_20260625_141909.log","46049","1","0","0","0","0","0"
"react-baseline-vs-ccrs-v1-t2","002-ccrs","react_ccrs_mazeV1_t2","888","888","2026-06-25T13:06:55.735+00:00","3724","react_ccrs_mazeV1_t2_20260625_141909.log","46137","1","0","0","0","0","0"
"react-baseline-vs-ccrs-v1-t2","002-ccrs","react_ccrs_mazeV1_t2","889","889","2026-06-25T13:06:58.408+00:00","2673","react_ccrs_mazeV1_t2_20260625_141909.log","46149","1","0","0","0","0","0"
"react-baseline-vs-ccrs-v1-t2","002-ccrs","react_ccrs_mazeV1_t2","890","890","2026-06-25T13:07:01.518+00:00","3110","react_ccrs_mazeV1_t2_20260625_141909.log","46218","1","0","0","0","0","0"
"react-baseline-vs-ccrs-v1-t2","002-ccrs","react_ccrs_mazeV1_t2","891","891","2026-06-25T13:07:05.237+00:00","3719","react_ccrs_mazeV1_t2_20260625_141909.log","46287","1","0","0","0","0","0"
"react-baseline-vs-ccrs-v1-t2","002-ccrs","react_ccrs_mazeV1_t2","892","892","2026-06-25T13:07:08.218+00:00","2981","react_ccrs_mazeV1_t2_20260625_141909.log","46356","1","0","0","0","0","0"
"react-baseline-vs-ccrs-v1-t2","002-ccrs","react_ccrs_mazeV1_t2","893","893","2026-06-25T13:07:11.561+00:00","3343","react_ccrs_mazeV1_t2_20260625_141909.log","46425","1","0","0","0","0","0"
"react-baseline-vs-ccrs-v1-t2","002-ccrs","react_ccrs_mazeV1_t2","894","894","2026-06-25T13:07:15.569+00:00","4008","react_ccrs_mazeV1_t2_20260625_141909.log","46494","1","0","0","0","0","0"
"react-baseline-vs-ccrs-v1-t2","002-ccrs","react_ccrs_mazeV1_t2","895","895","2026-06-25T13:07:18.945+00:00","3376","react_ccrs_mazeV1_t2_20260625_141909.log","46506","1","0","0","0","0","0"
"react-baseline-vs-ccrs-v1-t2","002-ccrs","react_ccrs_mazeV1_t2","896","896","2026-06-25T13:07:21.772+00:00","2827","react_ccrs_mazeV1_t2_20260625_141909.log","46575","1","0","0","0","0","0"
"react-baseline-vs-ccrs-v1-t2","002-ccrs","react_ccrs_mazeV1_t2","897","897","2026-06-25T13:07:24.777+00:00","3005","react_ccrs_mazeV1_t2_20260625_141909.log","46644","1","0","0","0","0","0"
"react-baseline-vs-ccrs-v1-t2","002-ccrs","react_ccrs_mazeV1_t2","898","898","2026-06-25T13:07:28.082+00:00","3305","react_ccrs_mazeV1_t2_20260625_141909.log","46713","1","0","0","0","0","0"
"react-baseline-vs-ccrs-v1-t2","002-ccrs","react_ccrs_mazeV1_t2","899","899","2026-06-25T13:07:30.956+00:00","2874","react_ccrs_mazeV1_t2_20260625_141909.log","46782","1","0","0","0","0","0"
"react-baseline-vs-ccrs-v1-t2","002-ccrs","react_ccrs_mazeV1_t2","900","900","2026-06-25T13:07:35.116+00:00","4160","react_ccrs_mazeV1_t2_20260625_141909.log","46851","1","0","0","0","0","0"
"react-baseline-vs-ccrs-v1-t2","002-ccrs","react_ccrs_mazeV1_t2","901","901","2026-06-25T13:07:37.518+00:00","2402","react_ccrs_mazeV1_t2_20260625_141909.log","46868","1","0","0","0","0","0"
"react-baseline-vs-ccrs-v1-t2","002-ccrs","react_ccrs_mazeV1_t2","902","902","2026-06-25T13:07:40.362+00:00","2844","react_ccrs_mazeV1_t2_20260625_141909.log","46937","1","0","0","0","0","0"
"react-baseline-vs-ccrs-v1-t2","002-ccrs","react_ccrs_mazeV1_t2","903","903","2026-06-25T13:07:43.059+00:00","2697","react_ccrs_mazeV1_t2_20260625_141909.log","47006","1","0","0","0","0","0"
"react-baseline-vs-ccrs-v1-t2","002-ccrs","react_ccrs_mazeV1_t2","904","904","2026-06-25T13:07:46.638+00:00","3579","react_ccrs_mazeV1_t2_20260625_141909.log","47075","1","0","0","0","0","0"
"react-baseline-vs-ccrs-v1-t2","002-ccrs","react_ccrs_mazeV1_t2","905","905","2026-06-25T13:07:50.228+00:00","3590","react_ccrs_mazeV1_t2_20260625_141909.log","47144","1","0","0","0","0","0"
"react-baseline-vs-ccrs-v1-t2","002-ccrs","react_ccrs_mazeV1_t2","906","906","2026-06-25T13:07:53.962+00:00","3734","react_ccrs_mazeV1_t2_20260625_141909.log","47213","1","0","0","0","0","0"
"react-baseline-vs-ccrs-v1-t2","002-ccrs","react_ccrs_mazeV1_t2","907","907","2026-06-25T13:07:56.997+00:00","3035","react_ccrs_mazeV1_t2_20260625_141909.log","47225","1","0","0","0","0","0"
"react-baseline-vs-ccrs-v1-t2","002-ccrs","react_ccrs_mazeV1_t2","908","908","2026-06-25T13:08:00.698+00:00","3701","react_ccrs_mazeV1_t2_20260625_141909.log","47313","1","0","0","0","0","0"
"react-baseline-vs-ccrs-v1-t2","002-ccrs","react_ccrs_mazeV1_t2","909","909","2026-06-25T13:08:05.191+00:00","4493","react_ccrs_mazeV1_t2_20260625_141909.log","47401","1","0","0","0","0","0"
"react-baseline-vs-ccrs-v1-t2","002-ccrs","react_ccrs_mazeV1_t2","910","910","2026-06-25T13:08:07.910+00:00","2719","react_ccrs_mazeV1_t2_20260625_141909.log","47489","1","0","0","0","0","0"
"react-baseline-vs-ccrs-v1-t2","002-ccrs","react_ccrs_mazeV1_t2","911","911","2026-06-25T13:08:10.614+00:00","2704","react_ccrs_mazeV1_t2_20260625_141909.log","47577","1","0","0","0","0","0"
"react-baseline-vs-ccrs-v1-t2","002-ccrs","react_ccrs_mazeV1_t2","912","912","2026-06-25T13:08:14.063+00:00","3449","react_ccrs_mazeV1_t2_20260625_141909.log","47665","1","0","0","0","0","0"
"react-baseline-vs-ccrs-v1-t2","002-ccrs","react_ccrs_mazeV1_t2","913","913","2026-06-25T13:08:17.508+00:00","3445","react_ccrs_mazeV1_t2_20260625_141909.log","47753","1","0","0","0","0","0"
"react-baseline-vs-ccrs-v1-t2","002-ccrs","react_ccrs_mazeV1_t2","914","914","2026-06-25T13:08:20.522+00:00","3014","react_ccrs_mazeV1_t2_20260625_141909.log","47841","1","0","0","0","0","0"
"react-baseline-vs-ccrs-v1-t2","002-ccrs","react_ccrs_mazeV1_t2","915","915","2026-06-25T13:08:23.720+00:00","3198","react_ccrs_mazeV1_t2_20260625_141909.log","47929","1","0","0","0","0","0"
"react-baseline-vs-ccrs-v1-t2","002-ccrs","react_ccrs_mazeV1_t2","916","916","2026-06-25T13:08:27.090+00:00","3370","react_ccrs_mazeV1_t2_20260625_141909.log","47946","1","0","0","0","0","0"
"react-baseline-vs-ccrs-v1-t2","002-ccrs","react_ccrs_mazeV1_t2","917","917","2026-06-25T13:08:30.157+00:00","3067","react_ccrs_mazeV1_t2_20260625_141909.log","48034","1","0","0","0","0","0"
"react-baseline-vs-ccrs-v1-t2","002-ccrs","react_ccrs_mazeV1_t2","918","918","2026-06-25T13:08:33.187+00:00","3030","react_ccrs_mazeV1_t2_20260625_141909.log","48122","1","0","0","0","0","0"
"react-baseline-vs-ccrs-v1-t2","002-ccrs","react_ccrs_mazeV1_t2","919","919","2026-06-25T13:08:36.613+00:00","3426","react_ccrs_mazeV1_t2_20260625_141909.log","48210","1","0","0","0","0","0"
"react-baseline-vs-ccrs-v1-t2","002-ccrs","react_ccrs_mazeV1_t2","920","920","2026-06-25T13:08:40.611+00:00","3998","react_ccrs_mazeV1_t2_20260625_141909.log","48298","1","0","0","0","0","0"
"react-baseline-vs-ccrs-v1-t2","002-ccrs","react_ccrs_mazeV1_t2","921","921","2026-06-25T13:08:43.240+00:00","2629","react_ccrs_mazeV1_t2_20260625_141909.log","48386","1","0","0","0","0","0"
"react-baseline-vs-ccrs-v1-t2","002-ccrs","react_ccrs_mazeV1_t2","922","922","2026-06-25T13:08:46.329+00:00","3089","react_ccrs_mazeV1_t2_20260625_141909.log","48474","1","0","0","0","0","0"
"react-baseline-vs-ccrs-v1-t2","002-ccrs","react_ccrs_mazeV1_t2","923","923","2026-06-25T13:08:49.608+00:00","3279","react_ccrs_mazeV1_t2_20260625_141909.log","48562","1","0","0","0","0","0"
"react-baseline-vs-ccrs-v1-t2","002-ccrs","react_ccrs_mazeV1_t2","924","924","2026-06-25T13:08:53.212+00:00","3604","react_ccrs_mazeV1_t2_20260625_141909.log","48650","1","0","0","0","0","0"
"react-baseline-vs-ccrs-v1-t2","002-ccrs","react_ccrs_mazeV1_t2","925","925","2026-06-25T13:08:56.085+00:00","2873","react_ccrs_mazeV1_t2_20260625_141909.log","48738","1","0","0","0","0","0"
"react-baseline-vs-ccrs-v1-t2","002-ccrs","react_ccrs_mazeV1_t2","926","926","2026-06-25T13:09:02.122+00:00","6037","react_ccrs_mazeV1_t2_20260625_141909.log","48826","1","0","0","0","0","0"
"react-baseline-vs-ccrs-v1-t2","002-ccrs","react_ccrs_mazeV1_t2","927","927","2026-06-25T13:09:05.189+00:00","3067","react_ccrs_mazeV1_t2_20260625_141909.log","48843","1","0","0","0","0","0"
"react-baseline-vs-ccrs-v1-t2","002-ccrs","react_ccrs_mazeV1_t2","928","928","2026-06-25T13:09:08.687+00:00","3498","react_ccrs_mazeV1_t2_20260625_141909.log","48931","1","0","0","0","0","0"
"react-baseline-vs-ccrs-v1-t2","002-ccrs","react_ccrs_mazeV1_t2","929","929","2026-06-25T13:09:12.048+00:00","3361","react_ccrs_mazeV1_t2_20260625_141909.log","49019","1","0","0","0","0","0"
"react-baseline-vs-ccrs-v1-t2","002-ccrs","react_ccrs_mazeV1_t2","930","930","2026-06-25T13:09:14.843+00:00","2795","react_ccrs_mazeV1_t2_20260625_141909.log","49107","1","0","0","0","0","0"
"react-baseline-vs-ccrs-v1-t2","002-ccrs","react_ccrs_mazeV1_t2","931","931","2026-06-25T13:09:17.662+00:00","2819","react_ccrs_mazeV1_t2_20260625_141909.log","49195","1","0","0","0","0","0"
"react-baseline-vs-ccrs-v1-t2","002-ccrs","react_ccrs_mazeV1_t2","932","932","2026-06-25T13:09:25.817+00:00","8155","react_ccrs_mazeV1_t2_20260625_141909.log","49283","1","0","0","0","0","0"
"react-baseline-vs-ccrs-v1-t2","002-ccrs","react_ccrs_mazeV1_t2","933","933","2026-06-25T13:09:28.438+00:00","2621","react_ccrs_mazeV1_t2_20260625_141909.log","49295","1","0","0","0","0","0"
"react-baseline-vs-ccrs-v1-t2","002-ccrs","react_ccrs_mazeV1_t2","934","934","2026-06-25T13:09:31.266+00:00","2828","react_ccrs_mazeV1_t2_20260625_141909.log","49383","1","0","0","0","0","0"
"react-baseline-vs-ccrs-v1-t2","002-ccrs","react_ccrs_mazeV1_t2","935","935","2026-06-25T13:09:34.861+00:00","3595","react_ccrs_mazeV1_t2_20260625_141909.log","49471","1","0","0","0","0","0"
"react-baseline-vs-ccrs-v1-t2","002-ccrs","react_ccrs_mazeV1_t2","936","936","2026-06-25T13:09:38.152+00:00","3291","react_ccrs_mazeV1_t2_20260625_141909.log","49559","1","0","0","0","0","0"
"react-baseline-vs-ccrs-v1-t2","002-ccrs","react_ccrs_mazeV1_t2","937","937","2026-06-25T13:09:41.179+00:00","3027","react_ccrs_mazeV1_t2_20260625_141909.log","49647","1","0","0","0","0","0"
"react-baseline-vs-ccrs-v1-t2","002-ccrs","react_ccrs_mazeV1_t2","938","938","2026-06-25T13:09:44.115+00:00","2936","react_ccrs_mazeV1_t2_20260625_141909.log","49735","1","0","0","0","0","0"
"react-baseline-vs-ccrs-v1-t2","002-ccrs","react_ccrs_mazeV1_t2","939","939","2026-06-25T13:09:47.418+00:00","3303","react_ccrs_mazeV1_t2_20260625_141909.log","49823","1","0","0","0","0","0"
"react-baseline-vs-ccrs-v1-t2","002-ccrs","react_ccrs_mazeV1_t2","940","940","2026-06-25T13:09:51.660+00:00","4242","react_ccrs_mazeV1_t2_20260625_141909.log","49840","1","0","0","0","0","0"
"react-baseline-vs-ccrs-v1-t2","002-ccrs","react_ccrs_mazeV1_t2","941","941","2026-06-25T13:09:54.437+00:00","2777","react_ccrs_mazeV1_t2_20260625_141909.log","49852","1","0","0","0","0","0"
"react-baseline-vs-ccrs-v1-t2","002-ccrs","react_ccrs_mazeV1_t2","942","942","2026-06-25T13:09:57.182+00:00","2745","react_ccrs_mazeV1_t2_20260625_141909.log","49940","1","0","0","0","0","0"
"react-baseline-vs-ccrs-v1-t2","002-ccrs","react_ccrs_mazeV1_t2","943","943","2026-06-25T13:10:00.666+00:00","3484","react_ccrs_mazeV1_t2_20260625_141909.log","50028","1","0","0","0","0","0"
"react-baseline-vs-ccrs-v1-t2","002-ccrs","react_ccrs_mazeV1_t2","944","944","2026-06-25T13:10:03.449+00:00","2783","react_ccrs_mazeV1_t2_20260625_141909.log","50116","1","0","0","0","0","0"
"react-baseline-vs-ccrs-v1-t2","002-ccrs","react_ccrs_mazeV1_t2","945","945","2026-06-25T13:10:06.786+00:00","3337","react_ccrs_mazeV1_t2_20260625_141909.log","50204","1","0","0","0","0","0"
"react-baseline-vs-ccrs-v1-t2","002-ccrs","react_ccrs_mazeV1_t2","946","946","2026-06-25T13:10:09.851+00:00","3065","react_ccrs_mazeV1_t2_20260625_141909.log","50292","1","0","0","0","0","0"
"react-baseline-vs-ccrs-v1-t2","002-ccrs","react_ccrs_mazeV1_t2","947","947","2026-06-25T13:10:13.159+00:00","3308","react_ccrs_mazeV1_t2_20260625_141909.log","50380","1","0","0","0","0","0"
"react-baseline-vs-ccrs-v1-t2","002-ccrs","react_ccrs_mazeV1_t2","948","948","2026-06-25T13:10:16.507+00:00","3348","react_ccrs_mazeV1_t2_20260625_141909.log","50397","1","0","0","0","0","0"
"react-baseline-vs-ccrs-v1-t2","002-ccrs","react_ccrs_mazeV1_t2","949","949","2026-06-25T13:10:19.714+00:00","3207","react_ccrs_mazeV1_t2_20260625_141909.log","50485","1","0","0","0","0","0"
"react-baseline-vs-ccrs-v1-t2","002-ccrs","react_ccrs_mazeV1_t2","950","950","2026-06-25T13:10:22.473+00:00","2759","react_ccrs_mazeV1_t2_20260625_141909.log","50502","1","0","0","0","0","0"
"react-baseline-vs-ccrs-v1-t2","002-ccrs","react_ccrs_mazeV1_t2","951","951","2026-06-25T13:10:25.552+00:00","3079","react_ccrs_mazeV1_t2_20260625_141909.log","50590","1","0","0","0","0","0"
"react-baseline-vs-ccrs-v1-t2","002-ccrs","react_ccrs_mazeV1_t2","952","952","2026-06-25T13:10:28.703+00:00","3151","react_ccrs_mazeV1_t2_20260625_141909.log","50678","1","0","0","0","0","0"
"react-baseline-vs-ccrs-v1-t2","002-ccrs","react_ccrs_mazeV1_t2","953","953","2026-06-25T13:10:31.833+00:00","3130","react_ccrs_mazeV1_t2_20260625_141909.log","50695","1","0","0","0","0","0"
"react-baseline-vs-ccrs-v1-t2","002-ccrs","react_ccrs_mazeV1_t2","954","954","2026-06-25T13:10:35.001+00:00","3168","react_ccrs_mazeV1_t2_20260625_141909.log","50712","1","0","0","0","0","0"
"react-baseline-vs-ccrs-v1-t2","002-ccrs","react_ccrs_mazeV1_t2","955","955","2026-06-25T13:10:37.812+00:00","2811","react_ccrs_mazeV1_t2_20260625_141909.log","50800","1","0","0","0","0","0"
"react-baseline-vs-ccrs-v1-t2","002-ccrs","react_ccrs_mazeV1_t2","956","956","2026-06-25T13:10:41.681+00:00","3869","react_ccrs_mazeV1_t2_20260625_141909.log","50888","1","0","0","0","0","0"
"react-baseline-vs-ccrs-v1-t2","002-ccrs","react_ccrs_mazeV1_t2","957","957","2026-06-25T13:10:45.198+00:00","3517","react_ccrs_mazeV1_t2_20260625_141909.log","50976","1","0","0","0","0","0"
"react-baseline-vs-ccrs-v1-t2","002-ccrs","react_ccrs_mazeV1_t2","958","958","2026-06-25T13:10:48.761+00:00","3563","react_ccrs_mazeV1_t2_20260625_141909.log","51064","1","0","0","0","0","0"
"react-baseline-vs-ccrs-v1-t2","002-ccrs","react_ccrs_mazeV1_t2","959","959","2026-06-25T13:10:52.663+00:00","3902","react_ccrs_mazeV1_t2_20260625_141909.log","51152","1","0","0","0","0","0"
"react-baseline-vs-ccrs-v1-t2","002-ccrs","react_ccrs_mazeV1_t2","960","960","2026-06-25T13:10:55.183+00:00","2520","react_ccrs_mazeV1_t2_20260625_141909.log","51240","1","0","0","0","0","0"
"react-baseline-vs-ccrs-v1-t2","002-ccrs","react_ccrs_mazeV1_t2","961","961","2026-06-25T13:10:57.851+00:00","2668","react_ccrs_mazeV1_t2_20260625_141909.log","51328","1","0","0","0","0","0"
"react-baseline-vs-ccrs-v1-t2","002-ccrs","react_ccrs_mazeV1_t2","962","962","2026-06-25T13:11:00.691+00:00","2840","react_ccrs_mazeV1_t2_20260625_141909.log","51416","1","0","0","0","0","0"
"react-baseline-vs-ccrs-v1-t2","002-ccrs","react_ccrs_mazeV1_t2","963","963","2026-06-25T13:11:04.042+00:00","3351","react_ccrs_mazeV1_t2_20260625_141909.log","51504","1","0","0","0","0","0"
"react-baseline-vs-ccrs-v1-t2","002-ccrs","react_ccrs_mazeV1_t2","964","964","2026-06-25T13:11:07.216+00:00","3174","react_ccrs_mazeV1_t2_20260625_141909.log","51592","1","0","0","0","0","0"
"react-baseline-vs-ccrs-v1-t2","002-ccrs","react_ccrs_mazeV1_t2","965","965","2026-06-25T13:11:11.049+00:00","3833","react_ccrs_mazeV1_t2_20260625_141909.log","51680","1","0","0","0","0","0"
"react-baseline-vs-ccrs-v1-t2","002-ccrs","react_ccrs_mazeV1_t2","966","966","2026-06-25T13:11:14.022+00:00","2973","react_ccrs_mazeV1_t2_20260625_141909.log","51768","1","0","0","0","0","0"
"react-baseline-vs-ccrs-v1-t2","002-ccrs","react_ccrs_mazeV1_t2","967","967","2026-06-25T13:11:16.824+00:00","2802","react_ccrs_mazeV1_t2_20260625_141909.log","51856","1","0","0","0","0","0"
"react-baseline-vs-ccrs-v1-t2","002-ccrs","react_ccrs_mazeV1_t2","968","968","2026-06-25T13:11:19.468+00:00","2644","react_ccrs_mazeV1_t2_20260625_141909.log","51944","1","0","0","0","0","0"
"react-baseline-vs-ccrs-v1-t2","002-ccrs","react_ccrs_mazeV1_t2","969","969","2026-06-25T13:11:23.892+00:00","4424","react_ccrs_mazeV1_t2_20260625_141909.log","52032","1","0","0","0","0","0"
"react-baseline-vs-ccrs-v1-t2","002-ccrs","react_ccrs_mazeV1_t2","970","970","2026-06-25T13:11:26.752+00:00","2860","react_ccrs_mazeV1_t2_20260625_141909.log","52044","1","0","0","0","0","0"
"react-baseline-vs-ccrs-v1-t2","002-ccrs","react_ccrs_mazeV1_t2","971","971","2026-06-25T13:11:29.773+00:00","3021","react_ccrs_mazeV1_t2_20260625_141909.log","52132","1","0","0","0","0","0"
"react-baseline-vs-ccrs-v1-t2","002-ccrs","react_ccrs_mazeV1_t2","972","972","2026-06-25T13:11:33.897+00:00","4124","react_ccrs_mazeV1_t2_20260625_141909.log","52220","1","0","0","0","0","0"
"react-baseline-vs-ccrs-v1-t2","002-ccrs","react_ccrs_mazeV1_t2","973","973","2026-06-25T13:11:36.433+00:00","2536","react_ccrs_mazeV1_t2_20260625_141909.log","52232","1","0","0","0","0","0"
"react-baseline-vs-ccrs-v1-t2","002-ccrs","react_ccrs_mazeV1_t2","974","974","2026-06-25T13:11:39.450+00:00","3017","react_ccrs_mazeV1_t2_20260625_141909.log","52320","1","0","0","0","0","0"
"react-baseline-vs-ccrs-v1-t2","002-ccrs","react_ccrs_mazeV1_t2","975","975","2026-06-25T13:11:42.027+00:00","2577","react_ccrs_mazeV1_t2_20260625_141909.log","52408","1","0","0","0","0","0"
"react-baseline-vs-ccrs-v1-t2","002-ccrs","react_ccrs_mazeV1_t2","976","976","2026-06-25T13:11:44.740+00:00","2713","react_ccrs_mazeV1_t2_20260625_141909.log","52496","1","0","0","0","0","0"
"react-baseline-vs-ccrs-v1-t2","002-ccrs","react_ccrs_mazeV1_t2","977","977","2026-06-25T13:11:48.141+00:00","3401","react_ccrs_mazeV1_t2_20260625_141909.log","52584","1","0","0","0","0","0"
"react-baseline-vs-ccrs-v1-t2","002-ccrs","react_ccrs_mazeV1_t2","978","978","2026-06-25T13:11:51.074+00:00","2933","react_ccrs_mazeV1_t2_20260625_141909.log","52672","1","0","0","0","0","0"
"react-baseline-vs-ccrs-v1-t2","002-ccrs","react_ccrs_mazeV1_t2","979","979","2026-06-25T13:11:56.527+00:00","5453","react_ccrs_mazeV1_t2_20260625_141909.log","52760","1","0","0","0","0","0"
"react-baseline-vs-ccrs-v1-t2","002-ccrs","react_ccrs_mazeV1_t2","980","980","2026-06-25T13:11:59.483+00:00","2956","react_ccrs_mazeV1_t2_20260625_141909.log","52848","1","0","0","0","0","0"
"react-baseline-vs-ccrs-v1-t2","002-ccrs","react_ccrs_mazeV1_t2","981","981","2026-06-25T13:12:02.750+00:00","3267","react_ccrs_mazeV1_t2_20260625_141909.log","52936","1","0","0","0","0","0"
"react-baseline-vs-ccrs-v1-t2","002-ccrs","react_ccrs_mazeV1_t2","982","982","2026-06-25T13:12:05.670+00:00","2920","react_ccrs_mazeV1_t2_20260625_141909.log","53024","1","0","0","0","0","0"
"react-baseline-vs-ccrs-v1-t2","002-ccrs","react_ccrs_mazeV1_t2","983","983","2026-06-25T13:12:08.984+00:00","3314","react_ccrs_mazeV1_t2_20260625_141909.log","53112","1","0","0","0","0","0"
"react-baseline-vs-ccrs-v1-t2","002-ccrs","react_ccrs_mazeV1_t2","984","984","2026-06-25T13:12:13.181+00:00","4197","react_ccrs_mazeV1_t2_20260625_141909.log","53200","1","0","0","0","0","0"
"react-baseline-vs-ccrs-v1-t2","002-ccrs","react_ccrs_mazeV1_t2","985","985","2026-06-25T13:12:17.159+00:00","3978","react_ccrs_mazeV1_t2_20260625_141909.log","53288","1","0","0","0","0","0"
"react-baseline-vs-ccrs-v1-t2","002-ccrs","react_ccrs_mazeV1_t2","986","986","2026-06-25T13:12:21.134+00:00","3975","react_ccrs_mazeV1_t2_20260625_141909.log","53376","1","0","0","0","0","0"
"react-baseline-vs-ccrs-v1-t2","002-ccrs","react_ccrs_mazeV1_t2","987","987","2026-06-25T13:12:25.309+00:00","4175","react_ccrs_mazeV1_t2_20260625_141909.log","53464","1","0","0","0","0","0"
"react-baseline-vs-ccrs-v1-t2","002-ccrs","react_ccrs_mazeV1_t2","988","988","2026-06-25T13:12:28.827+00:00","3518","react_ccrs_mazeV1_t2_20260625_141909.log","53552","1","0","0","0","0","0"
"react-baseline-vs-ccrs-v1-t2","002-ccrs","react_ccrs_mazeV1_t2","989","989","2026-06-25T13:12:32.066+00:00","3239","react_ccrs_mazeV1_t2_20260625_141909.log","53640","1","0","0","0","0","0"
"react-baseline-vs-ccrs-v1-t2","002-ccrs","react_ccrs_mazeV1_t2","990","990","2026-06-25T13:12:35.183+00:00","3117","react_ccrs_mazeV1_t2_20260625_141909.log","53728","1","0","0","0","0","0"
"react-baseline-vs-ccrs-v1-t2","002-ccrs","react_ccrs_mazeV1_t2","991","991","2026-06-25T13:12:38.189+00:00","3006","react_ccrs_mazeV1_t2_20260625_141909.log","53816","1","0","0","0","0","0"
"react-baseline-vs-ccrs-v1-t2","002-ccrs","react_ccrs_mazeV1_t2","992","992","2026-06-25T13:12:41.180+00:00","2991","react_ccrs_mazeV1_t2_20260625_141909.log","53904","1","0","0","0","0","0"
"react-baseline-vs-ccrs-v1-t2","002-ccrs","react_ccrs_mazeV1_t2","993","993","2026-06-25T13:12:44.436+00:00","3256","react_ccrs_mazeV1_t2_20260625_141909.log","53992","1","0","0","0","0","0"
"react-baseline-vs-ccrs-v1-t2","002-ccrs","react_ccrs_mazeV1_t2","994","994","2026-06-25T13:12:51.482+00:00","7046","react_ccrs_mazeV1_t2_20260625_141909.log","54080","1","0","0","0","0","0"
"react-baseline-vs-ccrs-v1-t2","002-ccrs","react_ccrs_mazeV1_t2","995","995","2026-06-25T13:12:55.287+00:00","3805","react_ccrs_mazeV1_t2_20260625_141909.log","54168","1","0","0","0","0","0"
"react-baseline-vs-ccrs-v1-t2","002-ccrs","react_ccrs_mazeV1_t2","996","996","2026-06-25T13:12:58.768+00:00","3481","react_ccrs_mazeV1_t2_20260625_141909.log","54256","1","0","0","0","0","0"
"react-baseline-vs-ccrs-v1-t2","002-ccrs","react_ccrs_mazeV1_t2","997","997","2026-06-25T13:13:02.753+00:00","3985","react_ccrs_mazeV1_t2_20260625_141909.log","54344","1","0","0","0","0","0"
"react-baseline-vs-ccrs-v1-t2","002-ccrs","react_ccrs_mazeV1_t2","998","998","2026-06-25T13:13:06.448+00:00","3695","react_ccrs_mazeV1_t2_20260625_141909.log","54432","1","0","0","0","0","0"
"react-baseline-vs-ccrs-v1-t2","002-ccrs","react_ccrs_mazeV1_t2","999","999","2026-06-25T13:13:10.113+00:00","3665","react_ccrs_mazeV1_t2_20260625_141909.log","54520","1","0","0","0","0","0"
"react-baseline-vs-ccrs-v1-t2","002-ccrs","react_ccrs_mazeV1_t2","1000","1000","2026-06-25T13:13:14.485+00:00","4372","react_ccrs_mazeV1_t2_20260625_141909.log","54608","1","0","0","0","0","0"
"react-baseline-vs-ccrs-v1-t2","002-ccrs","react_ccrs_mazeV1_t2","1001","1001","2026-06-25T13:13:18.947+00:00","4462","react_ccrs_mazeV1_t2_20260625_141909.log","54625","1","0","0","0","0","0"
"react-baseline-vs-ccrs-v1-t2","002-ccrs","react_ccrs_mazeV1_t2","1002","1002","2026-06-25T13:13:23.094+00:00","4147","react_ccrs_mazeV1_t2_20260625_141909.log","54637","1","0","0","0","0","0"
"react-baseline-vs-ccrs-v1-t2","002-ccrs","react_ccrs_mazeV1_t2","1003","1003","2026-06-25T13:13:28.156+00:00","5062","react_ccrs_mazeV1_t2_20260625_141909.log","54706","1","0","0","0","0","0"
"react-baseline-vs-ccrs-v1-t2","002-ccrs","react_ccrs_mazeV1_t2","1004","1004","2026-06-25T13:13:32.753+00:00","4597","react_ccrs_mazeV1_t2_20260625_141909.log","54723","1","0","0","0","0","0"
"react-baseline-vs-ccrs-v1-t2","002-ccrs","react_ccrs_mazeV1_t2","1005","1005","2026-06-25T13:13:36.777+00:00","4024","react_ccrs_mazeV1_t2_20260625_141909.log","54740","1","0","0","0","0","0"
"react-baseline-vs-ccrs-v1-t2","002-ccrs","react_ccrs_mazeV1_t2","1006","1006","2026-06-25T13:13:40.606+00:00","3829","react_ccrs_mazeV1_t2_20260625_141909.log","54809","1","0","0","0","0","0"
"react-baseline-vs-ccrs-v1-t2","002-ccrs","react_ccrs_mazeV1_t2","1007","1007","2026-06-25T13:13:44.531+00:00","3925","react_ccrs_mazeV1_t2_20260625_141909.log","54878","1","0","0","0","0","0"
"react-baseline-vs-ccrs-v1-t2","002-ccrs","react_ccrs_mazeV1_t2","1008","1008","2026-06-25T13:13:48.750+00:00","4219","react_ccrs_mazeV1_t2_20260625_141909.log","54947","1","0","0","0","0","0"
"react-baseline-vs-ccrs-v1-t2","002-ccrs","react_ccrs_mazeV1_t2","1009","1009","2026-06-25T13:13:52.235+00:00","3485","react_ccrs_mazeV1_t2_20260625_141909.log","54959","1","0","0","0","0","0"
"react-baseline-vs-ccrs-v1-t2","002-ccrs","react_ccrs_mazeV1_t2","1010","1010","2026-06-25T13:13:56.038+00:00","3803","react_ccrs_mazeV1_t2_20260625_141909.log","55028","1","0","0","0","0","0"
"react-baseline-vs-ccrs-v1-t2","002-ccrs","react_ccrs_mazeV1_t2","1011","1011","2026-06-25T13:14:00.051+00:00","4013","react_ccrs_mazeV1_t2_20260625_141909.log","55097","1","0","0","0","0","0"
"react-baseline-vs-ccrs-v1-t2","002-ccrs","react_ccrs_mazeV1_t2","1012","1012","2026-06-25T13:14:03.681+00:00","3630","react_ccrs_mazeV1_t2_20260625_141909.log","55166","1","0","0","0","0","0"
"react-baseline-vs-ccrs-v1-t2","002-ccrs","react_ccrs_mazeV1_t2","1013","1013","2026-06-25T13:14:07.117+00:00","3436","react_ccrs_mazeV1_t2_20260625_141909.log","55235","1","0","0","0","0","0"
"react-baseline-vs-ccrs-v1-t2","002-ccrs","react_ccrs_mazeV1_t2","1014","1014","2026-06-25T13:14:10.552+00:00","3435","react_ccrs_mazeV1_t2_20260625_141909.log","55304","1","0","0","0","0","0"
"react-baseline-vs-ccrs-v1-t2","002-ccrs","react_ccrs_mazeV1_t2","1015","1015","2026-06-25T13:14:13.724+00:00","3172","react_ccrs_mazeV1_t2_20260625_141909.log","55373","1","0","0","0","0","0"
"react-baseline-vs-ccrs-v1-t2","002-ccrs","react_ccrs_mazeV1_t2","1016","1016","2026-06-25T13:14:16.794+00:00","3070","react_ccrs_mazeV1_t2_20260625_141909.log","55442","1","0","0","0","0","0"
"react-baseline-vs-ccrs-v1-t2","002-ccrs","react_ccrs_mazeV1_t2","1017","1017","2026-06-25T13:14:20.053+00:00","3259","react_ccrs_mazeV1_t2_20260625_141909.log","55511","1","0","0","0","0","0"
"react-baseline-vs-ccrs-v1-t2","002-ccrs","react_ccrs_mazeV1_t2","1018","1018","2026-06-25T13:14:23.762+00:00","3709","react_ccrs_mazeV1_t2_20260625_141909.log","55580","1","0","0","0","0","0"
"react-baseline-vs-ccrs-v1-t2","002-ccrs","react_ccrs_mazeV1_t2","1019","1019","2026-06-25T13:14:26.913+00:00","3151","react_ccrs_mazeV1_t2_20260625_141909.log","55649","1","0","0","0","0","0"
"react-baseline-vs-ccrs-v1-t2","002-ccrs","react_ccrs_mazeV1_t2","1020","1020","2026-06-25T13:14:30.020+00:00","3107","react_ccrs_mazeV1_t2_20260625_141909.log","55718","1","0","0","0","0","0"
"react-baseline-vs-ccrs-v1-t2","002-ccrs","react_ccrs_mazeV1_t2","1021","1021","2026-06-25T13:14:35.304+00:00","5284","react_ccrs_mazeV1_t2_20260625_141909.log","55787","1","0","0","0","0","0"
"react-baseline-vs-ccrs-v1-t2","002-ccrs","react_ccrs_mazeV1_t2","1022","1022","2026-06-25T13:14:38.969+00:00","3665","react_ccrs_mazeV1_t2_20260625_141909.log","55856","1","0","0","0","0","0"
"react-baseline-vs-ccrs-v1-t2","002-ccrs","react_ccrs_mazeV1_t2","1023","1023","2026-06-25T13:14:42.237+00:00","3268","react_ccrs_mazeV1_t2_20260625_141909.log","55925","1","0","0","0","0","0"
"react-baseline-vs-ccrs-v1-t2","002-ccrs","react_ccrs_mazeV1_t2","1024","1024","2026-06-25T13:14:46.451+00:00","4214","react_ccrs_mazeV1_t2_20260625_141909.log","55994","1","0","0","0","0","0"
"react-baseline-vs-ccrs-v1-t2","002-ccrs","react_ccrs_mazeV1_t2","1025","1025","2026-06-25T13:14:51.231+00:00","4780","react_ccrs_mazeV1_t2_20260625_141909.log","56063","1","0","0","0","0","0"
"react-baseline-vs-ccrs-v1-t2","002-ccrs","react_ccrs_mazeV1_t2","1026","1026","2026-06-25T13:14:54.623+00:00","3392","react_ccrs_mazeV1_t2_20260625_141909.log","56132","1","0","0","0","0","0"
"react-baseline-vs-ccrs-v1-t2","002-ccrs","react_ccrs_mazeV1_t2","1027","1027","2026-06-25T13:14:57.755+00:00","3132","react_ccrs_mazeV1_t2_20260625_141909.log","56201","1","0","0","0","0","0"
"react-baseline-vs-ccrs-v1-t2","002-ccrs","react_ccrs_mazeV1_t2","1028","1028","2026-06-25T13:15:01.284+00:00","3529","react_ccrs_mazeV1_t2_20260625_141909.log","56270","1","0","0","0","0","0"
"react-baseline-vs-ccrs-v1-t2","002-ccrs","react_ccrs_mazeV1_t2","1029","1029","2026-06-25T13:15:04.732+00:00","3448","react_ccrs_mazeV1_t2_20260625_141909.log","56339","1","0","0","0","0","0"
"react-baseline-vs-ccrs-v1-t2","002-ccrs","react_ccrs_mazeV1_t2","1030","1030","2026-06-25T13:15:10.072+00:00","5340","react_ccrs_mazeV1_t2_20260625_141909.log","56408","1","0","0","0","0","0"
"react-baseline-vs-ccrs-v1-t2","002-ccrs","react_ccrs_mazeV1_t2","1031","1031","2026-06-25T13:15:13.304+00:00","3232","react_ccrs_mazeV1_t2_20260625_141909.log","56477","1","0","0","0","0","0"
"react-baseline-vs-ccrs-v1-t2","002-ccrs","react_ccrs_mazeV1_t2","1032","1032","2026-06-25T13:15:16.154+00:00","2850","react_ccrs_mazeV1_t2_20260625_141909.log","56546","1","0","0","0","0","0"
"react-baseline-vs-ccrs-v1-t2","002-ccrs","react_ccrs_mazeV1_t2","1033","1033","2026-06-25T13:15:19.444+00:00","3290","react_ccrs_mazeV1_t2_20260625_141909.log","56563","1","0","0","0","0","0"
"react-baseline-vs-ccrs-v1-t2","002-ccrs","react_ccrs_mazeV1_t2","1034","1034","2026-06-25T13:15:23.957+00:00","4513","react_ccrs_mazeV1_t2_20260625_141909.log","56632","1","0","0","0","0","0"
"react-baseline-vs-ccrs-v1-t2","002-ccrs","react_ccrs_mazeV1_t2","1035","1035","2026-06-25T13:15:27.940+00:00","3983","react_ccrs_mazeV1_t2_20260625_141909.log","56701","1","0","0","0","0","0"
"react-baseline-vs-ccrs-v1-t2","002-ccrs","react_ccrs_mazeV1_t2","1036","1036","2026-06-25T13:15:31.197+00:00","3257","react_ccrs_mazeV1_t2_20260625_141909.log","56713","1","0","0","0","0","0"
"react-baseline-vs-ccrs-v1-t2","002-ccrs","react_ccrs_mazeV1_t2","1037","1037","2026-06-25T13:15:40.783+00:00","9586","react_ccrs_mazeV1_t2_20260625_141909.log","56801","1","0","0","0","0","0"
"react-baseline-vs-ccrs-v1-t2","002-ccrs","react_ccrs_mazeV1_t2","1038","1038","2026-06-25T13:15:44.163+00:00","3380","react_ccrs_mazeV1_t2_20260625_141909.log","56813","1","0","0","0","0","0"
"react-baseline-vs-ccrs-v1-t2","002-ccrs","react_ccrs_mazeV1_t2","1039","1039","2026-06-25T13:15:49.721+00:00","5558","react_ccrs_mazeV1_t2_20260625_141909.log","56920","1","0","0","0","0","0"
"react-baseline-vs-ccrs-v1-t2","002-ccrs","react_ccrs_mazeV1_t2","1040","1040","2026-06-25T13:15:52.844+00:00","3123","react_ccrs_mazeV1_t2_20260625_141909.log","56932","1","0","0","0","0","0"
"react-baseline-vs-ccrs-v1-t2","002-ccrs","react_ccrs_mazeV1_t2","1041","1041","2026-06-25T13:15:55.998+00:00","3154","react_ccrs_mazeV1_t2_20260625_141909.log","57001","1","0","0","0","0","0"
"react-baseline-vs-ccrs-v1-t2","002-ccrs","react_ccrs_mazeV1_t2","1042","1042","2026-06-25T13:15:59.957+00:00","3959","react_ccrs_mazeV1_t2_20260625_141909.log","57070","1","0","0","0","0","0"
"react-baseline-vs-ccrs-v1-t2","002-ccrs","react_ccrs_mazeV1_t2","1043","1043","2026-06-25T13:16:05.225+00:00","5268","react_ccrs_mazeV1_t2_20260625_141909.log","57087","1","0","0","0","0","0"
"react-baseline-vs-ccrs-v1-t2","002-ccrs","react_ccrs_mazeV1_t2","1044","1044","2026-06-25T13:16:08.370+00:00","3145","react_ccrs_mazeV1_t2_20260625_141909.log","57156","1","0","0","0","0","0"
"react-baseline-vs-ccrs-v1-t2","002-ccrs","react_ccrs_mazeV1_t2","1045","1045","2026-06-25T13:16:12.778+00:00","4408","react_ccrs_mazeV1_t2_20260625_141909.log","57225","1","0","0","0","0","0"
"react-baseline-vs-ccrs-v1-t2","002-ccrs","react_ccrs_mazeV1_t2","1046","1046","2026-06-25T13:16:15.981+00:00","3203","react_ccrs_mazeV1_t2_20260625_141909.log","57294","1","0","0","0","0","0"
"react-baseline-vs-ccrs-v1-t2","002-ccrs","react_ccrs_mazeV1_t2","1047","1047","2026-06-25T13:16:27.112+00:00","11131","react_ccrs_mazeV1_t2_20260625_141909.log","57363","1","0","0","0","0","0"
"react-baseline-vs-ccrs-v1-t2","002-ccrs","react_ccrs_mazeV1_t2","1048","1048","2026-06-25T13:16:30.684+00:00","3572","react_ccrs_mazeV1_t2_20260625_141909.log","57432","1","0","0","0","0","0"
"react-baseline-vs-ccrs-v1-t2","002-ccrs","react_ccrs_mazeV1_t2","1049","1049","2026-06-25T13:16:33.969+00:00","3285","react_ccrs_mazeV1_t2_20260625_141909.log","57501","1","0","0","0","0","0"
"react-baseline-vs-ccrs-v1-t2","002-ccrs","react_ccrs_mazeV1_t2","1050","1050","2026-06-25T13:16:37.718+00:00","3749","react_ccrs_mazeV1_t2_20260625_141909.log","57570","1","0","0","0","0","0"
"react-baseline-vs-ccrs-v1-t2","002-ccrs","react_ccrs_mazeV1_t2","1051","1051","2026-06-25T13:16:46.554+00:00","8836","react_ccrs_mazeV1_t2_20260625_141909.log","57639","1","0","0","0","0","0"
"react-baseline-vs-ccrs-v1-t2","002-ccrs","react_ccrs_mazeV1_t2","1052","1052","2026-06-25T13:16:49.711+00:00","3157","react_ccrs_mazeV1_t2_20260625_141909.log","57708","1","0","0","0","0","0"
"react-baseline-vs-ccrs-v1-t2","002-ccrs","react_ccrs_mazeV1_t2","1053","1053","2026-06-25T13:16:53.611+00:00","3900","react_ccrs_mazeV1_t2_20260625_141909.log","57725","1","0","0","0","0","0"
"react-baseline-vs-ccrs-v1-t2","002-ccrs","react_ccrs_mazeV1_t2","1054","1054","2026-06-25T13:16:56.850+00:00","3239","react_ccrs_mazeV1_t2_20260625_141909.log","57794","1","0","0","0","0","0"
"react-baseline-vs-ccrs-v1-t2","002-ccrs","react_ccrs_mazeV1_t2","1055","1055","2026-06-25T13:17:00.493+00:00","3643","react_ccrs_mazeV1_t2_20260625_141909.log","57863","1","0","0","0","0","0"
"react-baseline-vs-ccrs-v1-t2","002-ccrs","react_ccrs_mazeV1_t2","1056","1056","2026-06-25T13:17:03.797+00:00","3304","react_ccrs_mazeV1_t2_20260625_141909.log","57932","1","0","0","0","0","0"
"react-baseline-vs-ccrs-v1-t2","002-ccrs","react_ccrs_mazeV1_t2","1057","1057","2026-06-25T13:17:07.030+00:00","3233","react_ccrs_mazeV1_t2_20260625_141909.log","58001","1","0","0","0","0","0"
"react-baseline-vs-ccrs-v1-t2","002-ccrs","react_ccrs_mazeV1_t2","1058","1058","2026-06-25T13:17:10.326+00:00","3296","react_ccrs_mazeV1_t2_20260625_141909.log","58070","1","0","0","0","0","0"
"react-baseline-vs-ccrs-v1-t2","002-ccrs","react_ccrs_mazeV1_t2","1059","1059","2026-06-25T13:17:13.642+00:00","3316","react_ccrs_mazeV1_t2_20260625_141909.log","58139","1","0","0","0","0","0"
"react-baseline-vs-ccrs-v1-t2","002-ccrs","react_ccrs_mazeV1_t2","1060","1060","2026-06-25T13:17:16.840+00:00","3198","react_ccrs_mazeV1_t2_20260625_141909.log","58208","1","0","0","0","0","0"
"react-baseline-vs-ccrs-v1-t2","002-ccrs","react_ccrs_mazeV1_t2","1061","1061","2026-06-25T13:17:20.682+00:00","3842","react_ccrs_mazeV1_t2_20260625_141909.log","58277","1","0","0","0","0","0"
"react-baseline-vs-ccrs-v1-t2","002-ccrs","react_ccrs_mazeV1_t2","1062","1062","2026-06-25T13:17:23.790+00:00","3108","react_ccrs_mazeV1_t2_20260625_141909.log","58346","1","0","0","0","0","0"
"react-baseline-vs-ccrs-v1-t2","002-ccrs","react_ccrs_mazeV1_t2","1063","1063","2026-06-25T13:17:26.777+00:00","2987","react_ccrs_mazeV1_t2_20260625_141909.log","58415","1","0","0","0","0","0"
"react-baseline-vs-ccrs-v1-t2","002-ccrs","react_ccrs_mazeV1_t2","1064","1064","2026-06-25T13:17:30.213+00:00","3436","react_ccrs_mazeV1_t2_20260625_141909.log","58484","1","0","0","0","0","0"
"react-baseline-vs-ccrs-v1-t2","002-ccrs","react_ccrs_mazeV1_t2","1065","1065","2026-06-25T13:17:33.841+00:00","3628","react_ccrs_mazeV1_t2_20260625_141909.log","58553","1","0","0","0","0","0"
"react-baseline-vs-ccrs-v1-t2","002-ccrs","react_ccrs_mazeV1_t2","1066","1066","2026-06-25T13:17:37.157+00:00","3316","react_ccrs_mazeV1_t2_20260625_141909.log","58622","1","0","0","0","0","0"
"react-baseline-vs-ccrs-v1-t2","002-ccrs","react_ccrs_mazeV1_t2","1067","1067","2026-06-25T13:17:40.078+00:00","2921","react_ccrs_mazeV1_t2_20260625_141909.log","58691","1","0","0","0","0","0"
"react-baseline-vs-ccrs-v1-t2","002-ccrs","react_ccrs_mazeV1_t2","1068","1068","2026-06-25T13:17:43.392+00:00","3314","react_ccrs_mazeV1_t2_20260625_141909.log","58760","1","0","0","0","0","0"
"react-baseline-vs-ccrs-v1-t2","002-ccrs","react_ccrs_mazeV1_t2","1069","1069","2026-06-25T13:17:47.580+00:00","4188","react_ccrs_mazeV1_t2_20260625_141909.log","58829","1","0","0","0","0","0"
"react-baseline-vs-ccrs-v1-t2","002-ccrs","react_ccrs_mazeV1_t2","1070","1070","2026-06-25T13:17:50.728+00:00","3148","react_ccrs_mazeV1_t2_20260625_141909.log","58841","1","0","0","0","0","0"
"react-baseline-vs-ccrs-v1-t2","002-ccrs","react_ccrs_mazeV1_t2","1071","1071","2026-06-25T13:17:56.379+00:00","5651","react_ccrs_mazeV1_t2_20260625_141909.log","58910","1","0","0","0","0","0"
"react-baseline-vs-ccrs-v1-t2","002-ccrs","react_ccrs_mazeV1_t2","1072","1072","2026-06-25T13:19:02.086+00:00","65707","react_ccrs_mazeV1_t2_20260625_141909.log","58922","1","0","0","0","0","0"
"react-baseline-vs-ccrs-v1-t2","002-ccrs","react_ccrs_mazeV1_t2","1073","1073","2026-06-25T13:19:05.454+00:00","3368","react_ccrs_mazeV1_t2_20260625_141909.log","59007","1","0","0","0","0","0"
"react-baseline-vs-ccrs-v1-t2","002-ccrs","react_ccrs_mazeV1_t2","1074","1074","2026-06-25T13:19:08.752+00:00","3298","react_ccrs_mazeV1_t2_20260625_141909.log","59092","1","0","0","0","0","0"
"react-baseline-vs-ccrs-v1-t2","002-ccrs","react_ccrs_mazeV1_t2","1075","1075","2026-06-25T13:19:11.928+00:00","3176","react_ccrs_mazeV1_t2_20260625_141909.log","59177","1","0","0","0","0","0"
"react-baseline-vs-ccrs-v1-t2","002-ccrs","react_ccrs_mazeV1_t2","1076","1076","2026-06-25T13:19:15.574+00:00","3646","react_ccrs_mazeV1_t2_20260625_141909.log","59262","1","0","0","0","0","0"
"react-baseline-vs-ccrs-v1-t2","002-ccrs","react_ccrs_mazeV1_t2","1077","1077","2026-06-25T13:19:19.074+00:00","3500","react_ccrs_mazeV1_t2_20260625_141909.log","59347","1","0","0","0","0","0"
"react-baseline-vs-ccrs-v1-t2","002-ccrs","react_ccrs_mazeV1_t2","1078","1078","2026-06-25T13:19:22.668+00:00","3594","react_ccrs_mazeV1_t2_20260625_141909.log","59432","1","0","0","0","0","0"
"react-baseline-vs-ccrs-v1-t2","002-ccrs","react_ccrs_mazeV1_t2","1079","1079","2026-06-25T13:19:27.913+00:00","5245","react_ccrs_mazeV1_t2_20260625_141909.log","59517","1","0","0","0","0","0"
"react-baseline-vs-ccrs-v1-t2","002-ccrs","react_ccrs_mazeV1_t2","1080","1080","2026-06-25T13:19:32.297+00:00","4384","react_ccrs_mazeV1_t2_20260625_141909.log","59602","1","0","0","0","0","0"
"react-baseline-vs-ccrs-v1-t2","002-ccrs","react_ccrs_mazeV1_t2","1081","1081","2026-06-25T13:19:35.904+00:00","3607","react_ccrs_mazeV1_t2_20260625_141909.log","59614","1","0","0","0","0","0"
"react-baseline-vs-ccrs-v1-t2","002-ccrs","react_ccrs_mazeV1_t2","1082","1082","2026-06-25T13:19:39.435+00:00","3531","react_ccrs_mazeV1_t2_20260625_141909.log","59699","1","0","0","0","0","0"
"react-baseline-vs-ccrs-v1-t2","002-ccrs","react_ccrs_mazeV1_t2","1083","1083","2026-06-25T13:19:42.751+00:00","3316","react_ccrs_mazeV1_t2_20260625_141909.log","59784","1","0","0","0","0","0"
"react-baseline-vs-ccrs-v1-t2","002-ccrs","react_ccrs_mazeV1_t2","1084","1084","2026-06-25T13:19:46.299+00:00","3548","react_ccrs_mazeV1_t2_20260625_141909.log","59869","1","0","0","0","0","0"
"react-baseline-vs-ccrs-v1-t2","002-ccrs","react_ccrs_mazeV1_t2","1085","1085","2026-06-25T13:19:49.998+00:00","3699","react_ccrs_mazeV1_t2_20260625_141909.log","59954","1","0","0","0","0","0"
"react-baseline-vs-ccrs-v1-t2","002-ccrs","react_ccrs_mazeV1_t2","1086","1086","2026-06-25T13:19:54.188+00:00","4190","react_ccrs_mazeV1_t2_20260625_141909.log","60039","1","0","0","0","0","0"
"react-baseline-vs-ccrs-v1-t2","002-ccrs","react_ccrs_mazeV1_t2","1087","1087","2026-06-25T13:19:57.606+00:00","3418","react_ccrs_mazeV1_t2_20260625_141909.log","60124","1","0","0","0","0","0"
"react-baseline-vs-ccrs-v1-t2","002-ccrs","react_ccrs_mazeV1_t2","1088","1088","2026-06-25T13:20:01.330+00:00","3724","react_ccrs_mazeV1_t2_20260625_141909.log","60209","1","0","0","0","0","0"
"react-baseline-vs-ccrs-v1-t2","002-ccrs","react_ccrs_mazeV1_t2","1089","1089","2026-06-25T13:20:05.527+00:00","4197","react_ccrs_mazeV1_t2_20260625_141909.log","60294","1","0","0","0","0","0"
"react-baseline-vs-ccrs-v1-t2","002-ccrs","react_ccrs_mazeV1_t2","1090","1090","2026-06-25T13:20:09.067+00:00","3540","react_ccrs_mazeV1_t2_20260625_141909.log","60379","1","0","0","0","0","0"
"react-baseline-vs-ccrs-v1-t2","002-ccrs","react_ccrs_mazeV1_t2","1091","1091","2026-06-25T13:20:12.733+00:00","3666","react_ccrs_mazeV1_t2_20260625_141909.log","60464","1","0","0","0","0","0"
"react-baseline-vs-ccrs-v1-t2","002-ccrs","react_ccrs_mazeV1_t2","1092","1092","2026-06-25T13:20:16.583+00:00","3850","react_ccrs_mazeV1_t2_20260625_141909.log","60549","1","0","0","0","0","0"
"react-baseline-vs-ccrs-v1-t2","002-ccrs","react_ccrs_mazeV1_t2","1093","1093","2026-06-25T13:20:23.398+00:00","6815","react_ccrs_mazeV1_t2_20260625_141909.log","60566","1","0","0","0","0","0"
"react-baseline-vs-ccrs-v1-t2","002-ccrs","react_ccrs_mazeV1_t2","1094","1094","2026-06-25T13:20:27.239+00:00","3841","react_ccrs_mazeV1_t2_20260625_141909.log","60578","1","0","0","0","0","0"
"react-baseline-vs-ccrs-v1-t2","002-ccrs","react_ccrs_mazeV1_t2","1095","1095","2026-06-25T13:20:30.572+00:00","3333","react_ccrs_mazeV1_t2_20260625_141909.log","60663","1","0","0","0","0","0"
"react-baseline-vs-ccrs-v1-t2","002-ccrs","react_ccrs_mazeV1_t2","1096","1096","2026-06-25T13:20:33.869+00:00","3297","react_ccrs_mazeV1_t2_20260625_141909.log","60748","1","0","0","0","0","0"
"react-baseline-vs-ccrs-v1-t2","002-ccrs","react_ccrs_mazeV1_t2","1097","1097","2026-06-25T13:20:37.367+00:00","3498","react_ccrs_mazeV1_t2_20260625_141909.log","60833","1","0","0","0","0","0"
"react-baseline-vs-ccrs-v1-t2","002-ccrs","react_ccrs_mazeV1_t2","1098","1098","2026-06-25T13:20:40.728+00:00","3361","react_ccrs_mazeV1_t2_20260625_141909.log","60918","1","0","0","0","0","0"
"react-baseline-vs-ccrs-v1-t2","002-ccrs","react_ccrs_mazeV1_t2","1099","1099","2026-06-25T13:20:44.437+00:00","3709","react_ccrs_mazeV1_t2_20260625_141909.log","61003","1","0","0","0","0","0"
"react-baseline-vs-ccrs-v1-t2","002-ccrs","react_ccrs_mazeV1_t2","1100","1100","2026-06-25T13:20:49.239+00:00","4802","react_ccrs_mazeV1_t2_20260625_141909.log","61088","1","0","0","0","0","0"
"react-baseline-vs-ccrs-v1-t2","002-ccrs","react_ccrs_mazeV1_t2","1101","1101","2026-06-25T13:20:54.786+00:00","5547","react_ccrs_mazeV1_t2_20260625_141909.log","61105","1","0","0","0","0","0"
"react-baseline-vs-ccrs-v1-t2","002-ccrs","react_ccrs_mazeV1_t2","1102","1102","2026-06-25T13:20:58.844+00:00","4058","react_ccrs_mazeV1_t2_20260625_141909.log","61117","1","0","0","0","0","0"
"react-baseline-vs-ccrs-v1-t2","002-ccrs","react_ccrs_mazeV1_t2","1103","1103","2026-06-25T13:21:03.419+00:00","4575","react_ccrs_mazeV1_t2_20260625_141909.log","61202","1","0","0","0","0","0"
"react-baseline-vs-ccrs-v1-t2","002-ccrs","react_ccrs_mazeV1_t2","1104","1104","2026-06-25T13:21:06.650+00:00","3231","react_ccrs_mazeV1_t2_20260625_141909.log","61287","1","0","0","0","0","0"
"react-baseline-vs-ccrs-v1-t2","002-ccrs","react_ccrs_mazeV1_t2","1105","1105","2026-06-25T13:21:09.941+00:00","3291","react_ccrs_mazeV1_t2_20260625_141909.log","61372","1","0","0","0","0","0"
"react-baseline-vs-ccrs-v1-t2","002-ccrs","react_ccrs_mazeV1_t2","1106","1106","2026-06-25T13:21:13.495+00:00","3554","react_ccrs_mazeV1_t2_20260625_141909.log","61457","1","0","0","0","0","0"
"react-baseline-vs-ccrs-v1-t2","002-ccrs","react_ccrs_mazeV1_t2","1107","1107","2026-06-25T13:21:16.750+00:00","3255","react_ccrs_mazeV1_t2_20260625_141909.log","61542","1","0","0","0","0","0"
"react-baseline-vs-ccrs-v1-t2","002-ccrs","react_ccrs_mazeV1_t2","1108","1108","2026-06-25T13:21:20.211+00:00","3461","react_ccrs_mazeV1_t2_20260625_141909.log","61627","1","0","0","0","0","0"
"react-baseline-vs-ccrs-v1-t2","002-ccrs","react_ccrs_mazeV1_t2","1109","1109","2026-06-25T13:21:23.764+00:00","3553","react_ccrs_mazeV1_t2_20260625_141909.log","61712","1","0","0","0","0","0"
"react-baseline-vs-ccrs-v1-t2","002-ccrs","react_ccrs_mazeV1_t2","1110","1110","2026-06-25T13:21:27.117+00:00","3353","react_ccrs_mazeV1_t2_20260625_141909.log","61797","1","0","0","0","0","0"
"react-baseline-vs-ccrs-v1-t2","002-ccrs","react_ccrs_mazeV1_t2","1111","1111","2026-06-25T13:21:32.030+00:00","4913","react_ccrs_mazeV1_t2_20260625_141909.log","61882","1","0","0","0","0","0"
"react-baseline-vs-ccrs-v1-t2","002-ccrs","react_ccrs_mazeV1_t2","1112","1112","2026-06-25T13:21:36.378+00:00","4348","react_ccrs_mazeV1_t2_20260625_141909.log","61967","1","0","0","0","0","0"
"react-baseline-vs-ccrs-v1-t2","002-ccrs","react_ccrs_mazeV1_t2","1113","1113","2026-06-25T13:21:39.838+00:00","3460","react_ccrs_mazeV1_t2_20260625_141909.log","62052","1","0","0","0","0","0"
"react-baseline-vs-ccrs-v1-t2","002-ccrs","react_ccrs_mazeV1_t2","1114","1114","2026-06-25T13:21:42.889+00:00","3051","react_ccrs_mazeV1_t2_20260625_141909.log","62137","1","0","0","0","0","0"
"react-baseline-vs-ccrs-v1-t2","002-ccrs","react_ccrs_mazeV1_t2","1115","1115","2026-06-25T13:21:46.266+00:00","3377","react_ccrs_mazeV1_t2_20260625_141909.log","62222","1","0","0","0","0","0"
"react-baseline-vs-ccrs-v1-t2","002-ccrs","react_ccrs_mazeV1_t2","1116","1116","2026-06-25T13:21:49.747+00:00","3481","react_ccrs_mazeV1_t2_20260625_141909.log","62307","1","0","0","0","0","0"
"react-baseline-vs-ccrs-v1-t2","002-ccrs","react_ccrs_mazeV1_t2","1117","1117","2026-06-25T13:21:52.720+00:00","2973","react_ccrs_mazeV1_t2_20260625_141909.log","62392","1","0","0","0","0","0"
"react-baseline-vs-ccrs-v1-t2","002-ccrs","react_ccrs_mazeV1_t2","1118","1118","2026-06-25T13:22:02.008+00:00","9288","react_ccrs_mazeV1_t2_20260625_141909.log","62477","1","0","0","0","0","0"
"react-baseline-vs-ccrs-v1-t2","002-ccrs","react_ccrs_mazeV1_t2","1119","1119","2026-06-25T13:22:05.067+00:00","3059","react_ccrs_mazeV1_t2_20260625_141909.log","62489","1","0","0","0","0","0"
"react-baseline-vs-ccrs-v1-t2","002-ccrs","react_ccrs_mazeV1_t2","1120","1120","2026-06-25T13:22:08.373+00:00","3306","react_ccrs_mazeV1_t2_20260625_141909.log","62574","1","0","0","0","0","0"
"react-baseline-vs-ccrs-v1-t2","002-ccrs","react_ccrs_mazeV1_t2","1121","1121","2026-06-25T13:22:11.551+00:00","3178","react_ccrs_mazeV1_t2_20260625_141909.log","62659","1","0","0","0","0","0"
"react-baseline-vs-ccrs-v1-t2","002-ccrs","react_ccrs_mazeV1_t2","1122","1122","2026-06-25T13:22:15.368+00:00","3817","react_ccrs_mazeV1_t2_20260625_141909.log","62744","1","0","0","0","0","0"
"react-baseline-vs-ccrs-v1-t2","002-ccrs","react_ccrs_mazeV1_t2","1123","1123","2026-06-25T13:22:18.633+00:00","3265","react_ccrs_mazeV1_t2_20260625_141909.log","62829","1","0","0","0","0","0"
"react-baseline-vs-ccrs-v1-t2","002-ccrs","react_ccrs_mazeV1_t2","1124","1124","2026-06-25T13:22:21.953+00:00","3320","react_ccrs_mazeV1_t2_20260625_141909.log","62914","1","0","0","0","0","0"
"react-baseline-vs-ccrs-v1-t2","002-ccrs","react_ccrs_mazeV1_t2","1125","1125","2026-06-25T13:22:26.237+00:00","4284","react_ccrs_mazeV1_t2_20260625_141909.log","62999","1","0","0","0","0","0"
"react-baseline-vs-ccrs-v1-t2","002-ccrs","react_ccrs_mazeV1_t2","1126","1126","2026-06-25T13:22:29.641+00:00","3404","react_ccrs_mazeV1_t2_20260625_141909.log","63084","1","0","0","0","0","0"
"react-baseline-vs-ccrs-v1-t2","002-ccrs","react_ccrs_mazeV1_t2","1127","1127","2026-06-25T13:22:33.188+00:00","3547","react_ccrs_mazeV1_t2_20260625_141909.log","63169","1","0","0","0","0","0"
"react-baseline-vs-ccrs-v1-t2","002-ccrs","react_ccrs_mazeV1_t2","1128","1128","2026-06-25T13:22:36.587+00:00","3399","react_ccrs_mazeV1_t2_20260625_141909.log","63254","1","0","0","0","0","0"
"react-baseline-vs-ccrs-v1-t2","002-ccrs","react_ccrs_mazeV1_t2","1129","1129","2026-06-25T13:22:40.030+00:00","3443","react_ccrs_mazeV1_t2_20260625_141909.log","63339","1","0","0","0","0","0"
"react-baseline-vs-ccrs-v1-t2","002-ccrs","react_ccrs_mazeV1_t2","1130","1130","2026-06-25T13:22:43.678+00:00","3648","react_ccrs_mazeV1_t2_20260625_141909.log","63424","1","0","0","0","0","0"
"react-baseline-vs-ccrs-v1-t2","002-ccrs","react_ccrs_mazeV1_t2","1131","1131","2026-06-25T13:22:47.374+00:00","3696","react_ccrs_mazeV1_t2_20260625_141909.log","63441","1","0","0","0","0","0"
"react-baseline-vs-ccrs-v1-t2","002-ccrs","react_ccrs_mazeV1_t2","1132","1132","2026-06-25T13:22:50.686+00:00","3312","react_ccrs_mazeV1_t2_20260625_141909.log","63526","1","0","0","0","0","0"
"react-baseline-vs-ccrs-v1-t2","002-ccrs","react_ccrs_mazeV1_t2","1133","1133","2026-06-25T13:22:54.041+00:00","3355","react_ccrs_mazeV1_t2_20260625_141909.log","63611","1","0","0","0","0","0"
"react-baseline-vs-ccrs-v1-t2","002-ccrs","react_ccrs_mazeV1_t2","1134","1134","2026-06-25T13:22:57.273+00:00","3232","react_ccrs_mazeV1_t2_20260625_141909.log","63696","1","0","0","0","0","0"
"react-baseline-vs-ccrs-v1-t2","002-ccrs","react_ccrs_mazeV1_t2","1135","1135","2026-06-25T13:23:01.466+00:00","4193","react_ccrs_mazeV1_t2_20260625_141909.log","63781","1","0","0","0","0","0"
"react-baseline-vs-ccrs-v1-t2","002-ccrs","react_ccrs_mazeV1_t2","1136","1136","2026-06-25T13:23:05.133+00:00","3667","react_ccrs_mazeV1_t2_20260625_141909.log","63793","1","0","0","0","0","0"
"react-baseline-vs-ccrs-v1-t2","002-ccrs","react_ccrs_mazeV1_t2","1137","1137","2026-06-25T13:23:08.686+00:00","3553","react_ccrs_mazeV1_t2_20260625_141909.log","63897","1","0","0","0","0","0"
"react-baseline-vs-ccrs-v1-t2","002-ccrs","react_ccrs_mazeV1_t2","1138","1138","2026-06-25T13:23:12.440+00:00","3754","react_ccrs_mazeV1_t2_20260625_141909.log","64001","1","0","0","0","0","0"
"react-baseline-vs-ccrs-v1-t2","002-ccrs","react_ccrs_mazeV1_t2","1139","1139","2026-06-25T13:23:16.405+00:00","3965","react_ccrs_mazeV1_t2_20260625_141909.log","64105","1","0","0","0","0","0"
"react-baseline-vs-ccrs-v1-t2","002-ccrs","react_ccrs_mazeV1_t2","1140","1140","2026-06-25T13:23:20.229+00:00","3824","react_ccrs_mazeV1_t2_20260625_141909.log","64209","1","0","0","0","0","0"
"react-baseline-vs-ccrs-v1-t2","002-ccrs","react_ccrs_mazeV1_t2","1141","1141","2026-06-25T13:23:24.110+00:00","3881","react_ccrs_mazeV1_t2_20260625_141909.log","64313","1","0","0","0","0","0"
"react-baseline-vs-ccrs-v1-t2","002-ccrs","react_ccrs_mazeV1_t2","1142","1142","2026-06-25T13:23:27.469+00:00","3359","react_ccrs_mazeV1_t2_20260625_141909.log","64417","1","0","0","0","0","0"
"react-baseline-vs-ccrs-v1-t2","002-ccrs","react_ccrs_mazeV1_t2","1143","1143","2026-06-25T13:23:31.625+00:00","4156","react_ccrs_mazeV1_t2_20260625_141909.log","64521","1","0","0","0","0","0"
"react-baseline-vs-ccrs-v1-t2","002-ccrs","react_ccrs_mazeV1_t2","1144","1144","2026-06-25T13:23:36.245+00:00","4620","react_ccrs_mazeV1_t2_20260625_141909.log","64538","1","0","0","0","0","0"
"react-baseline-vs-ccrs-v1-t2","002-ccrs","react_ccrs_mazeV1_t2","1145","1145","2026-06-25T13:23:43.568+00:00","7323","react_ccrs_mazeV1_t2_20260625_141909.log","64642","1","0","0","0","0","0"
"react-baseline-vs-ccrs-v1-t2","002-ccrs","react_ccrs_mazeV1_t2","1146","1146","2026-06-25T13:23:47.106+00:00","3538","react_ccrs_mazeV1_t2_20260625_141909.log","64746","1","0","0","0","0","0"
"react-baseline-vs-ccrs-v1-t2","002-ccrs","react_ccrs_mazeV1_t2","1147","1147","2026-06-25T13:23:50.640+00:00","3534","react_ccrs_mazeV1_t2_20260625_141909.log","64850","1","0","0","0","0","0"
"react-baseline-vs-ccrs-v1-t2","002-ccrs","react_ccrs_mazeV1_t2","1148","1148","2026-06-25T13:23:54.057+00:00","3417","react_ccrs_mazeV1_t2_20260625_141909.log","64867","1","0","0","0","0","0"
"react-baseline-vs-ccrs-v1-t2","002-ccrs","react_ccrs_mazeV1_t2","1149","1149","2026-06-25T13:23:57.588+00:00","3531","react_ccrs_mazeV1_t2_20260625_141909.log","64971","1","0","0","0","0","0"
"react-baseline-vs-ccrs-v1-t2","002-ccrs","react_ccrs_mazeV1_t2","1150","1150","2026-06-25T13:24:01.138+00:00","3550","react_ccrs_mazeV1_t2_20260625_141909.log","65075","1","0","0","0","0","0"
"react-baseline-vs-ccrs-v1-t2","002-ccrs","react_ccrs_mazeV1_t2","1151","1151","2026-06-25T13:24:04.933+00:00","3795","react_ccrs_mazeV1_t2_20260625_141909.log","65179","1","0","0","0","0","0"
"react-baseline-vs-ccrs-v1-t2","002-ccrs","react_ccrs_mazeV1_t2","1152","1152","2026-06-25T13:24:09.769+00:00","4836","react_ccrs_mazeV1_t2_20260625_141909.log","65283","1","0","0","0","0","0"
"react-baseline-vs-ccrs-v1-t2","002-ccrs","react_ccrs_mazeV1_t2","1153","1153","2026-06-25T13:24:13.331+00:00","3562","react_ccrs_mazeV1_t2_20260625_141909.log","65295","1","0","0","0","0","0"
"react-baseline-vs-ccrs-v1-t2","002-ccrs","react_ccrs_mazeV1_t2","1154","1154","2026-06-25T13:24:16.953+00:00","3622","react_ccrs_mazeV1_t2_20260625_141909.log","65380","1","0","0","0","0","0"
"react-baseline-vs-ccrs-v1-t2","002-ccrs","react_ccrs_mazeV1_t2","1155","1155","2026-06-25T13:24:20.473+00:00","3520","react_ccrs_mazeV1_t2_20260625_141909.log","65465","1","0","0","0","0","0"
"react-baseline-vs-ccrs-v1-t2","002-ccrs","react_ccrs_mazeV1_t2","1156","1156","2026-06-25T13:24:24.487+00:00","4014","react_ccrs_mazeV1_t2_20260625_141909.log","65550","1","0","0","0","0","0"
"react-baseline-vs-ccrs-v1-t2","002-ccrs","react_ccrs_mazeV1_t2","1157","1157","2026-06-25T13:24:28.103+00:00","3616","react_ccrs_mazeV1_t2_20260625_141909.log","65635","1","0","0","0","0","0"
"react-baseline-vs-ccrs-v1-t2","002-ccrs","react_ccrs_mazeV1_t2","1158","1158","2026-06-25T13:24:31.430+00:00","3327","react_ccrs_mazeV1_t2_20260625_141909.log","65720","1","0","0","0","0","0"
"react-baseline-vs-ccrs-v1-t2","002-ccrs","react_ccrs_mazeV1_t2","1159","1159","2026-06-25T13:24:34.814+00:00","3384","react_ccrs_mazeV1_t2_20260625_141909.log","65805","1","0","0","0","0","0"
"react-baseline-vs-ccrs-v1-t2","002-ccrs","react_ccrs_mazeV1_t2","1160","1160","2026-06-25T13:24:38.948+00:00","4134","react_ccrs_mazeV1_t2_20260625_141909.log","65890","1","0","0","0","0","0"
"react-baseline-vs-ccrs-v1-t2","002-ccrs","react_ccrs_mazeV1_t2","1161","1161","2026-06-25T13:24:44.355+00:00","5407","react_ccrs_mazeV1_t2_20260625_141909.log","65975","1","0","0","0","0","0"
"react-baseline-vs-ccrs-v1-t2","002-ccrs","react_ccrs_mazeV1_t2","1162","1162","2026-06-25T13:24:48.356+00:00","4001","react_ccrs_mazeV1_t2_20260625_141909.log","66060","1","0","0","0","0","0"
"react-baseline-vs-ccrs-v1-t2","002-ccrs","react_ccrs_mazeV1_t2","1163","1163","2026-06-25T13:24:53.604+00:00","5248","react_ccrs_mazeV1_t2_20260625_141909.log","66145","1","0","0","0","0","0"
"react-baseline-vs-ccrs-v1-t2","002-ccrs","react_ccrs_mazeV1_t2","1164","1164","2026-06-25T13:24:57.590+00:00","3986","react_ccrs_mazeV1_t2_20260625_141909.log","66230","1","0","0","0","0","0"
"react-baseline-vs-ccrs-v1-t2","002-ccrs","react_ccrs_mazeV1_t2","1165","1165","2026-06-25T13:25:01.039+00:00","3449","react_ccrs_mazeV1_t2_20260625_141909.log","66315","1","0","0","0","0","0"
"react-baseline-vs-ccrs-v1-t2","002-ccrs","react_ccrs_mazeV1_t2","1166","1166","2026-06-25T13:25:05.316+00:00","4277","react_ccrs_mazeV1_t2_20260625_141909.log","66400","1","0","0","0","0","0"
"react-baseline-vs-ccrs-v1-t2","002-ccrs","react_ccrs_mazeV1_t2","1167","1167","2026-06-25T13:25:08.627+00:00","3311","react_ccrs_mazeV1_t2_20260625_141909.log","66412","1","0","0","0","0","0"
"react-baseline-vs-ccrs-v1-t2","002-ccrs","react_ccrs_mazeV1_t2","1168","1168","2026-06-25T13:25:12.265+00:00","3638","react_ccrs_mazeV1_t2_20260625_141909.log","66497","1","0","0","0","0","0"
"react-baseline-vs-ccrs-v1-t2","002-ccrs","react_ccrs_mazeV1_t2","1169","1169","2026-06-25T13:25:15.521+00:00","3256","react_ccrs_mazeV1_t2_20260625_141909.log","66582","1","0","0","0","0","0"
"react-baseline-vs-ccrs-v1-t2","002-ccrs","react_ccrs_mazeV1_t2","1170","1170","2026-06-25T13:25:18.930+00:00","3409","react_ccrs_mazeV1_t2_20260625_141909.log","66667","1","0","0","0","0","0"
"react-baseline-vs-ccrs-v1-t2","002-ccrs","react_ccrs_mazeV1_t2","1171","1171","2026-06-25T13:25:22.270+00:00","3340","react_ccrs_mazeV1_t2_20260625_141909.log","66684","1","0","0","0","0","0"
"react-baseline-vs-ccrs-v1-t2","002-ccrs","react_ccrs_mazeV1_t2","1172","1172","2026-06-25T13:25:25.924+00:00","3654","react_ccrs_mazeV1_t2_20260625_141909.log","66769","1","0","0","0","0","0"
"react-baseline-vs-ccrs-v1-t2","002-ccrs","react_ccrs_mazeV1_t2","1173","1173","2026-06-25T13:25:29.185+00:00","3261","react_ccrs_mazeV1_t2_20260625_141909.log","66854","1","0","0","0","0","0"
"react-baseline-vs-ccrs-v1-t2","002-ccrs","react_ccrs_mazeV1_t2","1174","1174","2026-06-25T13:25:32.764+00:00","3579","react_ccrs_mazeV1_t2_20260625_141909.log","66939","1","0","0","0","0","0"
"react-baseline-vs-ccrs-v1-t2","002-ccrs","react_ccrs_mazeV1_t2","1175","1175","2026-06-25T13:25:36.335+00:00","3571","react_ccrs_mazeV1_t2_20260625_141909.log","66956","1","0","0","0","0","0"
"react-baseline-vs-ccrs-v1-t2","002-ccrs","react_ccrs_mazeV1_t2","1176","1176","2026-06-25T13:25:39.606+00:00","3271","react_ccrs_mazeV1_t2_20260625_141909.log","67041","1","0","0","0","0","0"
"react-baseline-vs-ccrs-v1-t2","002-ccrs","react_ccrs_mazeV1_t2","1177","1177","2026-06-25T13:25:43.050+00:00","3444","react_ccrs_mazeV1_t2_20260625_141909.log","67126","1","0","0","0","0","0"
"react-baseline-vs-ccrs-v1-t2","002-ccrs","react_ccrs_mazeV1_t2","1178","1178","2026-06-25T13:25:47.748+00:00","4698","react_ccrs_mazeV1_t2_20260625_141909.log","67211","1","0","0","0","0","0"
"react-baseline-vs-ccrs-v1-t2","002-ccrs","react_ccrs_mazeV1_t2","1179","1179","2026-06-25T13:25:51.201+00:00","3453","react_ccrs_mazeV1_t2_20260625_141909.log","67223","1","0","0","0","0","0"
"react-baseline-vs-ccrs-v1-t2","002-ccrs","react_ccrs_mazeV1_t2","1180","1180","2026-06-25T13:25:54.628+00:00","3427","react_ccrs_mazeV1_t2_20260625_141909.log","67308","1","0","0","0","0","0"
"react-baseline-vs-ccrs-v1-t2","002-ccrs","react_ccrs_mazeV1_t2","1181","1181","2026-06-25T13:25:57.835+00:00","3207","react_ccrs_mazeV1_t2_20260625_141909.log","67393","1","0","0","0","0","0"
"react-baseline-vs-ccrs-v1-t2","002-ccrs","react_ccrs_mazeV1_t2","1182","1182","2026-06-25T13:26:00.956+00:00","3121","react_ccrs_mazeV1_t2_20260625_141909.log","67478","1","0","0","0","0","0"
"react-baseline-vs-ccrs-v1-t2","002-ccrs","react_ccrs_mazeV1_t2","1183","1183","2026-06-25T13:26:04.968+00:00","4012","react_ccrs_mazeV1_t2_20260625_141909.log","67563","1","0","0","0","0","0"
"react-baseline-vs-ccrs-v1-t2","002-ccrs","react_ccrs_mazeV1_t2","1184","1184","2026-06-25T13:26:08.387+00:00","3419","react_ccrs_mazeV1_t2_20260625_141909.log","67648","1","0","0","0","0","0"
"react-baseline-vs-ccrs-v1-t2","002-ccrs","react_ccrs_mazeV1_t2","1185","1185","2026-06-25T13:26:11.425+00:00","3038","react_ccrs_mazeV1_t2_20260625_141909.log","67733","1","0","0","0","0","0"
"react-baseline-vs-ccrs-v1-t2","002-ccrs","react_ccrs_mazeV1_t2","1186","1186","2026-06-25T13:26:14.499+00:00","3074","react_ccrs_mazeV1_t2_20260625_141909.log","67818","1","0","0","0","0","0"
"react-baseline-vs-ccrs-v1-t2","002-ccrs","react_ccrs_mazeV1_t2","1187","1187","2026-06-25T13:26:17.858+00:00","3359","react_ccrs_mazeV1_t2_20260625_141909.log","67903","1","0","0","0","0","0"
"react-baseline-vs-ccrs-v1-t2","002-ccrs","react_ccrs_mazeV1_t2","1188","1188","2026-06-25T13:26:21.283+00:00","3425","react_ccrs_mazeV1_t2_20260625_141909.log","67988","1","0","0","0","0","0"
"react-baseline-vs-ccrs-v1-t2","002-ccrs","react_ccrs_mazeV1_t2","1189","1189","2026-06-25T13:26:24.586+00:00","3303","react_ccrs_mazeV1_t2_20260625_141909.log","68073","1","0","0","0","0","0"
"react-baseline-vs-ccrs-v1-t2","002-ccrs","react_ccrs_mazeV1_t2","1190","1190","2026-06-25T13:26:27.837+00:00","3251","react_ccrs_mazeV1_t2_20260625_141909.log","68158","1","0","0","0","0","0"
"react-baseline-vs-ccrs-v1-t2","002-ccrs","react_ccrs_mazeV1_t2","1191","1191","2026-06-25T13:26:33.428+00:00","5591","react_ccrs_mazeV1_t2_20260625_141909.log","68243","1","0","0","0","0","0"
"react-baseline-vs-ccrs-v1-t2","002-ccrs","react_ccrs_mazeV1_t2","1192","1192","2026-06-25T13:26:36.768+00:00","3340","react_ccrs_mazeV1_t2_20260625_141909.log","68255","1","0","0","0","0","0"
"react-baseline-vs-ccrs-v1-t2","002-ccrs","react_ccrs_mazeV1_t2","1193","1193","2026-06-25T13:26:40.470+00:00","3702","react_ccrs_mazeV1_t2_20260625_141909.log","68340","1","0","0","0","0","0"
"react-baseline-vs-ccrs-v1-t2","002-ccrs","react_ccrs_mazeV1_t2","1194","1194","2026-06-25T13:26:43.665+00:00","3195","react_ccrs_mazeV1_t2_20260625_141909.log","68425","1","0","0","0","0","0"
"react-baseline-vs-ccrs-v1-t2","002-ccrs","react_ccrs_mazeV1_t2","1195","1195","2026-06-25T13:26:46.686+00:00","3021","react_ccrs_mazeV1_t2_20260625_141909.log","68510","1","0","0","0","0","0"
"react-baseline-vs-ccrs-v1-t2","002-ccrs","react_ccrs_mazeV1_t2","1196","1196","2026-06-25T13:26:50.271+00:00","3585","react_ccrs_mazeV1_t2_20260625_141909.log","68595","1","0","0","0","0","0"
"react-baseline-vs-ccrs-v1-t2","002-ccrs","react_ccrs_mazeV1_t2","1197","1197","2026-06-25T13:26:53.487+00:00","3216","react_ccrs_mazeV1_t2_20260625_141909.log","68680","1","0","0","0","0","0"
"react-baseline-vs-ccrs-v1-t2","002-ccrs","react_ccrs_mazeV1_t2","1198","1198","2026-06-25T13:26:56.799+00:00","3312","react_ccrs_mazeV1_t2_20260625_141909.log","68765","1","0","0","0","0","0"
"react-baseline-vs-ccrs-v1-t2","002-ccrs","react_ccrs_mazeV1_t2","1199","1199","2026-06-25T13:27:00.897+00:00","4098","react_ccrs_mazeV1_t2_20260625_141909.log","68782","1","0","0","0","0","0"
"react-baseline-vs-ccrs-v1-t2","002-ccrs","react_ccrs_mazeV1_t2","1200","1200","2026-06-25T13:27:04.787+00:00","3890","react_ccrs_mazeV1_t2_20260625_141909.log","68794","1","0","0","0","0","0"
"react-baseline-vs-ccrs-v1-t2","002-ccrs","react_ccrs_mazeV1_t2","1201","1201","2026-06-25T13:27:08.072+00:00","3285","react_ccrs_mazeV1_t2_20260625_141909.log","68879","1","0","0","0","0","0"
"react-baseline-vs-ccrs-v1-t2","002-ccrs","react_ccrs_mazeV1_t2","1202","1202","2026-06-25T13:27:11.873+00:00","3801","react_ccrs_mazeV1_t2_20260625_141909.log","68964","1","0","0","0","0","0"
"react-baseline-vs-ccrs-v1-t2","002-ccrs","react_ccrs_mazeV1_t2","1203","1203","2026-06-25T13:27:15.184+00:00","3311","react_ccrs_mazeV1_t2_20260625_141909.log","69049","1","0","0","0","0","0"
"react-baseline-vs-ccrs-v1-t2","002-ccrs","react_ccrs_mazeV1_t2","1204","1204","2026-06-25T13:27:18.749+00:00","3565","react_ccrs_mazeV1_t2_20260625_141909.log","69134","1","0","0","0","0","0"
"react-baseline-vs-ccrs-v1-t2","002-ccrs","react_ccrs_mazeV1_t2","1205","1205","2026-06-25T13:27:22.253+00:00","3504","react_ccrs_mazeV1_t2_20260625_141909.log","69219","1","0","0","0","0","0"
"react-baseline-vs-ccrs-v1-t2","002-ccrs","react_ccrs_mazeV1_t2","1206","1206","2026-06-25T13:27:26.194+00:00","3941","react_ccrs_mazeV1_t2_20260625_141909.log","69304","1","0","0","0","0","0"
"react-baseline-vs-ccrs-v1-t2","002-ccrs","react_ccrs_mazeV1_t2","1207","1207","2026-06-25T13:27:30.009+00:00","3815","react_ccrs_mazeV1_t2_20260625_141909.log","69389","1","0","0","0","0","0"
"react-baseline-vs-ccrs-v1-t2","002-ccrs","react_ccrs_mazeV1_t2","1208","1208","2026-06-25T13:27:36.661+00:00","6652","react_ccrs_mazeV1_t2_20260625_141909.log","69474","1","0","0","0","0","0"
"react-baseline-vs-ccrs-v1-t2","002-ccrs","react_ccrs_mazeV1_t2","1209","1209","2026-06-25T13:27:46.399+00:00","9738","react_ccrs_mazeV1_t2_20260625_141909.log","69559","1","0","0","0","0","0"
"react-baseline-vs-ccrs-v1-t2","002-ccrs","react_ccrs_mazeV1_t2","1210","1210","2026-06-25T13:27:50.005+00:00","3606","react_ccrs_mazeV1_t2_20260625_141909.log","69644","1","0","0","0","0","0"
"react-baseline-vs-ccrs-v1-t2","002-ccrs","react_ccrs_mazeV1_t2","1211","1211","2026-06-25T13:27:53.602+00:00","3597","react_ccrs_mazeV1_t2_20260625_141909.log","69729","1","0","0","0","0","0"
"react-baseline-vs-ccrs-v1-t2","002-ccrs","react_ccrs_mazeV1_t2","1212","1212","2026-06-25T13:27:57.949+00:00","4347","react_ccrs_mazeV1_t2_20260625_141909.log","69814","1","0","0","0","0","0"
"react-baseline-vs-ccrs-v1-t2","002-ccrs","react_ccrs_mazeV1_t2","1213","1213","2026-06-25T13:28:04.802+00:00","6853","react_ccrs_mazeV1_t2_20260625_141909.log","69826","1","0","0","0","0","0"
"react-baseline-vs-ccrs-v1-t2","002-ccrs","react_ccrs_mazeV1_t2","1214","1214","2026-06-25T13:28:08.308+00:00","3506","react_ccrs_mazeV1_t2_20260625_141909.log","69930","1","0","0","0","0","0"
"react-baseline-vs-ccrs-v1-t2","002-ccrs","react_ccrs_mazeV1_t2","1215","1215","2026-06-25T13:28:11.567+00:00","3259","react_ccrs_mazeV1_t2_20260625_141909.log","70034","1","0","0","0","0","0"
"react-baseline-vs-ccrs-v1-t2","002-ccrs","react_ccrs_mazeV1_t2","1216","1216","2026-06-25T13:28:15.069+00:00","3502","react_ccrs_mazeV1_t2_20260625_141909.log","70138","1","0","0","0","0","0"
"react-baseline-vs-ccrs-v1-t2","002-ccrs","react_ccrs_mazeV1_t2","1217","1217","2026-06-25T13:28:18.765+00:00","3696","react_ccrs_mazeV1_t2_20260625_141909.log","70242","1","0","0","0","0","0"
"react-baseline-vs-ccrs-v1-t2","002-ccrs","react_ccrs_mazeV1_t2","1218","1218","2026-06-25T13:28:22.341+00:00","3576","react_ccrs_mazeV1_t2_20260625_141909.log","70346","1","0","0","0","0","0"
"react-baseline-vs-ccrs-v1-t2","002-ccrs","react_ccrs_mazeV1_t2","1219","1219","2026-06-25T13:28:26.442+00:00","4101","react_ccrs_mazeV1_t2_20260625_141909.log","70450","1","0","0","0","0","0"
"react-baseline-vs-ccrs-v1-t2","002-ccrs","react_ccrs_mazeV1_t2","1220","1220","2026-06-25T13:28:30.846+00:00","4404","react_ccrs_mazeV1_t2_20260625_141909.log","70467","1","0","0","0","0","0"
"react-baseline-vs-ccrs-v1-t2","002-ccrs","react_ccrs_mazeV1_t2","1221","1221","2026-06-25T13:28:34.303+00:00","3457","react_ccrs_mazeV1_t2_20260625_141909.log","70479","1","0","0","0","0","0"
"react-baseline-vs-ccrs-v1-t2","002-ccrs","react_ccrs_mazeV1_t2","1222","1222","2026-06-25T13:28:37.384+00:00","3081","react_ccrs_mazeV1_t2_20260625_141909.log","70564","1","0","0","0","0","0"
"react-baseline-vs-ccrs-v1-t2","002-ccrs","react_ccrs_mazeV1_t2","1223","1223","2026-06-25T13:28:44.449+00:00","7065","react_ccrs_mazeV1_t2_20260625_141909.log","70649","1","0","0","0","0","0"
"react-baseline-vs-ccrs-v1-t2","002-ccrs","react_ccrs_mazeV1_t2","1224","1224","2026-06-25T13:28:47.855+00:00","3406","react_ccrs_mazeV1_t2_20260625_141909.log","70734","1","0","0","0","0","0"
"react-baseline-vs-ccrs-v1-t2","002-ccrs","react_ccrs_mazeV1_t2","1225","1225","2026-06-25T13:28:50.962+00:00","3107","react_ccrs_mazeV1_t2_20260625_141909.log","70819","1","0","0","0","0","0"
"react-baseline-vs-ccrs-v1-t2","002-ccrs","react_ccrs_mazeV1_t2","1226","1226","2026-06-25T13:28:54.391+00:00","3429","react_ccrs_mazeV1_t2_20260625_141909.log","70904","1","0","0","0","0","0"
"react-baseline-vs-ccrs-v1-t2","002-ccrs","react_ccrs_mazeV1_t2","1227","1227","2026-06-25T13:28:58.991+00:00","4600","react_ccrs_mazeV1_t2_20260625_141909.log","70989","1","0","0","0","0","0"
"react-baseline-vs-ccrs-v1-t2","002-ccrs","react_ccrs_mazeV1_t2","1228","1228","2026-06-25T13:29:02.867+00:00","3876","react_ccrs_mazeV1_t2_20260625_141909.log","71074","1","0","0","0","0","0"
"react-baseline-vs-ccrs-v1-t2","002-ccrs","react_ccrs_mazeV1_t2","1229","1229","2026-06-25T13:29:06.496+00:00","3629","react_ccrs_mazeV1_t2_20260625_141909.log","71159","1","0","0","0","0","0"
"react-baseline-vs-ccrs-v1-t2","002-ccrs","react_ccrs_mazeV1_t2","1230","1230","2026-06-25T13:29:09.942+00:00","3446","react_ccrs_mazeV1_t2_20260625_141909.log","71244","1","0","0","0","0","0"
"react-baseline-vs-ccrs-v1-t2","002-ccrs","react_ccrs_mazeV1_t2","1231","1231","2026-06-25T13:29:13.421+00:00","3479","react_ccrs_mazeV1_t2_20260625_141909.log","71329","1","0","0","0","0","0"
"react-baseline-vs-ccrs-v1-t2","002-ccrs","react_ccrs_mazeV1_t2","1232","1232","2026-06-25T13:29:16.802+00:00","3381","react_ccrs_mazeV1_t2_20260625_141909.log","71414","1","0","0","0","0","0"
"react-baseline-vs-ccrs-v1-t2","002-ccrs","react_ccrs_mazeV1_t2","1233","1233","2026-06-25T13:29:20.490+00:00","3688","react_ccrs_mazeV1_t2_20260625_141909.log","71499","1","0","0","0","0","0"
"react-baseline-vs-ccrs-v1-t2","002-ccrs","react_ccrs_mazeV1_t2","1234","1234","2026-06-25T13:29:23.927+00:00","3437","react_ccrs_mazeV1_t2_20260625_141909.log","71584","1","0","0","0","0","0"
"react-baseline-vs-ccrs-v1-t2","002-ccrs","react_ccrs_mazeV1_t2","1235","1235","2026-06-25T13:29:27.047+00:00","3120","react_ccrs_mazeV1_t2_20260625_141909.log","71669","1","0","0","0","0","0"
"react-baseline-vs-ccrs-v1-t2","002-ccrs","react_ccrs_mazeV1_t2","1236","1236","2026-06-25T13:29:30.211+00:00","3164","react_ccrs_mazeV1_t2_20260625_141909.log","71686","1","0","0","0","0","0"
"react-baseline-vs-ccrs-v1-t2","002-ccrs","react_ccrs_mazeV1_t2","1237","1237","2026-06-25T13:29:33.642+00:00","3431","react_ccrs_mazeV1_t2_20260625_141909.log","71771","1","0","0","0","0","0"
"react-baseline-vs-ccrs-v1-t2","002-ccrs","react_ccrs_mazeV1_t2","1238","1238","2026-06-25T13:29:36.840+00:00","3198","react_ccrs_mazeV1_t2_20260625_141909.log","71856","1","0","0","0","0","0"
"react-baseline-vs-ccrs-v1-t2","002-ccrs","react_ccrs_mazeV1_t2","1239","1239","2026-06-25T13:29:40.323+00:00","3483","react_ccrs_mazeV1_t2_20260625_141909.log","71941","1","0","0","0","0","0"
"react-baseline-vs-ccrs-v1-t2","002-ccrs","react_ccrs_mazeV1_t2","1240","1240","2026-06-25T13:29:43.696+00:00","3373","react_ccrs_mazeV1_t2_20260625_141909.log","72026","1","0","0","0","0","0"
"react-baseline-vs-ccrs-v1-t2","002-ccrs","react_ccrs_mazeV1_t2","1241","1241","2026-06-25T13:29:51.302+00:00","7606","react_ccrs_mazeV1_t2_20260625_141909.log","72111","1","0","0","0","0","0"
"react-baseline-vs-ccrs-v1-t2","002-ccrs","react_ccrs_mazeV1_t2","1242","1242","2026-06-25T13:29:54.774+00:00","3472","react_ccrs_mazeV1_t2_20260625_141909.log","72196","1","0","0","0","0","0"
"react-baseline-vs-ccrs-v1-t2","002-ccrs","react_ccrs_mazeV1_t2","1243","1243","2026-06-25T13:29:58.121+00:00","3347","react_ccrs_mazeV1_t2_20260625_141909.log","72281","1","0","0","0","0","0"
"react-baseline-vs-ccrs-v1-t2","002-ccrs","react_ccrs_mazeV1_t2","1244","1244","2026-06-25T13:30:01.945+00:00","3824","react_ccrs_mazeV1_t2_20260625_141909.log","72366","1","0","0","0","0","0"
"react-baseline-vs-ccrs-v1-t2","002-ccrs","react_ccrs_mazeV1_t2","1245","1245","2026-06-25T13:30:05.643+00:00","3698","react_ccrs_mazeV1_t2_20260625_141909.log","72451","1","0","0","0","0","0"
"react-baseline-vs-ccrs-v1-t2","002-ccrs","react_ccrs_mazeV1_t2","1246","1246","2026-06-25T13:30:09.410+00:00","3767","react_ccrs_mazeV1_t2_20260625_141909.log","72468","1","0","0","0","0","0"
"react-baseline-vs-ccrs-v1-t2","002-ccrs","react_ccrs_mazeV1_t2","1247","1247","2026-06-25T13:30:12.169+00:00","2759","react_ccrs_mazeV1_t2_20260625_141909.log","72480","1","0","0","0","0","0"
"react-baseline-vs-ccrs-v1-t2","002-ccrs","react_ccrs_mazeV1_t2","1248","1248","2026-06-25T13:30:15.654+00:00","3485","react_ccrs_mazeV1_t2_20260625_141909.log","72565","1","0","0","0","0","0"
"react-baseline-vs-ccrs-v1-t2","002-ccrs","react_ccrs_mazeV1_t2","1249","1249","2026-06-25T13:30:20.205+00:00","4551","react_ccrs_mazeV1_t2_20260625_141909.log","72650","1","0","0","0","0","0"
"react-baseline-vs-ccrs-v1-t2","002-ccrs","react_ccrs_mazeV1_t2","1250","1250","2026-06-25T13:30:23.548+00:00","3343","react_ccrs_mazeV1_t2_20260625_141909.log","72662","1","0","0","0","0","0"
"react-baseline-vs-ccrs-v1-t2","002-ccrs","react_ccrs_mazeV1_t2","1251","1251","2026-06-25T13:30:26.933+00:00","3385","react_ccrs_mazeV1_t2_20260625_141909.log","72747","1","0","0","0","0","0"
"react-baseline-vs-ccrs-v1-t2","002-ccrs","react_ccrs_mazeV1_t2","1252","1252","2026-06-25T13:30:31.641+00:00","4708","react_ccrs_mazeV1_t2_20260625_141909.log","72832","1","0","0","0","0","0"
"react-baseline-vs-ccrs-v1-t2","002-ccrs","react_ccrs_mazeV1_t2","1253","1253","2026-06-25T13:30:35.702+00:00","4061","react_ccrs_mazeV1_t2_20260625_141909.log","72917","1","0","0","0","0","0"
"react-baseline-vs-ccrs-v1-t2","002-ccrs","react_ccrs_mazeV1_t2","1254","1254","2026-06-25T13:30:40.008+00:00","4306","react_ccrs_mazeV1_t2_20260625_141909.log","73002","1","0","0","0","0","0"
"react-baseline-vs-ccrs-v1-t2","002-ccrs","react_ccrs_mazeV1_t2","1255","1255","2026-06-25T13:30:43.249+00:00","3241","react_ccrs_mazeV1_t2_20260625_141909.log","73087","1","0","0","0","0","0"
"react-baseline-vs-ccrs-v1-t2","002-ccrs","react_ccrs_mazeV1_t2","1256","1256","2026-06-25T13:30:47.965+00:00","4716","react_ccrs_mazeV1_t2_20260625_141909.log","73172","1","0","0","0","0","0"
"react-baseline-vs-ccrs-v1-t2","002-ccrs","react_ccrs_mazeV1_t2","1257","1257","2026-06-25T13:30:51.701+00:00","3736","react_ccrs_mazeV1_t2_20260625_141909.log","73257","1","0","0","0","0","0"
"react-baseline-vs-ccrs-v1-t2","002-ccrs","react_ccrs_mazeV1_t2","1258","1258","2026-06-25T13:30:54.933+00:00","3232","react_ccrs_mazeV1_t2_20260625_141909.log","73342","1","0","0","0","0","0"
"react-baseline-vs-ccrs-v1-t2","002-ccrs","react_ccrs_mazeV1_t2","1259","1259","2026-06-25T13:30:58.668+00:00","3735","react_ccrs_mazeV1_t2_20260625_141909.log","73427","1","0","0","0","0","0"
"react-baseline-vs-ccrs-v1-t2","002-ccrs","react_ccrs_mazeV1_t2","1260","1260","2026-06-25T13:31:02.049+00:00","3381","react_ccrs_mazeV1_t2_20260625_141909.log","73512","1","0","0","0","0","0"
"react-baseline-vs-ccrs-v1-t2","002-ccrs","react_ccrs_mazeV1_t2","1261","1261","2026-06-25T13:31:05.629+00:00","3580","react_ccrs_mazeV1_t2_20260625_141909.log","73597","1","0","0","0","0","0"
"react-baseline-vs-ccrs-v1-t2","002-ccrs","react_ccrs_mazeV1_t2","1262","1262","2026-06-25T13:31:08.903+00:00","3274","react_ccrs_mazeV1_t2_20260625_141909.log","73682","1","0","0","0","0","0"
"react-baseline-vs-ccrs-v1-t2","002-ccrs","react_ccrs_mazeV1_t2","1263","1263","2026-06-25T13:31:12.526+00:00","3623","react_ccrs_mazeV1_t2_20260625_141909.log","73767","1","0","0","0","0","0"
"react-baseline-vs-ccrs-v1-t2","002-ccrs","react_ccrs_mazeV1_t2","1264","1264","2026-06-25T13:31:19.789+00:00","7263","react_ccrs_mazeV1_t2_20260625_141909.log","73852","1","0","0","0","0","0"
"react-baseline-vs-ccrs-v1-t2","002-ccrs","react_ccrs_mazeV1_t2","1265","1265","2026-06-25T13:31:27.624+00:00","7835","react_ccrs_mazeV1_t2_20260625_141909.log","73937","1","0","0","0","0","0"
"react-baseline-vs-ccrs-v1-t2","002-ccrs","react_ccrs_mazeV1_t2","1266","1266","2026-06-25T13:31:31.142+00:00","3518","react_ccrs_mazeV1_t2_20260625_141909.log","74022","1","0","0","0","0","0"
"react-baseline-vs-ccrs-v1-t2","002-ccrs","react_ccrs_mazeV1_t2","1267","1267","2026-06-25T13:31:34.286+00:00","3144","react_ccrs_mazeV1_t2_20260625_141909.log","74107","1","0","0","0","0","0"
"react-baseline-vs-ccrs-v1-t2","002-ccrs","react_ccrs_mazeV1_t2","1268","1268","2026-06-25T13:31:37.724+00:00","3438","react_ccrs_mazeV1_t2_20260625_141909.log","74192","1","0","0","0","0","0"
"react-baseline-vs-ccrs-v1-t2","002-ccrs","react_ccrs_mazeV1_t2","1269","1269","2026-06-25T13:31:41.132+00:00","3408","react_ccrs_mazeV1_t2_20260625_141909.log","74277","1","0","0","0","0","0"
"react-baseline-vs-ccrs-v1-t2","002-ccrs","react_ccrs_mazeV1_t2","1270","1270","2026-06-25T13:31:45.452+00:00","4320","react_ccrs_mazeV1_t2_20260625_141909.log","74362","1","0","0","0","0","0"
"react-baseline-vs-ccrs-v1-t2","002-ccrs","react_ccrs_mazeV1_t2","1271","1271","2026-06-25T13:31:48.575+00:00","3123","react_ccrs_mazeV1_t2_20260625_141909.log","74374","1","0","0","0","0","0"
"react-baseline-vs-ccrs-v1-t2","002-ccrs","react_ccrs_mazeV1_t2","1272","1272","2026-06-25T13:31:52.285+00:00","3710","react_ccrs_mazeV1_t2_20260625_141909.log","74497","1","0","0","0","0","0"
"react-baseline-vs-ccrs-v1-t2","002-ccrs","react_ccrs_mazeV1_t2","1273","1273","2026-06-25T13:31:56.299+00:00","4014","react_ccrs_mazeV1_t2_20260625_141909.log","74620","1","0","0","0","0","0"
"react-baseline-vs-ccrs-v1-t2","002-ccrs","react_ccrs_mazeV1_t2","1274","1274","2026-06-25T13:31:59.728+00:00","3429","react_ccrs_mazeV1_t2_20260625_141909.log","74743","1","0","0","0","0","0"
"react-baseline-vs-ccrs-v1-t2","002-ccrs","react_ccrs_mazeV1_t2","1275","1275","2026-06-25T13:32:03.288+00:00","3560","react_ccrs_mazeV1_t2_20260625_141909.log","74866","1","0","0","0","0","0"
"react-baseline-vs-ccrs-v1-t2","002-ccrs","react_ccrs_mazeV1_t2","1276","1276","2026-06-25T13:32:06.843+00:00","3555","react_ccrs_mazeV1_t2_20260625_141909.log","74989","1","0","0","0","0","0"
"react-baseline-vs-ccrs-v1-t2","002-ccrs","react_ccrs_mazeV1_t2","1277","1277","2026-06-25T13:32:13.051+00:00","6208","react_ccrs_mazeV1_t2_20260625_141909.log","75112","1","0","0","0","0","0"
"react-baseline-vs-ccrs-v1-t2","002-ccrs","react_ccrs_mazeV1_t2","1278","1278","2026-06-25T13:32:16.556+00:00","3505","react_ccrs_mazeV1_t2_20260625_141909.log","75235","1","0","0","0","0","0"
"react-baseline-vs-ccrs-v1-t2","002-ccrs","react_ccrs_mazeV1_t2","1279","1279","2026-06-25T13:32:20.472+00:00","3916","react_ccrs_mazeV1_t2_20260625_141909.log","75358","1","0","0","0","0","0"
"react-baseline-vs-ccrs-v1-t2","002-ccrs","react_ccrs_mazeV1_t2","1280","1280","2026-06-25T13:32:24.629+00:00","4157","react_ccrs_mazeV1_t2_20260625_141909.log","75481","1","0","0","0","0","0"
"react-baseline-vs-ccrs-v1-t2","002-ccrs","react_ccrs_mazeV1_t2","1281","1281","2026-06-25T13:32:28.098+00:00","3469","react_ccrs_mazeV1_t2_20260625_141909.log","75604","1","0","0","0","0","0"
"react-baseline-vs-ccrs-v1-t2","002-ccrs","react_ccrs_mazeV1_t2","1282","1282","2026-06-25T13:32:31.650+00:00","3552","react_ccrs_mazeV1_t2_20260625_141909.log","75727","1","0","0","0","0","0"
"react-baseline-vs-ccrs-v1-t2","002-ccrs","react_ccrs_mazeV1_t2","1283","1283","2026-06-25T13:32:36.521+00:00","4871","react_ccrs_mazeV1_t2_20260625_141909.log","75850","1","0","0","0","0","0"
"react-baseline-vs-ccrs-v1-t2","002-ccrs","react_ccrs_mazeV1_t2","1284","1284","2026-06-25T13:32:39.963+00:00","3442","react_ccrs_mazeV1_t2_20260625_141909.log","75862","1","0","0","0","0","0"
"react-baseline-vs-ccrs-v1-t2","002-ccrs","react_ccrs_mazeV1_t2","1285","1285","2026-06-25T13:32:43.567+00:00","3604","react_ccrs_mazeV1_t2_20260625_141909.log","75947","1","0","0","0","0","0"
"react-baseline-vs-ccrs-v1-t2","002-ccrs","react_ccrs_mazeV1_t2","1286","1286","2026-06-25T13:32:46.679+00:00","3112","react_ccrs_mazeV1_t2_20260625_141909.log","76032","1","0","0","0","0","0"
"react-baseline-vs-ccrs-v1-t2","002-ccrs","react_ccrs_mazeV1_t2","1287","1287","2026-06-25T13:32:50.544+00:00","3865","react_ccrs_mazeV1_t2_20260625_141909.log","76117","1","0","0","0","0","0"
"react-baseline-vs-ccrs-v1-t2","002-ccrs","react_ccrs_mazeV1_t2","1288","1288","2026-06-25T13:32:53.515+00:00","2971","react_ccrs_mazeV1_t2_20260625_141909.log","76202","1","0","0","0","0","0"
"react-baseline-vs-ccrs-v1-t2","002-ccrs","react_ccrs_mazeV1_t2","1289","1289","2026-06-25T13:32:57.942+00:00","4427","react_ccrs_mazeV1_t2_20260625_141909.log","76287","1","0","0","0","0","0"
"react-baseline-vs-ccrs-v1-t2","002-ccrs","react_ccrs_mazeV1_t2","1290","1290","2026-06-25T13:33:01.632+00:00","3690","react_ccrs_mazeV1_t2_20260625_141909.log","76372","1","0","0","0","0","0"
"react-baseline-vs-ccrs-v1-t2","002-ccrs","react_ccrs_mazeV1_t2","1291","1291","2026-06-25T13:33:05.241+00:00","3609","react_ccrs_mazeV1_t2_20260625_141909.log","76457","1","0","0","0","0","0"
"react-baseline-vs-ccrs-v1-t2","002-ccrs","react_ccrs_mazeV1_t2","1292","1292","2026-06-25T13:33:08.415+00:00","3174","react_ccrs_mazeV1_t2_20260625_141909.log","76474","1","0","0","0","0","0"
"react-baseline-vs-ccrs-v1-t2","002-ccrs","react_ccrs_mazeV1_t2","1293","1293","2026-06-25T13:33:11.830+00:00","3415","react_ccrs_mazeV1_t2_20260625_141909.log","76559","1","0","0","0","0","0"
"react-baseline-vs-ccrs-v1-t2","002-ccrs","react_ccrs_mazeV1_t2","1294","1294","2026-06-25T13:33:15.586+00:00","3756","react_ccrs_mazeV1_t2_20260625_141909.log","76644","1","0","0","0","0","0"
"react-baseline-vs-ccrs-v1-t2","002-ccrs","react_ccrs_mazeV1_t2","1295","1295","2026-06-25T13:33:19.163+00:00","3577","react_ccrs_mazeV1_t2_20260625_141909.log","76729","1","0","0","0","0","0"
"react-baseline-vs-ccrs-v1-t2","002-ccrs","react_ccrs_mazeV1_t2","1296","1296","2026-06-25T13:33:23.413+00:00","4250","react_ccrs_mazeV1_t2_20260625_141909.log","76814","1","0","0","0","0","0"
"react-baseline-vs-ccrs-v1-t2","002-ccrs","react_ccrs_mazeV1_t2","1297","1297","2026-06-25T13:33:27.176+00:00","3763","react_ccrs_mazeV1_t2_20260625_141909.log","76899","1","0","0","0","0","0"
"react-baseline-vs-ccrs-v1-t2","002-ccrs","react_ccrs_mazeV1_t2","1298","1298","2026-06-25T13:33:30.879+00:00","3703","react_ccrs_mazeV1_t2_20260625_141909.log","76984","1","0","0","0","0","0"
"react-baseline-vs-ccrs-v1-t2","002-ccrs","react_ccrs_mazeV1_t2","1299","1299","2026-06-25T13:33:34.446+00:00","3567","react_ccrs_mazeV1_t2_20260625_141909.log","77069","1","0","0","0","0","0"
"react-baseline-vs-ccrs-v1-t2","002-ccrs","react_ccrs_mazeV1_t2","1300","1300","2026-06-25T13:33:38.016+00:00","3570","react_ccrs_mazeV1_t2_20260625_141909.log","77154","1","0","0","0","0","0"
"react-baseline-vs-ccrs-v1-t2","002-ccrs","react_ccrs_mazeV1_t2","1301","1301","2026-06-25T13:33:42.478+00:00","4462","react_ccrs_mazeV1_t2_20260625_141909.log","77171","1","0","0","0","0","0"
"react-baseline-vs-ccrs-v1-t2","002-ccrs","react_ccrs_mazeV1_t2","1302","1302","2026-06-25T13:33:46.384+00:00","3906","react_ccrs_mazeV1_t2_20260625_141909.log","77256","1","0","0","0","0","0"
"react-baseline-vs-ccrs-v1-t2","002-ccrs","react_ccrs_mazeV1_t2","1303","1303","2026-06-25T13:33:49.916+00:00","3532","react_ccrs_mazeV1_t2_20260625_141909.log","77273","1","0","0","0","0","0"
"react-baseline-vs-ccrs-v1-t2","002-ccrs","react_ccrs_mazeV1_t2","1304","1304","2026-06-25T13:33:54.493+00:00","4577","react_ccrs_mazeV1_t2_20260625_141909.log","77358","1","0","0","0","0","0"
"react-baseline-vs-ccrs-v1-t2","002-ccrs","react_ccrs_mazeV1_t2","1305","1305","2026-06-25T13:33:59.546+00:00","5053","react_ccrs_mazeV1_t2_20260625_141909.log","77443","1","0","0","0","0","0"
"react-baseline-vs-ccrs-v1-t2","002-ccrs","react_ccrs_mazeV1_t2","1306","1306","2026-06-25T13:34:04.198+00:00","4652","react_ccrs_mazeV1_t2_20260625_141909.log","77528","1","0","0","0","0","0"
"react-baseline-vs-ccrs-v1-t2","002-ccrs","react_ccrs_mazeV1_t2","1307","1307","2026-06-25T13:34:10.041+00:00","5843","react_ccrs_mazeV1_t2_20260625_141909.log","77613","1","0","0","0","0","0"
"react-baseline-vs-ccrs-v1-t2","002-ccrs","react_ccrs_mazeV1_t2","1308","1308","2026-06-25T13:34:13.371+00:00","3330","react_ccrs_mazeV1_t2_20260625_141909.log","77630","1","0","0","0","0","0"
"react-baseline-vs-ccrs-v1-t2","002-ccrs","react_ccrs_mazeV1_t2","1309","1309","2026-06-25T13:34:17.824+00:00","4453","react_ccrs_mazeV1_t2_20260625_141909.log","77715","1","0","0","0","0","0"
"react-baseline-vs-ccrs-v1-t2","002-ccrs","react_ccrs_mazeV1_t2","1310","1310","2026-06-25T13:34:22.401+00:00","4577","react_ccrs_mazeV1_t2_20260625_141909.log","77727","1","0","0","0","0","0"
"react-baseline-vs-ccrs-v1-t2","002-ccrs","react_ccrs_mazeV1_t2","1311","1311","2026-06-25T13:34:25.832+00:00","3431","react_ccrs_mazeV1_t2_20260625_141909.log","77812","1","0","0","0","0","0"
"react-baseline-vs-ccrs-v1-t2","002-ccrs","react_ccrs_mazeV1_t2","1312","1312","2026-06-25T13:34:31.512+00:00","5680","react_ccrs_mazeV1_t2_20260625_141909.log","77897","1","0","0","0","0","0"
"react-baseline-vs-ccrs-v1-t2","002-ccrs","react_ccrs_mazeV1_t2","1313","1313","2026-06-25T13:34:34.944+00:00","3432","react_ccrs_mazeV1_t2_20260625_141909.log","77982","1","0","0","0","0","0"
"react-baseline-vs-ccrs-v1-t2","002-ccrs","react_ccrs_mazeV1_t2","1314","1314","2026-06-25T13:34:40.686+00:00","5742","react_ccrs_mazeV1_t2_20260625_141909.log","78067","1","0","0","0","0","0"
"react-baseline-vs-ccrs-v1-t2","002-ccrs","react_ccrs_mazeV1_t2","1315","1315","2026-06-25T13:34:43.886+00:00","3200","react_ccrs_mazeV1_t2_20260625_141909.log","78079","1","0","0","0","0","0"
"react-baseline-vs-ccrs-v1-t2","002-ccrs","react_ccrs_mazeV1_t2","1316","1316","2026-06-25T13:34:47.779+00:00","3893","react_ccrs_mazeV1_t2_20260625_141909.log","78164","1","0","0","0","0","0"
"react-baseline-vs-ccrs-v1-t2","002-ccrs","react_ccrs_mazeV1_t2","1317","1317","2026-06-25T13:34:50.942+00:00","3163","react_ccrs_mazeV1_t2_20260625_141909.log","78249","1","0","0","0","0","0"
"react-baseline-vs-ccrs-v1-t2","002-ccrs","react_ccrs_mazeV1_t2","1318","1318","2026-06-25T13:34:56.118+00:00","5176","react_ccrs_mazeV1_t2_20260625_141909.log","78334","1","0","0","0","0","0"
"react-baseline-vs-ccrs-v1-t2","002-ccrs","react_ccrs_mazeV1_t2","1319","1319","2026-06-25T13:34:59.677+00:00","3559","react_ccrs_mazeV1_t2_20260625_141909.log","78419","1","0","0","0","0","0"
"react-baseline-vs-ccrs-v1-t2","002-ccrs","react_ccrs_mazeV1_t2","1320","1320","2026-06-25T13:35:03.102+00:00","3425","react_ccrs_mazeV1_t2_20260625_141909.log","78504","1","0","0","0","0","0"
"react-baseline-vs-ccrs-v1-t2","002-ccrs","react_ccrs_mazeV1_t2","1321","1321","2026-06-25T13:35:06.532+00:00","3430","react_ccrs_mazeV1_t2_20260625_141909.log","78589","1","0","0","0","0","0"
"react-baseline-vs-ccrs-v1-t2","002-ccrs","react_ccrs_mazeV1_t2","1322","1322","2026-06-25T13:35:13.238+00:00","6706","react_ccrs_mazeV1_t2_20260625_141909.log","78606","1","0","0","0","0","0"
"react-baseline-vs-ccrs-v1-t2","002-ccrs","react_ccrs_mazeV1_t2","1323","1323","2026-06-25T13:35:16.680+00:00","3442","react_ccrs_mazeV1_t2_20260625_141909.log","78618","1","0","0","0","0","0"
"react-baseline-vs-ccrs-v1-t2","002-ccrs","react_ccrs_mazeV1_t2","1324","1324","2026-06-25T13:35:38.078+00:00","21398","react_ccrs_mazeV1_t2_20260625_141909.log","78703","1","0","0","0","0","0"
"react-baseline-vs-ccrs-v1-t2","002-ccrs","react_ccrs_mazeV1_t2","1325","1325","2026-06-25T13:35:41.799+00:00","3721","react_ccrs_mazeV1_t2_20260625_141909.log","78788","1","0","0","0","0","0"
"react-baseline-vs-ccrs-v1-t2","002-ccrs","react_ccrs_mazeV1_t2","1326","1326","2026-06-25T13:35:45.372+00:00","3573","react_ccrs_mazeV1_t2_20260625_141909.log","78873","1","0","0","0","0","0"
"react-baseline-vs-ccrs-v1-t2","002-ccrs","react_ccrs_mazeV1_t2","1327","1327","2026-06-25T13:35:52.139+00:00","6767","react_ccrs_mazeV1_t2_20260625_141909.log","78958","1","0","0","0","0","0"
"react-baseline-vs-ccrs-v1-t2","002-ccrs","react_ccrs_mazeV1_t2","1328","1328","2026-06-25T13:36:01.651+00:00","9512","react_ccrs_mazeV1_t2_20260625_141909.log","79043","1","0","0","0","0","0"
"react-baseline-vs-ccrs-v1-t2","002-ccrs","react_ccrs_mazeV1_t2","1329","1329","2026-06-25T13:36:24.358+00:00","22707","react_ccrs_mazeV1_t2_20260625_141909.log","79128","1","0","0","0","0","0"
"react-baseline-vs-ccrs-v1-t2","002-ccrs","react_ccrs_mazeV1_t2","1330","1330","2026-06-25T13:36:46.060+00:00","21702","react_ccrs_mazeV1_t2_20260625_141909.log","79213","1","0","0","0","0","0"
"react-baseline-vs-ccrs-v1-t2","002-ccrs","react_ccrs_mazeV1_t2","1331","1331","2026-06-25T13:36:49.881+00:00","3821","react_ccrs_mazeV1_t2_20260625_141909.log","79298","1","0","0","0","0","0"
"react-baseline-vs-ccrs-v1-t2","002-ccrs","react_ccrs_mazeV1_t2","1332","1332","2026-06-25T13:36:53.185+00:00","3304","react_ccrs_mazeV1_t2_20260625_141909.log","79383","1","0","0","0","0","0"
"react-baseline-vs-ccrs-v1-t2","002-ccrs","react_ccrs_mazeV1_t2","1333","1333","2026-06-25T13:36:56.579+00:00","3394","react_ccrs_mazeV1_t2_20260625_141909.log","79468","1","0","0","0","0","0"
"react-baseline-vs-ccrs-v1-t2","002-ccrs","react_ccrs_mazeV1_t2","1334","1334","2026-06-25T13:37:00.347+00:00","3768","react_ccrs_mazeV1_t2_20260625_141909.log","79553","1","0","0","0","0","0"
"react-baseline-vs-ccrs-v1-t2","002-ccrs","react_ccrs_mazeV1_t2","1335","1335","2026-06-25T13:37:07.582+00:00","7235","react_ccrs_mazeV1_t2_20260625_141909.log","79638","1","0","0","0","0","0"
"react-baseline-vs-ccrs-v1-t2","002-ccrs","react_ccrs_mazeV1_t2","1336","1336","2026-06-25T13:37:11.401+00:00","3819","react_ccrs_mazeV1_t2_20260625_141909.log","79723","1","0","0","0","0","0"
"react-baseline-vs-ccrs-v1-t2","002-ccrs","react_ccrs_mazeV1_t2","1337","1337","2026-06-25T13:37:14.764+00:00","3363","react_ccrs_mazeV1_t2_20260625_141909.log","79808","1","0","0","0","0","0"
"react-baseline-vs-ccrs-v1-t2","002-ccrs","react_ccrs_mazeV1_t2","1338","1338","2026-06-25T13:37:28.769+00:00","14005","react_ccrs_mazeV1_t2_20260625_141909.log","79893","1","0","0","0","0","0"
"react-baseline-vs-ccrs-v1-t2","002-ccrs","react_ccrs_mazeV1_t2","1339","1339","2026-06-25T13:37:32.300+00:00","3531","react_ccrs_mazeV1_t2_20260625_141909.log","79978","1","0","0","0","0","0"
"react-baseline-vs-ccrs-v1-t2","002-ccrs","react_ccrs_mazeV1_t2","1340","1340","2026-06-25T13:37:36.017+00:00","3717","react_ccrs_mazeV1_t2_20260625_141909.log","80063","1","0","0","0","0","0"
"react-baseline-vs-ccrs-v1-t2","002-ccrs","react_ccrs_mazeV1_t2","1341","1341","2026-06-25T13:37:54.209+00:00","18192","react_ccrs_mazeV1_t2_20260625_141909.log","80148","1","0","0","0","0","0"
"react-baseline-vs-ccrs-v1-t2","002-ccrs","react_ccrs_mazeV1_t2","1342","1342","2026-06-25T13:38:01.101+00:00","6892","react_ccrs_mazeV1_t2_20260625_141909.log","80233","1","0","0","0","0","0"
"react-baseline-vs-ccrs-v1-t2","002-ccrs","react_ccrs_mazeV1_t2","1343","1343","2026-06-25T13:38:11.372+00:00","10271","react_ccrs_mazeV1_t2_20260625_141909.log","80250","1","0","0","0","0","0"
"react-baseline-vs-ccrs-v1-t2","002-ccrs","react_ccrs_mazeV1_t2","1344","1344","2026-06-25T13:38:14.908+00:00","3536","react_ccrs_mazeV1_t2_20260625_141909.log","80262","1","0","0","0","0","0"
"react-baseline-vs-ccrs-v1-t2","002-ccrs","react_ccrs_mazeV1_t2","1345","1345","2026-06-25T13:38:19.649+00:00","4741","react_ccrs_mazeV1_t2_20260625_141909.log","80366","1","0","0","0","0","0"
"react-baseline-vs-ccrs-v1-t2","002-ccrs","react_ccrs_mazeV1_t2","1346","1346","2026-06-25T13:38:30.875+00:00","11226","react_ccrs_mazeV1_t2_20260625_141909.log","80378","1","0","0","0","0","0"
"react-baseline-vs-ccrs-v1-t2","002-ccrs","react_ccrs_mazeV1_t2","1347","1347","2026-06-25T13:38:34.565+00:00","3690","react_ccrs_mazeV1_t2_20260625_141909.log","80463","1","0","0","0","0","0"
"react-baseline-vs-ccrs-v1-t2","002-ccrs","react_ccrs_mazeV1_t2","1348","1348","2026-06-25T13:38:40.573+00:00","6008","react_ccrs_mazeV1_t2_20260625_141909.log","80548","1","0","0","0","0","0"
"react-baseline-vs-ccrs-v1-t2","002-ccrs","react_ccrs_mazeV1_t2","1349","1349","2026-06-25T13:38:45.342+00:00","4769","react_ccrs_mazeV1_t2_20260625_141909.log","80633","1","0","0","0","0","0"
"react-baseline-vs-ccrs-v1-t2","002-ccrs","react_ccrs_mazeV1_t2","1350","1350","2026-06-25T13:38:52.436+00:00","7094","react_ccrs_mazeV1_t2_20260625_141909.log","80718","1","0","0","0","0","0"
"react-baseline-vs-ccrs-v1-t2","002-ccrs","react_ccrs_mazeV1_t2","1351","1351","2026-06-25T13:38:56.805+00:00","4369","react_ccrs_mazeV1_t2_20260625_141909.log","80803","1","0","0","0","0","0"
"react-baseline-vs-ccrs-v1-t2","002-ccrs","react_ccrs_mazeV1_t2","1352","1352","2026-06-25T13:39:01.585+00:00","4780","react_ccrs_mazeV1_t2_20260625_141909.log","80888","1","0","0","0","0","0"
"react-baseline-vs-ccrs-v1-t2","002-ccrs","react_ccrs_mazeV1_t2","1353","1353","2026-06-25T13:39:05.932+00:00","4347","react_ccrs_mazeV1_t2_20260625_141909.log","80973","1","0","0","0","0","0"
"react-baseline-vs-ccrs-v1-t2","002-ccrs","react_ccrs_mazeV1_t2","1354","1354","2026-06-25T13:39:09.292+00:00","3360","react_ccrs_mazeV1_t2_20260625_141909.log","81058","1","0","0","0","0","0"
"react-baseline-vs-ccrs-v1-t2","002-ccrs","react_ccrs_mazeV1_t2","1355","1355","2026-06-25T13:39:17.064+00:00","7772","react_ccrs_mazeV1_t2_20260625_141909.log","81143","1","0","0","0","0","0"
"react-baseline-vs-ccrs-v1-t2","002-ccrs","react_ccrs_mazeV1_t2","1356","1356","2026-06-25T13:39:20.334+00:00","3270","react_ccrs_mazeV1_t2_20260625_141909.log","81155","1","0","0","0","0","0"
"react-baseline-vs-ccrs-v1-t2","002-ccrs","react_ccrs_mazeV1_t2","1357","1357","2026-06-25T13:39:27.240+00:00","6906","react_ccrs_mazeV1_t2_20260625_141909.log","81259","1","0","0","0","0","0"
"react-baseline-vs-ccrs-v1-t2","002-ccrs","react_ccrs_mazeV1_t2","1358","1358","2026-06-25T13:39:30.765+00:00","3525","react_ccrs_mazeV1_t2_20260625_141909.log","81363","1","0","0","0","0","0"
"react-baseline-vs-ccrs-v1-t2","002-ccrs","react_ccrs_mazeV1_t2","1359","1359","2026-06-25T13:39:34.342+00:00","3577","react_ccrs_mazeV1_t2_20260625_141909.log","81467","1","0","0","0","0","0"
"react-baseline-vs-ccrs-v1-t2","002-ccrs","react_ccrs_mazeV1_t2","1360","1360","2026-06-25T13:39:38.076+00:00","3734","react_ccrs_mazeV1_t2_20260625_141909.log","81571","1","0","0","0","0","0"
"react-baseline-vs-ccrs-v1-t2","002-ccrs","react_ccrs_mazeV1_t2","1361","1361","2026-06-25T13:39:41.569+00:00","3493","react_ccrs_mazeV1_t2_20260625_141909.log","81675","1","0","0","0","0","0"
"react-baseline-vs-ccrs-v1-t2","002-ccrs","react_ccrs_mazeV1_t2","1362","1362","2026-06-25T13:39:45.262+00:00","3693","react_ccrs_mazeV1_t2_20260625_141909.log","81779","1","0","0","0","0","0"
"react-baseline-vs-ccrs-v1-t2","002-ccrs","react_ccrs_mazeV1_t2","1363","1363","2026-06-25T13:39:48.813+00:00","3551","react_ccrs_mazeV1_t2_20260625_141909.log","81883","1","0","0","0","0","0"
"react-baseline-vs-ccrs-v1-t2","002-ccrs","react_ccrs_mazeV1_t2","1364","1364","2026-06-25T13:39:53.048+00:00","4235","react_ccrs_mazeV1_t2_20260625_141909.log","81900","1","0","0","0","0","0"
"react-baseline-vs-ccrs-v1-t2","002-ccrs","react_ccrs_mazeV1_t2","1365","1365","2026-06-25T13:39:56.253+00:00","3205","react_ccrs_mazeV1_t2_20260625_141909.log","81912","1","0","0","0","0","0"
"react-baseline-vs-ccrs-v1-t2","002-ccrs","react_ccrs_mazeV1_t2","1366","1366","2026-06-25T13:39:59.361+00:00","3108","react_ccrs_mazeV1_t2_20260625_141909.log","81997","1","0","0","0","0","0"
"react-baseline-vs-ccrs-v1-t2","002-ccrs","react_ccrs_mazeV1_t2","1367","1367","2026-06-25T13:40:02.285+00:00","2924","react_ccrs_mazeV1_t2_20260625_141909.log","82082","1","0","0","0","0","0"
"react-baseline-vs-ccrs-v1-t2","002-ccrs","react_ccrs_mazeV1_t2","1368","1368","2026-06-25T13:40:05.165+00:00","2880","react_ccrs_mazeV1_t2_20260625_141909.log","82167","1","0","0","0","0","0"
"react-baseline-vs-ccrs-v1-t2","002-ccrs","react_ccrs_mazeV1_t2","1369","1369","2026-06-25T13:40:11.177+00:00","6012","react_ccrs_mazeV1_t2_20260625_141909.log","82252","1","0","0","0","0","0"
"react-baseline-vs-ccrs-v1-t2","002-ccrs","react_ccrs_mazeV1_t2","1370","1370","2026-06-25T13:40:16.051+00:00","4874","react_ccrs_mazeV1_t2_20260625_141909.log","82337","1","0","0","0","0","0"
"react-baseline-vs-ccrs-v1-t2","002-ccrs","react_ccrs_mazeV1_t2","1371","1371","2026-06-25T13:40:21.888+00:00","5837","react_ccrs_mazeV1_t2_20260625_141909.log","82422","1","0","0","0","0","0"
"react-baseline-vs-ccrs-v1-t2","002-ccrs","react_ccrs_mazeV1_t2","1372","1372","2026-06-25T13:40:24.812+00:00","2924","react_ccrs_mazeV1_t2_20260625_141909.log","82507","1","0","0","0","0","0"
"react-baseline-vs-ccrs-v1-t2","002-ccrs","react_ccrs_mazeV1_t2","1373","1373","2026-06-25T13:40:29.137+00:00","4325","react_ccrs_mazeV1_t2_20260625_141909.log","82592","1","0","0","0","0","0"
"react-baseline-vs-ccrs-v1-t2","002-ccrs","react_ccrs_mazeV1_t2","1374","1374","2026-06-25T13:40:33.752+00:00","4615","react_ccrs_mazeV1_t2_20260625_141909.log","82677","1","0","0","0","0","0"
"react-baseline-vs-ccrs-v1-t2","002-ccrs","react_ccrs_mazeV1_t2","1375","1375","2026-06-25T13:40:36.295+00:00","2543","react_ccrs_mazeV1_t2_20260625_141909.log","82689","1","0","0","0","0","0"
"react-baseline-vs-ccrs-v1-t2","002-ccrs","react_ccrs_mazeV1_t2","1376","1376","2026-06-25T13:40:39.452+00:00","3157","react_ccrs_mazeV1_t2_20260625_141909.log","82793","1","0","0","0","0","0"
"react-baseline-vs-ccrs-v1-t2","002-ccrs","react_ccrs_mazeV1_t2","1377","1377","2026-06-25T13:40:43.956+00:00","4504","react_ccrs_mazeV1_t2_20260625_141909.log","82897","1","0","0","0","0","0"
"react-baseline-vs-ccrs-v1-t2","002-ccrs","react_ccrs_mazeV1_t2","1378","1378","2026-06-25T13:40:47.685+00:00","3729","react_ccrs_mazeV1_t2_20260625_141909.log","83001","1","0","0","0","0","0"
"react-baseline-vs-ccrs-v1-t2","002-ccrs","react_ccrs_mazeV1_t2","1379","1379","2026-06-25T13:40:52.681+00:00","4996","react_ccrs_mazeV1_t2_20260625_141909.log","83013","1","0","0","0","0","0"
"react-baseline-vs-ccrs-v1-t2","002-ccrs","react_ccrs_mazeV1_t2","1380","1380","2026-06-25T13:40:57.738+00:00","5057","react_ccrs_mazeV1_t2_20260625_141909.log","83098","1","0","0","0","0","0"
"react-baseline-vs-ccrs-v1-t2","002-ccrs","react_ccrs_mazeV1_t2","1381","1381","2026-06-25T13:41:01.415+00:00","3677","react_ccrs_mazeV1_t2_20260625_141909.log","83183","1","0","0","0","0","0"
"react-baseline-vs-ccrs-v1-t2","002-ccrs","react_ccrs_mazeV1_t2","1382","1382","2026-06-25T13:41:04.806+00:00","3391","react_ccrs_mazeV1_t2_20260625_141909.log","83268","1","0","0","0","0","0"
"react-baseline-vs-ccrs-v1-t2","002-ccrs","react_ccrs_mazeV1_t2","1383","1383","2026-06-25T13:41:08.136+00:00","3330","react_ccrs_mazeV1_t2_20260625_141909.log","83353","1","0","0","0","0","0"
"react-baseline-vs-ccrs-v1-t2","002-ccrs","react_ccrs_mazeV1_t2","1384","1384","2026-06-25T13:41:12.703+00:00","4567","react_ccrs_mazeV1_t2_20260625_141909.log","83438","1","0","0","0","0","0"
"react-baseline-vs-ccrs-v1-t2","002-ccrs","react_ccrs_mazeV1_t2","1385","1385","2026-06-25T13:41:20.323+00:00","7620","react_ccrs_mazeV1_t2_20260625_141909.log","83523","1","0","0","0","0","0"
"react-baseline-vs-ccrs-v1-t2","002-ccrs","react_ccrs_mazeV1_t2","1386","1386","2026-06-25T13:41:23.787+00:00","3464","react_ccrs_mazeV1_t2_20260625_141909.log","83608","1","0","0","0","0","0"
"react-baseline-vs-ccrs-v1-t2","002-ccrs","react_ccrs_mazeV1_t2","1387","1387","2026-06-25T13:41:27.327+00:00","3540","react_ccrs_mazeV1_t2_20260625_141909.log","83693","1","0","0","0","0","0"
"react-baseline-vs-ccrs-v1-t2","002-ccrs","react_ccrs_mazeV1_t2","1388","1388","2026-06-25T13:41:30.835+00:00","3508","react_ccrs_mazeV1_t2_20260625_141909.log","83778","1","0","0","0","0","0"
"react-baseline-vs-ccrs-v1-t2","002-ccrs","react_ccrs_mazeV1_t2","1389","1389","2026-06-25T13:41:34.768+00:00","3933","react_ccrs_mazeV1_t2_20260625_141909.log","83863","1","0","0","0","0","0"
"react-baseline-vs-ccrs-v1-t2","002-ccrs","react_ccrs_mazeV1_t2","1390","1390","2026-06-25T13:41:38.516+00:00","3748","react_ccrs_mazeV1_t2_20260625_141909.log","83948","1","0","0","0","0","0"
"react-baseline-vs-ccrs-v1-t2","002-ccrs","react_ccrs_mazeV1_t2","1391","1391","2026-06-25T13:41:42.519+00:00","4003","react_ccrs_mazeV1_t2_20260625_141909.log","84033","1","0","0","0","0","0"
"react-baseline-vs-ccrs-v1-t2","002-ccrs","react_ccrs_mazeV1_t2","1392","1392","2026-06-25T13:41:45.916+00:00","3397","react_ccrs_mazeV1_t2_20260625_141909.log","84118","1","0","0","0","0","0"
"react-baseline-vs-ccrs-v1-t2","002-ccrs","react_ccrs_mazeV1_t2","1393","1393","2026-06-25T13:41:49.220+00:00","3304","react_ccrs_mazeV1_t2_20260625_141909.log","84203","1","0","0","0","0","0"
"react-baseline-vs-ccrs-v1-t2","002-ccrs","react_ccrs_mazeV1_t2","1394","1394","2026-06-25T13:41:52.676+00:00","3456","react_ccrs_mazeV1_t2_20260625_141909.log","84288","1","0","0","0","0","0"
"react-baseline-vs-ccrs-v1-t2","002-ccrs","react_ccrs_mazeV1_t2","1395","1395","2026-06-25T13:41:56.401+00:00","3725","react_ccrs_mazeV1_t2_20260625_141909.log","84373","1","0","0","0","0","0"
"react-baseline-vs-ccrs-v1-t2","002-ccrs","react_ccrs_mazeV1_t2","1396","1396","2026-06-25T13:41:59.796+00:00","3395","react_ccrs_mazeV1_t2_20260625_141909.log","84458","1","0","0","0","0","0"
"react-baseline-vs-ccrs-v1-t2","002-ccrs","react_ccrs_mazeV1_t2","1397","1397","2026-06-25T13:42:03.774+00:00","3978","react_ccrs_mazeV1_t2_20260625_141909.log","84543","1","0","0","0","0","0"
"react-baseline-vs-ccrs-v1-t2","002-ccrs","react_ccrs_mazeV1_t2","1398","1398","2026-06-25T13:42:07.344+00:00","3570","react_ccrs_mazeV1_t2_20260625_141909.log","84560","1","0","0","0","0","0"
"react-baseline-vs-ccrs-v1-t2","002-ccrs","react_ccrs_mazeV1_t2","1399","1399","2026-06-25T13:42:10.770+00:00","3426","react_ccrs_mazeV1_t2_20260625_141909.log","84577","1","0","0","0","0","0"
"react-baseline-vs-ccrs-v1-t2","002-ccrs","react_ccrs_mazeV1_t2","1400","1400","2026-06-25T13:42:14.757+00:00","3987","react_ccrs_mazeV1_t2_20260625_141909.log","84662","1","0","0","0","0","0"
"react-baseline-vs-ccrs-v1-t2","002-ccrs","react_ccrs_mazeV1_t2","1401","1401","2026-06-25T13:42:18.495+00:00","3738","react_ccrs_mazeV1_t2_20260625_141909.log","84747","1","0","0","0","0","0"
"react-baseline-vs-ccrs-v1-t2","002-ccrs","react_ccrs_mazeV1_t2","1402","1402","2026-06-25T13:42:24.869+00:00","6374","react_ccrs_mazeV1_t2_20260625_141909.log","84832","1","0","0","0","0","0"
"react-baseline-vs-ccrs-v1-t2","002-ccrs","react_ccrs_mazeV1_t2","1403","1403","2026-06-25T13:42:29.653+00:00","4784","react_ccrs_mazeV1_t2_20260625_141909.log","84849","1","0","0","0","0","0"
"react-baseline-vs-ccrs-v1-t2","002-ccrs","react_ccrs_mazeV1_t2","1404","1404","2026-06-25T13:42:34.014+00:00","4361","react_ccrs_mazeV1_t2_20260625_141909.log","84861","1","0","0","0","0","0"
"react-baseline-vs-ccrs-v1-t2","002-ccrs","react_ccrs_mazeV1_t2","1405","1405","2026-06-25T13:42:38.699+00:00","4685","react_ccrs_mazeV1_t2_20260625_141909.log","84965","1","0","0","0","0","0"
"react-baseline-vs-ccrs-v1-t2","002-ccrs","react_ccrs_mazeV1_t2","1406","1406","2026-06-25T13:42:46.132+00:00","7433","react_ccrs_mazeV1_t2_20260625_141909.log","84977","1","0","0","0","0","0"
"react-baseline-vs-ccrs-v1-t2","002-ccrs","react_ccrs_mazeV1_t2","1407","1407","2026-06-25T13:42:50.116+00:00","3984","react_ccrs_mazeV1_t2_20260625_141909.log","85065","1","0","0","0","0","0"
"react-baseline-vs-ccrs-v1-t2","002-ccrs","react_ccrs_mazeV1_t2","1408","1408","2026-06-25T13:42:53.714+00:00","3598","react_ccrs_mazeV1_t2_20260625_141909.log","85153","1","0","0","0","0","0"
"react-baseline-vs-ccrs-v1-t2","002-ccrs","react_ccrs_mazeV1_t2","1409","1409","2026-06-25T13:43:00.263+00:00","6549","react_ccrs_mazeV1_t2_20260625_141909.log","85241","1","0","0","0","0","0"
"react-baseline-vs-ccrs-v1-t2","002-ccrs","react_ccrs_mazeV1_t2","1410","1410","2026-06-25T13:43:06.702+00:00","6439","react_ccrs_mazeV1_t2_20260625_141909.log","85329","1","0","0","0","0","0"
"react-baseline-vs-ccrs-v1-t2","002-ccrs","react_ccrs_mazeV1_t2","1411","1411","2026-06-25T13:43:10.405+00:00","3703","react_ccrs_mazeV1_t2_20260625_141909.log","85341","1","0","0","0","0","0"
"react-baseline-vs-ccrs-v1-t2","002-ccrs","react_ccrs_mazeV1_t2","1412","1412","2026-06-25T13:43:13.876+00:00","3471","react_ccrs_mazeV1_t2_20260625_141909.log","85410","1","0","0","0","0","0"
"react-baseline-vs-ccrs-v1-t2","002-ccrs","react_ccrs_mazeV1_t2","1413","1413","2026-06-25T13:43:18.022+00:00","4146","react_ccrs_mazeV1_t2_20260625_141909.log","85479","1","0","0","0","0","0"
"react-baseline-vs-ccrs-v1-t2","002-ccrs","react_ccrs_mazeV1_t2","1414","1414","2026-06-25T13:43:21.371+00:00","3349","react_ccrs_mazeV1_t2_20260625_141909.log","85548","1","0","0","0","0","0"
"react-baseline-vs-ccrs-v1-t2","002-ccrs","react_ccrs_mazeV1_t2","1415","1415","2026-06-25T13:43:25.443+00:00","4072","react_ccrs_mazeV1_t2_20260625_141909.log","85617","1","0","0","0","0","0"
"react-baseline-vs-ccrs-v1-t2","002-ccrs","react_ccrs_mazeV1_t2","1416","1416","2026-06-25T13:43:28.932+00:00","3489","react_ccrs_mazeV1_t2_20260625_141909.log","85686","1","0","0","0","0","0"
"react-baseline-vs-ccrs-v1-t2","002-ccrs","react_ccrs_mazeV1_t2","1417","1417","2026-06-25T13:43:34.033+00:00","5101","react_ccrs_mazeV1_t2_20260625_141909.log","85755","1","0","0","0","0","0"
"react-baseline-vs-ccrs-v1-t2","002-ccrs","react_ccrs_mazeV1_t2","1418","1418","2026-06-25T13:43:37.487+00:00","3454","react_ccrs_mazeV1_t2_20260625_141909.log","85824","1","0","0","0","0","0"
"react-baseline-vs-ccrs-v1-t2","002-ccrs","react_ccrs_mazeV1_t2","1419","1419","2026-06-25T13:43:41.131+00:00","3644","react_ccrs_mazeV1_t2_20260625_141909.log","85893","1","0","0","0","0","0"
"react-baseline-vs-ccrs-v1-t2","002-ccrs","react_ccrs_mazeV1_t2","1420","1420","2026-06-25T13:43:44.516+00:00","3385","react_ccrs_mazeV1_t2_20260625_141909.log","85962","1","0","0","0","0","0"
"react-baseline-vs-ccrs-v1-t2","002-ccrs","react_ccrs_mazeV1_t2","1421","1421","2026-06-25T13:43:47.771+00:00","3255","react_ccrs_mazeV1_t2_20260625_141909.log","86031","1","0","0","0","0","0"
"react-baseline-vs-ccrs-v1-t2","002-ccrs","react_ccrs_mazeV1_t2","1422","1422","2026-06-25T13:43:51.233+00:00","3462","react_ccrs_mazeV1_t2_20260625_141909.log","86100","1","0","0","0","0","0"
"react-baseline-vs-ccrs-v1-t2","002-ccrs","react_ccrs_mazeV1_t2","1423","1423","2026-06-25T13:43:54.629+00:00","3396","react_ccrs_mazeV1_t2_20260625_141909.log","86169","1","0","0","0","0","0"
"react-baseline-vs-ccrs-v1-t2","002-ccrs","react_ccrs_mazeV1_t2","1424","1424","2026-06-25T13:43:57.997+00:00","3368","react_ccrs_mazeV1_t2_20260625_141909.log","86238","1","0","0","0","0","0"
"react-baseline-vs-ccrs-v1-t2","002-ccrs","react_ccrs_mazeV1_t2","1425","1425","2026-06-25T13:44:01.333+00:00","3336","react_ccrs_mazeV1_t2_20260625_141909.log","86307","1","0","0","0","0","0"
"react-baseline-vs-ccrs-v1-t2","002-ccrs","react_ccrs_mazeV1_t2","1426","1426","2026-06-25T13:44:04.344+00:00","3011","react_ccrs_mazeV1_t2_20260625_141909.log","86376","1","0","0","0","0","0"
"react-baseline-vs-ccrs-v1-t2","002-ccrs","react_ccrs_mazeV1_t2","1427","1427","2026-06-25T13:44:07.875+00:00","3531","react_ccrs_mazeV1_t2_20260625_141909.log","86445","1","0","0","0","0","0"
"react-baseline-vs-ccrs-v1-t2","002-ccrs","react_ccrs_mazeV1_t2","1428","1428","2026-06-25T13:44:11.084+00:00","3209","react_ccrs_mazeV1_t2_20260625_141909.log","86514","1","0","0","0","0","0"
"react-baseline-vs-ccrs-v1-t2","002-ccrs","react_ccrs_mazeV1_t2","1429","1429","2026-06-25T13:44:15.180+00:00","4096","react_ccrs_mazeV1_t2_20260625_141909.log","86583","1","0","0","0","0","0"
"react-baseline-vs-ccrs-v1-t2","002-ccrs","react_ccrs_mazeV1_t2","1430","1430","2026-06-25T13:44:20.096+00:00","4916","react_ccrs_mazeV1_t2_20260625_141909.log","86652","1","0","0","0","0","0"
"react-baseline-vs-ccrs-v1-t2","002-ccrs","react_ccrs_mazeV1_t2","1431","1431","2026-06-25T13:44:23.490+00:00","3394","react_ccrs_mazeV1_t2_20260625_141909.log","86721","1","0","0","0","0","0"
"react-baseline-vs-ccrs-v1-t2","002-ccrs","react_ccrs_mazeV1_t2","1432","1432","2026-06-25T13:44:27.033+00:00","3543","react_ccrs_mazeV1_t2_20260625_141909.log","86790","1","0","0","0","0","0"
"react-baseline-vs-ccrs-v1-t2","002-ccrs","react_ccrs_mazeV1_t2","1433","1433","2026-06-25T13:44:30.278+00:00","3245","react_ccrs_mazeV1_t2_20260625_141909.log","86859","1","0","0","0","0","0"
"react-baseline-vs-ccrs-v1-t2","002-ccrs","react_ccrs_mazeV1_t2","1434","1434","2026-06-25T13:44:33.616+00:00","3338","react_ccrs_mazeV1_t2_20260625_141909.log","86928","1","0","0","0","0","0"
"react-baseline-vs-ccrs-v1-t2","002-ccrs","react_ccrs_mazeV1_t2","1435","1435","2026-06-25T13:44:38.718+00:00","5102","react_ccrs_mazeV1_t2_20260625_141909.log","86997","1","0","0","0","0","0"
"react-baseline-vs-ccrs-v1-t2","002-ccrs","react_ccrs_mazeV1_t2","1436","1436","2026-06-25T13:44:42.684+00:00","3966","react_ccrs_mazeV1_t2_20260625_141909.log","87066","1","0","0","0","0","0"
"react-baseline-vs-ccrs-v1-t2","002-ccrs","react_ccrs_mazeV1_t2","1437","1437","2026-06-25T13:44:46.015+00:00","3331","react_ccrs_mazeV1_t2_20260625_141909.log","87135","1","0","0","0","0","0"
"react-baseline-vs-ccrs-v1-t2","002-ccrs","react_ccrs_mazeV1_t2","1438","1438","2026-06-25T13:44:49.845+00:00","3830","react_ccrs_mazeV1_t2_20260625_141909.log","87204","1","0","0","0","0","0"
"react-baseline-vs-ccrs-v1-t2","002-ccrs","react_ccrs_mazeV1_t2","1439","1439","2026-06-25T13:44:59.179+00:00","9334","react_ccrs_mazeV1_t2_20260625_141909.log","87273","1","0","0","0","0","0"
"react-baseline-vs-ccrs-v1-t2","002-ccrs","react_ccrs_mazeV1_t2","1440","1440","2026-06-25T13:45:03.261+00:00","4082","react_ccrs_mazeV1_t2_20260625_141909.log","87342","1","0","0","0","0","0"
"react-baseline-vs-ccrs-v1-t2","002-ccrs","react_ccrs_mazeV1_t2","1441","1441","2026-06-25T13:45:06.232+00:00","2971","react_ccrs_mazeV1_t2_20260625_141909.log","87354","1","0","0","0","0","0"
"react-baseline-vs-ccrs-v1-t2","002-ccrs","react_ccrs_mazeV1_t2","1442","1442","2026-06-25T13:45:09.978+00:00","3746","react_ccrs_mazeV1_t2_20260625_141909.log","87442","1","0","0","0","0","0"
"react-baseline-vs-ccrs-v1-t2","002-ccrs","react_ccrs_mazeV1_t2","1443","1443","2026-06-25T13:45:15.794+00:00","5816","react_ccrs_mazeV1_t2_20260625_141909.log","87530","1","0","0","0","0","0"
"react-baseline-vs-ccrs-v1-t2","002-ccrs","react_ccrs_mazeV1_t2","1444","1444","2026-06-25T13:45:27.554+00:00","11760","react_ccrs_mazeV1_t2_20260625_141909.log","87618","1","0","0","0","0","0"
"react-baseline-vs-ccrs-v1-t2","002-ccrs","react_ccrs_mazeV1_t2","1445","1445","2026-06-25T13:45:30.754+00:00","3200","react_ccrs_mazeV1_t2_20260625_141909.log","87630","1","0","0","0","0","0"
"react-baseline-vs-ccrs-v1-t2","002-ccrs","react_ccrs_mazeV1_t2","1446","1446","2026-06-25T13:45:34.259+00:00","3505","react_ccrs_mazeV1_t2_20260625_141909.log","87718","1","0","0","0","0","0"
"react-baseline-vs-ccrs-v1-t2","002-ccrs","react_ccrs_mazeV1_t2","1447","1447","2026-06-25T13:45:37.475+00:00","3216","react_ccrs_mazeV1_t2_20260625_141909.log","87806","1","0","0","0","0","0"
"react-baseline-vs-ccrs-v1-t2","002-ccrs","react_ccrs_mazeV1_t2","1448","1448","2026-06-25T13:45:40.948+00:00","3473","react_ccrs_mazeV1_t2_20260625_141909.log","87894","1","0","0","0","0","0"
"react-baseline-vs-ccrs-v1-t2","002-ccrs","react_ccrs_mazeV1_t2","1449","1449","2026-06-25T13:45:44.256+00:00","3308","react_ccrs_mazeV1_t2_20260625_141909.log","87982","1","0","0","0","0","0"
"react-baseline-vs-ccrs-v1-t2","002-ccrs","react_ccrs_mazeV1_t2","1450","1450","2026-06-25T13:45:47.810+00:00","3554","react_ccrs_mazeV1_t2_20260625_141909.log","88070","1","0","0","0","0","0"
"react-baseline-vs-ccrs-v1-t2","002-ccrs","react_ccrs_mazeV1_t2","1451","1451","2026-06-25T13:45:50.854+00:00","3044","react_ccrs_mazeV1_t2_20260625_141909.log","88087","1","0","0","0","0","0"
"react-baseline-vs-ccrs-v1-t2","002-ccrs","react_ccrs_mazeV1_t2","1452","1452","2026-06-25T13:45:54.444+00:00","3590","react_ccrs_mazeV1_t2_20260625_141909.log","88175","1","0","0","0","0","0"
"react-baseline-vs-ccrs-v1-t2","002-ccrs","react_ccrs_mazeV1_t2","1453","1453","2026-06-25T13:45:58.716+00:00","4272","react_ccrs_mazeV1_t2_20260625_141909.log","88192","1","0","0","0","0","0"
"react-baseline-vs-ccrs-v1-t2","002-ccrs","react_ccrs_mazeV1_t2","1454","1454","2026-06-25T13:46:21.956+00:00","23240","react_ccrs_mazeV1_t2_20260625_141909.log","88413","1","0","0","0","0","0"
"react-baseline-vs-ccrs-v1-t2","002-ccrs","react_ccrs_mazeV1_t2","1455","1455","2026-06-25T13:46:27.974+00:00","6018","react_ccrs_mazeV1_t2_20260625_141909.log","88425","1","0","0","0","0","0"
"react-baseline-vs-ccrs-v1-t2","002-ccrs","react_ccrs_mazeV1_t2","1456","1456","2026-06-25T13:46:31.515+00:00","3541","react_ccrs_mazeV1_t2_20260625_141909.log","88513","1","0","0","0","0","0"
"react-baseline-vs-ccrs-v1-t2","002-ccrs","react_ccrs_mazeV1_t2","1457","1457","2026-06-25T13:46:35.044+00:00","3529","react_ccrs_mazeV1_t2_20260625_141909.log","88601","1","0","0","0","0","0"
"react-baseline-vs-ccrs-v1-t2","002-ccrs","react_ccrs_mazeV1_t2","1458","1458","2026-06-25T13:46:38.371+00:00","3327","react_ccrs_mazeV1_t2_20260625_141909.log","88689","1","0","0","0","0","0"
"react-baseline-vs-ccrs-v1-t2","002-ccrs","react_ccrs_mazeV1_t2","1459","1459","2026-06-25T13:46:41.846+00:00","3475","react_ccrs_mazeV1_t2_20260625_141909.log","88777","1","0","0","0","0","0"
"react-baseline-vs-ccrs-v1-t2","002-ccrs","react_ccrs_mazeV1_t2","1460","1460","2026-06-25T13:46:45.394+00:00","3548","react_ccrs_mazeV1_t2_20260625_141909.log","88794","1","0","0","0","0","0"
"react-baseline-vs-ccrs-v1-t2","002-ccrs","react_ccrs_mazeV1_t2","1461","1461","2026-06-25T13:46:49.312+00:00","3918","react_ccrs_mazeV1_t2_20260625_141909.log","88811","1","0","0","0","0","0"
"react-baseline-vs-ccrs-v1-t2","002-ccrs","react_ccrs_mazeV1_t2","1462","1462","2026-06-25T13:46:52.993+00:00","3681","react_ccrs_mazeV1_t2_20260625_141909.log","88899","1","0","0","0","0","0"
"react-baseline-vs-ccrs-v1-t2","002-ccrs","react_ccrs_mazeV1_t2","1463","1463","2026-06-25T13:46:56.312+00:00","3319","react_ccrs_mazeV1_t2_20260625_141909.log","88916","1","0","0","0","0","0"
"react-baseline-vs-ccrs-v1-t2","002-ccrs","react_ccrs_mazeV1_t2","1464","1464","2026-06-25T13:46:59.477+00:00","3165","react_ccrs_mazeV1_t2_20260625_141909.log","89004","1","0","0","0","0","0"
"react-baseline-vs-ccrs-v1-t2","002-ccrs","react_ccrs_mazeV1_t2","1465","1465","2026-06-25T13:47:04.514+00:00","5037","react_ccrs_mazeV1_t2_20260625_141909.log","89021","1","0","0","0","0","0"
"react-baseline-vs-ccrs-v1-t2","002-ccrs","react_ccrs_mazeV1_t2","1466","1466","2026-06-25T13:47:07.874+00:00","3360","react_ccrs_mazeV1_t2_20260625_141909.log","89109","1","0","0","0","0","0"
"react-baseline-vs-ccrs-v1-t2","002-ccrs","react_ccrs_mazeV1_t2","1467","1467","2026-06-25T13:47:11.324+00:00","3450","react_ccrs_mazeV1_t2_20260625_141909.log","89197","1","0","0","0","0","0"
"react-baseline-vs-ccrs-v1-t2","002-ccrs","react_ccrs_mazeV1_t2","1468","1468","2026-06-25T13:47:14.512+00:00","3188","react_ccrs_mazeV1_t2_20260625_141909.log","89285","1","0","0","0","0","0"
"react-baseline-vs-ccrs-v1-t2","002-ccrs","react_ccrs_mazeV1_t2","1469","1469","2026-06-25T13:47:18.201+00:00","3689","react_ccrs_mazeV1_t2_20260625_141909.log","89373","1","0","0","0","0","0"
"react-baseline-vs-ccrs-v1-t2","002-ccrs","react_ccrs_mazeV1_t2","1470","1470","2026-06-25T13:47:21.796+00:00","3595","react_ccrs_mazeV1_t2_20260625_141909.log","89390","1","0","0","0","0","0"
"react-baseline-vs-ccrs-v1-t2","002-ccrs","react_ccrs_mazeV1_t2","1471","1471","2026-06-25T13:47:25.489+00:00","3693","react_ccrs_mazeV1_t2_20260625_141909.log","89478","1","0","0","0","0","0"
"react-baseline-vs-ccrs-v1-t2","002-ccrs","react_ccrs_mazeV1_t2","1472","1472","2026-06-25T13:47:30.718+00:00","5229","react_ccrs_mazeV1_t2_20260625_141909.log","89566","1","0","0","0","0","0"
"react-baseline-vs-ccrs-v1-t2","002-ccrs","react_ccrs_mazeV1_t2","1473","1473","2026-06-25T13:47:34.432+00:00","3714","react_ccrs_mazeV1_t2_20260625_141909.log","89654","1","0","0","0","0","0"
"react-baseline-vs-ccrs-v1-t2","002-ccrs","react_ccrs_mazeV1_t2","1474","1474","2026-06-25T13:47:38.928+00:00","4496","react_ccrs_mazeV1_t2_20260625_141909.log","89742","1","0","0","0","0","0"
"react-baseline-vs-ccrs-v1-t2","002-ccrs","react_ccrs_mazeV1_t2","1475","1475","2026-06-25T13:47:42.331+00:00","3403","react_ccrs_mazeV1_t2_20260625_141909.log","89830","1","0","0","0","0","0"
"react-baseline-vs-ccrs-v1-t2","002-ccrs","react_ccrs_mazeV1_t2","1476","1476","2026-06-25T13:47:45.937+00:00","3606","react_ccrs_mazeV1_t2_20260625_141909.log","89918","1","0","0","0","0","0"
"react-baseline-vs-ccrs-v1-t2","002-ccrs","react_ccrs_mazeV1_t2","1477","1477","2026-06-25T13:47:50.514+00:00","4577","react_ccrs_mazeV1_t2_20260625_141909.log","90006","1","0","0","0","0","0"
"react-baseline-vs-ccrs-v1-t2","002-ccrs","react_ccrs_mazeV1_t2","1478","1478","2026-06-25T13:47:56.490+00:00","5976","react_ccrs_mazeV1_t2_20260625_141909.log","90094","1","0","0","0","0","0"
"react-baseline-vs-ccrs-v1-t2","002-ccrs","react_ccrs_mazeV1_t2","1479","1479","2026-06-25T13:47:59.701+00:00","3211","react_ccrs_mazeV1_t2_20260625_141909.log","90111","1","0","0","0","0","0"
"react-baseline-vs-ccrs-v1-t2","002-ccrs","react_ccrs_mazeV1_t2","1480","1480","2026-06-25T13:48:03.070+00:00","3369","react_ccrs_mazeV1_t2_20260625_141909.log","90199","1","0","0","0","0","0"
"react-baseline-vs-ccrs-v1-t2","002-ccrs","react_ccrs_mazeV1_t2","1481","1481","2026-06-25T13:48:06.367+00:00","3297","react_ccrs_mazeV1_t2_20260625_141909.log","90287","1","0","0","0","0","0"
"react-baseline-vs-ccrs-v1-t2","002-ccrs","react_ccrs_mazeV1_t2","1482","1482","2026-06-25T13:48:09.954+00:00","3587","react_ccrs_mazeV1_t2_20260625_141909.log","90375","1","0","0","0","0","0"
"react-baseline-vs-ccrs-v1-t2","002-ccrs","react_ccrs_mazeV1_t2","1483","1483","2026-06-25T13:48:13.577+00:00","3623","react_ccrs_mazeV1_t2_20260625_141909.log","90463","1","0","0","0","0","0"
"react-baseline-vs-ccrs-v1-t2","002-ccrs","react_ccrs_mazeV1_t2","1484","1484","2026-06-25T13:48:17.903+00:00","4326","react_ccrs_mazeV1_t2_20260625_141909.log","90551","1","0","0","0","0","0"
"react-baseline-vs-ccrs-v1-t2","002-ccrs","react_ccrs_mazeV1_t2","1485","1485","2026-06-25T13:48:21.312+00:00","3409","react_ccrs_mazeV1_t2_20260625_141909.log","90563","1","0","0","0","0","0"
"react-baseline-vs-ccrs-v1-t2","002-ccrs","react_ccrs_mazeV1_t2","1486","1486","2026-06-25T13:48:24.927+00:00","3615","react_ccrs_mazeV1_t2_20260625_141909.log","90651","1","0","0","0","0","0"
"react-baseline-vs-ccrs-v1-t2","002-ccrs","react_ccrs_mazeV1_t2","1487","1487","2026-06-25T13:48:28.548+00:00","3621","react_ccrs_mazeV1_t2_20260625_141909.log","90739","1","0","0","0","0","0"
"react-baseline-vs-ccrs-v1-t2","002-ccrs","react_ccrs_mazeV1_t2","1488","1488","2026-06-25T13:48:31.892+00:00","3344","react_ccrs_mazeV1_t2_20260625_141909.log","90827","1","0","0","0","0","0"
"react-baseline-vs-ccrs-v1-t2","002-ccrs","react_ccrs_mazeV1_t2","1489","1489","2026-06-25T13:48:35.245+00:00","3353","react_ccrs_mazeV1_t2_20260625_141909.log","90915","1","0","0","0","0","0"
"react-baseline-vs-ccrs-v1-t2","002-ccrs","react_ccrs_mazeV1_t2","1490","1490","2026-06-25T13:48:38.605+00:00","3360","react_ccrs_mazeV1_t2_20260625_141909.log","91003","1","0","0","0","0","0"
"react-baseline-vs-ccrs-v1-t2","002-ccrs","react_ccrs_mazeV1_t2","1491","1491","2026-06-25T13:48:42.840+00:00","4235","react_ccrs_mazeV1_t2_20260625_141909.log","91020","1","0","0","0","0","0"
"react-baseline-vs-ccrs-v1-t2","002-ccrs","react_ccrs_mazeV1_t2","1492","1492","2026-06-25T13:48:49.078+00:00","6238","react_ccrs_mazeV1_t2_20260625_141909.log","91032","1","0","0","0","0","0"
"react-baseline-vs-ccrs-v1-t2","002-ccrs","react_ccrs_mazeV1_t2","1493","1493","2026-06-25T13:48:52.605+00:00","3527","react_ccrs_mazeV1_t2_20260625_141909.log","91120","1","0","0","0","0","0"
"react-baseline-vs-ccrs-v1-t2","002-ccrs","react_ccrs_mazeV1_t2","1494","1494","2026-06-25T13:48:56.393+00:00","3788","react_ccrs_mazeV1_t2_20260625_141909.log","91208","1","0","0","0","0","0"
"react-baseline-vs-ccrs-v1-t2","002-ccrs","react_ccrs_mazeV1_t2","1495","1495","2026-06-25T13:49:04.497+00:00","8104","react_ccrs_mazeV1_t2_20260625_141909.log","91296","1","0","0","0","0","0"
"react-baseline-vs-ccrs-v1-t2","002-ccrs","react_ccrs_mazeV1_t2","1496","1496","2026-06-25T13:49:08.299+00:00","3802","react_ccrs_mazeV1_t2_20260625_141909.log","91384","1","0","0","0","0","0"
"react-baseline-vs-ccrs-v1-t2","002-ccrs","react_ccrs_mazeV1_t2","1497","1497","2026-06-25T13:49:11.985+00:00","3686","react_ccrs_mazeV1_t2_20260625_141909.log","91472","1","0","0","0","0","0"
"react-baseline-vs-ccrs-v1-t2","002-ccrs","react_ccrs_mazeV1_t2","1498","1498","2026-06-25T13:49:15.713+00:00","3728","react_ccrs_mazeV1_t2_20260625_141909.log","91560","1","0","0","0","0","0"
"react-baseline-vs-ccrs-v1-t2","002-ccrs","react_ccrs_mazeV1_t2","1499","1499","2026-06-25T13:49:19.282+00:00","3569","react_ccrs_mazeV1_t2_20260625_141909.log","91648","1","0","0","0","0","0"
"react-baseline-vs-ccrs-v1-t2","002-ccrs","react_ccrs_mazeV1_t2","1500","1500","2026-06-25T13:49:23.043+00:00","3761","react_ccrs_mazeV1_t2_20260625_141909.log","91736","1","0","0","0","0","0"
"react-baseline-vs-ccrs-v1-t2","002-ccrs","react_ccrs_mazeV1_t2","1501","1501","2026-06-25T13:49:26.895+00:00","3852","react_ccrs_mazeV1_t2_20260625_141909.log","91824","1","0","0","0","0","0"
"react-baseline-vs-ccrs-v1-t2","002-ccrs","react_ccrs_mazeV1_t2","1502","1502","2026-06-25T13:49:30.520+00:00","3625","react_ccrs_mazeV1_t2_20260625_141909.log","91912","1","0","0","0","0","0"
"react-baseline-vs-ccrs-v1-t2","002-ccrs","react_ccrs_mazeV1_t2","1503","1503","2026-06-25T13:49:33.958+00:00","3438","react_ccrs_mazeV1_t2_20260625_141909.log","92000","1","0","0","0","0","0"
"react-baseline-vs-ccrs-v1-t2","002-ccrs","react_ccrs_mazeV1_t2","1504","1504","2026-06-25T13:49:37.564+00:00","3606","react_ccrs_mazeV1_t2_20260625_141909.log","92088","1","0","0","0","0","0"
"react-baseline-vs-ccrs-v1-t2","002-ccrs","react_ccrs_mazeV1_t2","1505","1505","2026-06-25T13:49:41.147+00:00","3583","react_ccrs_mazeV1_t2_20260625_141909.log","92176","1","0","0","0","0","0"
"react-baseline-vs-ccrs-v1-t2","002-ccrs","react_ccrs_mazeV1_t2","1506","1506","2026-06-25T13:49:44.669+00:00","3522","react_ccrs_mazeV1_t2_20260625_141909.log","92264","1","0","0","0","0","0"
"react-baseline-vs-ccrs-v1-t2","002-ccrs","react_ccrs_mazeV1_t2","1507","1507","2026-06-25T13:49:48.478+00:00","3809","react_ccrs_mazeV1_t2_20260625_141909.log","92352","1","0","0","0","0","0"
"react-baseline-vs-ccrs-v1-t2","002-ccrs","react_ccrs_mazeV1_t2","1508","1508","2026-06-25T13:49:54.413+00:00","5935","react_ccrs_mazeV1_t2_20260625_141909.log","92440","1","0","0","0","0","0"
"react-baseline-vs-ccrs-v1-t2","002-ccrs","react_ccrs_mazeV1_t2","1509","1509","2026-06-25T13:49:59.151+00:00","4738","react_ccrs_mazeV1_t2_20260625_141909.log","92457","1","0","0","0","0","0"
"react-baseline-vs-ccrs-v1-t2","002-ccrs","react_ccrs_mazeV1_t2","1510","1510","2026-06-25T13:50:02.850+00:00","3699","react_ccrs_mazeV1_t2_20260625_141909.log","92545","1","0","0","0","0","0"
"react-baseline-vs-ccrs-v1-t2","002-ccrs","react_ccrs_mazeV1_t2","1511","1511","2026-06-25T13:50:06.868+00:00","4018","react_ccrs_mazeV1_t2_20260625_141909.log","92633","1","0","0","0","0","0"
"react-baseline-vs-ccrs-v1-t2","002-ccrs","react_ccrs_mazeV1_t2","1512","1512","2026-06-25T13:50:10.655+00:00","3787","react_ccrs_mazeV1_t2_20260625_141909.log","92721","1","0","0","0","0","0"
"react-baseline-vs-ccrs-v1-t2","002-ccrs","react_ccrs_mazeV1_t2","1513","1513","2026-06-25T13:50:14.234+00:00","3579","react_ccrs_mazeV1_t2_20260625_141909.log","92809","1","0","0","0","0","0"
"react-baseline-vs-ccrs-v1-t2","002-ccrs","react_ccrs_mazeV1_t2","1514","1514","2026-06-25T13:50:20.448+00:00","6214","react_ccrs_mazeV1_t2_20260625_141909.log","92826","1","0","0","0","0","0"
"react-baseline-vs-ccrs-v1-t2","002-ccrs","react_ccrs_mazeV1_t2","1515","1515","2026-06-25T13:50:24.333+00:00","3885","react_ccrs_mazeV1_t2_20260625_141909.log","92838","1","0","0","0","0","0"
"react-baseline-vs-ccrs-v1-t2","002-ccrs","react_ccrs_mazeV1_t2","1516","1516","2026-06-25T13:50:28.459+00:00","4126","react_ccrs_mazeV1_t2_20260625_141909.log","92942","1","0","0","0","0","0"
"react-baseline-vs-ccrs-v1-t2","002-ccrs","react_ccrs_mazeV1_t2","1517","1517","2026-06-25T13:50:33.794+00:00","5335","react_ccrs_mazeV1_t2_20260625_141909.log","93046","1","0","0","0","0","0"
"react-baseline-vs-ccrs-v1-t2","002-ccrs","react_ccrs_mazeV1_t2","1518","1518","2026-06-25T13:50:37.115+00:00","3321","react_ccrs_mazeV1_t2_20260625_141909.log","93058","1","0","0","0","0","0"
"react-baseline-vs-ccrs-v1-t2","002-ccrs","react_ccrs_mazeV1_t2","1519","1519","2026-06-25T13:50:43.182+00:00","6067","react_ccrs_mazeV1_t2_20260625_141909.log","93143","1","0","0","0","0","0"
"react-baseline-vs-ccrs-v1-t2","002-ccrs","react_ccrs_mazeV1_t2","1520","1520","2026-06-25T13:50:47.196+00:00","4014","react_ccrs_mazeV1_t2_20260625_141909.log","93228","1","0","0","0","0","0"
"react-baseline-vs-ccrs-v1-t2","002-ccrs","react_ccrs_mazeV1_t2","1521","1521","2026-06-25T13:50:51.356+00:00","4160","react_ccrs_mazeV1_t2_20260625_141909.log","93313","1","0","0","0","0","0"
"react-baseline-vs-ccrs-v1-t2","002-ccrs","react_ccrs_mazeV1_t2","1522","1522","2026-06-25T13:50:54.878+00:00","3522","react_ccrs_mazeV1_t2_20260625_141909.log","93398","1","0","0","0","0","0"
"react-baseline-vs-ccrs-v1-t2","002-ccrs","react_ccrs_mazeV1_t2","1523","1523","2026-06-25T13:50:58.531+00:00","3653","react_ccrs_mazeV1_t2_20260625_141909.log","93483","1","0","0","0","0","0"
"react-baseline-vs-ccrs-v1-t2","002-ccrs","react_ccrs_mazeV1_t2","1524","1524","2026-06-25T13:51:03.099+00:00","4568","react_ccrs_mazeV1_t2_20260625_141909.log","93500","1","0","0","0","0","0"
"react-baseline-vs-ccrs-v1-t2","002-ccrs","react_ccrs_mazeV1_t2","1525","1525","2026-06-25T13:51:06.944+00:00","3845","react_ccrs_mazeV1_t2_20260625_141909.log","93512","1","0","0","0","0","0"
"react-baseline-vs-ccrs-v1-t2","002-ccrs","react_ccrs_mazeV1_t2","1526","1526","2026-06-25T13:51:10.472+00:00","3528","react_ccrs_mazeV1_t2_20260625_141909.log","93597","1","0","0","0","0","0"
"react-baseline-vs-ccrs-v1-t2","002-ccrs","react_ccrs_mazeV1_t2","1527","1527","2026-06-25T13:51:14.284+00:00","3812","react_ccrs_mazeV1_t2_20260625_141909.log","93682","1","0","0","0","0","0"
"react-baseline-vs-ccrs-v1-t2","002-ccrs","react_ccrs_mazeV1_t2","1528","1528","2026-06-25T13:51:17.880+00:00","3596","react_ccrs_mazeV1_t2_20260625_141909.log","93767","1","0","0","0","0","0"
"react-baseline-vs-ccrs-v1-t2","002-ccrs","react_ccrs_mazeV1_t2","1529","1529","2026-06-25T13:51:22.519+00:00","4639","react_ccrs_mazeV1_t2_20260625_141909.log","93852","1","0","0","0","0","0"
"react-baseline-vs-ccrs-v1-t2","002-ccrs","react_ccrs_mazeV1_t2","1530","1530","2026-06-25T13:51:26.639+00:00","4120","react_ccrs_mazeV1_t2_20260625_141909.log","93937","1","0","0","0","0","0"
"react-baseline-vs-ccrs-v1-t2","002-ccrs","react_ccrs_mazeV1_t2","1531","1531","2026-06-25T13:51:30.314+00:00","3675","react_ccrs_mazeV1_t2_20260625_141909.log","94022","1","0","0","0","0","0"
"react-baseline-vs-ccrs-v1-t2","002-ccrs","react_ccrs_mazeV1_t2","1532","1532","2026-06-25T13:51:33.792+00:00","3478","react_ccrs_mazeV1_t2_20260625_141909.log","94107","1","0","0","0","0","0"
"react-baseline-vs-ccrs-v1-t2","002-ccrs","react_ccrs_mazeV1_t2","1533","1533","2026-06-25T13:51:38.645+00:00","4853","react_ccrs_mazeV1_t2_20260625_141909.log","94124","1","0","0","0","0","0"
"react-baseline-vs-ccrs-v1-t2","002-ccrs","react_ccrs_mazeV1_t2","1534","1534","2026-06-25T13:51:42.014+00:00","3369","react_ccrs_mazeV1_t2_20260625_141909.log","94136","1","0","0","0","0","0"
"react-baseline-vs-ccrs-v1-t2","002-ccrs","react_ccrs_mazeV1_t2","1535","1535","2026-06-25T13:51:46.216+00:00","4202","react_ccrs_mazeV1_t2_20260625_141909.log","94221","1","0","0","0","0","0"
"react-baseline-vs-ccrs-v1-t2","002-ccrs","react_ccrs_mazeV1_t2","1536","1536","2026-06-25T13:51:50.562+00:00","4346","react_ccrs_mazeV1_t2_20260625_141909.log","94238","1","0","0","0","0","0"
"react-baseline-vs-ccrs-v1-t2","002-ccrs","react_ccrs_mazeV1_t2","1537","1537","2026-06-25T13:51:56.308+00:00","5746","react_ccrs_mazeV1_t2_20260625_141909.log","94250","1","0","0","0","0","0"
"react-baseline-vs-ccrs-v1-t2","002-ccrs","react_ccrs_mazeV1_t2","1538","1538","2026-06-25T13:52:00.748+00:00","4440","react_ccrs_mazeV1_t2_20260625_141909.log","94354","1","0","0","0","0","0"
"react-baseline-vs-ccrs-v1-t2","002-ccrs","react_ccrs_mazeV1_t2","1539","1539","2026-06-25T13:52:04.064+00:00","3316","react_ccrs_mazeV1_t2_20260625_141909.log","94366","1","0","0","0","0","0"
"react-baseline-vs-ccrs-v1-t2","002-ccrs","react_ccrs_mazeV1_t2","1540","1540","2026-06-25T13:52:08.154+00:00","4090","react_ccrs_mazeV1_t2_20260625_141909.log","94435","1","0","0","0","0","0"
"react-baseline-vs-ccrs-v1-t2","002-ccrs","react_ccrs_mazeV1_t2","1541","1541","2026-06-25T13:52:12.533+00:00","4379","react_ccrs_mazeV1_t2_20260625_141909.log","94504","1","0","0","0","0","0"
"react-baseline-vs-ccrs-v1-t2","002-ccrs","react_ccrs_mazeV1_t2","1542","1542","2026-06-25T13:52:15.925+00:00","3392","react_ccrs_mazeV1_t2_20260625_141909.log","94573","1","0","0","0","0","0"
"react-baseline-vs-ccrs-v1-t2","002-ccrs","react_ccrs_mazeV1_t2","1543","1543","2026-06-25T13:52:20.088+00:00","4163","react_ccrs_mazeV1_t2_20260625_141909.log","94642","1","0","0","0","0","0"
"react-baseline-vs-ccrs-v1-t2","002-ccrs","react_ccrs_mazeV1_t2","1544","1544","2026-06-25T13:52:32.242+00:00","12154","react_ccrs_mazeV1_t2_20260625_141909.log","94711","1","0","0","0","0","0"
"react-baseline-vs-ccrs-v1-t2","002-ccrs","react_ccrs_mazeV1_t2","1545","1545","2026-06-25T13:52:35.644+00:00","3402","react_ccrs_mazeV1_t2_20260625_141909.log","94780","1","0","0","0","0","0"
"react-baseline-vs-ccrs-v1-t2","002-ccrs","react_ccrs_mazeV1_t2","1546","1546","2026-06-25T13:52:39.314+00:00","3670","react_ccrs_mazeV1_t2_20260625_141909.log","94849","1","0","0","0","0","0"
"react-baseline-vs-ccrs-v1-t2","002-ccrs","react_ccrs_mazeV1_t2","1547","1547","2026-06-25T13:52:42.878+00:00","3564","react_ccrs_mazeV1_t2_20260625_141909.log","94918","1","0","0","0","0","0"
"react-baseline-vs-ccrs-v1-t2","002-ccrs","react_ccrs_mazeV1_t2","1548","1548","2026-06-25T13:52:46.149+00:00","3271","react_ccrs_mazeV1_t2_20260625_141909.log","94987","1","0","0","0","0","0"
"react-baseline-vs-ccrs-v1-t2","002-ccrs","react_ccrs_mazeV1_t2","1549","1549","2026-06-25T13:52:49.447+00:00","3298","react_ccrs_mazeV1_t2_20260625_141909.log","95056","1","0","0","0","0","0"
"react-baseline-vs-ccrs-v1-t2","002-ccrs","react_ccrs_mazeV1_t2","1550","1550","2026-06-25T13:52:53.332+00:00","3885","react_ccrs_mazeV1_t2_20260625_141909.log","95125","1","0","0","0","0","0"
"react-baseline-vs-ccrs-v1-t2","002-ccrs","react_ccrs_mazeV1_t2","1551","1551","2026-06-25T13:52:57.098+00:00","3766","react_ccrs_mazeV1_t2_20260625_141909.log","95194","1","0","0","0","0","0"
"react-baseline-vs-ccrs-v1-t2","002-ccrs","react_ccrs_mazeV1_t2","1552","1552","2026-06-25T13:53:00.594+00:00","3496","react_ccrs_mazeV1_t2_20260625_141909.log","95263","1","0","0","0","0","0"
"react-baseline-vs-ccrs-v1-t2","002-ccrs","react_ccrs_mazeV1_t2","1553","1553","2026-06-25T13:53:03.999+00:00","3405","react_ccrs_mazeV1_t2_20260625_141909.log","95332","1","0","0","0","0","0"
"react-baseline-vs-ccrs-v1-t2","002-ccrs","react_ccrs_mazeV1_t2","1554","1554","2026-06-25T13:53:07.777+00:00","3778","react_ccrs_mazeV1_t2_20260625_141909.log","95401","1","0","0","0","0","0"
"react-baseline-vs-ccrs-v1-t2","002-ccrs","react_ccrs_mazeV1_t2","1555","1555","2026-06-25T13:53:11.867+00:00","4090","react_ccrs_mazeV1_t2_20260625_141909.log","95470","1","0","0","0","0","0"
"react-baseline-vs-ccrs-v1-t2","002-ccrs","react_ccrs_mazeV1_t2","1556","1556","2026-06-25T13:53:15.339+00:00","3472","react_ccrs_mazeV1_t2_20260625_141909.log","95539","1","0","0","0","0","0"
"react-baseline-vs-ccrs-v1-t2","002-ccrs","react_ccrs_mazeV1_t2","1557","1557","2026-06-25T13:53:18.567+00:00","3228","react_ccrs_mazeV1_t2_20260625_141909.log","95608","1","0","0","0","0","0"
"react-baseline-vs-ccrs-v1-t2","002-ccrs","react_ccrs_mazeV1_t2","1558","1558","2026-06-25T13:53:22.031+00:00","3464","react_ccrs_mazeV1_t2_20260625_141909.log","95677","1","0","0","0","0","0"
"react-baseline-vs-ccrs-v1-t2","002-ccrs","react_ccrs_mazeV1_t2","1559","1559","2026-06-25T13:53:26.396+00:00","4365","react_ccrs_mazeV1_t2_20260625_141909.log","95746","1","0","0","0","0","0"
"react-baseline-vs-ccrs-v1-t2","002-ccrs","react_ccrs_mazeV1_t2","1560","1560","2026-06-25T13:53:30.467+00:00","4071","react_ccrs_mazeV1_t2_20260625_141909.log","95815","1","0","0","0","0","0"
"react-baseline-vs-ccrs-v1-t2","002-ccrs","react_ccrs_mazeV1_t2","1561","1561","2026-06-25T13:53:33.763+00:00","3296","react_ccrs_mazeV1_t2_20260625_141909.log","95884","1","0","0","0","0","0"
"react-baseline-vs-ccrs-v1-t2","002-ccrs","react_ccrs_mazeV1_t2","1562","1562","2026-06-25T13:53:37.437+00:00","3674","react_ccrs_mazeV1_t2_20260625_141909.log","95953","1","0","0","0","0","0"
"react-baseline-vs-ccrs-v1-t2","002-ccrs","react_ccrs_mazeV1_t2","1563","1563","2026-06-25T13:53:41.012+00:00","3575","react_ccrs_mazeV1_t2_20260625_141909.log","96022","1","0","0","0","0","0"
"react-baseline-vs-ccrs-v1-t2","002-ccrs","react_ccrs_mazeV1_t2","1564","1564","2026-06-25T13:53:44.222+00:00","3210","react_ccrs_mazeV1_t2_20260625_141909.log","96091","1","0","0","0","0","0"
"react-baseline-vs-ccrs-v1-t2","002-ccrs","react_ccrs_mazeV1_t2","1565","1565","2026-06-25T13:53:48.471+00:00","4249","react_ccrs_mazeV1_t2_20260625_141909.log","96160","1","0","0","0","0","0"
"react-baseline-vs-ccrs-v1-t2","002-ccrs","react_ccrs_mazeV1_t2","1566","1566","2026-06-25T13:53:53.598+00:00","5127","react_ccrs_mazeV1_t2_20260625_141909.log","96229","1","0","0","0","0","0"
"react-baseline-vs-ccrs-v1-t2","002-ccrs","react_ccrs_mazeV1_t2","1567","1567","2026-06-25T13:53:58.234+00:00","4636","react_ccrs_mazeV1_t2_20260625_141909.log","96298","1","0","0","0","0","0"
"react-baseline-vs-ccrs-v1-t2","002-ccrs","react_ccrs_mazeV1_t2","1568","1568","2026-06-25T13:54:01.509+00:00","3275","react_ccrs_mazeV1_t2_20260625_141909.log","96315","1","0","0","0","0","0"
"react-baseline-vs-ccrs-v1-t2","002-ccrs","react_ccrs_mazeV1_t2","1569","1569","2026-06-25T13:54:04.811+00:00","3302","react_ccrs_mazeV1_t2_20260625_141909.log","96332","1","0","0","0","0","0"
"react-baseline-vs-ccrs-v1-t2","002-ccrs","react_ccrs_mazeV1_t2","1570","1570","2026-06-25T13:54:08.794+00:00","3983","react_ccrs_mazeV1_t2_20260625_141909.log","96349","1","0","0","0","0","0"
"react-baseline-vs-ccrs-v1-t2","002-ccrs","react_ccrs_mazeV1_t2","1571","1571","2026-06-25T13:54:14.072+00:00","5278","react_ccrs_mazeV1_t2_20260625_141909.log","96361","1","0","0","0","0","0"
"react-baseline-vs-ccrs-v1-t2","002-ccrs","react_ccrs_mazeV1_t2","1572","1572","2026-06-25T13:54:17.253+00:00","3181","react_ccrs_mazeV1_t2_20260625_141909.log","96465","1","0","0","0","0","0"
"react-baseline-vs-ccrs-v1-t2","002-ccrs","react_ccrs_mazeV1_t2","1573","1573","2026-06-25T13:54:22.715+00:00","5462","react_ccrs_mazeV1_t2_20260625_141909.log","96569","1","0","0","0","0","0"
"react-baseline-vs-ccrs-v1-t2","002-ccrs","react_ccrs_mazeV1_t2","1574","1574","2026-06-25T13:54:26.050+00:00","3335","react_ccrs_mazeV1_t2_20260625_141909.log","96581","1","0","0","0","0","0"
"react-baseline-vs-ccrs-v1-t2","002-ccrs","react_ccrs_mazeV1_t2","1575","1575","2026-06-25T13:54:29.400+00:00","3350","react_ccrs_mazeV1_t2_20260625_141909.log","96666","1","0","0","0","0","0"
"react-baseline-vs-ccrs-v1-t2","002-ccrs","react_ccrs_mazeV1_t2","1576","1576","2026-06-25T13:54:33.274+00:00","3874","react_ccrs_mazeV1_t2_20260625_141909.log","96683","1","0","0","0","0","0"
"react-baseline-vs-ccrs-v1-t2","002-ccrs","react_ccrs_mazeV1_t2","1577","1577","2026-06-25T13:54:36.768+00:00","3494","react_ccrs_mazeV1_t2_20260625_141909.log","96695","1","0","0","0","0","0"
"react-baseline-vs-ccrs-v1-t2","002-ccrs","react_ccrs_mazeV1_t2","1578","1578","2026-06-25T13:54:41.370+00:00","4602","react_ccrs_mazeV1_t2_20260625_141909.log","96780","1","0","0","0","0","0"
"react-baseline-vs-ccrs-v1-t2","002-ccrs","react_ccrs_mazeV1_t2","1579","1579","2026-06-25T13:54:44.690+00:00","3320","react_ccrs_mazeV1_t2_20260625_141909.log","96792","1","0","0","0","0","0"
"react-baseline-vs-ccrs-v1-t2","002-ccrs","react_ccrs_mazeV1_t2","1580","1580","2026-06-25T13:54:48.665+00:00","3975","react_ccrs_mazeV1_t2_20260625_141909.log","96877","1","0","0","0","0","0"
"react-baseline-vs-ccrs-v1-t2","002-ccrs","react_ccrs_mazeV1_t2","1581","1581","2026-06-25T13:54:52.112+00:00","3447","react_ccrs_mazeV1_t2_20260625_141909.log","96889","1","0","0","0","0","0"
"react-baseline-vs-ccrs-v1-t2","002-ccrs","react_ccrs_mazeV1_t2","1582","1582","2026-06-25T13:54:55.649+00:00","3537","react_ccrs_mazeV1_t2_20260625_141909.log","96974","1","0","0","0","0","0"
"react-baseline-vs-ccrs-v1-t2","002-ccrs","react_ccrs_mazeV1_t2","1583","1583","2026-06-25T13:54:59.229+00:00","3580","react_ccrs_mazeV1_t2_20260625_141909.log","97059","1","0","0","0","0","0"
"react-baseline-vs-ccrs-v1-t2","002-ccrs","react_ccrs_mazeV1_t2","1584","1584","2026-06-25T13:55:02.872+00:00","3643","react_ccrs_mazeV1_t2_20260625_141909.log","97144","1","0","0","0","0","0"
"react-baseline-vs-ccrs-v1-t2","002-ccrs","react_ccrs_mazeV1_t2","1585","1585","2026-06-25T13:55:07.116+00:00","4244","react_ccrs_mazeV1_t2_20260625_141909.log","97161","1","0","0","0","0","0"
"react-baseline-vs-ccrs-v1-t2","002-ccrs","react_ccrs_mazeV1_t2","1586","1586","2026-06-25T13:55:10.345+00:00","3229","react_ccrs_mazeV1_t2_20260625_141909.log","97173","1","0","0","0","0","0"
"react-baseline-vs-ccrs-v1-t2","002-ccrs","react_ccrs_mazeV1_t2","1587","1587","2026-06-25T13:55:14.952+00:00","4607","react_ccrs_mazeV1_t2_20260625_141909.log","97258","1","0","0","0","0","0"
"react-baseline-vs-ccrs-v1-t2","002-ccrs","react_ccrs_mazeV1_t2","1588","1588","2026-06-25T13:55:19.023+00:00","4071","react_ccrs_mazeV1_t2_20260625_141909.log","97270","1","0","0","0","0","0"
"react-baseline-vs-ccrs-v1-t2","002-ccrs","react_ccrs_mazeV1_t2","1589","1589","2026-06-25T13:55:22.625+00:00","3602","react_ccrs_mazeV1_t2_20260625_141909.log","97358","1","0","0","0","0","0"
"react-baseline-vs-ccrs-v1-t2","002-ccrs","react_ccrs_mazeV1_t2","1590","1590","2026-06-25T13:55:26.107+00:00","3482","react_ccrs_mazeV1_t2_20260625_141909.log","97446","1","0","0","0","0","0"
"react-baseline-vs-ccrs-v1-t2","002-ccrs","react_ccrs_mazeV1_t2","1591","1591","2026-06-25T13:55:30.458+00:00","4351","react_ccrs_mazeV1_t2_20260625_141909.log","97463","1","0","0","0","0","0"
"react-baseline-vs-ccrs-v1-t2","002-ccrs","react_ccrs_mazeV1_t2","1592","1592","2026-06-25T13:55:33.886+00:00","3428","react_ccrs_mazeV1_t2_20260625_141909.log","97480","1","0","0","0","0","0"
"react-baseline-vs-ccrs-v1-t2","002-ccrs","react_ccrs_mazeV1_t2","1593","1593","2026-06-25T13:55:37.585+00:00","3699","react_ccrs_mazeV1_t2_20260625_141909.log","97568","1","0","0","0","0","0"
"react-baseline-vs-ccrs-v1-t2","002-ccrs","react_ccrs_mazeV1_t2","1594","1594","2026-06-25T13:55:41.164+00:00","3579","react_ccrs_mazeV1_t2_20260625_141909.log","97579","1","0","0","0","0","0"
"react-baseline-vs-ccrs-v1-t2","002-ccrs","react_ccrs_mazeV1_t2","1595","1595","2026-06-25T13:55:44.767+00:00","3603","react_ccrs_mazeV1_t2_20260625_141909.log","97667","1","0","0","0","0","0"
"react-baseline-vs-ccrs-v1-t2","002-ccrs","react_ccrs_mazeV1_t2","1596","1596","2026-06-25T13:55:48.107+00:00","3340","react_ccrs_mazeV1_t2_20260625_141909.log","97755","1","0","0","0","0","0"
"react-baseline-vs-ccrs-v1-t2","002-ccrs","react_ccrs_mazeV1_t2","1597","1597","2026-06-25T13:55:52.605+00:00","4498","react_ccrs_mazeV1_t2_20260625_141909.log","97843","1","0","0","0","0","0"
"react-baseline-vs-ccrs-v1-t2","002-ccrs","react_ccrs_mazeV1_t2","1598","1598","2026-06-25T13:55:56.026+00:00","3421","react_ccrs_mazeV1_t2_20260625_141909.log","97931","1","0","0","0","0","0"
"react-baseline-vs-ccrs-v1-t2","002-ccrs","react_ccrs_mazeV1_t2","1599","1599","2026-06-25T13:55:59.767+00:00","3741","react_ccrs_mazeV1_t2_20260625_141909.log","98019","1","0","0","0","0","0"
"react-baseline-vs-ccrs-v1-t2","002-ccrs","react_ccrs_mazeV1_t2","1600","1600","2026-06-25T13:56:04.185+00:00","4418","react_ccrs_mazeV1_t2_20260625_141909.log","98107","1","0","0","0","0","0"
"react-baseline-vs-ccrs-v1-t2","002-ccrs","react_ccrs_mazeV1_t2","1601","1601","2026-06-25T13:56:07.677+00:00","3492","react_ccrs_mazeV1_t2_20260625_141909.log","98195","1","0","0","0","0","0"
"react-baseline-vs-ccrs-v1-t2","002-ccrs","react_ccrs_mazeV1_t2","1602","1602","2026-06-25T13:56:11.229+00:00","3552","react_ccrs_mazeV1_t2_20260625_141909.log","98283","1","0","0","0","0","0"
"react-baseline-vs-ccrs-v1-t2","002-ccrs","react_ccrs_mazeV1_t2","1603","1603","2026-06-25T13:56:17.215+00:00","5986","react_ccrs_mazeV1_t2_20260625_141909.log","98300","1","0","0","0","0","0"
"react-baseline-vs-ccrs-v1-t2","002-ccrs","react_ccrs_mazeV1_t2","1604","1604","2026-06-25T13:56:21.091+00:00","3876","react_ccrs_mazeV1_t2_20260625_141909.log","98312","1","0","0","0","0","0"
"react-baseline-vs-ccrs-v1-t2","002-ccrs","react_ccrs_mazeV1_t2","1605","1605","2026-06-25T13:56:24.773+00:00","3682","react_ccrs_mazeV1_t2_20260625_141909.log","98419","1","0","0","0","0","0"
"react-baseline-vs-ccrs-v1-t2","002-ccrs","react_ccrs_mazeV1_t2","1606","1606","2026-06-25T13:56:28.627+00:00","3854","react_ccrs_mazeV1_t2_20260625_141909.log","98526","1","0","0","0","0","0"
"react-baseline-vs-ccrs-v1-t2","002-ccrs","react_ccrs_mazeV1_t2","1607","1607","2026-06-25T13:56:32.348+00:00","3721","react_ccrs_mazeV1_t2_20260625_141909.log","98633","1","0","0","0","0","0"
"react-baseline-vs-ccrs-v1-t2","002-ccrs","react_ccrs_mazeV1_t2","1608","1608","2026-06-25T13:56:36.312+00:00","3964","react_ccrs_mazeV1_t2_20260625_141909.log","98740","1","0","0","0","0","0"
"react-baseline-vs-ccrs-v1-t2","002-ccrs","react_ccrs_mazeV1_t2","1609","1609","2026-06-25T13:56:39.854+00:00","3542","react_ccrs_mazeV1_t2_20260625_141909.log","98847","1","0","0","0","0","0"
"react-baseline-vs-ccrs-v1-t2","002-ccrs","react_ccrs_mazeV1_t2","1610","1610","2026-06-25T13:56:43.513+00:00","3659","react_ccrs_mazeV1_t2_20260625_141909.log","98954","1","0","0","0","0","0"
"react-baseline-vs-ccrs-v1-t2","002-ccrs","react_ccrs_mazeV1_t2","1611","1611","2026-06-25T13:56:47.155+00:00","3642","react_ccrs_mazeV1_t2_20260625_141909.log","99061","1","0","0","0","0","0"
"react-baseline-vs-ccrs-v1-t2","002-ccrs","react_ccrs_mazeV1_t2","1612","1612","2026-06-25T13:56:50.835+00:00","3680","react_ccrs_mazeV1_t2_20260625_141909.log","99168","1","0","0","0","0","0"
"react-baseline-vs-ccrs-v1-t2","002-ccrs","react_ccrs_mazeV1_t2","1613","1613","2026-06-25T13:56:55.031+00:00","4196","react_ccrs_mazeV1_t2_20260625_141909.log","99275","1","0","0","0","0","0"
"react-baseline-vs-ccrs-v1-t2","002-ccrs","react_ccrs_mazeV1_t2","1614","1614","2026-06-25T13:56:59.429+00:00","4398","react_ccrs_mazeV1_t2_20260625_141909.log","99292","1","0","0","0","0","0"
"react-baseline-vs-ccrs-v1-t2","002-ccrs","react_ccrs_mazeV1_t2","1615","1615","2026-06-25T13:57:02.883+00:00","3454","react_ccrs_mazeV1_t2_20260625_141909.log","99304","1","0","0","0","0","0"
"react-baseline-vs-ccrs-v1-t2","002-ccrs","react_ccrs_mazeV1_t2","1616","1616","2026-06-25T13:57:06.615+00:00","3732","react_ccrs_mazeV1_t2_20260625_141909.log","99392","1","0","0","0","0","0"
"react-baseline-vs-ccrs-v1-t2","002-ccrs","react_ccrs_mazeV1_t2","1617","1617","2026-06-25T13:57:11.870+00:00","5255","react_ccrs_mazeV1_t2_20260625_141909.log","99480","1","0","0","0","0","0"
"react-baseline-vs-ccrs-v1-t2","002-ccrs","react_ccrs_mazeV1_t2","1618","1618","2026-06-25T13:57:15.574+00:00","3704","react_ccrs_mazeV1_t2_20260625_141909.log","99492","1","0","0","0","0","0"
"react-baseline-vs-ccrs-v1-t2","002-ccrs","react_ccrs_mazeV1_t2","1619","1619","2026-06-25T13:57:21.873+00:00","6299","react_ccrs_mazeV1_t2_20260625_141909.log","99618","1","0","0","0","0","0"
"react-baseline-vs-ccrs-v1-t2","002-ccrs","react_ccrs_mazeV1_t2","1620","1620","2026-06-25T13:57:27.129+00:00","5256","react_ccrs_mazeV1_t2_20260625_141909.log","99744","1","0","0","0","0","0"
"react-baseline-vs-ccrs-v1-t2","002-ccrs","react_ccrs_mazeV1_t2","1621","1621","2026-06-25T13:57:35.790+00:00","8661","react_ccrs_mazeV1_t2_20260625_141909.log","99870","1","0","0","0","0","0"
"react-baseline-vs-ccrs-v1-t2","002-ccrs","react_ccrs_mazeV1_t2","1622","1622","2026-06-25T13:57:39.954+00:00","4164","react_ccrs_mazeV1_t2_20260625_141909.log","99996","1","0","0","0","0","0"
"react-baseline-vs-ccrs-v1-t2","002-ccrs","react_ccrs_mazeV1_t2","1623","1623","2026-06-25T13:57:44.024+00:00","4070","react_ccrs_mazeV1_t2_20260625_141909.log","100122","1","0","0","0","0","0"
"react-baseline-vs-ccrs-v1-t2","002-ccrs","react_ccrs_mazeV1_t2","1624","1624","2026-06-25T13:57:48.851+00:00","4827","react_ccrs_mazeV1_t2_20260625_141909.log","100248","1","0","0","0","0","0"
"react-baseline-vs-ccrs-v1-t2","002-ccrs","react_ccrs_mazeV1_t2","1625","1625","2026-06-25T13:57:53.664+00:00","4813","react_ccrs_mazeV1_t2_20260625_141909.log","100374","1","0","0","0","0","0"
"react-baseline-vs-ccrs-v1-t2","002-ccrs","react_ccrs_mazeV1_t2","1626","1626","2026-06-25T13:57:57.976+00:00","4312","react_ccrs_mazeV1_t2_20260625_141909.log","100500","1","0","0","0","0","0"
"react-baseline-vs-ccrs-v1-t2","002-ccrs","react_ccrs_mazeV1_t2","1627","1627","2026-06-25T13:58:03.730+00:00","5754","react_ccrs_mazeV1_t2_20260625_141909.log","100517","1","0","0","0","0","0"
"react-baseline-vs-ccrs-v1-t2","002-ccrs","react_ccrs_mazeV1_t2","1628","1628","2026-06-25T13:58:08.143+00:00","4413","react_ccrs_mazeV1_t2_20260625_141909.log","100529","1","0","0","0","0","0"
"react-baseline-vs-ccrs-v1-t2","002-ccrs","react_ccrs_mazeV1_t2","1629","1629","2026-06-25T13:58:12.325+00:00","4182","react_ccrs_mazeV1_t2_20260625_141909.log","100598","1","0","0","0","0","0"
"react-baseline-vs-ccrs-v1-t2","002-ccrs","react_ccrs_mazeV1_t2","1630","1630","2026-06-25T13:58:16.586+00:00","4261","react_ccrs_mazeV1_t2_20260625_141909.log","100667","1","0","0","0","0","0"
"react-baseline-vs-ccrs-v1-t2","002-ccrs","react_ccrs_mazeV1_t2","1631","1631","2026-06-25T13:58:21.675+00:00","5089","react_ccrs_mazeV1_t2_20260625_141909.log","100736","1","0","0","0","0","0"
"react-baseline-vs-ccrs-v1-t2","002-ccrs","react_ccrs_mazeV1_t2","1632","1632","2026-06-25T13:58:25.414+00:00","3739","react_ccrs_mazeV1_t2_20260625_141909.log","100805","1","0","0","0","0","0"
"react-baseline-vs-ccrs-v1-t2","002-ccrs","react_ccrs_mazeV1_t2","1633","1633","2026-06-25T13:58:29.445+00:00","4031","react_ccrs_mazeV1_t2_20260625_141909.log","100874","1","0","0","0","0","0"
"react-baseline-vs-ccrs-v1-t2","002-ccrs","react_ccrs_mazeV1_t2","1634","1634","2026-06-25T13:58:34.360+00:00","4915","react_ccrs_mazeV1_t2_20260625_141909.log","100943","1","0","0","0","0","0"
"react-baseline-vs-ccrs-v1-t2","002-ccrs","react_ccrs_mazeV1_t2","1635","1635","2026-06-25T13:58:38.541+00:00","4181","react_ccrs_mazeV1_t2_20260625_141909.log","101012","1","0","0","0","0","0"
"react-baseline-vs-ccrs-v1-t2","002-ccrs","react_ccrs_mazeV1_t2","1636","1636","2026-06-25T13:58:43.146+00:00","4605","react_ccrs_mazeV1_t2_20260625_141909.log","101081","1","0","0","0","0","0"
"react-baseline-vs-ccrs-v1-t2","002-ccrs","react_ccrs_mazeV1_t2","1637","1637","2026-06-25T13:58:47.067+00:00","3921","react_ccrs_mazeV1_t2_20260625_141909.log","101150","1","0","0","0","0","0"
"react-baseline-vs-ccrs-v1-t2","002-ccrs","react_ccrs_mazeV1_t2","1638","1638","2026-06-25T13:58:51.033+00:00","3966","react_ccrs_mazeV1_t2_20260625_141909.log","101219","1","0","0","0","0","0"
"react-baseline-vs-ccrs-v1-t2","002-ccrs","react_ccrs_mazeV1_t2","1639","1639","2026-06-25T13:58:54.692+00:00","3659","react_ccrs_mazeV1_t2_20260625_141909.log","101288","1","0","0","0","0","0"
"react-baseline-vs-ccrs-v1-t2","002-ccrs","react_ccrs_mazeV1_t2","1640","1640","2026-06-25T13:59:01.290+00:00","6598","react_ccrs_mazeV1_t2_20260625_141909.log","101357","1","0","0","0","0","0"
"react-baseline-vs-ccrs-v1-t2","002-ccrs","react_ccrs_mazeV1_t2","1641","1641","2026-06-25T13:59:05.497+00:00","4207","react_ccrs_mazeV1_t2_20260625_141909.log","101426","1","0","0","0","0","0"
"react-baseline-vs-ccrs-v1-t2","002-ccrs","react_ccrs_mazeV1_t2","1642","1642","2026-06-25T13:59:09.224+00:00","3727","react_ccrs_mazeV1_t2_20260625_141909.log","101495","1","0","0","0","0","0"
"react-baseline-vs-ccrs-v1-t2","002-ccrs","react_ccrs_mazeV1_t2","1643","1643","2026-06-25T13:59:14.952+00:00","5728","react_ccrs_mazeV1_t2_20260625_141909.log","101564","1","0","0","0","0","0"
"react-baseline-vs-ccrs-v1-t2","002-ccrs","react_ccrs_mazeV1_t2","1644","1644","2026-06-25T13:59:18.805+00:00","3853","react_ccrs_mazeV1_t2_20260625_141909.log","101633","1","0","0","0","0","0"
"react-baseline-vs-ccrs-v1-t2","002-ccrs","react_ccrs_mazeV1_t2","1645","1645","2026-06-25T13:59:22.506+00:00","3701","react_ccrs_mazeV1_t2_20260625_141909.log","101702","1","0","0","0","0","0"
"react-baseline-vs-ccrs-v1-t2","002-ccrs","react_ccrs_mazeV1_t2","1646","1646","2026-06-25T13:59:26.698+00:00","4192","react_ccrs_mazeV1_t2_20260625_141909.log","101771","1","0","0","0","0","0"
"react-baseline-vs-ccrs-v1-t2","002-ccrs","react_ccrs_mazeV1_t2","1647","1647","2026-06-25T13:59:30.395+00:00","3697","react_ccrs_mazeV1_t2_20260625_141909.log","101840","1","0","0","0","0","0"
"react-baseline-vs-ccrs-v1-t2","002-ccrs","react_ccrs_mazeV1_t2","1648","1648","2026-06-25T13:59:34.599+00:00","4204","react_ccrs_mazeV1_t2_20260625_141909.log","101909","1","0","0","0","0","0"
"react-baseline-vs-ccrs-v1-t2","002-ccrs","react_ccrs_mazeV1_t2","1649","1649","2026-06-25T13:59:39.093+00:00","4494","react_ccrs_mazeV1_t2_20260625_141909.log","101978","1","0","0","0","0","0"
"react-baseline-vs-ccrs-v1-t2","002-ccrs","react_ccrs_mazeV1_t2","1650","1650","2026-06-25T13:59:42.557+00:00","3464","react_ccrs_mazeV1_t2_20260625_141909.log","102047","1","0","0","0","0","0"
"react-baseline-vs-ccrs-v1-t2","002-ccrs","react_ccrs_mazeV1_t2","1651","1651","2026-06-25T13:59:46.552+00:00","3995","react_ccrs_mazeV1_t2_20260625_141909.log","102116","1","0","0","0","0","0"
"react-baseline-vs-ccrs-v1-t2","002-ccrs","react_ccrs_mazeV1_t2","1652","1652","2026-06-25T13:59:51.392+00:00","4840","react_ccrs_mazeV1_t2_20260625_141909.log","102185","1","0","0","0","0","0"
"react-baseline-vs-ccrs-v1-t2","002-ccrs","react_ccrs_mazeV1_t2","1653","1653","2026-06-25T13:59:54.905+00:00","3513","react_ccrs_mazeV1_t2_20260625_141909.log","102254","1","0","0","0","0","0"
"react-baseline-vs-ccrs-v1-t2","002-ccrs","react_ccrs_mazeV1_t2","1654","1654","2026-06-25T13:59:58.588+00:00","3683","react_ccrs_mazeV1_t2_20260625_141909.log","102323","1","0","0","0","0","0"
"react-baseline-vs-ccrs-v1-t2","002-ccrs","react_ccrs_mazeV1_t2","1655","1655","2026-06-25T14:00:03.509+00:00","4921","react_ccrs_mazeV1_t2_20260625_141909.log","102392","1","0","0","0","0","0"
"react-baseline-vs-ccrs-v1-t2","002-ccrs","react_ccrs_mazeV1_t2","1656","1656","2026-06-25T14:00:07.542+00:00","4033","react_ccrs_mazeV1_t2_20260625_141909.log","102404","1","0","0","0","0","0"
"react-baseline-vs-ccrs-v1-t2","002-ccrs","react_ccrs_mazeV1_t2","1657","1657","2026-06-25T14:00:11.351+00:00","3809","react_ccrs_mazeV1_t2_20260625_141909.log","102530","1","0","0","0","0","0"
"react-baseline-vs-ccrs-v1-t2","002-ccrs","react_ccrs_mazeV1_t2","1658","1658","2026-06-25T14:00:14.872+00:00","3521","react_ccrs_mazeV1_t2_20260625_141909.log","102656","1","0","0","0","0","0"
"react-baseline-vs-ccrs-v1-t2","002-ccrs","react_ccrs_mazeV1_t2","1659","1659","2026-06-25T14:00:19.331+00:00","4459","react_ccrs_mazeV1_t2_20260625_141909.log","102782","1","0","0","0","0","0"
"react-baseline-vs-ccrs-v1-t2","002-ccrs","react_ccrs_mazeV1_t2","1660","1660","2026-06-25T14:00:22.776+00:00","3445","react_ccrs_mazeV1_t2_20260625_141909.log","102794","1","0","0","0","0","0"
"react-baseline-vs-ccrs-v1-t2","002-ccrs","react_ccrs_mazeV1_t2","1661","1661","2026-06-25T14:00:26.542+00:00","3766","react_ccrs_mazeV1_t2_20260625_141909.log","102882","1","0","0","0","0","0"
"react-baseline-vs-ccrs-v1-t2","002-ccrs","react_ccrs_mazeV1_t2","1662","1662","2026-06-25T14:00:36.483+00:00","9941","react_ccrs_mazeV1_t2_20260625_141909.log","102970","1","0","0","0","0","0"
"react-baseline-vs-ccrs-v1-t2","002-ccrs","react_ccrs_mazeV1_t2","1663","1663","2026-06-25T14:00:40.025+00:00","3542","react_ccrs_mazeV1_t2_20260625_141909.log","103058","1","0","0","0","0","0"
"react-baseline-vs-ccrs-v1-t2","002-ccrs","react_ccrs_mazeV1_t2","1664","1664","2026-06-25T14:00:43.942+00:00","3917","react_ccrs_mazeV1_t2_20260625_141909.log","103146","1","0","0","0","0","0"
"react-baseline-vs-ccrs-v1-t2","002-ccrs","react_ccrs_mazeV1_t2","1665","1665","2026-06-25T14:00:47.730+00:00","3788","react_ccrs_mazeV1_t2_20260625_141909.log","103234","1","0","0","0","0","0"
"react-baseline-vs-ccrs-v1-t2","002-ccrs","react_ccrs_mazeV1_t2","1666","1666","2026-06-25T14:00:51.676+00:00","3946","react_ccrs_mazeV1_t2_20260625_141909.log","103322","1","0","0","0","0","0"
"react-baseline-vs-ccrs-v1-t2","002-ccrs","react_ccrs_mazeV1_t2","1667","1667","2026-06-25T14:00:55.429+00:00","3753","react_ccrs_mazeV1_t2_20260625_141909.log","103410","1","0","0","0","0","0"
"react-baseline-vs-ccrs-v1-t2","002-ccrs","react_ccrs_mazeV1_t2","1668","1668","2026-06-25T14:00:58.923+00:00","3494","react_ccrs_mazeV1_t2_20260625_141909.log","103498","1","0","0","0","0","0"
"react-baseline-vs-ccrs-v1-t2","002-ccrs","react_ccrs_mazeV1_t2","1669","1669","2026-06-25T14:01:02.460+00:00","3537","react_ccrs_mazeV1_t2_20260625_141909.log","103586","1","0","0","0","0","0"
"react-baseline-vs-ccrs-v1-t2","002-ccrs","react_ccrs_mazeV1_t2","1670","1670","2026-06-25T14:01:06.091+00:00","3631","react_ccrs_mazeV1_t2_20260625_141909.log","103674","1","0","0","0","0","0"
"react-baseline-vs-ccrs-v1-t2","002-ccrs","react_ccrs_mazeV1_t2","1671","1671","2026-06-25T14:01:09.791+00:00","3700","react_ccrs_mazeV1_t2_20260625_141909.log","103762","1","0","0","0","0","0"
"react-baseline-vs-ccrs-v1-t2","002-ccrs","react_ccrs_mazeV1_t2","1672","1672","2026-06-25T14:01:13.797+00:00","4006","react_ccrs_mazeV1_t2_20260625_141909.log","103850","1","0","0","0","0","0"
"react-baseline-vs-ccrs-v1-t2","002-ccrs","react_ccrs_mazeV1_t2","1673","1673","2026-06-25T14:01:17.510+00:00","3713","react_ccrs_mazeV1_t2_20260625_141909.log","103938","1","0","0","0","0","0"
"react-baseline-vs-ccrs-v1-t2","002-ccrs","react_ccrs_mazeV1_t2","1674","1674","2026-06-25T14:01:21.498+00:00","3988","react_ccrs_mazeV1_t2_20260625_141909.log","103955","1","0","0","0","0","0"
"react-baseline-vs-ccrs-v1-t2","002-ccrs","react_ccrs_mazeV1_t2","1675","1675","2026-06-25T14:01:25.914+00:00","4416","react_ccrs_mazeV1_t2_20260625_141909.log","104043","1","0","0","0","0","0"
"react-baseline-vs-ccrs-v1-t2","002-ccrs","react_ccrs_mazeV1_t2","1676","1676","2026-06-25T14:01:30.056+00:00","4142","react_ccrs_mazeV1_t2_20260625_141909.log","104131","1","0","0","0","0","0"
"react-baseline-vs-ccrs-v1-t2","002-ccrs","react_ccrs_mazeV1_t2","1677","1677","2026-06-25T14:01:34.106+00:00","4050","react_ccrs_mazeV1_t2_20260625_141909.log","104219","1","0","0","0","0","0"
"react-baseline-vs-ccrs-v1-t2","002-ccrs","react_ccrs_mazeV1_t2","1678","1678","2026-06-25T14:01:38.101+00:00","3995","react_ccrs_mazeV1_t2_20260625_141909.log","104307","1","0","0","0","0","0"
"react-baseline-vs-ccrs-v1-t2","002-ccrs","react_ccrs_mazeV1_t2","1679","1679","2026-06-25T14:01:46.701+00:00","8600","react_ccrs_mazeV1_t2_20260625_141909.log","104395","1","0","0","0","0","0"
"react-baseline-vs-ccrs-v1-t2","002-ccrs","react_ccrs_mazeV1_t2","1680","1680","2026-06-25T14:01:50.849+00:00","4148","react_ccrs_mazeV1_t2_20260625_141909.log","104412","1","0","0","0","0","0"
"react-baseline-vs-ccrs-v1-t2","002-ccrs","react_ccrs_mazeV1_t2","1681","1681","2026-06-25T14:01:54.542+00:00","3693","react_ccrs_mazeV1_t2_20260625_141909.log","104500","1","0","0","0","0","0"
"react-baseline-vs-ccrs-v1-t2","002-ccrs","react_ccrs_mazeV1_t2","1682","1682","2026-06-25T14:01:58.436+00:00","3894","react_ccrs_mazeV1_t2_20260625_141909.log","104588","1","0","0","0","0","0"
"react-baseline-vs-ccrs-v1-t2","002-ccrs","react_ccrs_mazeV1_t2","1683","1683","2026-06-25T14:02:02.244+00:00","3808","react_ccrs_mazeV1_t2_20260625_141909.log","104676","1","0","0","0","0","0"
"react-baseline-vs-ccrs-v1-t2","002-ccrs","react_ccrs_mazeV1_t2","1684","1684","2026-06-25T14:02:07.483+00:00","5239","react_ccrs_mazeV1_t2_20260625_141909.log","104693","1","0","0","0","0","0"
"react-baseline-vs-ccrs-v1-t2","002-ccrs","react_ccrs_mazeV1_t2","1685","1685","2026-06-25T14:02:28.694+00:00","21211","react_ccrs_mazeV1_t2_20260625_141909.log","104902","1","0","0","0","0","0"
"react-baseline-vs-ccrs-v1-t2","002-ccrs","react_ccrs_mazeV1_t2","1686","1686","2026-06-25T14:02:34.084+00:00","5390","react_ccrs_mazeV1_t2_20260625_141909.log","104914","1","0","0","0","0","0"
"react-baseline-vs-ccrs-v1-t2","002-ccrs","react_ccrs_mazeV1_t2","1687","1687","2026-06-25T14:02:38.406+00:00","4322","react_ccrs_mazeV1_t2_20260625_141909.log","105021","1","0","0","0","0","0"
"react-baseline-vs-ccrs-v1-t2","002-ccrs","react_ccrs_mazeV1_t2","1688","1688","2026-06-25T14:02:43.570+00:00","5164","react_ccrs_mazeV1_t2_20260625_141909.log","105128","1","0","0","0","0","0"
"react-baseline-vs-ccrs-v1-t2","002-ccrs","react_ccrs_mazeV1_t2","1689","1689","2026-06-25T14:02:47.920+00:00","4350","react_ccrs_mazeV1_t2_20260625_141909.log","105235","1","0","0","0","0","0"
"react-baseline-vs-ccrs-v1-t2","002-ccrs","react_ccrs_mazeV1_t2","1690","1690","2026-06-25T14:02:51.635+00:00","3715","react_ccrs_mazeV1_t2_20260625_141909.log","105342","1","0","0","0","0","0"
"react-baseline-vs-ccrs-v1-t2","002-ccrs","react_ccrs_mazeV1_t2","1691","1691","2026-06-25T14:02:55.324+00:00","3689","react_ccrs_mazeV1_t2_20260625_141909.log","105449","1","0","0","0","0","0"
"react-baseline-vs-ccrs-v1-t2","002-ccrs","react_ccrs_mazeV1_t2","1692","1692","2026-06-25T14:02:59.546+00:00","4222","react_ccrs_mazeV1_t2_20260625_141909.log","105556","1","0","0","0","0","0"
"react-baseline-vs-ccrs-v1-t2","002-ccrs","react_ccrs_mazeV1_t2","1693","1693","2026-06-25T14:03:03.603+00:00","4057","react_ccrs_mazeV1_t2_20260625_141909.log","105663","1","0","0","0","0","0"
"react-baseline-vs-ccrs-v1-t2","002-ccrs","react_ccrs_mazeV1_t2","1694","1694","2026-06-25T14:03:07.871+00:00","4268","react_ccrs_mazeV1_t2_20260625_141909.log","105770","1","0","0","0","0","0"
"react-baseline-vs-ccrs-v1-t2","002-ccrs","react_ccrs_mazeV1_t2","1695","1695","2026-06-25T14:03:12.555+00:00","4684","react_ccrs_mazeV1_t2_20260625_141909.log","105877","1","0","0","0","0","0"
"react-baseline-vs-ccrs-v1-t2","002-ccrs","react_ccrs_mazeV1_t2","1696","1696","2026-06-25T14:03:16.605+00:00","4050","react_ccrs_mazeV1_t2_20260625_141909.log","105894","1","0","0","0","0","0"
"react-baseline-vs-ccrs-v1-t2","002-ccrs","react_ccrs_mazeV1_t2","1697","1697","2026-06-25T14:03:20.650+00:00","4045","react_ccrs_mazeV1_t2_20260625_141909.log","106001","1","0","0","0","0","0"
"react-baseline-vs-ccrs-v1-t2","002-ccrs","react_ccrs_mazeV1_t2","1698","1698","2026-06-25T14:03:24.602+00:00","3952","react_ccrs_mazeV1_t2_20260625_141909.log","106108","1","0","0","0","0","0"
"react-baseline-vs-ccrs-v1-t2","002-ccrs","react_ccrs_mazeV1_t2","1699","1699","2026-06-25T14:03:28.731+00:00","4129","react_ccrs_mazeV1_t2_20260625_141909.log","106215","1","0","0","0","0","0"
"react-baseline-vs-ccrs-v1-t2","002-ccrs","react_ccrs_mazeV1_t2","1700","1700","2026-06-25T14:03:32.689+00:00","3958","react_ccrs_mazeV1_t2_20260625_141909.log","106322","1","0","0","0","0","0"
"react-baseline-vs-ccrs-v1-t2","002-ccrs","react_ccrs_mazeV1_t2","1701","1701","2026-06-25T14:03:38.236+00:00","5547","react_ccrs_mazeV1_t2_20260625_141909.log","106429","1","0","0","0","0","0"
"react-baseline-vs-ccrs-v1-t2","002-ccrs","react_ccrs_mazeV1_t2","1702","1702","2026-06-25T14:03:42.872+00:00","4636","react_ccrs_mazeV1_t2_20260625_141909.log","106441","1","0","0","0","0","0"
"react-baseline-vs-ccrs-v1-t2","002-ccrs","react_ccrs_mazeV1_t2","1703","1703","2026-06-25T14:03:48.049+00:00","5177","react_ccrs_mazeV1_t2_20260625_141909.log","106529","1","0","0","0","0","0"
"react-baseline-vs-ccrs-v1-t2","002-ccrs","react_ccrs_mazeV1_t2","1704","1704","2026-06-25T14:03:52.467+00:00","4418","react_ccrs_mazeV1_t2_20260625_141909.log","106617","1","0","0","0","0","0"
"react-baseline-vs-ccrs-v1-t2","002-ccrs","react_ccrs_mazeV1_t2","1705","1705","2026-06-25T14:04:01.260+00:00","8793","react_ccrs_mazeV1_t2_20260625_141909.log","106705","1","0","0","0","0","0"
"react-baseline-vs-ccrs-v1-t2","002-ccrs","react_ccrs_mazeV1_t2","1706","1706","2026-06-25T14:04:06.421+00:00","5161","react_ccrs_mazeV1_t2_20260625_141909.log","106793","1","0","0","0","0","0"
"react-baseline-vs-ccrs-v1-t2","002-ccrs","react_ccrs_mazeV1_t2","1707","1707","2026-06-25T14:04:14.427+00:00","8006","react_ccrs_mazeV1_t2_20260625_141909.log","106881","1","0","0","0","0","0"
"react-baseline-vs-ccrs-v1-t2","002-ccrs","react_ccrs_mazeV1_t2","1708","1708","2026-06-25T14:04:18.740+00:00","4313","react_ccrs_mazeV1_t2_20260625_141909.log","106969","1","0","0","0","0","0"
"react-baseline-vs-ccrs-v1-t2","002-ccrs","react_ccrs_mazeV1_t2","1709","1709","2026-06-25T14:04:23.737+00:00","4997","react_ccrs_mazeV1_t2_20260625_141909.log","106986","1","0","0","0","0","0"
"react-baseline-vs-ccrs-v1-t2","002-ccrs","react_ccrs_mazeV1_t2","1710","1710","2026-06-25T14:04:27.744+00:00","4007","react_ccrs_mazeV1_t2_20260625_141909.log","107003","1","0","0","0","0","0"
"react-baseline-vs-ccrs-v1-t2","002-ccrs","react_ccrs_mazeV1_t2","1711","1711","2026-06-25T14:04:32.273+00:00","4529","react_ccrs_mazeV1_t2_20260625_141909.log","107091","1","0","0","0","0","0"
"react-baseline-vs-ccrs-v1-t2","002-ccrs","react_ccrs_mazeV1_t2","1712","1712","2026-06-25T14:04:38.007+00:00","5734","react_ccrs_mazeV1_t2_20260625_141909.log","107179","1","0","0","0","0","0"
"react-baseline-vs-ccrs-v1-t2","002-ccrs","react_ccrs_mazeV1_t2","1713","1713","2026-06-25T14:04:42.649+00:00","4642","react_ccrs_mazeV1_t2_20260625_141909.log","107267","1","0","0","0","0","0"
"react-baseline-vs-ccrs-v1-t2","002-ccrs","react_ccrs_mazeV1_t2","1714","1714","2026-06-25T14:04:47.440+00:00","4791","react_ccrs_mazeV1_t2_20260625_141909.log","107355","1","0","0","0","0","0"
"react-baseline-vs-ccrs-v1-t2","002-ccrs","react_ccrs_mazeV1_t2","1715","1715","2026-06-25T14:04:51.598+00:00","4158","react_ccrs_mazeV1_t2_20260625_141909.log","107443","1","0","0","0","0","0"
"react-baseline-vs-ccrs-v1-t2","002-ccrs","react_ccrs_mazeV1_t2","1716","1716","2026-06-25T14:04:55.409+00:00","3811","react_ccrs_mazeV1_t2_20260625_141909.log","107531","1","0","0","0","0","0"
"react-baseline-vs-ccrs-v1-t2","002-ccrs","react_ccrs_mazeV1_t2","1717","1717","2026-06-25T14:04:59.599+00:00","4190","react_ccrs_mazeV1_t2_20260625_141909.log","107619","1","0","0","0","0","0"
"react-baseline-vs-ccrs-v1-t2","002-ccrs","react_ccrs_mazeV1_t2","1718","1718","2026-06-25T14:05:03.731+00:00","4132","react_ccrs_mazeV1_t2_20260625_141909.log","107707","1","0","0","0","0","0"
"react-baseline-vs-ccrs-v1-t2","002-ccrs","react_ccrs_mazeV1_t2","1719","1719","2026-06-25T14:05:08.801+00:00","5070","react_ccrs_mazeV1_t2_20260625_141909.log","107795","1","0","0","0","0","0"
"react-baseline-vs-ccrs-v1-t2","002-ccrs","react_ccrs_mazeV1_t2","1720","1720","2026-06-25T14:05:12.664+00:00","3863","react_ccrs_mazeV1_t2_20260625_141909.log","107807","1","0","0","0","0","0"
"react-baseline-vs-ccrs-v1-t2","002-ccrs","react_ccrs_mazeV1_t2","1721","1721","2026-06-25T14:05:17.267+00:00","4603","react_ccrs_mazeV1_t2_20260625_141909.log","107892","1","0","0","0","0","0"
"react-baseline-vs-ccrs-v1-t2","002-ccrs","react_ccrs_mazeV1_t2","1722","1722","2026-06-25T14:05:21.507+00:00","4240","react_ccrs_mazeV1_t2_20260625_141909.log","107977","1","0","0","0","0","0"
"react-baseline-vs-ccrs-v1-t2","002-ccrs","react_ccrs_mazeV1_t2","1723","1723","2026-06-25T14:05:26.007+00:00","4500","react_ccrs_mazeV1_t2_20260625_141909.log","108062","1","0","0","0","0","0"
"react-baseline-vs-ccrs-v1-t2","002-ccrs","react_ccrs_mazeV1_t2","1724","1724","2026-06-25T14:05:30.182+00:00","4175","react_ccrs_mazeV1_t2_20260625_141909.log","108147","1","0","0","0","0","0"
"react-baseline-vs-ccrs-v1-t2","002-ccrs","react_ccrs_mazeV1_t2","1725","1725","2026-06-25T14:05:34.283+00:00","4101","react_ccrs_mazeV1_t2_20260625_141909.log","108232","1","0","0","0","0","0"
"react-baseline-vs-ccrs-v1-t2","002-ccrs","react_ccrs_mazeV1_t2","1726","1726","2026-06-25T14:05:38.739+00:00","4456","react_ccrs_mazeV1_t2_20260625_141909.log","108317","1","0","0","0","0","0"
"react-baseline-vs-ccrs-v1-t2","002-ccrs","react_ccrs_mazeV1_t2","1727","1727","2026-06-25T14:05:42.455+00:00","3716","react_ccrs_mazeV1_t2_20260625_141909.log","108402","1","0","0","0","0","0"
"react-baseline-vs-ccrs-v1-t2","002-ccrs","react_ccrs_mazeV1_t2","1728","1728","2026-06-25T14:05:49.790+00:00","7335","react_ccrs_mazeV1_t2_20260625_141909.log","108487","1","0","0","0","0","0"
"react-baseline-vs-ccrs-v1-t2","002-ccrs","react_ccrs_mazeV1_t2","1729","1729","2026-06-25T14:05:54.559+00:00","4769","react_ccrs_mazeV1_t2_20260625_141909.log","108572","1","0","0","0","0","0"
"react-baseline-vs-ccrs-v1-t2","002-ccrs","react_ccrs_mazeV1_t2","1730","1730","2026-06-25T14:05:59.274+00:00","4715","react_ccrs_mazeV1_t2_20260625_141909.log","108657","1","0","0","0","0","0"
"react-baseline-vs-ccrs-v1-t2","002-ccrs","react_ccrs_mazeV1_t2","1731","1731","2026-06-25T14:06:03.904+00:00","4630","react_ccrs_mazeV1_t2_20260625_141909.log","108742","1","0","0","0","0","0"
"react-baseline-vs-ccrs-v1-t2","002-ccrs","react_ccrs_mazeV1_t2","1732","1732","2026-06-25T14:06:07.425+00:00","3521","react_ccrs_mazeV1_t2_20260625_141909.log","108827","1","0","0","0","0","0"
"react-baseline-vs-ccrs-v1-t2","002-ccrs","react_ccrs_mazeV1_t2","1733","1733","2026-06-25T14:06:11.072+00:00","3647","react_ccrs_mazeV1_t2_20260625_141909.log","108912","1","0","0","0","0","0"
"react-baseline-vs-ccrs-v1-t2","002-ccrs","react_ccrs_mazeV1_t2","1734","1734","2026-06-25T14:06:15.035+00:00","3963","react_ccrs_mazeV1_t2_20260625_141909.log","108929","1","0","0","0","0","0"
"react-baseline-vs-ccrs-v1-t2","002-ccrs","react_ccrs_mazeV1_t2","1735","1735","2026-06-25T14:06:20.116+00:00","5081","react_ccrs_mazeV1_t2_20260625_141909.log","109014","1","0","0","0","0","0"
"react-baseline-vs-ccrs-v1-t2","002-ccrs","react_ccrs_mazeV1_t2","1736","1736","2026-06-25T14:06:23.965+00:00","3849","react_ccrs_mazeV1_t2_20260625_141909.log","109099","1","0","0","0","0","0"
"react-baseline-vs-ccrs-v1-t2","002-ccrs","react_ccrs_mazeV1_t2","1737","1737","2026-06-25T14:06:27.781+00:00","3816","react_ccrs_mazeV1_t2_20260625_141909.log","109184","1","0","0","0","0","0"
"react-baseline-vs-ccrs-v1-t2","002-ccrs","react_ccrs_mazeV1_t2","1738","1738","2026-06-25T14:06:31.538+00:00","3757","react_ccrs_mazeV1_t2_20260625_141909.log","109269","1","0","0","0","0","0"
"react-baseline-vs-ccrs-v1-t2","002-ccrs","react_ccrs_mazeV1_t2","1739","1739","2026-06-25T14:06:36.398+00:00","4860","react_ccrs_mazeV1_t2_20260625_141909.log","109354","1","0","0","0","0","0"
"react-baseline-vs-ccrs-v1-t2","002-ccrs","react_ccrs_mazeV1_t2","1740","1740","2026-06-25T14:06:40.914+00:00","4516","react_ccrs_mazeV1_t2_20260625_141909.log","109371","1","0","0","0","0","0"
"react-baseline-vs-ccrs-v1-t2","002-ccrs","react_ccrs_mazeV1_t2","1741","1741","2026-06-25T14:06:44.507+00:00","3593","react_ccrs_mazeV1_t2_20260625_141909.log","109383","1","0","0","0","0","0"
"react-baseline-vs-ccrs-v1-t2","002-ccrs","react_ccrs_mazeV1_t2","1742","1742","2026-06-25T14:06:48.178+00:00","3671","react_ccrs_mazeV1_t2_20260625_141909.log","109400","1","0","0","0","0","0"
"react-baseline-vs-ccrs-v1-t2","002-ccrs","react_ccrs_mazeV1_t2","1743","1743","2026-06-25T14:06:52.753+00:00","4575","react_ccrs_mazeV1_t2_20260625_141909.log","109417","1","0","0","0","0","0"
"react-baseline-vs-ccrs-v1-t2","002-ccrs","react_ccrs_mazeV1_t2","1744","1744","2026-06-25T14:06:57.103+00:00","4350","react_ccrs_mazeV1_t2_20260625_141909.log","109524","1","0","0","0","0","0"
"react-baseline-vs-ccrs-v1-t2","002-ccrs","react_ccrs_mazeV1_t2","1745","1745","2026-06-25T14:07:00.773+00:00","3670","react_ccrs_mazeV1_t2_20260625_141909.log","109631","1","0","0","0","0","0"
"react-baseline-vs-ccrs-v1-t2","002-ccrs","react_ccrs_mazeV1_t2","1746","1746","2026-06-25T14:07:04.581+00:00","3808","react_ccrs_mazeV1_t2_20260625_141909.log","109738","1","0","0","0","0","0"
"react-baseline-vs-ccrs-v1-t2","002-ccrs","react_ccrs_mazeV1_t2","1747","1747","2026-06-25T14:07:08.886+00:00","4305","react_ccrs_mazeV1_t2_20260625_141909.log","109845","1","0","0","0","0","0"
"react-baseline-vs-ccrs-v1-t2","002-ccrs","react_ccrs_mazeV1_t2","1748","1748","2026-06-25T14:07:12.864+00:00","3978","react_ccrs_mazeV1_t2_20260625_141909.log","109952","1","0","0","0","0","0"
"react-baseline-vs-ccrs-v1-t2","002-ccrs","react_ccrs_mazeV1_t2","1749","1749","2026-06-25T14:07:16.743+00:00","3879","react_ccrs_mazeV1_t2_20260625_141909.log","110059","1","0","0","0","0","0"
"react-baseline-vs-ccrs-v1-t2","002-ccrs","react_ccrs_mazeV1_t2","1750","1750","2026-06-25T14:07:21.988+00:00","5245","react_ccrs_mazeV1_t2_20260625_141909.log","110166","1","0","0","0","0","0"
"react-baseline-vs-ccrs-v1-t2","002-ccrs","react_ccrs_mazeV1_t2","1751","1751","2026-06-25T14:07:25.756+00:00","3768","react_ccrs_mazeV1_t2_20260625_141909.log","110178","1","0","0","0","0","0"
"react-baseline-vs-ccrs-v1-t2","002-ccrs","react_ccrs_mazeV1_t2","1752","1752","2026-06-25T14:07:29.442+00:00","3686","react_ccrs_mazeV1_t2_20260625_141909.log","110285","1","0","0","0","0","0"
"react-baseline-vs-ccrs-v1-t2","002-ccrs","react_ccrs_mazeV1_t2","1753","1753","2026-06-25T14:07:33.552+00:00","4110","react_ccrs_mazeV1_t2_20260625_141909.log","110392","1","0","0","0","0","0"
"react-baseline-vs-ccrs-v1-t2","002-ccrs","react_ccrs_mazeV1_t2","1754","1754","2026-06-25T14:07:37.670+00:00","4118","react_ccrs_mazeV1_t2_20260625_141909.log","110499","1","0","0","0","0","0"
"react-baseline-vs-ccrs-v1-t2","002-ccrs","react_ccrs_mazeV1_t2","1755","1755","2026-06-25T14:07:41.867+00:00","4197","react_ccrs_mazeV1_t2_20260625_141909.log","110606","1","0","0","0","0","0"
"react-baseline-vs-ccrs-v1-t2","002-ccrs","react_ccrs_mazeV1_t2","1756","1756","2026-06-25T14:07:46.998+00:00","5131","react_ccrs_mazeV1_t2_20260625_141909.log","110713","1","0","0","0","0","0"
"react-baseline-vs-ccrs-v1-t2","002-ccrs","react_ccrs_mazeV1_t2","1757","1757","2026-06-25T14:07:50.956+00:00","3958","react_ccrs_mazeV1_t2_20260625_141909.log","110725","1","0","0","0","0","0"
"react-baseline-vs-ccrs-v1-t2","002-ccrs","react_ccrs_mazeV1_t2","1758","1758","2026-06-25T14:07:56.159+00:00","5203","react_ccrs_mazeV1_t2_20260625_141909.log","110813","1","0","0","0","0","0"
"react-baseline-vs-ccrs-v1-t2","002-ccrs","react_ccrs_mazeV1_t2","1759","1759","2026-06-25T14:07:59.779+00:00","3620","react_ccrs_mazeV1_t2_20260625_141909.log","110901","1","0","0","0","0","0"
"react-baseline-vs-ccrs-v1-t2","002-ccrs","react_ccrs_mazeV1_t2","1760","1760","2026-06-25T14:08:04.589+00:00","4810","react_ccrs_mazeV1_t2_20260625_141909.log","110918","1","0","0","0","0","0"
"react-baseline-vs-ccrs-v1-t2","002-ccrs","react_ccrs_mazeV1_t2","1761","1761","2026-06-25T14:08:08.479+00:00","3890","react_ccrs_mazeV1_t2_20260625_141909.log","111006","1","0","0","0","0","0"
"react-baseline-vs-ccrs-v1-t2","002-ccrs","react_ccrs_mazeV1_t2","1762","1762","2026-06-25T14:08:12.233+00:00","3754","react_ccrs_mazeV1_t2_20260625_141909.log","111094","1","0","0","0","0","0"
"react-baseline-vs-ccrs-v1-t2","002-ccrs","react_ccrs_mazeV1_t2","1763","1763","2026-06-25T14:08:17.230+00:00","4997","react_ccrs_mazeV1_t2_20260625_141909.log","111111","1","0","0","0","0","0"
"react-baseline-vs-ccrs-v1-t2","002-ccrs","react_ccrs_mazeV1_t2","1764","1764","2026-06-25T14:08:21.224+00:00","3994","react_ccrs_mazeV1_t2_20260625_141909.log","111128","1","0","0","0","0","0"
"react-baseline-vs-ccrs-v1-t2","002-ccrs","react_ccrs_mazeV1_t2","1765","1765","2026-06-25T14:08:26.239+00:00","5015","react_ccrs_mazeV1_t2_20260625_141909.log","111216","1","0","0","0","0","0"
"react-baseline-vs-ccrs-v1-t2","002-ccrs","react_ccrs_mazeV1_t2","1766","1766","2026-06-25T14:08:31.060+00:00","4821","react_ccrs_mazeV1_t2_20260625_141909.log","111228","1","0","0","0","0","0"
"react-baseline-vs-ccrs-v1-t2","002-ccrs","react_ccrs_mazeV1_t2","1767","1767","2026-06-25T14:08:35.023+00:00","3963","react_ccrs_mazeV1_t2_20260625_141909.log","111354","1","0","0","0","0","0"
"react-baseline-vs-ccrs-v1-t2","002-ccrs","react_ccrs_mazeV1_t2","1768","1768","2026-06-25T14:08:39.426+00:00","4403","react_ccrs_mazeV1_t2_20260625_141909.log","111480","1","0","0","0","0","0"
"react-baseline-vs-ccrs-v1-t2","002-ccrs","react_ccrs_mazeV1_t2","1769","1769","2026-06-25T14:08:43.334+00:00","3908","react_ccrs_mazeV1_t2_20260625_141909.log","111606","1","0","0","0","0","0"
"react-baseline-vs-ccrs-v1-t2","002-ccrs","react_ccrs_mazeV1_t2","1770","1770","2026-06-25T14:08:47.757+00:00","4423","react_ccrs_mazeV1_t2_20260625_141909.log","111732","1","0","0","0","0","0"
"react-baseline-vs-ccrs-v1-t2","002-ccrs","react_ccrs_mazeV1_t2","1771","1771","2026-06-25T14:08:51.507+00:00","3750","react_ccrs_mazeV1_t2_20260625_141909.log","111858","1","0","0","0","0","0"
"react-baseline-vs-ccrs-v1-t2","002-ccrs","react_ccrs_mazeV1_t2","1772","1772","2026-06-25T14:08:55.522+00:00","4015","react_ccrs_mazeV1_t2_20260625_141909.log","111984","1","0","0","0","0","0"
"react-baseline-vs-ccrs-v1-t2","002-ccrs","react_ccrs_mazeV1_t2","1773","1773","2026-06-25T14:09:00.203+00:00","4681","react_ccrs_mazeV1_t2_20260625_141909.log","112110","1","0","0","0","0","0"
"react-baseline-vs-ccrs-v1-t2","002-ccrs","react_ccrs_mazeV1_t2","1774","1774","2026-06-25T14:09:04.305+00:00","4102","react_ccrs_mazeV1_t2_20260625_141909.log","112236","1","0","0","0","0","0"
"react-baseline-vs-ccrs-v1-t2","002-ccrs","react_ccrs_mazeV1_t2","1775","1775","2026-06-25T14:09:08.399+00:00","4094","react_ccrs_mazeV1_t2_20260625_141909.log","112362","1","0","0","0","0","0"
"react-baseline-vs-ccrs-v1-t2","002-ccrs","react_ccrs_mazeV1_t2","1776","1776","2026-06-25T14:09:13.614+00:00","5215","react_ccrs_mazeV1_t2_20260625_141909.log","112488","1","0","0","0","0","0"
"react-baseline-vs-ccrs-v1-t2","002-ccrs","react_ccrs_mazeV1_t2","1777","1777","2026-06-25T14:09:21.380+00:00","7766","react_ccrs_mazeV1_t2_20260625_141909.log","112614","1","0","0","0","0","0"
"react-baseline-vs-ccrs-v1-t2","002-ccrs","react_ccrs_mazeV1_t2","1778","1778","2026-06-25T14:09:29.146+00:00","7766","react_ccrs_mazeV1_t2_20260625_141909.log","112740","1","0","0","0","0","0"
"react-baseline-vs-ccrs-v1-t2","002-ccrs","react_ccrs_mazeV1_t2","1779","1779","2026-06-25T14:09:33.424+00:00","4278","react_ccrs_mazeV1_t2_20260625_141909.log","112752","1","0","0","0","0","0"
"react-baseline-vs-ccrs-v1-t2","002-ccrs","react_ccrs_mazeV1_t2","1780","1780","2026-06-25T14:09:37.641+00:00","4217","react_ccrs_mazeV1_t2_20260625_141909.log","112840","1","0","0","0","0","0"
"react-baseline-vs-ccrs-v1-t2","002-ccrs","react_ccrs_mazeV1_t2","1781","1781","2026-06-25T14:09:44.050+00:00","6409","react_ccrs_mazeV1_t2_20260625_141909.log","112928","1","0","0","0","0","0"
"react-baseline-vs-ccrs-v1-t2","002-ccrs","react_ccrs_mazeV1_t2","1782","1782","2026-06-25T14:09:48.140+00:00","4090","react_ccrs_mazeV1_t2_20260625_141909.log","113016","1","0","0","0","0","0"
"react-baseline-vs-ccrs-v1-t2","002-ccrs","react_ccrs_mazeV1_t2","1783","1783","2026-06-25T14:09:53.260+00:00","5120","react_ccrs_mazeV1_t2_20260625_141909.log","113104","1","0","0","0","0","0"
"react-baseline-vs-ccrs-v1-t2","002-ccrs","react_ccrs_mazeV1_t2","1784","1784","2026-06-25T14:09:58.030+00:00","4770","react_ccrs_mazeV1_t2_20260625_141909.log","113116","1","0","0","0","0","0"
"react-baseline-vs-ccrs-v1-t2","002-ccrs","react_ccrs_mazeV1_t2","1785","1785","2026-06-25T14:10:02.296+00:00","4266","react_ccrs_mazeV1_t2_20260625_141909.log","113223","1","0","0","0","0","0"
"react-baseline-vs-ccrs-v1-t2","002-ccrs","react_ccrs_mazeV1_t2","1786","1786","2026-06-25T14:10:06.319+00:00","4023","react_ccrs_mazeV1_t2_20260625_141909.log","113330","1","0","0","0","0","0"
"react-baseline-vs-ccrs-v1-t2","002-ccrs","react_ccrs_mazeV1_t2","1787","1787","2026-06-25T14:10:10.862+00:00","4543","react_ccrs_mazeV1_t2_20260625_141909.log","113437","1","0","0","0","0","0"
"react-baseline-vs-ccrs-v1-t2","002-ccrs","react_ccrs_mazeV1_t2","1788","1788","2026-06-25T14:10:14.807+00:00","3945","react_ccrs_mazeV1_t2_20260625_141909.log","113544","1","0","0","0","0","0"
"react-baseline-vs-ccrs-v1-t2","002-ccrs","react_ccrs_mazeV1_t2","1789","1789","2026-06-25T14:10:19.167+00:00","4360","react_ccrs_mazeV1_t2_20260625_141909.log","113651","1","0","0","0","0","0"
"react-baseline-vs-ccrs-v1-t2","002-ccrs","react_ccrs_mazeV1_t2","1790","1790","2026-06-25T14:10:24.703+00:00","5536","react_ccrs_mazeV1_t2_20260625_141909.log","113758","1","0","0","0","0","0"
"react-baseline-vs-ccrs-v1-t2","002-ccrs","react_ccrs_mazeV1_t2","1791","1791","2026-06-25T14:10:28.943+00:00","4240","react_ccrs_mazeV1_t2_20260625_141909.log","113865","1","0","0","0","0","0"
"react-baseline-vs-ccrs-v1-t2","002-ccrs","react_ccrs_mazeV1_t2","1792","1792","2026-06-25T14:10:33.084+00:00","4141","react_ccrs_mazeV1_t2_20260625_141909.log","113972","1","0","0","0","0","0"
"react-baseline-vs-ccrs-v1-t2","002-ccrs","react_ccrs_mazeV1_t2","1793","1793","2026-06-25T14:10:38.017+00:00","4933","react_ccrs_mazeV1_t2_20260625_141909.log","114079","1","0","0","0","0","0"
"react-baseline-vs-ccrs-v1-t2","002-ccrs","react_ccrs_mazeV1_t2","1794","1794","2026-06-25T14:10:43.068+00:00","5051","react_ccrs_mazeV1_t2_20260625_141909.log","114186","1","0","0","0","0","0"
"react-baseline-vs-ccrs-v1-t2","002-ccrs","react_ccrs_mazeV1_t2","1795","1795","2026-06-25T14:10:49.616+00:00","6548","react_ccrs_mazeV1_t2_20260625_141909.log","114293","1","0","0","0","0","0"
"react-baseline-vs-ccrs-v1-t2","002-ccrs","react_ccrs_mazeV1_t2","1796","1796","2026-06-25T14:10:53.677+00:00","4061","react_ccrs_mazeV1_t2_20260625_141909.log","114305","1","0","0","0","0","0"
"react-baseline-vs-ccrs-v1-t2","002-ccrs","react_ccrs_mazeV1_t2","1797","1797","2026-06-25T14:10:58.176+00:00","4499","react_ccrs_mazeV1_t2_20260625_141909.log","114374","1","0","0","0","0","0"
"react-baseline-vs-ccrs-v1-t2","002-ccrs","react_ccrs_mazeV1_t2","1798","1798","2026-06-25T14:11:02.767+00:00","4591","react_ccrs_mazeV1_t2_20260625_141909.log","114443","1","0","0","0","0","0"
"react-baseline-vs-ccrs-v1-t2","002-ccrs","react_ccrs_mazeV1_t2","1799","1799","2026-06-25T14:11:06.927+00:00","4160","react_ccrs_mazeV1_t2_20260625_141909.log","114512","1","0","0","0","0","0"
"react-baseline-vs-ccrs-v1-t2","002-ccrs","react_ccrs_mazeV1_t2","1800","1800","2026-06-25T14:11:10.790+00:00","3863","react_ccrs_mazeV1_t2_20260625_141909.log","114581","1","0","0","0","0","0"
"react-baseline-vs-ccrs-v1-t2","002-ccrs","react_ccrs_mazeV1_t2","1801","1801","2026-06-25T14:11:14.579+00:00","3789","react_ccrs_mazeV1_t2_20260625_141909.log","114650","1","0","0","0","0","0"
"react-baseline-vs-ccrs-v1-t2","002-ccrs","react_ccrs_mazeV1_t2","1802","1802","2026-06-25T14:11:18.629+00:00","4050","react_ccrs_mazeV1_t2_20260625_141909.log","114719","1","0","0","0","0","0"
"react-baseline-vs-ccrs-v1-t2","002-ccrs","react_ccrs_mazeV1_t2","1803","1803","2026-06-25T14:11:25.262+00:00","6633","react_ccrs_mazeV1_t2_20260625_141909.log","114788","1","0","0","0","0","0"
"react-baseline-vs-ccrs-v1-t2","002-ccrs","react_ccrs_mazeV1_t2","1804","1804","2026-06-25T14:11:29.117+00:00","3855","react_ccrs_mazeV1_t2_20260625_141909.log","114857","1","0","0","0","0","0"
"react-baseline-vs-ccrs-v1-t2","002-ccrs","react_ccrs_mazeV1_t2","1805","1805","2026-06-25T14:11:33.522+00:00","4405","react_ccrs_mazeV1_t2_20260625_141909.log","114926","1","0","0","0","0","0"
"react-baseline-vs-ccrs-v1-t2","002-ccrs","react_ccrs_mazeV1_t2","1806","1806","2026-06-25T14:11:37.889+00:00","4367","react_ccrs_mazeV1_t2_20260625_141909.log","114995","1","0","0","0","0","0"
"react-baseline-vs-ccrs-v1-t2","002-ccrs","react_ccrs_mazeV1_t2","1807","1807","2026-06-25T14:11:41.733+00:00","3844","react_ccrs_mazeV1_t2_20260625_141909.log","115064","1","0","0","0","0","0"
"react-baseline-vs-ccrs-v1-t2","002-ccrs","react_ccrs_mazeV1_t2","1808","1808","2026-06-25T14:11:47.082+00:00","5349","react_ccrs_mazeV1_t2_20260625_141909.log","115133","1","0","0","0","0","0"
"react-baseline-vs-ccrs-v1-t2","002-ccrs","react_ccrs_mazeV1_t2","1809","1809","2026-06-25T14:11:51.215+00:00","4133","react_ccrs_mazeV1_t2_20260625_141909.log","115145","1","0","0","0","0","0"
"react-baseline-vs-ccrs-v1-t2","002-ccrs","react_ccrs_mazeV1_t2","1810","1810","2026-06-25T14:11:56.906+00:00","5691","react_ccrs_mazeV1_t2_20260625_141909.log","115252","1","0","0","0","0","0"
"react-baseline-vs-ccrs-v1-t2","002-ccrs","react_ccrs_mazeV1_t2","1811","1811","2026-06-25T14:12:00.757+00:00","3851","react_ccrs_mazeV1_t2_20260625_141909.log","115269","1","0","0","0","0","0"
"react-baseline-vs-ccrs-v1-t2","002-ccrs","react_ccrs_mazeV1_t2","1812","1812","2026-06-25T14:12:04.978+00:00","4221","react_ccrs_mazeV1_t2_20260625_141909.log","115376","1","0","0","0","0","0"
"react-baseline-vs-ccrs-v1-t2","002-ccrs","react_ccrs_mazeV1_t2","1813","1813","2026-06-25T14:12:08.845+00:00","3867","react_ccrs_mazeV1_t2_20260625_141909.log","115483","1","0","0","0","0","0"
"react-baseline-vs-ccrs-v1-t2","002-ccrs","react_ccrs_mazeV1_t2","1814","1814","2026-06-25T14:12:12.619+00:00","3774","react_ccrs_mazeV1_t2_20260625_141909.log","115500","1","0","0","0","0","0"
"react-baseline-vs-ccrs-v1-t2","002-ccrs","react_ccrs_mazeV1_t2","1815","1815","2026-06-25T14:12:17.000+00:00","4381","react_ccrs_mazeV1_t2_20260625_141909.log","115517","1","0","0","0","0","0"
"react-baseline-vs-ccrs-v1-t2","002-ccrs","react_ccrs_mazeV1_t2","1816","1816","2026-06-25T14:12:53.888+00:00","36888","react_ccrs_mazeV1_t2_20260625_141909.log","115726","1","0","0","0","0","0"
"react-baseline-vs-ccrs-v1-t2","002-ccrs","react_ccrs_mazeV1_t2","1817","1817","2026-06-25T14:12:57.881+00:00","3993","react_ccrs_mazeV1_t2_20260625_141909.log","115738","1","0","0","0","0","0"
"react-baseline-vs-ccrs-v1-t2","002-ccrs","react_ccrs_mazeV1_t2","1818","1818","2026-06-25T14:13:02.015+00:00","4134","react_ccrs_mazeV1_t2_20260625_141909.log","115807","1","0","0","0","0","0"
"react-baseline-vs-ccrs-v1-t2","002-ccrs","react_ccrs_mazeV1_t2","1819","1819","2026-06-25T14:13:06.159+00:00","4144","react_ccrs_mazeV1_t2_20260625_141909.log","115876","1","0","0","0","0","0"
"react-baseline-vs-ccrs-v1-t2","002-ccrs","react_ccrs_mazeV1_t2","1820","1820","2026-06-25T14:13:13.316+00:00","7157","react_ccrs_mazeV1_t2_20260625_141909.log","115945","1","0","0","0","0","0"
"react-baseline-vs-ccrs-v1-t2","002-ccrs","react_ccrs_mazeV1_t2","1821","1821","2026-06-25T14:13:17.805+00:00","4489","react_ccrs_mazeV1_t2_20260625_141909.log","116014","1","0","0","0","0","0"
"react-baseline-vs-ccrs-v1-t2","002-ccrs","react_ccrs_mazeV1_t2","1822","1822","2026-06-25T14:13:23.105+00:00","5300","react_ccrs_mazeV1_t2_20260625_141909.log","116083","1","0","0","0","0","0"
"react-baseline-vs-ccrs-v1-t2","002-ccrs","react_ccrs_mazeV1_t2","1823","1823","2026-06-25T14:13:26.656+00:00","3551","react_ccrs_mazeV1_t2_20260625_141909.log","116152","1","0","0","0","0","0"
"react-baseline-vs-ccrs-v1-t2","002-ccrs","react_ccrs_mazeV1_t2","1824","1824","2026-06-25T14:13:30.516+00:00","3860","react_ccrs_mazeV1_t2_20260625_141909.log","116221","1","0","0","0","0","0"
"react-baseline-vs-ccrs-v1-t2","002-ccrs","react_ccrs_mazeV1_t2","1825","1825","2026-06-25T14:13:34.787+00:00","4271","react_ccrs_mazeV1_t2_20260625_141909.log","116290","1","0","0","0","0","0"
"react-baseline-vs-ccrs-v1-t2","002-ccrs","react_ccrs_mazeV1_t2","1826","1826","2026-06-25T14:13:38.701+00:00","3914","react_ccrs_mazeV1_t2_20260625_141909.log","116359","1","0","0","0","0","0"
"react-baseline-vs-ccrs-v1-t2","002-ccrs","react_ccrs_mazeV1_t2","1827","1827","2026-06-25T14:13:42.496+00:00","3795","react_ccrs_mazeV1_t2_20260625_141909.log","116428","1","0","0","0","0","0"
"react-baseline-vs-ccrs-v1-t2","002-ccrs","react_ccrs_mazeV1_t2","1828","1828","2026-06-25T14:13:46.736+00:00","4240","react_ccrs_mazeV1_t2_20260625_141909.log","116497","1","0","0","0","0","0"
"react-baseline-vs-ccrs-v1-t2","002-ccrs","react_ccrs_mazeV1_t2","1829","1829","2026-06-25T14:13:50.456+00:00","3720","react_ccrs_mazeV1_t2_20260625_141909.log","116566","1","0","0","0","0","0"
"react-baseline-vs-ccrs-v1-t2","002-ccrs","react_ccrs_mazeV1_t2","1830","1830","2026-06-25T14:13:54.512+00:00","4056","react_ccrs_mazeV1_t2_20260625_141909.log","116635","1","0","0","0","0","0"
"react-baseline-vs-ccrs-v1-t2","002-ccrs","react_ccrs_mazeV1_t2","1831","1831","2026-06-25T14:13:58.414+00:00","3902","react_ccrs_mazeV1_t2_20260625_141909.log","116704","1","0","0","0","0","0"
"react-baseline-vs-ccrs-v1-t2","002-ccrs","react_ccrs_mazeV1_t2","1832","1832","2026-06-25T14:14:02.366+00:00","3952","react_ccrs_mazeV1_t2_20260625_141909.log","116773","1","0","0","0","0","0"
"react-baseline-vs-ccrs-v1-t2","002-ccrs","react_ccrs_mazeV1_t2","1833","1833","2026-06-25T14:14:07.336+00:00","4970","react_ccrs_mazeV1_t2_20260625_141909.log","116842","1","0","0","0","0","0"
"react-baseline-vs-ccrs-v1-t2","002-ccrs","react_ccrs_mazeV1_t2","1834","1834","2026-06-25T14:14:11.072+00:00","3736","react_ccrs_mazeV1_t2_20260625_141909.log","116911","1","0","0","0","0","0"
"react-baseline-vs-ccrs-v1-t2","002-ccrs","react_ccrs_mazeV1_t2","1835","1835","2026-06-25T14:14:15.068+00:00","3996","react_ccrs_mazeV1_t2_20260625_141909.log","116980","1","0","0","0","0","0"
"react-baseline-vs-ccrs-v1-t2","002-ccrs","react_ccrs_mazeV1_t2","1836","1836","2026-06-25T14:14:18.599+00:00","3531","react_ccrs_mazeV1_t2_20260625_141909.log","117049","1","0","0","0","0","0"
"react-baseline-vs-ccrs-v1-t2","002-ccrs","react_ccrs_mazeV1_t2","1837","1837","2026-06-25T14:14:22.133+00:00","3534","react_ccrs_mazeV1_t2_20260625_141909.log","117118","1","0","0","0","0","0"
"react-baseline-vs-ccrs-v1-t2","002-ccrs","react_ccrs_mazeV1_t2","1838","1838","2026-06-25T14:14:29.563+00:00","7430","react_ccrs_mazeV1_t2_20260625_141909.log","117187","1","0","0","0","0","0"
"react-baseline-vs-ccrs-v1-t2","002-ccrs","react_ccrs_mazeV1_t2","1839","1839","2026-06-25T14:14:38.672+00:00","9109","react_ccrs_mazeV1_t2_20260625_141909.log","117256","1","0","0","0","0","0"
"react-baseline-vs-ccrs-v1-t2","002-ccrs","react_ccrs_mazeV1_t2","1840","1840","2026-06-25T14:14:42.573+00:00","3901","react_ccrs_mazeV1_t2_20260625_141909.log","117325","1","0","0","0","0","0"
"react-baseline-vs-ccrs-v1-t2","002-ccrs","react_ccrs_mazeV1_t2","1841","1841","2026-06-25T14:14:46.750+00:00","4177","react_ccrs_mazeV1_t2_20260625_141909.log","117394","1","0","0","0","0","0"
"react-baseline-vs-ccrs-v1-t2","002-ccrs","react_ccrs_mazeV1_t2","1842","1842","2026-06-25T14:14:50.366+00:00","3616","react_ccrs_mazeV1_t2_20260625_141909.log","117463","1","0","0","0","0","0"
"react-baseline-vs-ccrs-v1-t2","002-ccrs","react_ccrs_mazeV1_t2","1843","1843","2026-06-25T14:14:53.966+00:00","3600","react_ccrs_mazeV1_t2_20260625_141909.log","117532","1","0","0","0","0","0"
"react-baseline-vs-ccrs-v1-t2","002-ccrs","react_ccrs_mazeV1_t2","1844","1844","2026-06-25T14:14:57.699+00:00","3733","react_ccrs_mazeV1_t2_20260625_141909.log","117601","1","0","0","0","0","0"
"react-baseline-vs-ccrs-v1-t2","002-ccrs","react_ccrs_mazeV1_t2","1845","1845","2026-06-25T14:15:01.259+00:00","3560","react_ccrs_mazeV1_t2_20260625_141909.log","117670","1","0","0","0","0","0"
"react-baseline-vs-ccrs-v1-t2","002-ccrs","react_ccrs_mazeV1_t2","1846","1846","2026-06-25T14:15:06.013+00:00","4754","react_ccrs_mazeV1_t2_20260625_141909.log","117739","1","0","0","0","0","0"
"react-baseline-vs-ccrs-v1-t2","002-ccrs","react_ccrs_mazeV1_t2","1847","1847","2026-06-25T14:15:09.536+00:00","3523","react_ccrs_mazeV1_t2_20260625_141909.log","117751","1","0","0","0","0","0"
"react-baseline-vs-ccrs-v1-t2","002-ccrs","react_ccrs_mazeV1_t2","1848","1848","2026-06-25T14:15:14.661+00:00","5125","react_ccrs_mazeV1_t2_20260625_141909.log","117858","1","0","0","0","0","0"
"react-baseline-vs-ccrs-v1-t2","002-ccrs","react_ccrs_mazeV1_t2","1849","1849","2026-06-25T14:15:18.356+00:00","3695","react_ccrs_mazeV1_t2_20260625_141909.log","117870","1","0","0","0","0","0"
"react-baseline-vs-ccrs-v1-t2","002-ccrs","react_ccrs_mazeV1_t2","1850","1850","2026-06-25T14:15:23.493+00:00","5137","react_ccrs_mazeV1_t2_20260625_141909.log","117939","1","0","0","0","0","0"
"react-baseline-vs-ccrs-v1-t2","002-ccrs","react_ccrs_mazeV1_t2","1851","1851","2026-06-25T14:15:32.122+00:00","8629","react_ccrs_mazeV1_t2_20260625_141909.log","118008","1","0","0","0","0","0"
"react-baseline-vs-ccrs-v1-t2","002-ccrs","react_ccrs_mazeV1_t2","1852","1852","2026-06-25T14:15:34.908+00:00","2786","react_ccrs_mazeV1_t2_20260625_141909.log","118025","1","0","0","0","0","0"
"react-baseline-vs-ccrs-v1-t2","002-ccrs","react_ccrs_mazeV1_t2","1853","1853","2026-06-25T14:15:38.789+00:00","3881","react_ccrs_mazeV1_t2_20260625_141909.log","118094","1","0","0","0","0","0"
"react-baseline-vs-ccrs-v1-t2","002-ccrs","react_ccrs_mazeV1_t2","1854","1854","2026-06-25T14:15:42.895+00:00","4106","react_ccrs_mazeV1_t2_20260625_141909.log","118163","1","0","0","0","0","0"
"react-baseline-vs-ccrs-v1-t2","002-ccrs","react_ccrs_mazeV1_t2","1855","1855","2026-06-25T14:15:46.211+00:00","3316","react_ccrs_mazeV1_t2_20260625_141909.log","118232","1","0","0","0","0","0"
"react-baseline-vs-ccrs-v1-t2","002-ccrs","react_ccrs_mazeV1_t2","1856","1856","2026-06-25T14:15:49.675+00:00","3464","react_ccrs_mazeV1_t2_20260625_141909.log","118301","1","0","0","0","0","0"
"react-baseline-vs-ccrs-v1-t2","002-ccrs","react_ccrs_mazeV1_t2","1857","1857","2026-06-25T14:15:53.261+00:00","3586","react_ccrs_mazeV1_t2_20260625_141909.log","118370","1","0","0","0","0","0"
"react-baseline-vs-ccrs-v1-t2","002-ccrs","react_ccrs_mazeV1_t2","1858","1858","2026-06-25T14:15:56.546+00:00","3285","react_ccrs_mazeV1_t2_20260625_141909.log","118439","1","0","0","0","0","0"
"react-baseline-vs-ccrs-v1-t2","002-ccrs","react_ccrs_mazeV1_t2","1859","1859","2026-06-25T14:16:02.915+00:00","6369","react_ccrs_mazeV1_t2_20260625_141909.log","118508","1","0","0","0","0","0"
"react-baseline-vs-ccrs-v1-t2","002-ccrs","react_ccrs_mazeV1_t2","1860","1860","2026-06-25T14:16:05.967+00:00","3052","react_ccrs_mazeV1_t2_20260625_141909.log","118577","1","0","0","0","0","0"
"react-baseline-vs-ccrs-v1-t2","002-ccrs","react_ccrs_mazeV1_t2","1861","1861","2026-06-25T14:16:09.562+00:00","3595","react_ccrs_mazeV1_t2_20260625_141909.log","118646","1","0","0","0","0","0"
"react-baseline-vs-ccrs-v1-t2","002-ccrs","react_ccrs_mazeV1_t2","1862","1862","2026-06-25T14:16:13.325+00:00","3763","react_ccrs_mazeV1_t2_20260625_141909.log","118715","1","0","0","0","0","0"
"react-baseline-vs-ccrs-v1-t2","002-ccrs","react_ccrs_mazeV1_t2","1863","1863","2026-06-25T14:16:17.256+00:00","3931","react_ccrs_mazeV1_t2_20260625_141909.log","118784","1","0","0","0","0","0"
"react-baseline-vs-ccrs-v1-t2","002-ccrs","react_ccrs_mazeV1_t2","1864","1864","2026-06-25T14:16:20.383+00:00","3127","react_ccrs_mazeV1_t2_20260625_141909.log","118853","1","0","0","0","0","0"
"react-baseline-vs-ccrs-v1-t2","002-ccrs","react_ccrs_mazeV1_t2","1865","1865","2026-06-25T14:16:23.588+00:00","3205","react_ccrs_mazeV1_t2_20260625_141909.log","118922","1","0","0","0","0","0"
"react-baseline-vs-ccrs-v1-t2","002-ccrs","react_ccrs_mazeV1_t2","1866","1866","2026-06-25T14:16:27.132+00:00","3544","react_ccrs_mazeV1_t2_20260625_141909.log","118991","1","0","0","0","0","0"
"react-baseline-vs-ccrs-v1-t2","002-ccrs","react_ccrs_mazeV1_t2","1867","1867","2026-06-25T14:16:30.264+00:00","3132","react_ccrs_mazeV1_t2_20260625_141909.log","119060","1","0","0","0","0","0"
"react-baseline-vs-ccrs-v1-t2","002-ccrs","react_ccrs_mazeV1_t2","1868","1868","2026-06-25T14:16:34.103+00:00","3839","react_ccrs_mazeV1_t2_20260625_141909.log","119129","1","0","0","0","0","0"
"react-baseline-vs-ccrs-v1-t2","002-ccrs","react_ccrs_mazeV1_t2","1869","1869","2026-06-25T14:16:37.690+00:00","3587","react_ccrs_mazeV1_t2_20260625_141909.log","119198","1","0","0","0","0","0"
"react-baseline-vs-ccrs-v1-t2","002-ccrs","react_ccrs_mazeV1_t2","1870","1870","2026-06-25T14:16:42.021+00:00","4331","react_ccrs_mazeV1_t2_20260625_141909.log","119267","1","0","0","0","0","0"
"react-baseline-vs-ccrs-v1-t2","002-ccrs","react_ccrs_mazeV1_t2","1871","1871","2026-06-25T14:16:45.064+00:00","3043","react_ccrs_mazeV1_t2_20260625_141909.log","119279","1","0","0","0","0","0"
"react-baseline-vs-ccrs-v1-t2","002-ccrs","react_ccrs_mazeV1_t2","1872","1872","2026-06-25T14:16:49.018+00:00","3954","react_ccrs_mazeV1_t2_20260625_141909.log","119386","1","0","0","0","0","0"
"react-baseline-vs-ccrs-v1-t2","002-ccrs","react_ccrs_mazeV1_t2","1873","1873","2026-06-25T14:16:52.383+00:00","3365","react_ccrs_mazeV1_t2_20260625_141909.log","119493","1","0","0","0","0","0"
"react-baseline-vs-ccrs-v1-t2","002-ccrs","react_ccrs_mazeV1_t2","1874","1874","2026-06-25T14:16:56.018+00:00","3635","react_ccrs_mazeV1_t2_20260625_141909.log","119600","1","0","0","0","0","0"
"react-baseline-vs-ccrs-v1-t2","002-ccrs","react_ccrs_mazeV1_t2","1875","1875","2026-06-25T14:16:59.347+00:00","3329","react_ccrs_mazeV1_t2_20260625_141909.log","119707","1","0","0","0","0","0"
"react-baseline-vs-ccrs-v1-t2","002-ccrs","react_ccrs_mazeV1_t2","1876","1876","2026-06-25T14:17:03.004+00:00","3657","react_ccrs_mazeV1_t2_20260625_141909.log","119814","1","0","0","0","0","0"
"react-baseline-vs-ccrs-v1-t2","002-ccrs","react_ccrs_mazeV1_t2","1877","1877","2026-06-25T14:17:06.847+00:00","3843","react_ccrs_mazeV1_t2_20260625_141909.log","119921","1","0","0","0","0","0"
"react-baseline-vs-ccrs-v1-t2","002-ccrs","react_ccrs_mazeV1_t2","1878","1878","2026-06-25T14:17:10.281+00:00","3434","react_ccrs_mazeV1_t2_20260625_141909.log","120028","1","0","0","0","0","0"
"react-baseline-vs-ccrs-v1-t2","002-ccrs","react_ccrs_mazeV1_t2","1879","1879","2026-06-25T14:17:13.561+00:00","3280","react_ccrs_mazeV1_t2_20260625_141909.log","120135","1","0","0","0","0","0"
"react-baseline-vs-ccrs-v1-t2","002-ccrs","react_ccrs_mazeV1_t2","1880","1880","2026-06-25T14:17:17.026+00:00","3465","react_ccrs_mazeV1_t2_20260625_141909.log","120242","1","0","0","0","0","0"
"react-baseline-vs-ccrs-v1-t2","002-ccrs","react_ccrs_mazeV1_t2","1881","1881","2026-06-25T14:17:20.944+00:00","3918","react_ccrs_mazeV1_t2_20260625_141909.log","120259","1","0","0","0","0","0"
"react-baseline-vs-ccrs-v1-t2","002-ccrs","react_ccrs_mazeV1_t2","1882","1882","2026-06-25T14:17:27.642+00:00","6698","react_ccrs_mazeV1_t2_20260625_141909.log","120366","1","0","0","0","0","0"
"react-baseline-vs-ccrs-v1-t2","002-ccrs","react_ccrs_mazeV1_t2","1883","1883","2026-06-25T14:17:31.337+00:00","3695","react_ccrs_mazeV1_t2_20260625_141909.log","120378","1","0","0","0","0","0"
"react-baseline-vs-ccrs-v1-t2","002-ccrs","react_ccrs_mazeV1_t2","1884","1884","2026-06-25T14:17:35.048+00:00","3711","react_ccrs_mazeV1_t2_20260625_141909.log","120466","1","0","0","0","0","0"
"react-baseline-vs-ccrs-v1-t2","002-ccrs","react_ccrs_mazeV1_t2","1885","1885","2026-06-25T14:17:38.524+00:00","3476","react_ccrs_mazeV1_t2_20260625_141909.log","120554","1","0","0","0","0","0"
"react-baseline-vs-ccrs-v1-t2","002-ccrs","react_ccrs_mazeV1_t2","1886","1886","2026-06-25T14:17:42.150+00:00","3626","react_ccrs_mazeV1_t2_20260625_141909.log","120642","1","0","0","0","0","0"
"react-baseline-vs-ccrs-v1-t2","002-ccrs","react_ccrs_mazeV1_t2","1887","1887","2026-06-25T14:17:45.735+00:00","3585","react_ccrs_mazeV1_t2_20260625_141909.log","120730","1","0","0","0","0","0"
"react-baseline-vs-ccrs-v1-t2","002-ccrs","react_ccrs_mazeV1_t2","1888","1888","2026-06-25T14:17:49.563+00:00","3828","react_ccrs_mazeV1_t2_20260625_141909.log","120818","1","0","0","0","0","0"
"react-baseline-vs-ccrs-v1-t2","002-ccrs","react_ccrs_mazeV1_t2","1889","1889","2026-06-25T14:17:53.165+00:00","3602","react_ccrs_mazeV1_t2_20260625_141909.log","120906","1","0","0","0","0","0"
"react-baseline-vs-ccrs-v1-t2","002-ccrs","react_ccrs_mazeV1_t2","1890","1890","2026-06-25T14:17:56.746+00:00","3581","react_ccrs_mazeV1_t2_20260625_141909.log","120994","1","0","0","0","0","0"
"react-baseline-vs-ccrs-v1-t2","002-ccrs","react_ccrs_mazeV1_t2","1891","1891","2026-06-25T14:18:00.328+00:00","3582","react_ccrs_mazeV1_t2_20260625_141909.log","121082","1","0","0","0","0","0"
"react-baseline-vs-ccrs-v1-t2","002-ccrs","react_ccrs_mazeV1_t2","1892","1892","2026-06-25T14:18:04.967+00:00","4639","react_ccrs_mazeV1_t2_20260625_141909.log","121099","1","0","0","0","0","0"
"react-baseline-vs-ccrs-v1-t2","002-ccrs","react_ccrs_mazeV1_t2","1893","1893","2026-06-25T14:18:08.877+00:00","3910","react_ccrs_mazeV1_t2_20260625_141909.log","121111","1","0","0","0","0","0"
"react-baseline-vs-ccrs-v1-t2","002-ccrs","react_ccrs_mazeV1_t2","1894","1894","2026-06-25T14:18:12.570+00:00","3693","react_ccrs_mazeV1_t2_20260625_141909.log","121237","1","0","0","0","0","0"
"react-baseline-vs-ccrs-v1-t2","002-ccrs","react_ccrs_mazeV1_t2","1895","1895","2026-06-25T14:18:16.549+00:00","3979","react_ccrs_mazeV1_t2_20260625_141909.log","121363","1","0","0","0","0","0"
"react-baseline-vs-ccrs-v1-t2","002-ccrs","react_ccrs_mazeV1_t2","1896","1896","2026-06-25T14:18:20.774+00:00","4225","react_ccrs_mazeV1_t2_20260625_141909.log","121489","1","0","0","0","0","0"
"react-baseline-vs-ccrs-v1-t2","002-ccrs","react_ccrs_mazeV1_t2","1897","1897","2026-06-25T14:18:24.451+00:00","3677","react_ccrs_mazeV1_t2_20260625_141909.log","121615","1","0","0","0","0","0"
"react-baseline-vs-ccrs-v1-t2","002-ccrs","react_ccrs_mazeV1_t2","1898","1898","2026-06-25T14:18:28.663+00:00","4212","react_ccrs_mazeV1_t2_20260625_141909.log","121741","1","0","0","0","0","0"
"react-baseline-vs-ccrs-v1-t2","002-ccrs","react_ccrs_mazeV1_t2","1899","1899","2026-06-25T14:18:32.601+00:00","3938","react_ccrs_mazeV1_t2_20260625_141909.log","121867","1","0","0","0","0","0"
"react-baseline-vs-ccrs-v1-t2","002-ccrs","react_ccrs_mazeV1_t2","1900","1900","2026-06-25T14:18:36.255+00:00","3654","react_ccrs_mazeV1_t2_20260625_141909.log","121993","1","0","0","0","0","0"
"react-baseline-vs-ccrs-v1-t2","002-ccrs","react_ccrs_mazeV1_t2","1901","1901","2026-06-25T14:18:40.381+00:00","4126","react_ccrs_mazeV1_t2_20260625_141909.log","122119","1","0","0","0","0","0"
"react-baseline-vs-ccrs-v1-t2","002-ccrs","react_ccrs_mazeV1_t2","1902","1902","2026-06-25T14:18:45.159+00:00","4778","react_ccrs_mazeV1_t2_20260625_141909.log","122245","1","0","0","0","0","0"
"react-baseline-vs-ccrs-v1-t2","002-ccrs","react_ccrs_mazeV1_t2","1903","1903","2026-06-25T14:18:48.978+00:00","3819","react_ccrs_mazeV1_t2_20260625_141909.log","122257","1","0","0","0","0","0"
"react-baseline-vs-ccrs-v1-t2","002-ccrs","react_ccrs_mazeV1_t2","1904","1904","2026-06-25T14:18:52.759+00:00","3781","react_ccrs_mazeV1_t2_20260625_141909.log","122345","1","0","0","0","0","0"
"react-baseline-vs-ccrs-v1-t2","002-ccrs","react_ccrs_mazeV1_t2","1905","1905","2026-06-25T14:18:56.886+00:00","4127","react_ccrs_mazeV1_t2_20260625_141909.log","122433","1","0","0","0","0","0"
"react-baseline-vs-ccrs-v1-t2","002-ccrs","react_ccrs_mazeV1_t2","1906","1906","2026-06-25T14:19:00.414+00:00","3528","react_ccrs_mazeV1_t2_20260625_141909.log","122521","1","0","0","0","0","0"
"react-baseline-vs-ccrs-v1-t2","002-ccrs","react_ccrs_mazeV1_t2","1907","1907","2026-06-25T14:19:04.396+00:00","3982","react_ccrs_mazeV1_t2_20260625_141909.log","122609","1","0","0","0","0","0"
"react-baseline-vs-ccrs-v1-t2","002-ccrs","react_ccrs_mazeV1_t2","1908","1908","2026-06-25T14:19:07.975+00:00","3579","react_ccrs_mazeV1_t2_20260625_141909.log","122697","1","0","0","0","0","0"
"react-baseline-vs-ccrs-v1-t2","002-ccrs","react_ccrs_mazeV1_t2","1909","1909","2026-06-25T14:19:12.410+00:00","4435","react_ccrs_mazeV1_t2_20260625_141909.log","122785","1","0","0","0","0","0"
"react-baseline-vs-ccrs-v1-t2","002-ccrs","react_ccrs_mazeV1_t2","1910","1910","2026-06-25T14:19:16.179+00:00","3769","react_ccrs_mazeV1_t2_20260625_141909.log","122873","1","0","0","0","0","0"
"react-baseline-vs-ccrs-v1-t2","002-ccrs","react_ccrs_mazeV1_t2","1911","1911","2026-06-25T14:19:19.898+00:00","3719","react_ccrs_mazeV1_t2_20260625_141909.log","122961","1","0","0","0","0","0"
"react-baseline-vs-ccrs-v1-t2","002-ccrs","react_ccrs_mazeV1_t2","1912","1912","2026-06-25T14:19:23.736+00:00","3838","react_ccrs_mazeV1_t2_20260625_141909.log","123049","1","0","0","0","0","0"
"react-baseline-vs-ccrs-v1-t2","002-ccrs","react_ccrs_mazeV1_t2","1913","1913","2026-06-25T14:19:27.859+00:00","4123","react_ccrs_mazeV1_t2_20260625_141909.log","123137","1","0","0","0","0","0"
"react-baseline-vs-ccrs-v1-t2","002-ccrs","react_ccrs_mazeV1_t2","1914","1914","2026-06-25T14:19:31.586+00:00","3727","react_ccrs_mazeV1_t2_20260625_141909.log","123225","1","0","0","0","0","0"
"react-baseline-vs-ccrs-v1-t2","002-ccrs","react_ccrs_mazeV1_t2","1915","1915","2026-06-25T14:19:36.445+00:00","4859","react_ccrs_mazeV1_t2_20260625_141909.log","123313","1","0","0","0","0","0"
"react-baseline-vs-ccrs-v1-t2","002-ccrs","react_ccrs_mazeV1_t2","1916","1916","2026-06-25T14:19:40.071+00:00","3626","react_ccrs_mazeV1_t2_20260625_141909.log","123401","1","0","0","0","0","0"
"react-baseline-vs-ccrs-v1-t2","002-ccrs","react_ccrs_mazeV1_t2","1917","1917","2026-06-25T14:19:45.886+00:00","5815","react_ccrs_mazeV1_t2_20260625_141909.log","123418","1","0","0","0","0","0"
"react-baseline-vs-ccrs-v1-t2","002-ccrs","react_ccrs_mazeV1_t2","1918","1918","2026-06-25T14:19:49.499+00:00","3613","react_ccrs_mazeV1_t2_20260625_141909.log","123430","1","0","0","0","0","0"
"react-baseline-vs-ccrs-v1-t2","002-ccrs","react_ccrs_mazeV1_t2","1919","1919","2026-06-25T14:19:53.150+00:00","3651","react_ccrs_mazeV1_t2_20260625_141909.log","123537","1","0","0","0","0","0"
"react-baseline-vs-ccrs-v1-t2","002-ccrs","react_ccrs_mazeV1_t2","1920","1920","2026-06-25T14:19:56.934+00:00","3784","react_ccrs_mazeV1_t2_20260625_141909.log","123644","1","0","0","0","0","0"
"react-baseline-vs-ccrs-v1-t2","002-ccrs","react_ccrs_mazeV1_t2","1921","1921","2026-06-25T14:20:00.846+00:00","3912","react_ccrs_mazeV1_t2_20260625_141909.log","123751","1","0","0","0","0","0"
"react-baseline-vs-ccrs-v1-t2","002-ccrs","react_ccrs_mazeV1_t2","1922","1922","2026-06-25T14:20:04.569+00:00","3723","react_ccrs_mazeV1_t2_20260625_141909.log","123858","1","0","0","0","0","0"
"react-baseline-vs-ccrs-v1-t2","002-ccrs","react_ccrs_mazeV1_t2","1923","1923","2026-06-25T14:20:09.275+00:00","4706","react_ccrs_mazeV1_t2_20260625_141909.log","123965","1","0","0","0","0","0"
"react-baseline-vs-ccrs-v1-t2","002-ccrs","react_ccrs_mazeV1_t2","1924","1924","2026-06-25T14:20:13.237+00:00","3962","react_ccrs_mazeV1_t2_20260625_141909.log","124072","1","0","0","0","0","0"
"react-baseline-vs-ccrs-v1-t2","002-ccrs","react_ccrs_mazeV1_t2","1925","1925","2026-06-25T14:20:22.028+00:00","8791","react_ccrs_mazeV1_t2_20260625_141909.log","124179","1","0","0","0","0","0"
"react-baseline-vs-ccrs-v1-t2","002-ccrs","react_ccrs_mazeV1_t2","1926","1926","2026-06-25T14:20:26.486+00:00","4458","react_ccrs_mazeV1_t2_20260625_141909.log","124286","1","0","0","0","0","0"
"react-baseline-vs-ccrs-v1-t2","002-ccrs","react_ccrs_mazeV1_t2","1927","1927","2026-06-25T14:20:31.401+00:00","4915","react_ccrs_mazeV1_t2_20260625_141909.log","124393","1","0","0","0","0","0"
"react-baseline-vs-ccrs-v1-t2","002-ccrs","react_ccrs_mazeV1_t2","1928","1928","2026-06-25T14:20:40.434+00:00","9033","react_ccrs_mazeV1_t2_20260625_141909.log","124500","1","0","0","0","0","0"
"react-baseline-vs-ccrs-v1-t2","002-ccrs","react_ccrs_mazeV1_t2","1929","1929","2026-06-25T14:20:44.460+00:00","4026","react_ccrs_mazeV1_t2_20260625_141909.log","124607","1","0","0","0","0","0"
"react-baseline-vs-ccrs-v1-t2","002-ccrs","react_ccrs_mazeV1_t2","1930","1930","2026-06-25T14:20:48.453+00:00","3993","react_ccrs_mazeV1_t2_20260625_141909.log","124714","1","0","0","0","0","0"
"react-baseline-vs-ccrs-v1-t2","002-ccrs","react_ccrs_mazeV1_t2","1931","1931","2026-06-25T14:20:52.310+00:00","3857","react_ccrs_mazeV1_t2_20260625_141909.log","124821","1","0","0","0","0","0"
"react-baseline-vs-ccrs-v1-t2","002-ccrs","react_ccrs_mazeV1_t2","1932","1932","2026-06-25T14:20:57.025+00:00","4715","react_ccrs_mazeV1_t2_20260625_141909.log","124928","1","0","0","0","0","0"
"react-baseline-vs-ccrs-v1-t2","002-ccrs","react_ccrs_mazeV1_t2","1933","1933","2026-06-25T14:21:00.496+00:00","3471","react_ccrs_mazeV1_t2_20260625_141909.log","124940","1","0","0","0","0","0"
"react-baseline-vs-ccrs-v1-t2","002-ccrs","react_ccrs_mazeV1_t2","1934","1934","2026-06-25T14:21:04.515+00:00","4019","react_ccrs_mazeV1_t2_20260625_141909.log","125047","1","0","0","0","0","0"
"react-baseline-vs-ccrs-v1-t2","002-ccrs","react_ccrs_mazeV1_t2","1935","1935","2026-06-25T14:21:08.183+00:00","3668","react_ccrs_mazeV1_t2_20260625_141909.log","125154","1","0","0","0","0","0"
"react-baseline-vs-ccrs-v1-t2","002-ccrs","react_ccrs_mazeV1_t2","1936","1936","2026-06-25T14:21:12.335+00:00","4152","react_ccrs_mazeV1_t2_20260625_141909.log","125261","1","0","0","0","0","0"
"react-baseline-vs-ccrs-v1-t2","002-ccrs","react_ccrs_mazeV1_t2","1937","1937","2026-06-25T14:21:16.672+00:00","4337","react_ccrs_mazeV1_t2_20260625_141909.log","125368","1","0","0","0","0","0"
"react-baseline-vs-ccrs-v1-t2","002-ccrs","react_ccrs_mazeV1_t2","1938","1938","2026-06-25T14:21:20.439+00:00","3767","react_ccrs_mazeV1_t2_20260625_141909.log","125475","1","0","0","0","0","0"
"react-baseline-vs-ccrs-v1-t2","002-ccrs","react_ccrs_mazeV1_t2","1939","1939","2026-06-25T14:21:24.744+00:00","4305","react_ccrs_mazeV1_t2_20260625_141909.log","125582","1","0","0","0","0","0"
"react-baseline-vs-ccrs-v1-t2","002-ccrs","react_ccrs_mazeV1_t2","1940","1940","2026-06-25T14:21:30.086+00:00","5342","react_ccrs_mazeV1_t2_20260625_141909.log","125689","1","0","0","0","0","0"
"react-baseline-vs-ccrs-v1-t2","002-ccrs","react_ccrs_mazeV1_t2","1941","1941","2026-06-25T14:21:38.211+00:00","8125","react_ccrs_mazeV1_t2_20260625_141909.log","125796","1","0","0","0","0","0"
"react-baseline-vs-ccrs-v1-t2","002-ccrs","react_ccrs_mazeV1_t2","1942","1942","2026-06-25T14:21:45.456+00:00","7245","react_ccrs_mazeV1_t2_20260625_141909.log","125903","1","0","0","0","0","0"
"react-baseline-vs-ccrs-v1-t2","002-ccrs","react_ccrs_mazeV1_t2","1943","1943","2026-06-25T14:21:50.741+00:00","5285","react_ccrs_mazeV1_t2_20260625_141909.log","126010","1","0","0","0","0","0"
"react-baseline-vs-ccrs-v1-t2","002-ccrs","react_ccrs_mazeV1_t2","1944","1944","2026-06-25T14:21:54.792+00:00","4051","react_ccrs_mazeV1_t2_20260625_141909.log","126117","1","0","0","0","0","0"
"react-baseline-vs-ccrs-v1-t2","002-ccrs","react_ccrs_mazeV1_t2","1945","1945","2026-06-25T14:21:58.959+00:00","4167","react_ccrs_mazeV1_t2_20260625_141909.log","126224","1","0","0","0","0","0"
"react-baseline-vs-ccrs-v1-t2","002-ccrs","react_ccrs_mazeV1_t2","1946","1946","2026-06-25T14:22:03.010+00:00","4051","react_ccrs_mazeV1_t2_20260625_141909.log","126331","1","0","0","0","0","0"
"react-baseline-vs-ccrs-v1-t2","002-ccrs","react_ccrs_mazeV1_t2","1947","1947","2026-06-25T14:22:06.808+00:00","3798","react_ccrs_mazeV1_t2_20260625_141909.log","126438","1","0","0","0","0","0"
"react-baseline-vs-ccrs-v1-t2","002-ccrs","react_ccrs_mazeV1_t2","1948","1948","2026-06-25T14:22:10.853+00:00","4045","react_ccrs_mazeV1_t2_20260625_141909.log","126545","1","0","0","0","0","0"
"react-baseline-vs-ccrs-v1-t2","002-ccrs","react_ccrs_mazeV1_t2","1949","1949","2026-06-25T14:22:17.945+00:00","7092","react_ccrs_mazeV1_t2_20260625_141909.log","126652","1","0","0","0","0","0"
"react-baseline-vs-ccrs-v1-t2","002-ccrs","react_ccrs_mazeV1_t2","1950","1950","2026-06-25T14:22:21.847+00:00","3902","react_ccrs_mazeV1_t2_20260625_141909.log","126759","1","0","0","0","0","0"
"react-baseline-vs-ccrs-v1-t2","002-ccrs","react_ccrs_mazeV1_t2","1951","1951","2026-06-25T14:22:29.625+00:00","7778","react_ccrs_mazeV1_t2_20260625_141909.log","126866","1","0","0","0","0","0"
"react-baseline-vs-ccrs-v1-t2","002-ccrs","react_ccrs_mazeV1_t2","1952","1952","2026-06-25T14:22:34.374+00:00","4749","react_ccrs_mazeV1_t2_20260625_141909.log","126973","1","0","0","0","0","0"
"react-baseline-vs-ccrs-v1-t2","002-ccrs","react_ccrs_mazeV1_t2","1953","1953","2026-06-25T14:22:38.365+00:00","3991","react_ccrs_mazeV1_t2_20260625_141909.log","127080","1","0","0","0","0","0"
"react-baseline-vs-ccrs-v1-t2","002-ccrs","react_ccrs_mazeV1_t2","1954","1954","2026-06-25T14:22:43.333+00:00","4968","react_ccrs_mazeV1_t2_20260625_141909.log","127187","1","0","0","0","0","0"
"react-baseline-vs-ccrs-v1-t2","002-ccrs","react_ccrs_mazeV1_t2","1955","1955","2026-06-25T14:22:47.285+00:00","3952","react_ccrs_mazeV1_t2_20260625_141909.log","127294","1","0","0","0","0","0"
"react-baseline-vs-ccrs-v1-t2","002-ccrs","react_ccrs_mazeV1_t2","1956","1956","2026-06-25T14:22:51.344+00:00","4059","react_ccrs_mazeV1_t2_20260625_141909.log","127401","1","0","0","0","0","0"
"react-baseline-vs-ccrs-v1-t2","002-ccrs","react_ccrs_mazeV1_t2","1957","1957","2026-06-25T14:22:57.375+00:00","6031","react_ccrs_mazeV1_t2_20260625_141909.log","127418","1","0","0","0","0","0"
"react-baseline-vs-ccrs-v1-t2","002-ccrs","react_ccrs_mazeV1_t2","1958","1958","2026-06-25T14:23:25.636+00:00","28261","react_ccrs_mazeV1_t2_20260625_141909.log","127627","1","0","0","0","0","0"
"react-baseline-vs-ccrs-v1-t2","002-ccrs","react_ccrs_mazeV1_t2","1959","1959","2026-06-25T14:23:29.820+00:00","4184","react_ccrs_mazeV1_t2_20260625_141909.log","127639","1","0","0","0","0","0"
"react-baseline-vs-ccrs-v1-t2","002-ccrs","react_ccrs_mazeV1_t2","1960","1960","2026-06-25T14:23:33.706+00:00","3886","react_ccrs_mazeV1_t2_20260625_141909.log","127724","1","0","0","0","0","0"
"react-baseline-vs-ccrs-v1-t2","002-ccrs","react_ccrs_mazeV1_t2","1961","1961","2026-06-25T14:23:40.700+00:00","6994","react_ccrs_mazeV1_t2_20260625_141909.log","127809","1","0","0","0","0","0"
"react-baseline-vs-ccrs-v1-t2","002-ccrs","react_ccrs_mazeV1_t2","1962","1962","2026-06-25T14:23:45.261+00:00","4561","react_ccrs_mazeV1_t2_20260625_141909.log","127894","1","0","0","0","0","0"
"react-baseline-vs-ccrs-v1-t2","002-ccrs","react_ccrs_mazeV1_t2","1963","1963","2026-06-25T14:23:50.062+00:00","4801","react_ccrs_mazeV1_t2_20260625_141909.log","127979","1","0","0","0","0","0"
"react-baseline-vs-ccrs-v1-t2","002-ccrs","react_ccrs_mazeV1_t2","1964","1964","2026-06-25T14:23:57.907+00:00","7845","react_ccrs_mazeV1_t2_20260625_141909.log","128064","1","0","0","0","0","0"
"react-baseline-vs-ccrs-v1-t2","002-ccrs","react_ccrs_mazeV1_t2","1965","1965","2026-06-25T14:24:01.926+00:00","4019","react_ccrs_mazeV1_t2_20260625_141909.log","128149","1","0","0","0","0","0"
"react-baseline-vs-ccrs-v1-t2","002-ccrs","react_ccrs_mazeV1_t2","1966","1966","2026-06-25T14:24:05.787+00:00","3861","react_ccrs_mazeV1_t2_20260625_141909.log","128234","1","0","0","0","0","0"
"react-baseline-vs-ccrs-v1-t2","002-ccrs","react_ccrs_mazeV1_t2","1967","1967","2026-06-25T14:24:10.005+00:00","4218","react_ccrs_mazeV1_t2_20260625_141909.log","128251","1","0","0","0","0","0"
"react-baseline-vs-ccrs-v1-t2","002-ccrs","react_ccrs_mazeV1_t2","1968","1968","2026-06-25T14:24:14.757+00:00","4752","react_ccrs_mazeV1_t2_20260625_141909.log","128336","1","0","0","0","0","0"
"react-baseline-vs-ccrs-v1-t2","002-ccrs","react_ccrs_mazeV1_t2","1969","1969","2026-06-25T14:24:18.661+00:00","3904","react_ccrs_mazeV1_t2_20260625_141909.log","128421","1","0","0","0","0","0"
"react-baseline-vs-ccrs-v1-t2","002-ccrs","react_ccrs_mazeV1_t2","1970","1970","2026-06-25T14:24:22.485+00:00","3824","react_ccrs_mazeV1_t2_20260625_141909.log","128506","1","0","0","0","0","0"
"react-baseline-vs-ccrs-v1-t2","002-ccrs","react_ccrs_mazeV1_t2","1971","1971","2026-06-25T14:24:26.163+00:00","3678","react_ccrs_mazeV1_t2_20260625_141909.log","128591","1","0","0","0","0","0"
"react-baseline-vs-ccrs-v1-t2","002-ccrs","react_ccrs_mazeV1_t2","1972","1972","2026-06-25T14:24:30.359+00:00","4196","react_ccrs_mazeV1_t2_20260625_141909.log","128676","1","0","0","0","0","0"
"react-baseline-vs-ccrs-v1-t2","002-ccrs","react_ccrs_mazeV1_t2","1973","1973","2026-06-25T14:24:33.868+00:00","3509","react_ccrs_mazeV1_t2_20260625_141909.log","128761","1","0","0","0","0","0"
"react-baseline-vs-ccrs-v1-t2","002-ccrs","react_ccrs_mazeV1_t2","1974","1974","2026-06-25T14:24:43.004+00:00","9136","react_ccrs_mazeV1_t2_20260625_141909.log","128846","1","0","0","0","0","0"
"react-baseline-vs-ccrs-v1-t2","002-ccrs","react_ccrs_mazeV1_t2","1975","1975","2026-06-25T14:24:46.975+00:00","3971","react_ccrs_mazeV1_t2_20260625_141909.log","128931","1","0","0","0","0","0"
"react-baseline-vs-ccrs-v1-t2","002-ccrs","react_ccrs_mazeV1_t2","1976","1976","2026-06-25T14:24:50.721+00:00","3746","react_ccrs_mazeV1_t2_20260625_141909.log","129016","1","0","0","0","0","0"
"react-baseline-vs-ccrs-v1-t2","002-ccrs","react_ccrs_mazeV1_t2","1977","1977","2026-06-25T14:24:56.264+00:00","5543","react_ccrs_mazeV1_t2_20260625_141909.log","129101","1","0","0","0","0","0"
"react-baseline-vs-ccrs-v1-t2","002-ccrs","react_ccrs_mazeV1_t2","1978","1978","2026-06-25T14:25:00.198+00:00","3934","react_ccrs_mazeV1_t2_20260625_141909.log","129186","1","0","0","0","0","0"
"react-baseline-vs-ccrs-v1-t2","002-ccrs","react_ccrs_mazeV1_t2","1979","1979","2026-06-25T14:25:06.450+00:00","6252","react_ccrs_mazeV1_t2_20260625_141909.log","129271","1","0","0","0","0","0"
"react-baseline-vs-ccrs-v1-t2","002-ccrs","react_ccrs_mazeV1_t2","1980","1980","2026-06-25T14:25:10.646+00:00","4196","react_ccrs_mazeV1_t2_20260625_141909.log","129288","1","0","0","0","0","0"
"react-baseline-vs-ccrs-v1-t2","002-ccrs","react_ccrs_mazeV1_t2","1981","1981","2026-06-25T14:25:14.366+00:00","3720","react_ccrs_mazeV1_t2_20260625_141909.log","129373","1","0","0","0","0","0"
"react-baseline-vs-ccrs-v1-t2","002-ccrs","react_ccrs_mazeV1_t2","1982","1982","2026-06-25T14:25:18.163+00:00","3797","react_ccrs_mazeV1_t2_20260625_141909.log","129458","1","0","0","0","0","0"
"react-baseline-vs-ccrs-v1-t2","002-ccrs","react_ccrs_mazeV1_t2","1983","1983","2026-06-25T14:25:21.563+00:00","3400","react_ccrs_mazeV1_t2_20260625_141909.log","129475","1","0","0","0","0","0"
"react-baseline-vs-ccrs-v1-t2","002-ccrs","react_ccrs_mazeV1_t2","1984","1984","2026-06-25T14:25:25.097+00:00","3534","react_ccrs_mazeV1_t2_20260625_141909.log","129560","1","0","0","0","0","0"
"react-baseline-vs-ccrs-v1-t2","002-ccrs","react_ccrs_mazeV1_t2","1985","1985","2026-06-25T14:25:28.293+00:00","3196","react_ccrs_mazeV1_t2_20260625_141909.log","129645","1","0","0","0","0","0"
"react-baseline-vs-ccrs-v1-t2","002-ccrs","react_ccrs_mazeV1_t2","1986","1986","2026-06-25T14:25:32.847+00:00","4554","react_ccrs_mazeV1_t2_20260625_141909.log","129730","1","0","0","0","0","0"
"react-baseline-vs-ccrs-v1-t2","002-ccrs","react_ccrs_mazeV1_t2","1987","1987","2026-06-25T14:25:36.343+00:00","3496","react_ccrs_mazeV1_t2_20260625_141909.log","129815","1","0","0","0","0","0"
"react-baseline-vs-ccrs-v1-t2","002-ccrs","react_ccrs_mazeV1_t2","1988","1988","2026-06-25T14:25:40.656+00:00","4313","react_ccrs_mazeV1_t2_20260625_141909.log","129900","1","0","0","0","0","0"
"react-baseline-vs-ccrs-v1-t2","002-ccrs","react_ccrs_mazeV1_t2","1989","1989","2026-06-25T14:25:43.879+00:00","3223","react_ccrs_mazeV1_t2_20260625_141909.log","129912","1","0","0","0","0","0"
"react-baseline-vs-ccrs-v1-t2","002-ccrs","react_ccrs_mazeV1_t2","1990","1990","2026-06-25T14:25:48.606+00:00","4727","react_ccrs_mazeV1_t2_20260625_141909.log","130019","1","0","0","0","0","0"
"react-baseline-vs-ccrs-v1-t2","002-ccrs","react_ccrs_mazeV1_t2","1991","1991","2026-06-25T14:25:52.163+00:00","3557","react_ccrs_mazeV1_t2_20260625_141909.log","130031","1","0","0","0","0","0"
"react-baseline-vs-ccrs-v1-t2","002-ccrs","react_ccrs_mazeV1_t2","1992","1992","2026-06-25T14:25:55.302+00:00","3139","react_ccrs_mazeV1_t2_20260625_141909.log","130138","1","0","0","0","0","0"
"react-baseline-vs-ccrs-v1-t2","002-ccrs","react_ccrs_mazeV1_t2","1993","1993","2026-06-25T14:25:59.186+00:00","3884","react_ccrs_mazeV1_t2_20260625_141909.log","130245","1","0","0","0","0","0"
"react-baseline-vs-ccrs-v1-t2","002-ccrs","react_ccrs_mazeV1_t2","1994","1994","2026-06-25T14:26:02.757+00:00","3571","react_ccrs_mazeV1_t2_20260625_141909.log","130257","1","0","0","0","0","0"
"react-baseline-vs-ccrs-v1-t2","002-ccrs","react_ccrs_mazeV1_t2","1995","1995","2026-06-25T14:26:06.603+00:00","3846","react_ccrs_mazeV1_t2_20260625_141909.log","130345","1","0","0","0","0","0"
"react-baseline-vs-ccrs-v1-t2","002-ccrs","react_ccrs_mazeV1_t2","1996","1996","2026-06-25T14:26:10.083+00:00","3480","react_ccrs_mazeV1_t2_20260625_141909.log","130357","1","0","0","0","0","0"
"react-baseline-vs-ccrs-v1-t2","002-ccrs","react_ccrs_mazeV1_t2","1997","1997","2026-06-25T14:26:16.313+00:00","6230","react_ccrs_mazeV1_t2_20260625_141909.log","130483","1","0","0","0","0","0"
"react-baseline-vs-ccrs-v1-t2","002-ccrs","react_ccrs_mazeV1_t2","1998","1998","2026-06-25T14:26:20.309+00:00","3996","react_ccrs_mazeV1_t2_20260625_141909.log","130495","1","0","0","0","0","0"
"react-baseline-vs-ccrs-v1-t2","002-ccrs","react_ccrs_mazeV1_t2","1999","1999","2026-06-25T14:26:24.116+00:00","3807","react_ccrs_mazeV1_t2_20260625_141909.log","130583","1","0","0","0","0","0"
"react-baseline-vs-ccrs-v1-t2","002-ccrs","react_ccrs_mazeV1_t2","2000","2000","2026-06-25T14:26:27.828+00:00","3712","react_ccrs_mazeV1_t2_20260625_141909.log","130671","1","0","0","0","0","0"
"react-baseline-vs-ccrs-v1-t2","002-ccrs","react_ccrs_mazeV1_t2","2001","2001","2026-06-25T14:26:31.490+00:00","3662","react_ccrs_mazeV1_t2_20260625_141909.log","130688","1","0","0","0","0","0"
"react-baseline-vs-ccrs-v1-t2","002-ccrs","react_ccrs_mazeV1_t2","2002","2002","2026-06-25T14:26:35.777+00:00","4287","react_ccrs_mazeV1_t2_20260625_141909.log","130776","1","0","0","0","0","0"
